wavelength,response
7000.0,0.0
7000.169921875,9.999999747378752e-05
7000.330078125,0.00019999999494757503
7000.5,0.0003000000142492354
7000.669921875,0.00039999998989515007
7000.83984375,0.0005000000237487257
7001.009765625,0.0006000000284984708
7001.18017578125,0.000699999975040555
7001.33984375,0.0007999999797903001
7001.509765625,0.0008999999845400453
7001.68017578125,0.0010000000474974513
7001.85009765625,0.0010999999940395355
7002.02001953125,0.0013000000035390258
7002.18017578125,0.00139999995008111
7002.35986328125,0.001500000013038516
7002.52001953125,0.0015999999595806003
7002.68994140625,0.0017000000225380063
7002.85986328125,0.0017999999690800905
7003.02001953125,0.0019000000320374966
7003.18994140625,0.0020000000949949026
7003.35986328125,0.002099999925121665
7003.52978515625,0.002199999988079071
7003.7001953125,0.002300000051036477
7003.8701171875,0.002400000113993883
7004.0400390625,0.0024999999441206455
7004.2099609375,0.0026000000070780516
7004.3701171875,0.0027000000700354576
7004.5400390625,0.00279999990016222
7004.7099609375,0.002899999963119626
7004.8701171875,0.003000000026077032
7005.0400390625,0.003100000089034438
7005.2099609375,0.0031999999191612005
7005.3798828125,0.0032999999821186066
7005.5498046875,0.0034000000450760126
7005.72021484375,0.0035000001080334187
7005.89013671875,0.003599999938160181
7006.0498046875,0.003800000064074993
7006.22021484375,0.0038999998942017555
7006.39013671875,0.004000000189989805
7006.56005859375,0.004100000020116568
7006.72021484375,0.00419999985024333
7006.89990234375,0.00430000014603138
7007.06982421875,0.004399999976158142
7007.22998046875,0.0044999998062849045
7007.39990234375,0.004600000102072954
7007.56982421875,0.004699999932199717
7007.740234375,0.004800000227987766
7007.89990234375,0.004900000058114529
7008.06982421875,0.004999999888241291
7008.240234375,0.005100000184029341
7008.41015625,0.005200000014156103
7008.580078125,0.0052999998442828655
7008.75,0.005400000140070915
7008.919921875,0.005499999970197678
7009.080078125,0.00559999980032444
7009.25,0.00570000009611249
7009.419921875,0.005799999926239252
7009.58984375,0.005900000222027302
7009.759765625,0.006000000052154064
7009.93017578125,0.006200000178068876
7010.08984375,0.006300000008195639
7010.259765625,0.006399999838322401
7010.43017578125,0.006500000134110451
7010.60009765625,0.006599999964237213
7010.77001953125,0.0066999997943639755
7010.93017578125,0.006800000090152025
7011.10009765625,0.006899999920278788
7011.27001953125,0.007000000216066837
7011.43994140625,0.0071000000461936
7011.60986328125,0.007199999876320362
7011.77978515625,0.007300000172108412
7011.9501953125,0.007400000002235174
7012.1201171875,0.007499999832361937
7012.27978515625,0.007600000128149986
7012.4501953125,0.007699999958276749
7012.6201171875,0.007799999788403511
7012.7900390625,0.007899999618530273
7012.9599609375,0.00800000037997961
7013.1298828125,0.008100000210106373
7013.2900390625,0.008200000040233135
7013.4599609375,0.008299999870359898
7013.6298828125,0.008500000461935997
7013.7998046875,0.00860000029206276
7013.97021484375,0.008700000122189522
7014.14013671875,0.008799999952316284
7014.2998046875,0.008899999782443047
7014.47998046875,0.008999999612569809
7014.64013671875,0.009100000374019146
7014.81005859375,0.009200000204145908
7014.97998046875,0.00930000003427267
7015.14990234375,0.009399999864399433
7015.31005859375,0.009499999694526196
7015.47998046875,0.009600000455975533
7015.64990234375,0.009700000286102295
7015.81982421875,0.009800000116229057
7015.990234375,0.00989999994635582
7016.16015625,0.009999999776482582
7016.330078125,0.010099999606609344
7016.490234375,0.010200000368058681
7016.66015625,0.010300000198185444
7016.830078125,0.010400000028312206
7017.0,0.010499999858438969
7017.169921875,0.010599999688565731
7017.33984375,0.010700000450015068
7017.509765625,0.010900000110268593
7017.68017578125,0.010999999940395355
7017.85009765625,0.011099999770522118
7018.009765625,0.01119999960064888
7018.18017578125,0.011300000362098217
7018.35009765625,0.01140000019222498
7018.52001953125,0.011500000022351742
7018.68994140625,0.011599999852478504
7018.85009765625,0.011699999682605267
7019.02001953125,0.011800000444054604
7019.18994140625,0.011900000274181366
7019.35986328125,0.012000000104308128
7019.52978515625,0.01209999993443489
7019.7001953125,0.012199999764561653
7019.85986328125,0.012299999594688416
7020.02978515625,0.012400000356137753
7020.2001953125,0.012500000186264515
7020.3701171875,0.012600000016391277
7020.5400390625,0.01269999984651804
7020.7099609375,0.012799999676644802
7020.8798828125,0.012900000438094139
7021.0498046875,0.013000000268220901
7021.2099609375,0.013199999928474426
7021.3798828125,0.013299999758601189
7021.5498046875,0.013399999588727951
7021.72021484375,0.013500000350177288
7021.89013671875,0.01360000018030405
7022.0498046875,0.013700000010430813
7022.22998046875,0.013799999840557575
7022.39990234375,0.013899999670684338
7022.56005859375,0.014000000432133675
7022.72998046875,0.014100000262260437
7022.89990234375,0.0142000000923872
7023.06982421875,0.014299999922513962
7023.240234375,0.014399999752640724
7023.41015625,0.014499999582767487
7023.56982421875,0.014600000344216824
7023.75,0.014700000174343586
7023.91015625,0.014800000004470348
7024.080078125,0.01489999983459711
7024.25,0.014999999664723873
7024.419921875,0.01510000042617321
7024.58984375,0.015200000256299973
7024.759765625,0.015300000086426735
7024.919921875,0.01549999974668026
7025.08984375,0.015599999576807022
7025.27001953125,0.015699999406933784
7025.43017578125,0.015799999237060547
7025.60009765625,0.01590000092983246
7025.77001953125,0.01600000075995922
7025.93994140625,0.016100000590085983
7026.10986328125,0.016200000420212746
7026.27001953125,0.016300000250339508
7026.43994140625,0.01640000008046627
7026.60986328125,0.016499999910593033
7026.77978515625,0.016599999740719795
7026.9501953125,0.016699999570846558
7027.1201171875,0.01679999940097332
7027.2900390625,0.016899999231100082
7027.4599609375,0.017000000923871994
7027.6201171875,0.017100000753998756
7027.7900390625,0.01720000058412552
7027.9599609375,0.01730000041425228
7028.1298828125,0.017400000244379044
7028.2998046875,0.017500000074505806
7028.47021484375,0.01769999973475933
7028.64013671875,0.017799999564886093
7028.81005859375,0.017899999395012856
7028.97998046875,0.017999999225139618
7029.14013671875,0.01810000091791153
7029.31005859375,0.018200000748038292
7029.47998046875,0.018300000578165054
7029.64990234375,0.018400000408291817
7029.81982421875,0.01850000023841858
7029.990234375,0.01860000006854534
7030.16015625,0.018699999898672104
7030.330078125,0.018799999728798866
7030.490234375,0.01889999955892563
7030.66015625,0.01899999938905239
7030.830078125,0.019099999219179153
7031.0,0.019200000911951065
7031.169921875,0.019300000742077827
7031.33984375,0.01940000057220459
7031.509765625,0.019500000402331352
7031.68017578125,0.019600000232458115
7031.83984375,0.019700000062584877
7032.009765625,0.01979999989271164
7032.18017578125,0.019999999552965164
7032.35009765625,0.020099999383091927
7032.52001953125,0.02019999921321869
7032.68994140625,0.0203000009059906
7032.85986328125,0.020400000736117363
7033.02978515625,0.020500000566244125
7033.2001953125,0.020600000396370888
7033.3701171875,0.02070000022649765
7033.5400390625,0.020800000056624413
7033.7001953125,0.020899999886751175
7033.8701171875,0.020999999716877937
7034.0400390625,0.0210999995470047
7034.2099609375,0.021199999377131462
7034.3798828125,0.021299999207258224
7034.5498046875,0.021400000900030136
7034.72021484375,0.0215000007301569
7034.89013671875,0.02160000056028366
7035.0498046875,0.021700000390410423
7035.22021484375,0.021800000220537186
7035.39013671875,0.021900000050663948
7035.56005859375,0.02199999988079071
7035.72998046875,0.022199999541044235
7035.89990234375,0.022299999371170998
7036.06982421875,0.02239999920129776
7036.240234375,0.02250000089406967
7036.41015625,0.022600000724196434
7036.580078125,0.022700000554323196
7036.75,0.02280000038444996
7036.919921875,0.02290000021457672
7037.080078125,0.023000000044703484
7037.25,0.023099999874830246
7037.419921875,0.02319999970495701
7037.58984375,0.02329999953508377
7037.759765625,0.023399999365210533
7037.93017578125,0.023499999195337296
7038.10009765625,0.023600000888109207
7038.27001953125,0.02370000071823597
7038.43017578125,0.023800000548362732
7038.60009765625,0.023900000378489494
7038.77001953125,0.024000000208616257
7038.93994140625,0.02410000003874302
7039.10986328125,0.02419999986886978
7039.27978515625,0.024399999529123306
7039.4501953125,0.02449999935925007
7039.6201171875,0.02459999918937683
7039.7900390625,0.024700000882148743
7039.9599609375,0.024800000712275505
7040.1298828125,0.024900000542402267
7040.2900390625,0.02500000037252903
7040.47021484375,0.025100000202655792
7040.6298828125,0.025200000032782555
7040.7998046875,0.025299999862909317
7040.97021484375,0.02539999969303608
7041.14013671875,0.025499999523162842
7041.31005859375,0.025599999353289604
7041.47998046875,0.025699999183416367
7041.64990234375,0.025800000876188278
7041.81005859375,0.02590000070631504
7041.990234375,0.026000000536441803
7042.16015625,0.026100000366568565
7042.330078125,0.026200000196695328
7042.5,0.02630000002682209
7042.66015625,0.026399999856948853
7042.830078125,0.026599999517202377
7043.0,0.02669999934732914
7043.169921875,0.026799999177455902
7043.33984375,0.026900000870227814
7043.509765625,0.027000000700354576
7043.68017578125,0.02710000053048134
7043.85009765625,0.0272000003606081
7044.02001953125,0.027300000190734863
7044.18994140625,0.027400000020861626
7044.35986328125,0.027499999850988388
7044.52001953125,0.02759999968111515
7044.68994140625,0.027699999511241913
7044.85986328125,0.027799999341368675
7045.02978515625,0.027899999171495438
7045.2001953125,0.02800000086426735
7045.3701171875,0.02810000069439411
7045.5400390625,0.028200000524520874
7045.7099609375,0.028300000354647636
7045.8798828125,0.0284000001847744
7046.0498046875,0.02850000001490116
7046.22021484375,0.028699999675154686
7046.3798828125,0.02879999950528145
7046.56005859375,0.02889999933540821
7046.72021484375,0.028999999165534973
7046.89013671875,0.029100000858306885
7047.06005859375,0.029200000688433647
7047.22998046875,0.02930000051856041
7047.39990234375,0.029400000348687172
7047.56982421875,0.029500000178813934
7047.740234375,0.029600000008940697
7047.91015625,0.02969999983906746
7048.080078125,0.02979999966919422
7048.25,0.029899999499320984
7048.419921875,0.029999999329447746
7048.580078125,0.03009999915957451
7048.75,0.03020000085234642
7048.919921875,0.030300000682473183
7049.08984375,0.030400000512599945
7049.259765625,0.030500000342726707
7049.43017578125,0.03060000017285347
7049.60009765625,0.030799999833106995
7049.77001953125,0.030899999663233757
7049.93994140625,0.03099999949336052
7050.10986328125,0.031099999323487282
7050.27978515625,0.031199999153614044
7050.4501953125,0.03139999881386757
7050.6201171875,0.03150000050663948
7050.7900390625,0.031700000166893005
7050.9501953125,0.03180000185966492
7051.1298828125,0.03200000151991844
7051.2998046875,0.032099999487400055
7051.4599609375,0.03229999914765358
7051.6298828125,0.03240000084042549
7051.7998046875,0.032600000500679016
7051.97021484375,0.03269999846816063
7052.14013671875,0.03280000016093254
7052.31005859375,0.032999999821186066
7052.47998046875,0.03310000151395798
7052.64990234375,0.0333000011742115
7052.81982421875,0.033399999141693115
7052.990234375,0.03359999880194664
7053.16015625,0.03370000049471855
7053.330078125,0.033900000154972076
7053.5,0.03400000184774399
7053.669921875,0.03420000150799751
7053.830078125,0.034299999475479126
7054.0,0.03440000116825104
7054.169921875,0.03460000082850456
7054.33984375,0.034699998795986176
7054.509765625,0.0348999984562397
7054.68017578125,0.03500000014901161
7054.85009765625,0.03519999980926514
7055.02001953125,0.03530000150203705
7055.18994140625,0.03550000116229057
7055.35986328125,0.035599999129772186
7055.52978515625,0.03579999879002571
7055.7001953125,0.03590000048279762
7055.8701171875,0.035999998450279236
7056.0400390625,0.03620000183582306
7056.2099609375,0.03629999980330467
7056.3798828125,0.0364999994635582
7056.5400390625,0.03660000115633011
7056.7099609375,0.03680000081658363
7056.8798828125,0.03689999878406525
7057.0498046875,0.03709999844431877
7057.22998046875,0.03720000013709068
7057.39990234375,0.03739999979734421
7057.56005859375,0.03750000149011612
7057.72998046875,0.037700001150369644
7057.89990234375,0.03779999911785126
7058.06982421875,0.03790000081062317
7058.240234375,0.038100000470876694
7058.41015625,0.03819999843835831
7058.580078125,0.03840000182390213
7058.75,0.03849999979138374
7058.919921875,0.03869999945163727
7059.08984375,0.03880000114440918
7059.259765625,0.039000000804662704
7059.43017578125,0.03909999877214432
7059.60009765625,0.03929999843239784
7059.759765625,0.039400000125169754
7059.93017578125,0.039500001817941666
7060.10009765625,0.03970000147819519
7060.27978515625,0.039799999445676804
7060.4501953125,0.03999999910593033
7060.6201171875,0.04010000079870224
7060.77978515625,0.040300000458955765
7060.9501953125,0.04039999842643738
7061.1201171875,0.0406000018119812
7061.2900390625,0.040699999779462814
7061.4599609375,0.04089999943971634
7061.6298828125,0.04100000113248825
7061.7998046875,0.041099999099969864
7061.97021484375,0.04129999876022339
7062.14013671875,0.0414000004529953
7062.31005859375,0.041600000113248825
7062.47998046875,0.04170000180602074
7062.64990234375,0.04190000146627426
7062.81982421875,0.041999999433755875
7062.990234375,0.0421999990940094
7063.16015625,0.04230000078678131
7063.330078125,0.042500000447034836
7063.5,0.04259999841451645
7063.669921875,0.04280000180006027
7063.83984375,0.042899999767541885
7064.0,0.0430000014603138
7064.18017578125,0.04320000112056732
7064.35009765625,0.043299999088048935
7064.509765625,0.04349999874830246
7064.68017578125,0.04360000044107437
7064.85009765625,0.043800000101327896
7065.02001953125,0.04390000179409981
7065.2001953125,0.04410000145435333
7065.3701171875,0.044199999421834946
7065.52978515625,0.04439999908208847
7065.7001953125,0.04450000077486038
7065.8701171875,0.044599998742341995
7066.0400390625,0.04479999840259552
7066.2099609375,0.04490000009536743
7066.3798828125,0.045099999755620956
7066.5498046875,0.04520000144839287
7066.72021484375,0.04540000110864639
7066.89013671875,0.045499999076128006
7067.06005859375,0.04569999873638153
7067.22998046875,0.04580000042915344
7067.39990234375,0.04600000008940697
7067.56982421875,0.04610000178217888
7067.740234375,0.046300001442432404
7067.91015625,0.04639999940991402
7068.080078125,0.04659999907016754
7068.25,0.04670000076293945
7068.419921875,0.046799998730421066
7068.58984375,0.04699999839067459
7068.759765625,0.0471000000834465
7068.93017578125,0.04729999974370003
7069.10009765625,0.04740000143647194
7069.27001953125,0.047600001096725464
7069.43994140625,0.04769999906420708
7069.60986328125,0.0478999987244606
7069.77978515625,0.04800000041723251
7069.9501953125,0.04820000007748604
7070.1201171875,0.04830000177025795
7070.2900390625,0.04839999973773956
7070.4599609375,0.04859999939799309
7070.6201171875,0.048700001090765
7070.7900390625,0.048900000751018524
7070.97021484375,0.04899999871850014
7071.14013671875,0.04919999837875366
7071.31005859375,0.049300000071525574
7071.47021484375,0.0494999997317791
7071.64990234375,0.04960000142455101
7071.81982421875,0.049800001084804535
7071.97998046875,0.04989999905228615
7072.14990234375,0.05009999871253967
7072.31982421875,0.050200000405311584
7072.490234375,0.0502999983727932
7072.669921875,0.05050000175833702
7072.830078125,0.050599999725818634
7073.0,0.05079999938607216
7073.169921875,0.05090000107884407
7073.33984375,0.051100000739097595
7073.509765625,0.05119999870657921
7073.68017578125,0.05139999836683273
7073.85009765625,0.051500000059604645
7074.02001953125,0.05169999971985817
7074.2001953125,0.05180000141263008
7074.35986328125,0.052000001072883606
7074.52978515625,0.05209999904036522
7074.7001953125,0.05220000073313713
7074.8701171875,0.052400000393390656
7075.0400390625,0.05249999836087227
7075.2099609375,0.05270000174641609
7075.3798828125,0.052799999713897705
7075.5498046875,0.05299999937415123
7075.72021484375,0.05310000106692314
7075.89013671875,0.053300000727176666
7076.06005859375,0.05339999869465828
7076.22998046875,0.053599998354911804
7076.39990234375,0.053700000047683716
7076.56982421875,0.05389999970793724
7076.740234375,0.05400000140070915
7076.91015625,0.054099999368190765
7077.080078125,0.05429999902844429
7077.25,0.0544000007212162
7077.419921875,0.05460000038146973
7077.58984375,0.05469999834895134
7077.759765625,0.05490000173449516
7077.93017578125,0.054999999701976776
7078.10009765625,0.0551999993622303
7078.27001953125,0.05530000105500221
7078.43994140625,0.05550000071525574
7078.60986328125,0.05559999868273735
7078.77978515625,0.055799998342990875
7078.9501953125,0.05590000003576279
7079.1201171875,0.0560000017285347
7079.2900390625,0.05620000138878822
7079.4599609375,0.056299999356269836
7079.6298828125,0.05649999901652336
7079.7998046875,0.05660000070929527
7079.97021484375,0.0568000003695488
7080.14013671875,0.05689999833703041
7080.31982421875,0.057100001722574234
7080.47998046875,0.05719999969005585
7080.64990234375,0.05739999935030937
7080.81982421875,0.057500001043081284
7080.990234375,0.05770000070333481
7081.16015625,0.05779999867081642
7081.330078125,0.05790000036358833
7081.5,0.05810000002384186
7081.669921875,0.05820000171661377
7081.83984375,0.058400001376867294
7082.009765625,0.05849999934434891
7082.18994140625,0.05869999900460243
7082.35009765625,0.058800000697374344
7082.52001953125,0.05900000035762787
7082.68994140625,0.05909999832510948
7082.85986328125,0.059300001710653305
7083.02978515625,0.05939999967813492
7083.2001953125,0.05959999933838844
7083.3798828125,0.059700001031160355
7083.5498046875,0.05979999899864197
7083.7099609375,0.05999999865889549
7083.8798828125,0.060100000351667404
7084.06005859375,0.06030000001192093
7084.22021484375,0.06040000170469284
7084.39013671875,0.060600001364946365
7084.56005859375,0.06069999933242798
7084.72998046875,0.0608999989926815
7084.91015625,0.061000000685453415
7085.06982421875,0.06120000034570694
7085.25,0.06129999831318855
7085.419921875,0.061500001698732376
7085.580078125,0.06159999966621399
7085.759765625,0.061799999326467514
7085.93017578125,0.061900001019239426
7086.08984375,0.06199999898672104
7086.259765625,0.062199998646974564
7086.43994140625,0.062300000339746475
7086.60986328125,0.0625
7086.77978515625,0.06260000169277191
7086.9501953125,0.06279999762773514
7087.1201171875,0.06289999932050705
7087.2900390625,0.06310000270605087
7087.4599609375,0.06319999694824219
7087.6298828125,0.06340000033378601
7087.7998046875,0.06350000202655792
7087.97021484375,0.06369999796152115
7088.14013671875,0.06379999965429306
7088.31005859375,0.06390000134706497
7088.47998046875,0.0640999972820282
7088.64990234375,0.06419999897480011
7088.81982421875,0.06440000236034393
7088.990234375,0.06449999660253525
7089.16015625,0.06469999998807907
7089.330078125,0.06480000168085098
7089.5,0.06499999761581421
7089.669921875,0.06509999930858612
7089.83984375,0.06530000269412994
7090.009765625,0.06539999693632126
7090.18017578125,0.06560000032186508
7090.35009765625,0.065700002014637
7090.52001953125,0.0658000037074089
7090.68994140625,0.06599999964237213
7090.85986328125,0.06610000133514404
7091.0400390625,0.06629999727010727
7091.2001953125,0.06639999896287918
7091.3701171875,0.066600002348423
7091.5498046875,0.06669999659061432
7091.7099609375,0.06689999997615814
7091.8798828125,0.06700000166893005
7092.0498046875,0.06719999760389328
7092.22021484375,0.06729999929666519
7092.39013671875,0.06750000268220901
7092.56005859375,0.06759999692440033
7092.740234375,0.06780000030994415
7092.91015625,0.06790000200271606
7093.080078125,0.06800000369548798
7093.25,0.0681999996304512
7093.419921875,0.06830000132322311
7093.58984375,0.06849999725818634
7093.759765625,0.06859999895095825
7093.93017578125,0.06880000233650208
7094.10009765625,0.06889999657869339
7094.27001953125,0.06909999996423721
7094.43994140625,0.06920000165700912
7094.60986328125,0.06939999759197235
7094.77978515625,0.06949999928474426
7094.9501953125,0.06970000267028809
7095.1201171875,0.0697999969124794
7095.2900390625,0.07000000029802322
7095.4599609375,0.07010000199079514
7095.6298828125,0.07020000368356705
7095.7998046875,0.07039999961853027
7095.97021484375,0.07050000131130219
7096.14990234375,0.07069999724626541
7096.31005859375,0.07079999893903732
7096.47998046875,0.07100000232458115
7096.66015625,0.07109999656677246
7096.81982421875,0.07129999995231628
7096.990234375,0.0714000016450882
7097.169921875,0.07159999758005142
7097.33984375,0.07169999927282333
7097.509765625,0.07190000265836716
7097.68017578125,0.07199999690055847
7097.85009765625,0.07209999859333038
7098.02001953125,0.0723000019788742
7098.18994140625,0.07240000367164612
7098.35986328125,0.07259999960660934
7098.52978515625,0.07270000129938126
7098.7001953125,0.07289999723434448
7098.8701171875,0.0729999989271164
7099.0400390625,0.07320000231266022
7099.2099609375,0.07329999655485153
7099.3798828125,0.07349999994039536
7099.5498046875,0.07360000163316727
7099.72021484375,0.0737999975681305
7099.89013671875,0.0738999992609024
7100.06005859375,0.07410000264644623
7100.240234375,0.07440000027418137
7100.41015625,0.0746999979019165
7100.580078125,0.07500000298023224
7100.75,0.07530000060796738
7100.919921875,0.0754999965429306
7101.08984375,0.07580000162124634
7101.259765625,0.07609999924898148
7101.43017578125,0.07639999687671661
7101.60009765625,0.07670000195503235
7101.77001953125,0.07699999958276749
7101.93994140625,0.07729999721050262
7102.10986328125,0.07750000059604645
7102.27978515625,0.07779999822378159
7102.4501953125,0.07810000330209732
7102.6201171875,0.07840000092983246
7102.7900390625,0.0786999985575676
7102.9599609375,0.07900000363588333
7103.1298828125,0.07930000126361847
7103.31005859375,0.07959999889135361
7103.47998046875,0.07980000227689743
7103.64990234375,0.08009999990463257
7103.81982421875,0.0803999975323677
7103.990234375,0.08070000261068344
7104.16015625,0.08100000023841858
7104.330078125,0.08129999786615372
7104.5,0.08160000294446945
7104.669921875,0.08179999887943268
7104.83984375,0.08209999650716782
7105.009765625,0.08240000158548355
7105.18017578125,0.08269999921321869
7105.35009765625,0.08299999684095383
7105.52001953125,0.08330000191926956
7105.68994140625,0.0835999995470047
7105.85986328125,0.08380000293254852
7106.0400390625,0.08410000056028366
7106.2001953125,0.0843999981880188
7106.3798828125,0.08470000326633453
7106.5498046875,0.08500000089406967
7106.72021484375,0.08529999852180481
7106.89013671875,0.08560000360012054
7107.06005859375,0.08590000122785568
7107.22998046875,0.08609999716281891
7107.39990234375,0.08640000224113464
7107.56982421875,0.08669999986886978
7107.740234375,0.08699999749660492
7107.91015625,0.08730000257492065
7108.080078125,0.08760000020265579
7108.259765625,0.08789999783039093
7108.43017578125,0.08820000290870667
7108.58984375,0.08839999884366989
7108.77001953125,0.08869999647140503
7108.93994140625,0.08900000154972076
7109.10986328125,0.0892999991774559
7109.27978515625,0.08959999680519104
7109.4501953125,0.08990000188350677
7109.6201171875,0.09019999951124191
7109.7900390625,0.09049999713897705
7109.9599609375,0.09070000052452087
7110.1298828125,0.09099999815225601
7110.2998046875,0.09130000323057175
7110.47021484375,0.09160000085830688
7110.64013671875,0.09189999848604202
7110.81982421875,0.09220000356435776
7110.97998046875,0.0925000011920929
7111.16015625,0.09269999712705612
7111.330078125,0.09300000220537186
7111.5,0.093299999833107
7111.669921875,0.09359999746084213
7111.83984375,0.09390000253915787
7112.009765625,0.094200000166893
7112.18017578125,0.09449999779462814
7112.35009765625,0.09470000118017197
7112.52978515625,0.0949999988079071
7112.7001953125,0.09529999643564224
7112.8701171875,0.09560000151395798
7113.0400390625,0.09589999914169312
7113.2099609375,0.09619999676942825
7113.3798828125,0.09650000184774399
7113.5498046875,0.09679999947547913
7113.72021484375,0.09700000286102295
7113.89013671875,0.09730000048875809
7114.06005859375,0.09759999811649323
7114.22998046875,0.09790000319480896
7114.39990234375,0.0982000008225441
7114.580078125,0.09849999845027924
7114.740234375,0.09880000352859497
7114.919921875,0.09910000115633011
7115.080078125,0.09929999709129333
7115.259765625,0.09960000216960907
7115.43017578125,0.09989999979734421
7115.60009765625,0.10019999742507935
7115.77001953125,0.10050000250339508
7115.93994140625,0.10080000013113022
7116.10986328125,0.10109999775886536
7116.27978515625,0.10140000283718109
7116.4501953125,0.10159999877214432
7116.6201171875,0.10189999639987946
7116.7900390625,0.10220000147819519
7116.9599609375,0.10249999910593033
7117.1298828125,0.10279999673366547
7117.31005859375,0.1031000018119812
7117.47998046875,0.10339999943971634
7117.64990234375,0.10369999706745148
7117.81982421875,0.1039000004529953
7117.990234375,0.10419999808073044
7118.16015625,0.10450000315904617
7118.330078125,0.10480000078678131
7118.5,0.10509999841451645
7118.669921875,0.10540000349283218
7118.85009765625,0.10570000112056732
7119.02001953125,0.10599999874830246
7119.18994140625,0.10620000213384628
7119.35986328125,0.10649999976158142
7119.52978515625,0.10679999738931656
7119.7001953125,0.1071000024676323
7119.8701171875,0.10740000009536743
7120.0400390625,0.10769999772310257
7120.2099609375,0.1080000028014183
7120.3798828125,0.10819999873638153
7120.56005859375,0.10849999636411667
7120.72998046875,0.1088000014424324
7120.89990234375,0.10909999907016754
7121.06982421875,0.10939999669790268
7121.240234375,0.10970000177621841
7121.41015625,0.10999999940395355
7121.580078125,0.11029999703168869
7121.75,0.11050000041723251
7121.93017578125,0.11079999804496765
7122.10009765625,0.11110000312328339
7122.27001953125,0.11140000075101852
7122.43994140625,0.11169999837875366
7122.60986328125,0.1120000034570694
7122.77978515625,0.11230000108480453
7122.9501953125,0.11259999871253967
7123.1201171875,0.1128000020980835
7123.2900390625,0.11309999972581863
7123.4599609375,0.11339999735355377
7123.64013671875,0.1137000024318695
7123.81005859375,0.11400000005960464
7123.97998046875,0.11429999768733978
7124.14990234375,0.11460000276565552
7124.31982421875,0.11490000039339066
7124.490234375,0.11509999632835388
7124.66015625,0.11540000140666962
7124.830078125,0.11569999903440475
7125.0,0.11599999666213989
7125.18017578125,0.11630000174045563
7125.35009765625,0.11659999936819077
7125.52001953125,0.1168999969959259
7125.68994140625,0.11720000207424164
7125.85986328125,0.11739999800920486
7126.02978515625,0.1177000030875206
7126.2001953125,0.11800000071525574
7126.3701171875,0.11829999834299088
7126.5400390625,0.11860000342130661
7126.72021484375,0.11890000104904175
7126.89013671875,0.11919999867677689
7127.06005859375,0.11949999630451202
7127.22998046875,0.11969999969005585
7127.39990234375,0.11999999731779099
7127.56982421875,0.12030000239610672
7127.740234375,0.12060000002384186
7127.91015625,0.120899997651577
7128.08984375,0.12120000272989273
7128.259765625,0.12150000035762787
7128.43017578125,0.121799997985363
7128.60009765625,0.12200000137090683
7128.77001953125,0.12229999899864197
7128.93994140625,0.1225999966263771
7129.10986328125,0.12290000170469284
7129.27978515625,0.12319999933242798
7129.4501953125,0.12349999696016312
7129.6201171875,0.12380000203847885
7129.7998046875,0.12409999966621399
7129.97021484375,0.12430000305175781
7130.14013671875,0.12460000067949295
7130.31005859375,0.12489999830722809
7130.47998046875,0.12520000338554382
7130.64990234375,0.12549999356269836
7130.81982421875,0.1257999986410141
7131.0,0.12610000371932983
7131.169921875,0.12639999389648438
7131.33984375,0.1265999972820282
7131.509765625,0.12690000236034393
7131.68017578125,0.12720000743865967
7131.85009765625,0.1274999976158142
7132.02001953125,0.12780000269412994
7132.18994140625,0.12809999287128448
7132.3701171875,0.12839999794960022
7132.5400390625,0.12870000302791595
7132.7099609375,0.12890000641345978
7132.8798828125,0.12919999659061432
7133.0498046875,0.12950000166893005
7133.22021484375,0.1298000067472458
7133.39990234375,0.13009999692440033
7133.56005859375,0.13040000200271606
7133.740234375,0.1307000070810318
7133.91015625,0.13099999725818634
7134.080078125,0.13120000064373016
7134.25,0.1315000057220459
7134.419921875,0.13179999589920044
7134.58984375,0.13210000097751617
7134.77001953125,0.1324000060558319
7134.93017578125,0.13269999623298645
7135.10986328125,0.13300000131130219
7135.27978515625,0.13330000638961792
7135.4501953125,0.13359999656677246
7135.6201171875,0.13379999995231628
7135.7900390625,0.13410000503063202
7135.9599609375,0.13439999520778656
7136.14013671875,0.1347000002861023
7136.31005859375,0.13500000536441803
7136.47998046875,0.13529999554157257
7136.64990234375,0.1356000006198883
7136.81982421875,0.13590000569820404
7136.990234375,0.13609999418258667
7137.16015625,0.1363999992609024
7137.33984375,0.13670000433921814
7137.509765625,0.13699999451637268
7137.68017578125,0.13729999959468842
7137.85009765625,0.13760000467300415
7138.02001953125,0.1378999948501587
7138.18994140625,0.13819999992847443
7138.35986328125,0.13840000331401825
7138.52978515625,0.1386999934911728
7138.7001953125,0.13899999856948853
7138.8798828125,0.13930000364780426
7139.0498046875,0.1395999938249588
7139.22021484375,0.13989999890327454
7139.39013671875,0.14020000398159027
7139.56982421875,0.1404999941587448
7139.72998046875,0.14079999923706055
7139.91015625,0.14100000262260437
7140.080078125,0.1412999927997589
7140.25,0.14159999787807465
7140.419921875,0.14190000295639038
7140.58984375,0.14219999313354492
7140.77001953125,0.14249999821186066
7140.93994140625,0.1428000032901764
7141.10986328125,0.14309999346733093
7141.27978515625,0.14329999685287476
7141.4501953125,0.1436000019311905
7141.6201171875,0.14390000700950623
7141.7900390625,0.14419999718666077
7141.9599609375,0.1445000022649765
7142.14013671875,0.14480000734329224
7142.31005859375,0.14509999752044678
7142.47998046875,0.1454000025987625
7142.64990234375,0.14569999277591705
7142.81982421875,0.14589999616146088
7142.990234375,0.1462000012397766
7143.16015625,0.14650000631809235
7143.33984375,0.1467999964952469
7143.509765625,0.14710000157356262
7143.68017578125,0.14740000665187836
7143.85009765625,0.1476999968290329
7144.02001953125,0.14800000190734863
7144.2001953125,0.14820000529289246
7144.35986328125,0.148499995470047
7144.5400390625,0.14880000054836273
7144.7099609375,0.14910000562667847
7144.8798828125,0.149399995803833
7145.0498046875,0.14970000088214874
7145.22998046875,0.15000000596046448
7145.39990234375,0.15029999613761902
7145.56982421875,0.15060000121593475
7145.740234375,0.15080000460147858
7145.91015625,0.15109999477863312
7146.080078125,0.15139999985694885
7146.25,0.1517000049352646
7146.419921875,0.15199999511241913
7146.60009765625,0.15230000019073486
7146.77001953125,0.1526000052690506
7146.93994140625,0.15289999544620514
7147.10986328125,0.15320000052452087
7147.27978515625,0.1534000039100647
7147.4599609375,0.15369999408721924
7147.6201171875,0.15399999916553497
7147.7998046875,0.1543000042438507
7147.97021484375,0.15459999442100525
7148.14013671875,0.15489999949932098
7148.31982421875,0.15520000457763672
7148.490234375,0.15549999475479126
7148.66015625,0.15569999814033508
7148.830078125,0.15600000321865082
7149.0,0.15629999339580536
7149.169921875,0.1565999984741211
7149.33984375,0.15690000355243683
7149.509765625,0.15719999372959137
7149.68994140625,0.1574999988079071
7149.85986328125,0.15780000388622284
7150.02978515625,0.15809999406337738
7150.2001953125,0.15860000252723694
7150.3798828125,0.15919999778270721
7150.5400390625,0.15970000624656677
7150.72021484375,0.16019999980926514
7150.89013671875,0.1607999950647354
7151.06005859375,0.16130000352859497
7151.22998046875,0.16179999709129333
7151.39990234375,0.1624000072479248
7151.580078125,0.16290000081062317
7151.75,0.16349999606609344
7151.919921875,0.164000004529953
7152.08984375,0.16449999809265137
7152.259765625,0.16509999334812164
7152.43017578125,0.1656000018119812
7152.60986328125,0.16609999537467957
7152.77978515625,0.16670000553131104
7152.9501953125,0.1671999990940094
7153.1201171875,0.16769999265670776
7153.2998046875,0.16830000281333923
7153.47021484375,0.1687999963760376
7153.64013671875,0.16940000653266907
7153.81005859375,0.16990000009536743
7153.97998046875,0.1703999936580658
7154.14990234375,0.17100000381469727
7154.31982421875,0.17149999737739563
7154.490234375,0.1720000058412552
7154.669921875,0.17260000109672546
7154.83984375,0.17309999465942383
7155.009765625,0.1736000031232834
7155.18994140625,0.17419999837875366
7155.35009765625,0.17470000684261322
7155.52978515625,0.17520000040531158
7155.7001953125,0.17579999566078186
7155.8701171875,0.17630000412464142
7156.0498046875,0.1768999993801117
7156.22021484375,0.17739999294281006
7156.39013671875,0.17790000140666962
7156.56005859375,0.1784999966621399
7156.72998046875,0.17900000512599945
7156.89990234375,0.17949999868869781
7157.06982421875,0.1800999939441681
7157.240234375,0.18060000240802765
7157.419921875,0.181099995970726
7157.58984375,0.18170000612735748
7157.759765625,0.18219999969005585
7157.93994140625,0.18279999494552612
7158.10986328125,0.18330000340938568
7158.27978515625,0.18379999697208405
7158.4501953125,0.18440000712871552
7158.6201171875,0.18490000069141388
7158.7900390625,0.18539999425411224
7158.97021484375,0.1860000044107437
7159.14013671875,0.18649999797344208
7159.31005859375,0.18709999322891235
7159.47998046875,0.1876000016927719
7159.64990234375,0.18809999525547028
7159.830078125,0.18870000541210175
7160.0,0.1891999989748001
7160.169921875,0.18970000743865967
7160.33984375,0.19030000269412994
7160.509765625,0.1907999962568283
7160.68017578125,0.19130000472068787
7160.85986328125,0.19189999997615814
7161.02978515625,0.1923999935388565
7161.2001953125,0.19300000369548798
7161.3701171875,0.19349999725818634
7161.5400390625,0.1940000057220459
7161.72021484375,0.19460000097751617
7161.89013671875,0.19509999454021454
7162.06005859375,0.1956000030040741
7162.240234375,0.19619999825954437
7162.41015625,0.19670000672340393
7162.580078125,0.1972000002861023
7162.75,0.19779999554157257
7162.919921875,0.19830000400543213
7163.08984375,0.1988999992609024
7163.27001953125,0.19939999282360077
7163.43994140625,0.19990000128746033
7163.60986328125,0.2004999965429306
7163.77978515625,0.20100000500679016
7163.9599609375,0.20149999856948853
7164.1298828125,0.2020999938249588
7164.2998046875,0.20260000228881836
7164.47021484375,0.20309999585151672
7164.64013671875,0.2037000060081482
7164.81005859375,0.20419999957084656
7164.990234375,0.20479999482631683
7165.16015625,0.2053000032901764
7165.330078125,0.20579999685287476
7165.5,0.20640000700950623
7165.669921875,0.2069000005722046
7165.85009765625,0.20739999413490295
7166.02001953125,0.20800000429153442
7166.18994140625,0.2084999978542328
7166.35986328125,0.20900000631809235
7166.5400390625,0.20960000157356262
7166.7001953125,0.210099995136261
7166.8798828125,0.21070000529289246
7167.0498046875,0.21119999885559082
7167.22021484375,0.21170000731945038
7167.39990234375,0.21230000257492065
7167.56982421875,0.21279999613761902
7167.740234375,0.21330000460147858
7167.91015625,0.21389999985694885
7168.080078125,0.21439999341964722
7168.25,0.2150000035762787
7168.43017578125,0.21549999713897705
7168.60009765625,0.2160000056028366
7168.77001953125,0.21660000085830688
7168.9501953125,0.21709999442100525
7169.1201171875,0.2176000028848648
7169.2900390625,0.21819999814033508
7169.4599609375,0.21870000660419464
7169.6298828125,0.21930000185966492
7169.81005859375,0.21979999542236328
7169.97021484375,0.22030000388622284
7170.14990234375,0.22089999914169312
7170.330078125,0.22139999270439148
7170.490234375,0.22190000116825104
7170.669921875,0.2224999964237213
7170.83984375,0.22300000488758087
7171.009765625,0.22360000014305115
7171.18017578125,0.2240999937057495
7171.35009765625,0.22460000216960907
7171.52978515625,0.22519999742507935
7171.7001953125,0.2257000058889389
7171.8701171875,0.22619999945163727
7172.0498046875,0.22679999470710754
7172.22021484375,0.2273000031709671
7172.39013671875,0.22789999842643738
7172.56005859375,0.22840000689029694
7172.72998046875,0.2289000004529953
7172.89990234375,0.22949999570846558
7173.080078125,0.23000000417232513
7173.25,0.2304999977350235
7173.419921875,0.23109999299049377
7173.60009765625,0.23160000145435333
7173.77001953125,0.2321999967098236
7173.93994140625,0.23270000517368317
7174.10986328125,0.23319999873638153
7174.27978515625,0.2337999939918518
7174.4599609375,0.23430000245571136
7174.6298828125,0.23479999601840973
7174.7998046875,0.2354000061750412
7174.97998046875,0.23589999973773956
7175.14990234375,0.23649999499320984
7175.31982421875,0.2370000034570694
7175.490234375,0.23749999701976776
7175.66015625,0.23810000717639923
7175.830078125,0.2386000007390976
7176.009765625,0.23909999430179596
7176.18017578125,0.23970000445842743
7176.35009765625,0.2401999980211258
7176.52001953125,0.24079999327659607
7176.7001953125,0.24130000174045563
7176.8701171875,0.241799995303154
7177.0400390625,0.24240000545978546
7177.2099609375,0.24289999902248383
7177.39013671875,0.2433999925851822
7177.56005859375,0.24400000274181366
7177.72998046875,0.24449999630451202
7177.91015625,0.2451000064611435
7178.080078125,0.24560000002384186
7178.25,0.24609999358654022
7178.419921875,0.2467000037431717
7178.58984375,0.24719999730587006
7178.77001953125,0.24770000576972961
7178.93994140625,0.2483000010251999
7179.10986328125,0.24879999458789825
7179.27978515625,0.24940000474452972
7179.4599609375,0.2498999983072281
7179.6298828125,0.25040000677108765
7179.7998046875,0.25099998712539673
7179.97021484375,0.2515000104904175
7180.14990234375,0.25209999084472656
7180.31982421875,0.2526000142097473
7180.490234375,0.2531000077724457
7180.66015625,0.25369998812675476
7180.830078125,0.2542000114917755
7181.009765625,0.2547000050544739
7181.18017578125,0.25529998540878296
7181.35009765625,0.2558000087738037
7181.52001953125,0.2563999891281128
7181.7001953125,0.25690001249313354
7181.8701171875,0.2574000060558319
7182.0400390625,0.257999986410141
7182.2099609375,0.25850000977516174
7182.3798828125,0.2590000033378601
7182.56005859375,0.2596000134944916
7182.740234375,0.26010000705718994
7182.89990234375,0.260699987411499
7183.080078125,0.2612000107765198
7183.25,0.26170000433921814
7183.419921875,0.2623000144958496
7183.60009765625,0.262800008058548
7183.759765625,0.26330000162124634
7183.93994140625,0.2639000117778778
7184.10986328125,0.26440000534057617
7184.2900390625,0.26499998569488525
7184.4599609375,0.265500009059906
7184.6298828125,0.2660999894142151
7184.7998046875,0.26660001277923584
7184.97998046875,0.2671000063419342
7185.14990234375,0.2676999866962433
7185.31982421875,0.26820001006126404
7185.490234375,0.2687000036239624
7185.669921875,0.26930001378059387
7185.83984375,0.26980000734329224
7186.009765625,0.2703999876976013
7186.18017578125,0.27090001106262207
7186.35986328125,0.27140000462532043
7186.52978515625,0.2720000147819519
7186.7001953125,0.27250000834465027
7186.8701171875,0.27300000190734863
7187.0498046875,0.2736000120639801
7187.22021484375,0.27410000562667847
7187.39013671875,0.27469998598098755
7187.56005859375,0.2752000093460083
7187.740234375,0.27570000290870667
7187.91015625,0.27630001306533813
7188.080078125,0.2768000066280365
7188.25,0.2773999869823456
7188.419921875,0.27790001034736633
7188.60009765625,0.2784000039100647
7188.77001953125,0.27900001406669617
7188.93994140625,0.27950000762939453
7189.1201171875,0.2800000011920929
7189.2900390625,0.28060001134872437
7189.4599609375,0.28110000491142273
7189.64013671875,0.2816999852657318
7189.81005859375,0.28220000863075256
7189.97998046875,0.2827000021934509
7190.16015625,0.2833000123500824
7190.330078125,0.28380000591278076
7190.5,0.28439998626708984
7190.669921875,0.2849000096321106
7190.83984375,0.28540000319480896
7191.02001953125,0.28600001335144043
7191.18994140625,0.2865000069141388
7191.35986328125,0.28700000047683716
7191.52978515625,0.28760001063346863
7191.7099609375,0.288100004196167
7191.8798828125,0.28870001435279846
7192.06005859375,0.2892000079154968
7192.22998046875,0.2897999882698059
7192.39990234375,0.29030001163482666
7192.56982421875,0.290800005197525
7192.740234375,0.2913999855518341
7192.919921875,0.29190000891685486
7193.08984375,0.2924000024795532
7193.259765625,0.2930000126361847
7193.43994140625,0.29350000619888306
7193.60986328125,0.29409998655319214
7193.77978515625,0.2946000099182129
7193.9501953125,0.29510000348091125
7194.1298828125,0.2957000136375427
7194.2998046875,0.2962000072002411
7194.47021484375,0.29679998755455017
7194.64013671875,0.2973000109195709
7194.81982421875,0.2978000044822693
7194.990234375,0.29840001463890076
7195.16015625,0.2989000082015991
7195.33984375,0.2994999885559082
7195.509765625,0.30000001192092896
7195.68017578125,0.3005000054836273
7195.85009765625,0.3010999858379364
7196.02001953125,0.30160000920295715
7196.2001953125,0.3021000027656555
7196.3701171875,0.302700012922287
7196.5498046875,0.30320000648498535
7196.72021484375,0.30379998683929443
7196.89013671875,0.3043000102043152
7197.06005859375,0.30480000376701355
7197.240234375,0.305400013923645
7197.41015625,0.3059000074863434
7197.580078125,0.30649998784065247
7197.75,0.3070000112056732
7197.93017578125,0.3075000047683716
7198.10009765625,0.30809998512268066
7198.27978515625,0.3086000084877014
7198.4501953125,0.3091999888420105
7198.6201171875,0.30970001220703125
7198.7900390625,0.3102000057697296
7198.9599609375,0.3107999861240387
7199.14013671875,0.31130000948905945
7199.31005859375,0.31189998984336853
7199.47998046875,0.3124000132083893
7199.66015625,0.31290000677108765
7199.830078125,0.31349998712539673
7200.0,0.3140000104904175
7200.18017578125,0.31439998745918274
7200.35009765625,0.3147999942302704
7200.52001953125,0.31529998779296875
7200.7001953125,0.3156999945640564
7200.8701171875,0.31610000133514404
7201.0400390625,0.3165000081062317
7201.2099609375,0.31690001487731934
7201.39013671875,0.3172999918460846
7201.56005859375,0.31769999861717224
7201.72998046875,0.3181999921798706
7201.89990234375,0.31859999895095825
7202.080078125,0.3190000057220459
7202.25,0.31940001249313354
7202.419921875,0.3197999894618988
7202.60009765625,0.32019999623298645
7202.77001953125,0.3206000030040741
7202.93994140625,0.32109999656677246
7203.1201171875,0.3215000033378601
7203.2900390625,0.32190001010894775
7203.4599609375,0.322299987077713
7203.64013671875,0.32269999384880066
7203.81005859375,0.3231000006198883
7203.97998046875,0.32359999418258667
7204.14990234375,0.3240000009536743
7204.330078125,0.32440000772476196
7204.5,0.3248000144958496
7204.669921875,0.32519999146461487
7204.85009765625,0.3255999982357025
7205.02001953125,0.3260999917984009
7205.18994140625,0.3264999985694885
7205.3701171875,0.32690000534057617
7205.5400390625,0.3273000121116638
7205.7099609375,0.3276999890804291
7205.89013671875,0.3280999958515167
7206.06005859375,0.32850000262260437
7206.22998046875,0.32899999618530273
7206.41015625,0.3294000029563904
7206.580078125,0.329800009727478
7206.75,0.3301999866962433
7206.919921875,0.33059999346733093
7207.08984375,0.3310000002384186
7207.27001953125,0.3314000070095062
7207.43994140625,0.3319000005722046
7207.6201171875,0.33230000734329224
7207.7900390625,0.3327000141143799
7207.9599609375,0.33309999108314514
7208.1298828125,0.3334999978542328
7208.31005859375,0.33390000462532043
7208.47998046875,0.3343999981880188
7208.64990234375,0.33480000495910645
7208.830078125,0.3352000117301941
7209.0,0.33559998869895935
7209.18017578125,0.335999995470047
7209.35009765625,0.33640000224113464
7209.52001953125,0.3368000090122223
7209.68994140625,0.33730000257492065
7209.85986328125,0.3377000093460083
7210.0400390625,0.33809998631477356
7210.2099609375,0.3384999930858612
7210.3798828125,0.33889999985694885
7210.56005859375,0.3393000066280365
7210.72998046875,0.33980000019073486
7210.91015625,0.3402000069618225
7211.080078125,0.34060001373291016
7211.25,0.3409999907016754
7211.419921875,0.34139999747276306
7211.60009765625,0.3418000042438507
7211.77001953125,0.34220001101493835
7211.93994140625,0.3427000045776367
7212.1201171875,0.34310001134872437
7212.2900390625,0.3434999883174896
7212.47021484375,0.34389999508857727
7212.64013671875,0.3443000018596649
7212.81005859375,0.34470000863075256
7212.97998046875,0.3452000021934509
7213.16015625,0.3456000089645386
7213.330078125,0.34599998593330383
7213.5,0.3463999927043915
7213.669921875,0.3467999994754791
7213.85009765625,0.3472000062465668
7214.02978515625,0.34769999980926514
7214.2001953125,0.3481000065803528
7214.3701171875,0.34850001335144043
7214.5400390625,0.3488999903202057
7214.7099609375,0.34929999709129333
7214.89013671875,0.349700003862381
7215.06005859375,0.35019999742507935
7215.240234375,0.350600004196167
7215.41015625,0.35100001096725464
7215.580078125,0.3513999879360199
7215.759765625,0.35179999470710754
7215.93017578125,0.3522000014781952
7216.10009765625,0.35269999504089355
7216.27001953125,0.3531000018119812
7216.4501953125,0.35350000858306885
7216.6201171875,0.3538999855518341
7216.7900390625,0.35429999232292175
7216.97021484375,0.3546999990940094
7217.14013671875,0.35510000586509705
7217.31982421875,0.3555999994277954
7217.490234375,0.35600000619888306
7217.66015625,0.3564000129699707
7217.83984375,0.35679998993873596
7218.009765625,0.3571999967098236
7218.18017578125,0.35760000348091125
7218.35986328125,0.3580999970436096
7218.52978515625,0.35850000381469727
7218.7001953125,0.3589000105857849
7218.8798828125,0.35929998755455017
7219.0498046875,0.3596999943256378
7219.22021484375,0.36010000109672546
7219.39013671875,0.3605000078678131
7219.56982421875,0.3610000014305115
7219.740234375,0.3614000082015991
7219.91015625,0.3617999851703644
7220.08984375,0.362199991941452
7220.27001953125,0.3625999987125397
7220.43994140625,0.3630000054836273
7220.60986328125,0.3634999990463257
7220.77978515625,0.36390000581741333
7220.9599609375,0.364300012588501
7221.1298828125,0.36469998955726624
7221.2998046875,0.3650999963283539
7221.47998046875,0.36550000309944153
7221.64990234375,0.3659999966621399
7221.81982421875,0.36640000343322754
7222.0,0.3668000102043152
7222.169921875,0.36719998717308044
7222.33984375,0.3675999939441681
7222.52001953125,0.36800000071525574
7222.68994140625,0.3684999942779541
7222.85986328125,0.36890000104904175
7223.0400390625,0.3693000078201294
7223.2099609375,0.36970001459121704
7223.39013671875,0.3700999915599823
7223.56005859375,0.37049999833106995
7223.72998046875,0.3709999918937683
7223.91015625,0.37139999866485596
7224.080078125,0.3718000054359436
7224.25,0.37220001220703125
7224.419921875,0.3725999891757965
7224.60009765625,0.37299999594688416
7224.77001953125,0.3734999895095825
7224.9501953125,0.37389999628067017
7225.1201171875,0.3743000030517578
7225.2900390625,0.37470000982284546
7225.47021484375,0.3750999867916107
7225.64013671875,0.37549999356269836
7225.81005859375,0.37599998712539673
7225.990234375,0.3763999938964844
7226.16015625,0.376800000667572
7226.330078125,0.37720000743865967
7226.509765625,0.3776000142097473
7226.68017578125,0.3779999911785126
7226.85986328125,0.3785000145435333
7227.02978515625,0.3788999915122986
7227.2001953125,0.37929999828338623
7227.3798828125,0.3797000050544739
7227.5498046875,0.3801000118255615
7227.72998046875,0.3804999887943268
7227.89990234375,0.38100001215934753
7228.06982421875,0.3813999891281128
7228.25,0.38179999589920044
7228.419921875,0.3822000026702881
7228.58984375,0.38260000944137573
7228.77001953125,0.382999986410141
7228.93994140625,0.38350000977516174
7229.10986328125,0.383899986743927
7229.27978515625,0.38429999351501465
7229.4599609375,0.3847000002861023
7229.6298828125,0.38510000705718994
7229.81005859375,0.3855000138282776
7229.97998046875,0.38600000739097595
7230.14990234375,0.3864000141620636
7230.330078125,0.38679999113082886
7230.5,0.3871999979019165
7230.669921875,0.38760000467300415
7230.85009765625,0.3880000114440918
7231.02001953125,0.38850000500679016
7231.2001953125,0.3889000117778778
7231.3701171875,0.38929998874664307
7231.5400390625,0.3896999955177307
7231.72021484375,0.39010000228881836
7231.89013671875,0.390500009059906
7232.06005859375,0.39100000262260437
7232.240234375,0.391400009393692
7232.41015625,0.3917999863624573
7232.580078125,0.3921999931335449
7232.759765625,0.39259999990463257
7232.93017578125,0.3930000066757202
7233.10986328125,0.3935000002384186
7233.27978515625,0.3939000070095062
7233.4501953125,0.39430001378059387
7233.6298828125,0.39469999074935913
7233.7998046875,0.3950999975204468
7233.97998046875,0.3955000042915344
7234.14990234375,0.3959999978542328
7234.31982421875,0.39640000462532043
7234.5,0.3968000113964081
7234.669921875,0.39719998836517334
7234.83984375,0.397599995136261
7235.02001953125,0.39800000190734863
7235.18994140625,0.398499995470047
7235.35986328125,0.39890000224113464
7235.5400390625,0.3993000090122223
7235.7099609375,0.39969998598098755
7235.89013671875,0.4000999927520752
7236.06005859375,0.40059998631477356
7236.22998046875,0.4009999930858612
7236.41015625,0.40139999985694885
7236.580078125,0.4018000066280365
7236.75,0.40220001339912415
7236.93017578125,0.4025999903678894
7237.10009765625,0.40299999713897705
7237.27978515625,0.4034999907016754
7237.4501953125,0.40389999747276306
7237.6201171875,0.4043000042438507
7237.7998046875,0.40470001101493835
7237.97021484375,0.4050999879837036
7238.14013671875,0.40549999475479126
7238.31982421875,0.4059999883174896
7238.490234375,0.40639999508857727
7238.669921875,0.4068000018596649
7238.83984375,0.40720000863075256
7239.009765625,0.4075999855995178
7239.18994140625,0.4081000089645386
7239.35986328125,0.40849998593330383
7239.5400390625,0.4088999927043915
7239.7099609375,0.4092999994754791
7239.89013671875,0.4097000062465668
7240.06005859375,0.4101000130176544
7240.22998046875,0.4106000065803528
7240.41015625,0.41100001335144043
7240.580078125,0.4113999903202057
7240.759765625,0.41179999709129333
7240.93017578125,0.412200003862381
7241.10009765625,0.41260001063346863
7241.27978515625,0.413100004196167
7241.4501953125,0.41350001096725464
7241.6201171875,0.4138999879360199
7241.7998046875,0.41429999470710754
7241.97021484375,0.4147000014781952
7242.14990234375,0.41519999504089355
7242.31982421875,0.4156000018119812
7242.490234375,0.41600000858306885
7242.669921875,0.4163999855518341
7242.83984375,0.41679999232292175
7243.009765625,0.4171999990940094
7243.18994140625,0.41769999265670776
7243.35986328125,0.4180999994277954
7243.5400390625,0.41850000619888306
7243.7099609375,0.4189000129699707
7243.8798828125,0.41929998993873596
7244.06005859375,0.4196999967098236
7244.22998046875,0.420199990272522
7244.41015625,0.4205999970436096
7244.580078125,0.42100000381469727
7244.75,0.4214000105857849
7244.93017578125,0.42179998755455017
7245.10009765625,0.4221999943256378
7245.27001953125,0.4226999878883362
7245.4501953125,0.42309999465942383
7245.6298828125,0.4235000014305115
7245.7998046875,0.4239000082015991
7245.97021484375,0.4242999851703644
7246.14990234375,0.42480000853538513
7246.31982421875,0.4251999855041504
7246.5,0.42559999227523804
7246.669921875,0.4259999990463257
7246.83984375,0.42640000581741333
7247.02001953125,0.426800012588501
7247.18994140625,0.42730000615119934
7247.3701171875,0.427700012922287
7247.5400390625,0.42809998989105225
7247.7099609375,0.4284999966621399
7247.89013671875,0.42890000343322754
7248.06005859375,0.4293000102043152
7248.22998046875,0.42980000376701355
7248.41015625,0.4302000105381012
7248.580078125,0.43059998750686646
7248.759765625,0.4309999942779541
7248.93017578125,0.43140000104904175
7249.10009765625,0.4318000078201294
7249.27978515625,0.43230000138282776
7249.4501953125,0.4327000081539154
7249.6298828125,0.43309998512268066
7249.7998046875,0.4334999918937683
7249.97998046875,0.4339999854564667
7250.14990234375,0.4345000088214874
7250.330078125,0.4350000023841858
7250.5,0.43549999594688416
7250.669921875,0.4361000061035156
7250.85009765625,0.436599999666214
7251.02001953125,0.43709999322891235
7251.18994140625,0.4377000033855438
7251.3701171875,0.4381999969482422
7251.5400390625,0.43869999051094055
7251.72021484375,0.439300000667572
7251.89013671875,0.4397999942302704
7252.06982421875,0.44029998779296875
7252.240234375,0.4408999979496002
7252.41015625,0.4413999915122986
7252.58984375,0.44190001487731934
7252.759765625,0.4424999952316284
7252.93994140625,0.4429999887943268
7253.10986328125,0.44350001215934753
7253.2900390625,0.4440999925136566
7253.4599609375,0.444599986076355
7253.6298828125,0.44510000944137573
7253.81005859375,0.4456999897956848
7253.97998046875,0.44620001316070557
7254.16015625,0.44670000672340393
7254.330078125,0.447299987077713
7254.5,0.44780001044273376
7254.68017578125,0.44830000400543213
7254.85009765625,0.4487999975681305
7255.02978515625,0.44940000772476196
7255.2001953125,0.4499000012874603
7255.3701171875,0.4503999948501587
7255.5498046875,0.45100000500679016
7255.72998046875,0.4514999985694885
7255.89990234375,0.4519999921321869
7256.080078125,0.45260000228881836
7256.25,0.4530999958515167
7256.419921875,0.4537000060081482
7256.60009765625,0.45419999957084656
7256.77001953125,0.4546999931335449
7256.93994140625,0.4551999866962433
7257.1201171875,0.45579999685287476
7257.2900390625,0.4562999904155731
7257.47021484375,0.45680001378059387
7257.64013671875,0.45739999413490295
7257.81005859375,0.4578999876976013
7257.990234375,0.4584999978542328
7258.169921875,0.45899999141693115
7258.33984375,0.4595000147819519
7258.509765625,0.460099995136261
7258.68994140625,0.46059998869895935
7258.85986328125,0.4611000120639801
7259.0400390625,0.4616999924182892
7259.2099609375,0.46219998598098755
7259.39013671875,0.4627000093460083
7259.56005859375,0.4632999897003174
7259.72998046875,0.46380001306533813
7259.91015625,0.4643000066280365
7260.080078125,0.46480000019073486
7260.259765625,0.46540001034736633
7260.43017578125,0.4659000039100647
7260.60986328125,0.46650001406669617
7260.77978515625,0.46700000762939453
7260.9501953125,0.4675000011920929
7261.1298828125,0.46810001134872437
7261.2998046875,0.46860000491142273
7261.47998046875,0.4690999984741211
7261.64990234375,0.46959999203681946
7261.830078125,0.4702000021934509
7262.0,0.4706999957561493
7262.169921875,0.47119998931884766
7262.35009765625,0.4717999994754791
7262.52978515625,0.4722999930381775
7262.7001953125,0.47290000319480896
7262.8701171875,0.4733999967575073
7263.0498046875,0.4738999903202057
7263.22021484375,0.47450000047683716
7263.39990234375,0.4749999940395355
7263.56982421875,0.4754999876022339
7263.740234375,0.47609999775886536
7263.919921875,0.4765999913215637
7264.08984375,0.4771000146865845
7264.27001953125,0.47769999504089355
7264.43994140625,0.4781999886035919
7264.6201171875,0.47870001196861267
7264.7900390625,0.47929999232292175
7264.97021484375,0.4797999858856201
7265.14013671875,0.48030000925064087
7265.31005859375,0.48089998960494995
7265.490234375,0.4814000129699707
7265.669921875,0.48190000653266907
7265.83984375,0.48249998688697815
7266.009765625,0.4830000102519989
7266.18994140625,0.48350000381469727
7266.35986328125,0.48410001397132874
7266.5400390625,0.4846000075340271
7266.7099609375,0.48510000109672546
7266.89013671875,0.48570001125335693
7267.06005859375,0.4862000048160553
7267.22998046875,0.48669999837875366
7267.41015625,0.48730000853538513
7267.580078125,0.4878000020980835
7267.759765625,0.48829999566078186
7267.93017578125,0.48890000581741333
7268.10986328125,0.4893999993801117
7268.27978515625,0.48989999294281006
7268.4501953125,0.49050000309944153
7268.6298828125,0.4909999966621399
7268.81005859375,0.49160000681877136
7268.97998046875,0.4921000003814697
7269.16015625,0.4925999939441681
7269.330078125,0.49309998750686646
7269.5,0.4936999976634979
7269.68017578125,0.4941999912261963
7269.85009765625,0.49470001459121704
7270.02978515625,0.4952999949455261
7270.2001953125,0.4957999885082245
7270.3701171875,0.49630001187324524
7270.5498046875,0.4968999922275543
7270.72998046875,0.4973999857902527
7270.89990234375,0.49799999594688416
7271.080078125,0.4984999895095825
7271.25,0.49900001287460327
7271.419921875,0.49959999322891235
7271.60009765625,0.5001000165939331
7271.77978515625,0.5005999803543091
7271.9501953125,0.5012000203132629
7272.1201171875,0.5016999840736389
7272.2998046875,0.5022000074386597
7272.47021484375,0.5027999877929688
7272.64990234375,0.5033000111579895
7272.81982421875,0.5037999749183655
7273.0,0.5044000148773193
7273.169921875,0.5048999786376953
7273.33984375,0.5054000020027161
7273.52001953125,0.5059999823570251
7273.7001953125,0.5065000057220459
7273.8701171875,0.5070000290870667
7274.0498046875,0.5076000094413757
7274.22021484375,0.5080999732017517
7274.39013671875,0.5085999965667725
7274.56982421875,0.5091999769210815
7274.740234375,0.5097000002861023
7274.919921875,0.510200023651123
7275.08984375,0.5108000040054321
7275.27001953125,0.5113000273704529
7275.43994140625,0.511900007724762
7275.6201171875,0.5123999714851379
7275.7900390625,0.5128999948501587
7275.97021484375,0.5134999752044678
7276.14013671875,0.5139999985694885
7276.31982421875,0.5145000219345093
7276.490234375,0.5151000022888184
7276.66015625,0.5156000256538391
7276.83984375,0.5160999894142151
7277.009765625,0.516700029373169
7277.18994140625,0.5171999931335449
7277.3701171875,0.5177000164985657
7277.5400390625,0.5182999968528748
7277.7099609375,0.5188000202178955
7277.89013671875,0.5192999839782715
7278.06982421875,0.5199000239372253
7278.240234375,0.5203999876976013
7278.41015625,0.5209000110626221
7278.58984375,0.5214999914169312
7278.759765625,0.5220000147819519
7278.93994140625,0.5224999785423279
7279.10986328125,0.5231000185012817
7279.27978515625,0.5235999822616577
7279.4599609375,0.5241000056266785
7279.64013671875,0.5246999859809875
7279.81005859375,0.5252000093460083
7279.990234375,0.5257999897003174
7280.16015625,0.5263000130653381
7280.33984375,0.5267999768257141
7280.509765625,0.527400016784668
7280.68994140625,0.527899980545044
7280.85986328125,0.5284000039100647
7281.02978515625,0.5289999842643738
7281.2099609375,0.5295000076293945
7281.39013671875,0.5299999713897705
7281.56005859375,0.5306000113487244
7281.740234375,0.5310999751091003
7281.91015625,0.5315999984741211
7282.08984375,0.5321999788284302
7282.259765625,0.5327000021934509
7282.43017578125,0.5332000255584717
7282.60986328125,0.5338000059127808
7282.77978515625,0.5343000292778015
7282.9599609375,0.5347999930381775
7283.1298828125,0.5353999733924866
7283.31005859375,0.5358999967575073
7283.490234375,0.5364999771118164
7283.66015625,0.5370000004768372
7283.830078125,0.5375000238418579
7284.009765625,0.538100004196167
7284.18994140625,0.5386000275611877
7284.35986328125,0.5390999913215637
7284.5400390625,0.5396999716758728
7284.7099609375,0.5401999950408936
7284.89013671875,0.5407000184059143
7285.06005859375,0.5412999987602234
7285.22998046875,0.5418000221252441
7285.41015625,0.5424000024795532
7285.580078125,0.542900025844574
7285.759765625,0.54339998960495
7285.93017578125,0.5440000295639038
7286.10986328125,0.5444999933242798
7286.27978515625,0.5450000166893005
7286.4599609375,0.5455999970436096
7286.6298828125,0.5461000204086304
7286.81005859375,0.5465999841690063
7286.97998046875,0.5472000241279602
7287.16015625,0.5476999878883362
7287.330078125,0.5482000112533569
7287.509765625,0.548799991607666
7287.68994140625,0.5493000149726868
7287.85986328125,0.5498999953269958
7288.0400390625,0.5504000186920166
7288.2099609375,0.5508999824523926
7288.39013671875,0.5515000224113464
7288.56005859375,0.5519999861717224
7288.72998046875,0.5525000095367432
7288.91015625,0.5530999898910522
7289.080078125,0.553600013256073
7289.259765625,0.554099977016449
7289.43017578125,0.5547000169754028
7289.60986328125,0.5551999807357788
7289.7900390625,0.5557000041007996
7289.9599609375,0.5562999844551086
7290.1298828125,0.5568000078201294
7290.31005859375,0.5572999715805054
7290.47998046875,0.5579000115394592
7290.66015625,0.5583999752998352
7290.83984375,0.5590000152587891
7291.009765625,0.559499979019165
7291.18994140625,0.5600000023841858
7291.35986328125,0.5605999827384949
7291.52978515625,0.5611000061035156
7291.7099609375,0.5616000294685364
7291.8798828125,0.5622000098228455
7292.06005859375,0.5626999735832214
7292.240234375,0.5631999969482422
7292.41015625,0.5637999773025513
7292.580078125,0.564300000667572
7292.759765625,0.5648999810218811
7292.93994140625,0.5654000043869019
7293.10986328125,0.5659000277519226
7293.2900390625,0.5665000081062317
7293.4599609375,0.5669999718666077
7293.64013671875,0.5674999952316284
7293.81005859375,0.5680999755859375
7293.990234375,0.5685999989509583
7294.169921875,0.569100022315979
7294.33984375,0.5697000026702881
7294.509765625,0.5702000260353088
7294.68994140625,0.5708000063896179
7294.85986328125,0.5713000297546387
7295.0400390625,0.5717999935150146
7295.2099609375,0.5723999738693237
7295.39013671875,0.5728999972343445
7295.56005859375,0.5734000205993652
7295.740234375,0.5740000009536743
7295.919921875,0.5745000243186951
7296.08984375,0.574999988079071
7296.259765625,0.5756000280380249
7296.43994140625,0.5760999917984009
7296.6201171875,0.5766000151634216
7296.7900390625,0.5771999955177307
7296.9599609375,0.5777000188827515
7297.14990234375,0.5782999992370605
7297.31982421875,0.5788000226020813
7297.490234375,0.5792999863624573
7297.669921875,0.5799000263214111
7297.83984375,0.5803999900817871
7298.02001953125,0.5809000134468079
7298.18994140625,0.5814999938011169
7298.3701171875,0.5820000171661377
7298.5400390625,0.5824999809265137
7298.72021484375,0.5831000208854675
7298.89013671875,0.5835999846458435
7299.06982421875,0.5842000246047974
7299.240234375,0.5846999883651733
7299.419921875,0.5852000117301941
7299.60009765625,0.5857999920845032
7299.77001953125,0.5863000154495239
7299.9501953125,0.5867999792098999
7300.1201171875,0.5873000025749207
7300.2998046875,0.5878000259399414
7300.47021484375,0.5882999897003174
7300.64990234375,0.588699996471405
7300.81982421875,0.5892000198364258
7301.0,0.5896999835968018
7301.169921875,0.5902000069618225
7301.35009765625,0.5906000137329102
7301.52001953125,0.5910999774932861
7301.7001953125,0.5916000008583069
7301.8701171875,0.5921000242233276
7302.0498046875,0.5924999713897705
7302.22998046875,0.5929999947547913
7302.39990234375,0.593500018119812
7302.580078125,0.593999981880188
7302.75,0.5943999886512756
7302.93017578125,0.5949000120162964
7303.10009765625,0.5953999757766724
7303.27978515625,0.59579998254776
7303.4599609375,0.5963000059127808
7303.6298828125,0.5968000292778015
7303.81005859375,0.5972999930381775
7303.97998046875,0.5976999998092651
7304.14990234375,0.5982000231742859
7304.330078125,0.5986999869346619
7304.5,0.5992000102996826
7304.68017578125,0.5996000170707703
7304.85986328125,0.6000999808311462
7305.02978515625,0.600600004196167
7305.2099609375,0.6011000275611877
7305.39013671875,0.6014999747276306
7305.56005859375,0.6019999980926514
7305.72998046875,0.6025000214576721
7305.91015625,0.6029999852180481
7306.080078125,0.6033999919891357
7306.259765625,0.6039000153541565
7306.43017578125,0.6043999791145325
7306.60986328125,0.6049000024795532
7306.7900390625,0.6053000092506409
7306.9599609375,0.6057999730110168
7307.14013671875,0.6062999963760376
7307.31982421875,0.6068000197410583
7307.490234375,0.607200026512146
7307.66015625,0.607699990272522
7307.83984375,0.6082000136375427
7308.009765625,0.6086000204086304
7308.18994140625,0.6090999841690063
7308.35986328125,0.6096000075340271
7308.5400390625,0.6100999712944031
7308.72021484375,0.6104999780654907
7308.89013671875,0.6110000014305115
7309.06982421875,0.6115000247955322
7309.25,0.6119999885559082
7309.419921875,0.6123999953269958
7309.58984375,0.6129000186920166
7309.77001953125,0.6133999824523926
7309.9501953125,0.6139000058174133
7310.1201171875,0.614300012588501
7310.2998046875,0.614799976348877
7310.47021484375,0.6152999997138977
7310.64990234375,0.6158000230789185
7310.81982421875,0.6161999702453613
7311.0,0.6166999936103821
7311.18017578125,0.6172000169754028
7311.35009765625,0.6176000237464905
7311.52001953125,0.6180999875068665
7311.7001953125,0.6186000108718872
7311.8798828125,0.6190999746322632
7312.0498046875,0.6194999814033508
7312.22998046875,0.6200000047683716
7312.39990234375,0.6205000281333923
7312.580078125,0.6209999918937683
7312.75,0.621399998664856
7312.93017578125,0.6219000220298767
7313.10986328125,0.6223999857902527
7313.27978515625,0.6229000091552734
7313.4599609375,0.6233000159263611
7313.6298828125,0.6237999796867371
7313.81005859375,0.6243000030517578
7313.990234375,0.6248000264167786
7314.16015625,0.6251999735832214
7314.330078125,0.6256999969482422
7314.509765625,0.6262000203132629
7314.68017578125,0.6266000270843506
7314.85986328125,0.6270999908447266
7315.0400390625,0.6276000142097473
7315.2099609375,0.6280999779701233
7315.39013671875,0.628600001335144
7315.56005859375,0.6290000081062317
7315.740234375,0.6294999718666077
7315.919921875,0.6299999952316284
7316.08984375,0.6305000185966492
7316.27001953125,0.6309000253677368
7316.4501953125,0.6313999891281128
7316.6201171875,0.6319000124931335
7316.7998046875,0.6323999762535095
7316.97021484375,0.6327999830245972
7317.14990234375,0.6333000063896179
7317.31982421875,0.6338000297546387
7317.5,0.6341999769210815
7317.669921875,0.6347000002861023
7317.85009765625,0.635200023651123
7318.02978515625,0.635699987411499
7318.2001953125,0.6360999941825867
7318.3798828125,0.6366000175476074
7318.5498046875,0.6370999813079834
7318.72998046875,0.6376000046730042
7318.91015625,0.6380000114440918
7319.080078125,0.6384999752044678
7319.259765625,0.6389999985694885
7319.43017578125,0.6395000219345093
7319.60986328125,0.6399000287055969
7319.7900390625,0.6403999924659729
7319.9599609375,0.6409000158309937
7320.14013671875,0.6413999795913696
7320.31005859375,0.6417999863624573
7320.490234375,0.642300009727478
7320.66015625,0.642799973487854
7320.83984375,0.6432999968528748
7321.009765625,0.6437000036239624
7321.18994140625,0.6442000269889832
7321.3701171875,0.6446999907493591
7321.5400390625,0.6452000141143799
7321.72021484375,0.6456000208854675
7321.89013671875,0.6460999846458435
7322.06982421875,0.6466000080108643
7322.25,0.6470999717712402
7322.419921875,0.6474999785423279
7322.60009765625,0.6480000019073486
7322.77978515625,0.6485000252723694
7322.9501953125,0.6489999890327454
7323.1298828125,0.649399995803833
7323.2998046875,0.6499000191688538
7323.47998046875,0.6503999829292297
7323.64990234375,0.6509000062942505
7323.830078125,0.6513000130653381
7324.0,0.6517999768257141
7324.18017578125,0.6523000001907349
7324.35009765625,0.6528000235557556
7324.52978515625,0.6531999707221985
7324.7099609375,0.6536999940872192
7324.8798828125,0.65420001745224
7325.06005859375,0.654699981212616
7325.22998046875,0.6550999879837036
7325.41015625,0.6556000113487244
7325.58984375,0.6560999751091003
7325.759765625,0.6565999984741211
7325.93994140625,0.6570000052452087
7326.1201171875,0.6575000286102295
7326.2900390625,0.6579999923706055
7326.47021484375,0.6585000157356262
7326.64013671875,0.6589000225067139
7326.81982421875,0.6593999862670898
7326.990234375,0.6599000096321106
7327.169921875,0.6603999733924866
7327.33984375,0.6607999801635742
7327.52001953125,0.661300003528595
7327.7001953125,0.6618000268936157
7327.8798828125,0.6622999906539917
7328.0498046875,0.6626999974250793
7328.22998046875,0.6632000207901001
7328.39990234375,0.6636999845504761
7328.580078125,0.6642000079154968
7328.759765625,0.6646000146865845
7328.93017578125,0.6650999784469604
7329.10986328125,0.6656000018119812
7329.27978515625,0.666100025177002
7329.4599609375,0.6664999723434448
7329.6298828125,0.6669999957084656
7329.81005859375,0.6675000190734863
7329.990234375,0.6679999828338623
7330.16015625,0.66839998960495
7330.33984375,0.6689000129699707
7330.509765625,0.6693999767303467
7330.68994140625,0.6699000000953674
7330.8701171875,0.6703000068664551
7331.0498046875,0.670799970626831
7331.22021484375,0.6712999939918518
7331.39990234375,0.6718000173568726
7331.56982421875,0.6722000241279602
7331.75,0.6726999878883362
7331.919921875,0.6732000112533569
7332.10009765625,0.6736999750137329
7332.27978515625,0.6741999983787537
7332.4501953125,0.6746000051498413
7332.6298828125,0.6751000285148621
7332.81005859375,0.675599992275238
7332.97998046875,0.6759999990463257
7333.16015625,0.6765000224113464
7333.330078125,0.6769999861717224
7333.509765625,0.6775000095367432
7333.68017578125,0.6779000163078308
7333.85986328125,0.6783999800682068
7334.0400390625,0.6789000034332275
7334.2099609375,0.6794000267982483
7334.39013671875,0.6797999739646912
7334.56005859375,0.6802999973297119
7334.740234375,0.6808000206947327
7334.91015625,0.6812999844551086
7335.08984375,0.6816999912261963
7335.27001953125,0.682200014591217
7335.4501953125,0.682699978351593
7335.6201171875,0.6832000017166138
7335.7998046875,0.6837000250816345
7335.97021484375,0.6840999722480774
7336.14990234375,0.6845999956130981
7336.330078125,0.6851000189781189
7336.5,0.6855999827384949
7336.68017578125,0.6859999895095825
7336.85009765625,0.6865000128746033
7337.02978515625,0.6869999766349792
7337.2099609375,0.6875
7337.39013671875,0.6879000067710876
7337.56005859375,0.6883999705314636
7337.740234375,0.6888999938964844
7337.91015625,0.6894000172615051
7338.08984375,0.6898000240325928
7338.27001953125,0.6902999877929688
7338.43994140625,0.6908000111579895
7338.6201171875,0.6912999749183655
7338.7900390625,0.6916999816894531
7338.97021484375,0.6922000050544739
7339.14990234375,0.6927000284194946
7339.31982421875,0.6931999921798706
7339.5,0.6935999989509583
7339.68017578125,0.694100022315979
7339.85009765625,0.694599986076355
7340.02978515625,0.6951000094413757
7340.2001953125,0.6955999732017517
7340.3798828125,0.6959999799728394
7340.56005859375,0.6965000033378601
7340.72998046875,0.6970000267028809
7340.91015625,0.6974999904632568
7341.08984375,0.6978999972343445
7341.259765625,0.6984000205993652
7341.43994140625,0.6988999843597412
7341.6201171875,0.699400007724762
7341.7998046875,0.6998000144958496
7341.97021484375,0.7002999782562256
7342.14990234375,0.7008000016212463
7342.31982421875,0.7013000249862671
7342.5,0.70169997215271
7342.669921875,0.7021999955177307
7342.85009765625,0.7027000188827515
7343.02001953125,0.7031999826431274
7343.2001953125,0.7035999894142151
7343.3798828125,0.7041000127792358
7343.56005859375,0.7045999765396118
7343.72998046875,0.7050999999046326
7343.91015625,0.7056000232696533
7344.08984375,0.7059999704360962
7344.259765625,0.7064999938011169
7344.43994140625,0.7070000171661377
7344.60986328125,0.7074999809265137
7344.7900390625,0.7078999876976013
7344.97021484375,0.7084000110626221
7345.14013671875,0.708899974822998
7345.31982421875,0.7093999981880188
7345.5,0.7098000049591064
7345.669921875,0.7103000283241272
7345.85009765625,0.7107999920845032
7346.02001953125,0.7113000154495239
7346.2001953125,0.7117000222206116
7346.3798828125,0.7121999859809875
7346.5498046875,0.7127000093460083
7346.72998046875,0.7131999731063843
7346.91015625,0.713699996471405
7347.080078125,0.7141000032424927
7347.259765625,0.7146000266075134
7347.43994140625,0.7150999903678894
7347.60986328125,0.715499997138977
7347.7900390625,0.7160000205039978
7347.9599609375,0.7164999842643738
7348.14013671875,0.7170000076293945
7348.31982421875,0.7174999713897705
7348.5,0.7178999781608582
7348.669921875,0.7184000015258789
7348.85009765625,0.7189000248908997
7349.02978515625,0.7193999886512756
7349.2001953125,0.7197999954223633
7349.3798828125,0.720300018787384
7349.5498046875,0.72079998254776
7349.72998046875,0.7213000059127808
7349.91015625,0.7217000126838684
7350.080078125,0.722100019454956
7350.259765625,0.7224000096321106
7350.43994140625,0.7228000164031982
7350.60986328125,0.7231000065803528
7350.7900390625,0.7233999967575073
7350.97021484375,0.7236999869346619
7351.14013671875,0.7239999771118164
7351.31982421875,0.7243000268936157
7351.5,0.7246000170707703
7351.669921875,0.7249000072479248
7351.85009765625,0.7251999974250793
7352.02001953125,0.7254999876022339
7352.2001953125,0.7257999777793884
7352.3798828125,0.7261000275611877
7352.5498046875,0.7264000177383423
7352.72998046875,0.7267000079154968
7352.91015625,0.7269999980926514
7353.08984375,0.7272999882698059
7353.259765625,0.7275999784469604
7353.43994140625,0.7279000282287598
7353.60986328125,0.7282000184059143
7353.7900390625,0.7285000085830688
7353.97021484375,0.7287999987602234
7354.14013671875,0.7290999889373779
7354.31982421875,0.7293999791145325
7354.5,0.7297000288963318
7354.68017578125,0.7300000190734863
7354.85009765625,0.7303000092506409
7355.02978515625,0.7305999994277954
7355.2099609375,0.7310000061988831
7355.3798828125,0.7312999963760376
7355.56005859375,0.7315999865531921
7355.72998046875,0.7318999767303467
7355.91015625,0.732200026512146
7356.08984375,0.7325000166893005
7356.259765625,0.7328000068664551
7356.43994140625,0.7330999970436096
7356.6201171875,0.7333999872207642
7356.7998046875,0.7336999773979187
7356.97021484375,0.734000027179718
7357.14990234375,0.7343000173568726
7357.330078125,0.7346000075340271
7357.5,0.7348999977111816
7357.68017578125,0.7351999878883362
7357.85009765625,0.7354999780654907
7358.02978515625,0.73580002784729
7358.2099609375,0.7361000180244446
7358.3798828125,0.7364000082015991
7358.56005859375,0.7366999983787537
7358.72998046875,0.7369999885559082
7358.91015625,0.7372999787330627
7359.08984375,0.7376000285148621
7359.27001953125,0.7379000186920166
7359.43994140625,0.7382000088691711
7359.6201171875,0.7386000156402588
7359.7998046875,0.7389000058174133
7359.97998046875,0.7391999959945679
7360.14990234375,0.7394999861717224
7360.330078125,0.739799976348877
7360.5,0.7401000261306763
7360.68017578125,0.7404000163078308
7360.85986328125,0.7407000064849854
7361.0400390625,0.7409999966621399
7361.22021484375,0.7412999868392944
7361.39013671875,0.741599977016449
7361.56982421875,0.7419000267982483
7361.740234375,0.7422000169754028
7361.919921875,0.7425000071525574
7362.10009765625,0.7427999973297119
7362.27001953125,0.7430999875068665
7362.4501953125,0.743399977684021
7362.6298828125,0.7437000274658203
7362.7998046875,0.7440000176429749
7362.97998046875,0.7443000078201294
7363.16015625,0.7445999979972839
7363.330078125,0.7448999881744385
7363.509765625,0.745199978351593
7363.68994140625,0.7455000281333923
7363.8701171875,0.7458999752998352
7364.0498046875,0.7462000250816345
7364.22021484375,0.7465000152587891
7364.39990234375,0.7468000054359436
7364.56982421875,0.7470999956130981
7364.75,0.7473999857902527
7364.93017578125,0.7476999759674072
7365.10009765625,0.7480000257492065
7365.27978515625,0.7483000159263611
7365.4599609375,0.7486000061035156
7365.6298828125,0.7488999962806702
7365.81005859375,0.7491999864578247
7365.990234375,0.7494999766349792
7366.16015625,0.7498000264167786
7366.33984375,0.7501000165939331
7366.52001953125,0.7504000067710876
7366.68994140625,0.7506999969482422
7366.8701171875,0.7509999871253967
7367.0498046875,0.7512999773025513
7367.22998046875,0.7516000270843506
7367.41015625,0.7519000172615051
7367.580078125,0.7522000074386597
7367.759765625,0.7524999976158142
7367.93994140625,0.7527999877929688
7368.10986328125,0.7530999779701233
7368.2900390625,0.7534999847412109
7368.47021484375,0.7537999749183655
7368.64013671875,0.7541000247001648
7368.81982421875,0.7544000148773193
7369.0,0.7547000050544739
7369.169921875,0.7549999952316284
7369.35009765625,0.755299985408783
7369.52978515625,0.7555999755859375
7369.7001953125,0.7559000253677368
7369.8798828125,0.7562000155448914
7370.06005859375,0.7565000057220459
7370.22998046875,0.7567999958992004
7370.419921875,0.757099986076355
7370.58984375,0.7573999762535095
7370.77001953125,0.7577000260353088
7370.9501953125,0.7580000162124634
7371.1201171875,0.7583000063896179
7371.2998046875,0.7585999965667725
7371.47021484375,0.758899986743927
7371.64990234375,0.7591999769210815
7371.830078125,0.7595000267028809
7372.0,0.7598000168800354
7372.18017578125,0.7601000070571899
7372.35986328125,0.7605000138282776
7372.5400390625,0.7608000040054321
7372.7099609375,0.7610999941825867
7372.89013671875,0.7613999843597412
7373.06982421875,0.7616999745368958
7373.240234375,0.7620000243186951
7373.419921875,0.7623000144958496
7373.60009765625,0.7626000046730042
7373.77978515625,0.7628999948501587
7373.9501953125,0.7631999850273132
7374.1298828125,0.7634999752044678
7374.31005859375,0.7638000249862671
7374.47998046875,0.7641000151634216
7374.66015625,0.7644000053405762
7374.83984375,0.7646999955177307
7375.009765625,0.7649999856948853
7375.18994140625,0.7652999758720398
7375.3701171875,0.7656000256538391
7375.5498046875,0.7659000158309937
7375.72998046875,0.7662000060081482
7375.89990234375,0.7664999961853027
7376.080078125,0.7669000029563904
7376.259765625,0.7671999931335449
7376.43017578125,0.7674999833106995
7376.60986328125,0.767799973487854
7376.7900390625,0.7681000232696533
7376.9599609375,0.7684000134468079
7377.14013671875,0.7687000036239624
7377.31982421875,0.7689999938011169
7377.5,0.7692999839782715
7377.669921875,0.769599974155426
7377.85009765625,0.7699000239372253
7378.02978515625,0.7702000141143799
7378.2001953125,0.7705000042915344
7378.3798828125,0.770799994468689
7378.56005859375,0.7710999846458435
7378.72998046875,0.771399974822998
7378.91015625,0.7717000246047974
7379.08984375,0.7720000147819519
7379.27001953125,0.7723000049591064
7379.43994140625,0.772599995136261
7379.6201171875,0.7730000019073486
7379.7998046875,0.7731999754905701
7379.97998046875,0.7735999822616577
7380.16015625,0.7738999724388123
7380.330078125,0.7742000222206116
7380.509765625,0.7745000123977661
7380.68017578125,0.7748000025749207
7380.85986328125,0.7750999927520752
7381.0400390625,0.7753999829292297
7381.2099609375,0.7756999731063843
7381.39013671875,0.7760000228881836
7381.56982421875,0.7763000130653381
7381.75,0.7766000032424927
7381.93017578125,0.7768999934196472
7382.10986328125,0.7771999835968018
7382.27978515625,0.7774999737739563
7382.4599609375,0.7778000235557556
7382.64013671875,0.7781000137329102
7382.81005859375,0.7784000039100647
7382.990234375,0.7786999940872192
7383.169921875,0.7789999842643738
7383.35009765625,0.7793999910354614
7383.52001953125,0.779699981212616
7383.7001953125,0.7799999713897705
7383.8798828125,0.7803000211715698
7384.06005859375,0.7806000113487244
7384.22998046875,0.7809000015258789
7384.41015625,0.7811999917030334
7384.58984375,0.781499981880188
7384.759765625,0.7817999720573425
7384.93994140625,0.7821000218391418
7385.1201171875,0.7824000120162964
7385.2998046875,0.7827000021934509
7385.47021484375,0.7829999923706055
7385.64990234375,0.78329998254776
7385.830078125,0.7835999727249146
7386.009765625,0.7839000225067139
7386.18017578125,0.7842000126838684
7386.35986328125,0.784500002861023
7386.5400390625,0.7847999930381775
7386.72021484375,0.7851999998092651
7386.89013671875,0.7854999899864197
7387.06982421875,0.7857999801635742
7387.25,0.7860999703407288
7387.419921875,0.7864000201225281
7387.60009765625,0.7867000102996826
7387.77978515625,0.7870000004768372
7387.9599609375,0.7872999906539917
7388.1298828125,0.7875999808311462
7388.31005859375,0.7878999710083008
7388.490234375,0.7882000207901001
7388.669921875,0.7885000109672546
7388.83984375,0.7888000011444092
7389.02001953125,0.7890999913215637
7389.2001953125,0.7893999814987183
7389.3798828125,0.7896999716758728
7389.5498046875,0.7900000214576721
7389.72998046875,0.7903000116348267
7389.91015625,0.7906000018119812
7390.08984375,0.7908999919891357
7390.259765625,0.7912999987602234
7390.43994140625,0.7915999889373779
7390.6201171875,0.7918999791145325
7390.7998046875,0.7922000288963318
7390.97021484375,0.7925000190734863
7391.14990234375,0.7928000092506409
7391.330078125,0.7930999994277954
7391.509765625,0.79339998960495
7391.68017578125,0.7936999797821045
7391.85986328125,0.7940000295639038
7392.0400390625,0.7943000197410583
7392.22021484375,0.7946000099182129
7392.39013671875,0.7949000000953674
7392.56982421875,0.795199990272522
7392.75,0.7954999804496765
7392.93017578125,0.795799970626831
7393.10009765625,0.7961000204086304
7393.27978515625,0.7964000105857849
7393.4599609375,0.7967000007629395
7393.64013671875,0.7971000075340271
7393.81005859375,0.7973999977111816
7393.990234375,0.7976999878883362
7394.169921875,0.7979999780654907
7394.35009765625,0.79830002784729
7394.52001953125,0.7986000180244446
7394.7001953125,0.7989000082015991
7394.8798828125,0.7991999983787537
7395.06005859375,0.7994999885559082
7395.240234375,0.7997999787330627
7395.41015625,0.8001000285148621
7395.58984375,0.8004000186920166
7395.77001953125,0.8007000088691711
7395.9501953125,0.8009999990463257
7396.1201171875,0.8012999892234802
7396.2998046875,0.8015999794006348
7396.47998046875,0.8019000291824341
7396.66015625,0.802299976348877
7396.830078125,0.8026000261306763
7397.009765625,0.8029000163078308
7397.18994140625,0.8032000064849854
7397.35986328125,0.8034999966621399
7397.5400390625,0.8037999868392944
7397.72021484375,0.804099977016449
7397.89990234375,0.8044000267982483
7398.080078125,0.8047000169754028
7398.259765625,0.8050000071525574
7398.43017578125,0.8052999973297119
7398.60986328125,0.8055999875068665
7398.7900390625,0.805899977684021
7398.9599609375,0.8062000274658203
7399.14990234375,0.8065000176429749
7399.31982421875,0.8068000078201294
7399.5,0.8070999979972839
7399.68017578125,0.8073999881744385
7399.85009765625,0.807699978351593
7400.02978515625,0.8080000281333923
7400.2099609375,0.8083000183105469
7400.39013671875,0.8084999918937683
7400.56005859375,0.8087000250816345
7400.740234375,0.808899998664856
7400.919921875,0.8090999722480774
7401.10009765625,0.8094000220298767
7401.27978515625,0.8095999956130981
7401.4501953125,0.8098000288009644
7401.6298828125,0.8100000023841858
7401.81005859375,0.8101999759674072
7401.990234375,0.8105000257492065
7402.169921875,0.810699999332428
7402.33984375,0.8108999729156494
7402.52001953125,0.8111000061035156
7402.7001953125,0.8113999962806702
7402.8798828125,0.8116000294685364
7403.06005859375,0.8118000030517578
7403.22998046875,0.8119999766349792
7403.41015625,0.8122000098228455
7403.58984375,0.8123999834060669
7403.759765625,0.8126999735832214
7403.93994140625,0.8129000067710876
7404.1201171875,0.8130999803543091
7404.2900390625,0.8133000135421753
7404.47998046875,0.8136000037193298
7404.66015625,0.8137999773025513
7404.830078125,0.8140000104904175
7405.009765625,0.8141999840736389
7405.18994140625,0.8144000172615051
7405.35986328125,0.8147000074386597
7405.5498046875,0.8148999810218811
7405.72021484375,0.8151000142097473
7405.89990234375,0.8152999877929688
7406.080078125,0.815500020980835
7406.25,0.8158000111579895
7406.43017578125,0.8159999847412109
7406.60986328125,0.8162000179290771
7406.7900390625,0.8163999915122986
7406.97021484375,0.8166000247001648
7407.14013671875,0.8169000148773193
7407.31982421875,0.8170999884605408
7407.5,0.817300021648407
7407.68017578125,0.8174999952316284
7407.85986328125,0.8177000284194946
7408.02978515625,0.8180000185966492
7408.2099609375,0.8181999921798706
7408.39013671875,0.8184000253677368
7408.56005859375,0.8185999989509583
7408.740234375,0.8187999725341797
7408.93017578125,0.819100022315979
7409.10009765625,0.8192999958992004
7409.27978515625,0.8195000290870667
7409.4599609375,0.8197000026702881
7409.6298828125,0.8198999762535095
7409.81005859375,0.8202000260353088
7409.990234375,0.8203999996185303
7410.169921875,0.8205999732017517
7410.35009765625,0.8208000063896179
7410.52001953125,0.8209999799728394
7410.7001953125,0.8213000297546387
7410.8798828125,0.8215000033378601
7411.06005859375,0.8216999769210815
7411.240234375,0.8219000101089478
7411.419921875,0.8222000002861023
7411.58984375,0.8223999738693237
7411.77001953125,0.8226000070571899
7411.9501953125,0.8227999806404114
7412.1298828125,0.8230000138282776
7412.31005859375,0.8233000040054321
7412.47998046875,0.8234999775886536
7412.66015625,0.8237000107765198
7412.83984375,0.8238999843597412
7413.02001953125,0.8241000175476074
7413.18994140625,0.824400007724762
7413.3701171875,0.8245999813079834
7413.5498046875,0.8248000144958496
7413.72998046875,0.824999988079071
7413.91015625,0.8252000212669373
7414.08984375,0.8255000114440918
7414.259765625,0.8256999850273132
7414.43994140625,0.8259000182151794
7414.6201171875,0.8260999917984009
7414.7998046875,0.8263000249862671
7414.97021484375,0.8266000151634216
7415.14990234375,0.8267999887466431
7415.330078125,0.8270000219345093
7415.509765625,0.8271999955177307
7415.68994140625,0.8274999856948853
7415.8701171875,0.8277000188827515
7416.0400390625,0.8278999924659729
7416.22021484375,0.8281000256538391
7416.39990234375,0.8282999992370605
7416.580078125,0.8285999894142151
7416.759765625,0.8288000226020813
7416.93017578125,0.8289999961853027
7417.10986328125,0.829200029373169
7417.2900390625,0.8294000029563904
7417.47021484375,0.8296999931335449
7417.64990234375,0.8299000263214111
7417.830078125,0.8300999999046326
7418.0,0.830299973487854
7418.18017578125,0.8305000066757202
7418.35986328125,0.8307999968528748
7418.5400390625,0.8309999704360962
7418.72021484375,0.8312000036239624
7418.89013671875,0.8313999772071838
7419.06982421875,0.8317000269889832
7419.25,0.8319000005722046
7419.43017578125,0.832099974155426
7419.60986328125,0.8323000073432922
7419.7900390625,0.8324999809265137
7419.9599609375,0.8327999711036682
7420.14013671875,0.8330000042915344
7420.31982421875,0.8331999778747559
7420.5,0.8334000110626221
7420.68017578125,0.8335999846458435
7420.85009765625,0.833899974822998
7421.02978515625,0.8341000080108643
7421.2099609375,0.8342999815940857
7421.39013671875,0.8345000147819519
7421.56982421875,0.8346999883651733
7421.75,0.8349999785423279
7421.919921875,0.8352000117301941
7422.10009765625,0.8353999853134155
7422.27978515625,0.8356000185012817
7422.4599609375,0.8357999920845032
7422.64013671875,0.8360999822616577
7422.81982421875,0.8363000154495239
7422.990234375,0.8364999890327454
7423.169921875,0.8367000222206116
7423.35009765625,0.8370000123977661
7423.52978515625,0.8371999859809875
7423.7099609375,0.8374000191688538
7423.8798828125,0.8375999927520752
7424.06005859375,0.8378000259399414
7424.240234375,0.838100016117096
7424.419921875,0.8382999897003174
7424.60009765625,0.8385000228881836
7424.77978515625,0.838699996471405
7424.9599609375,0.8389000296592712
7425.14013671875,0.8392000198364258
7425.31005859375,0.8393999934196472
7425.490234375,0.8396000266075134
7425.669921875,0.8398000001907349
7425.85009765625,0.8399999737739563
7426.02001953125,0.8403000235557556
7426.2001953125,0.840499997138977
7426.3798828125,0.8406999707221985
7426.56005859375,0.8409000039100647
7426.740234375,0.8411999940872192
7426.919921875,0.8414000272750854
7427.10009765625,0.8416000008583069
7427.27001953125,0.8417999744415283
7427.4501953125,0.8420000076293945
7427.6298828125,0.8422999978065491
7427.81005859375,0.8424999713897705
7427.990234375,0.8427000045776367
7428.169921875,0.8428999781608582
7428.33984375,0.8431000113487244
7428.52001953125,0.8434000015258789
7428.7001953125,0.8435999751091003
7428.8798828125,0.8438000082969666
7429.06005859375,0.843999981880188
7429.240234375,0.8442999720573425
7429.41015625,0.8445000052452087
7429.58984375,0.8446999788284302
7429.77001953125,0.8449000120162964
7429.9501953125,0.8450999855995178
7430.1298828125,0.8453999757766724
7430.31005859375,0.8456000089645386
7430.490234375,0.84579998254776
7430.669921875,0.8460000157356262
7430.83984375,0.8461999893188477
7431.02001953125,0.8464999794960022
7431.2001953125,0.8467000126838684
7431.3798828125,0.8468999862670898
7431.56005859375,0.847100019454956
7431.72998046875,0.8474000096321106
7431.91015625,0.847599983215332
7432.08984375,0.8478000164031982
7432.27001953125,0.8479999899864197
7432.4501953125,0.8482000231742859
7432.6298828125,0.8485000133514404
7432.7998046875,0.8486999869346619
7432.97998046875,0.8489000201225281
7433.16015625,0.8490999937057495
7433.33984375,0.8493000268936157
7433.52001953125,0.8496000170707703
7433.7001953125,0.8497999906539917
7433.8798828125,0.8500000238418579
7434.06005859375,0.8501999974250793
7434.22998046875,0.8503999710083008
7434.419921875,0.8507000207901001
7434.58984375,0.8508999943733215
7434.77001953125,0.8511000275611877
7434.9501953125,0.8513000011444092
7435.1298828125,0.8515999913215637
7435.31005859375,0.8518000245094299
7435.47998046875,0.8519999980926514
7435.66015625,0.8521999716758728
7435.83984375,0.852400004863739
7436.02001953125,0.8526999950408936
7436.18994140625,0.8529000282287598
7436.3701171875,0.8531000018119812
7436.5498046875,0.8532999753952026
7436.72998046875,0.8535000085830688
7436.91015625,0.8537999987602234
7437.08984375,0.8539999723434448
7437.27001953125,0.854200005531311
7437.4501953125,0.8543999791145325
7437.6298828125,0.8547000288963318
7437.81005859375,0.8549000024795532
7437.990234375,0.8550999760627747
7438.16015625,0.8553000092506409
7438.33984375,0.8554999828338623
7438.52001953125,0.8557999730110168
7438.7001953125,0.8560000061988831
7438.8798828125,0.8561999797821045
7439.0498046875,0.8564000129699707
7439.22998046875,0.8565999865531921
7439.41015625,0.8568999767303467
7439.58984375,0.8571000099182129
7439.77001953125,0.8572999835014343
7439.9501953125,0.8575000166893005
7440.1298828125,0.8578000068664551
7440.31005859375,0.8579999804496765
7440.490234375,0.8582000136375427
7440.66015625,0.8583999872207642
7440.85009765625,0.8586000204086304
7441.02001953125,0.8589000105857849
7441.2001953125,0.8590999841690063
7441.3798828125,0.8593000173568726
7441.56005859375,0.859499990940094
7441.740234375,0.8597999811172485
7441.919921875,0.8600000143051147
7442.08984375,0.8601999878883362
7442.27001953125,0.8604000210762024
7442.4501953125,0.8605999946594238
7442.6298828125,0.8608999848365784
7442.81005859375,0.8611000180244446
7442.990234375,0.861299991607666
7443.16015625,0.8615000247955322
7443.33984375,0.8616999983787537
7443.52001953125,0.8619999885559082
7443.7001953125,0.8622000217437744
7443.8798828125,0.8623999953269958
7444.06005859375,0.8626000285148621
7444.240234375,0.8629000186920166
7444.419921875,0.863099992275238
7444.60009765625,0.8633000254631042
7444.77978515625,0.8634999990463257
7444.9501953125,0.8636999726295471
7445.1298828125,0.8640000224113464
7445.31005859375,0.8641999959945679
7445.490234375,0.8644000291824341
7445.669921875,0.8646000027656555
7445.85009765625,0.8648999929428101
7446.02001953125,0.8651000261306763
7446.2001953125,0.8652999997138977
7446.3798828125,0.8654999732971191
7446.56005859375,0.8657000064849854
7446.740234375,0.8659999966621399
7446.919921875,0.8661999702453613
7447.10009765625,0.8664000034332275
7447.27978515625,0.866599977016449
7447.4599609375,0.8668000102043152
7447.64013671875,0.8671000003814697
7447.81982421875,0.8672999739646912
7447.990234375,0.8675000071525574
7448.169921875,0.8676999807357788
7448.35009765625,0.8679999709129333
7448.52978515625,0.8682000041007996
7448.7099609375,0.868399977684021
7448.89013671875,0.8686000108718872
7449.06982421875,0.8687999844551086
7449.25,0.8690999746322632
7449.43017578125,0.8693000078201294
7449.60009765625,0.8694999814033508
7449.7900390625,0.869700014591217
7449.9599609375,0.8700000047683716
7450.14013671875,0.8701000213623047
7450.31982421875,0.8702999949455261
7450.5,0.8705000281333923
7450.68017578125,0.8707000017166138
7450.85986328125,0.8708000183105469
7451.0400390625,0.8709999918937683
7451.22021484375,0.8712000250816345
7451.39013671875,0.871399998664856
7451.56982421875,0.8715000152587891
7451.75,0.8716999888420105
7451.93017578125,0.8719000220298767
7452.10986328125,0.8720999956130981
7452.27978515625,0.8722000122070312
7452.4599609375,0.8723999857902527
7452.64013671875,0.8726000189781189
7452.81982421875,0.8727999925613403
7453.0,0.8729000091552734
7453.18017578125,0.8730999827384949
7453.35986328125,0.8733000159263611
7453.5400390625,0.8734999895095825
7453.72021484375,0.8736000061035156
7453.89990234375,0.8737999796867371
7454.080078125,0.8740000128746033
7454.259765625,0.8741999864578247
7454.43994140625,0.8744000196456909
7454.60986328125,0.8744999766349792
7454.7900390625,0.8747000098228455
7454.97021484375,0.8748999834060669
7455.14990234375,0.875
7455.330078125,0.8751999735832214
7455.509765625,0.8754000067710876
7455.68994140625,0.8755999803543091
7455.8701171875,0.8756999969482422
7456.0400390625,0.8758999705314636
7456.22998046875,0.8761000037193298
7456.41015625,0.8762999773025513
7456.58984375,0.8765000104904175
7456.77001953125,0.8766000270843506
7456.93994140625,0.876800000667572
7457.1298828125,0.8769999742507935
7457.2998046875,0.8772000074386597
7457.47998046875,0.8773000240325928
7457.66015625,0.8774999976158142
7457.83984375,0.8776999711990356
7458.02001953125,0.8779000043869019
7458.2001953125,0.878000020980835
7458.3798828125,0.8781999945640564
7458.5498046875,0.8784000277519226
7458.72998046875,0.878600001335144
7458.91015625,0.8787000179290771
7459.08984375,0.8788999915122986
7459.27001953125,0.8791000247001648
7459.4501953125,0.8792999982833862
7459.6298828125,0.8794000148773193
7459.81005859375,0.8795999884605408
7459.990234375,0.879800021648407
7460.169921875,0.8799999952316284
7460.35009765625,0.8801000118255615
7460.52978515625,0.880299985408783
7460.7099609375,0.8805000185966492
7460.8798828125,0.8806999921798706
7461.06005859375,0.8808000087738037
7461.240234375,0.8809999823570251
7461.419921875,0.8812000155448914
7461.60009765625,0.8813999891281128
7461.77978515625,0.8815000057220459
7461.9599609375,0.8816999793052673
7462.14013671875,0.8819000124931335
7462.31982421875,0.882099986076355
7462.490234375,0.8822000026702881
7462.669921875,0.8823999762535095
7462.85009765625,0.8826000094413757
7463.0400390625,0.8827999830245972
7463.2099609375,0.8828999996185303
7463.39013671875,0.8830999732017517
7463.56982421875,0.8833000063896179
7463.75,0.8834999799728394
7463.93017578125,0.8837000131607056
7464.10986328125,0.8838000297546387
7464.2900390625,0.8840000033378601
7464.47021484375,0.8841999769210815
7464.64990234375,0.8844000101089478
7464.830078125,0.8845000267028809
7465.009765625,0.8847000002861023
7465.18017578125,0.8848999738693237
7465.35986328125,0.8851000070571899
7465.5400390625,0.885200023651123
7465.72021484375,0.8853999972343445
7465.89990234375,0.8855999708175659
7466.080078125,0.8858000040054321
7466.259765625,0.8859000205993652
7466.43994140625,0.8860999941825867
7466.6201171875,0.8863000273704529
7466.7998046875,0.8865000009536743
7466.97998046875,0.8866000175476074
7467.16015625,0.8867999911308289
7467.33984375,0.8870000243186951
7467.52001953125,0.8871999979019165
7467.7001953125,0.8873000144958496
7467.8798828125,0.887499988079071
7468.06005859375,0.8877000212669373
7468.22998046875,0.8878999948501587
7468.41015625,0.8880000114440918
7468.58984375,0.8881999850273132
7468.77001953125,0.8884000182151794
7468.9501953125,0.8885999917984009
7469.1298828125,0.888700008392334
7469.31005859375,0.8888999819755554
7469.490234375,0.8891000151634216
7469.669921875,0.8892999887466431
7469.85009765625,0.8895000219345093
7470.02978515625,0.8895999789237976
7470.2099609375,0.8898000121116638
7470.39013671875,0.8899999856948853
7470.56982421875,0.8902000188827515
7470.75,0.8902999758720398
7470.93017578125,0.890500009059906
7471.10009765625,0.8906999826431274
7471.27978515625,0.8909000158309937
7471.4599609375,0.890999972820282
7471.64013671875,0.8912000060081482
7471.81982421875,0.8913999795913696
7472.0,0.8916000127792358
7472.18017578125,0.891700029373169
7472.35986328125,0.8919000029563904
7472.5400390625,0.8920999765396118
7472.72021484375,0.892300009727478
7472.89990234375,0.8924000263214111
7473.080078125,0.8925999999046326
7473.259765625,0.892799973487854
7473.43994140625,0.8930000066757202
7473.6201171875,0.8931000232696533
7473.7998046875,0.8932999968528748
7473.97998046875,0.8934999704360962
7474.14990234375,0.8937000036239624
7474.33984375,0.8938000202178955
7474.509765625,0.8939999938011169
7474.68994140625,0.8942000269889832
7474.8701171875,0.8944000005722046
7475.0498046875,0.8945000171661377
7475.22998046875,0.8946999907493591
7475.41015625,0.8949000239372253
7475.58984375,0.8950999975204468
7475.77001953125,0.8952999711036682
7475.9501953125,0.8953999876976013
7476.1298828125,0.8956000208854675
7476.31005859375,0.895799994468689
7476.490234375,0.8960000276565552
7476.669921875,0.8960999846458435
7476.85009765625,0.8963000178337097
7477.02978515625,0.8964999914169312
7477.2099609375,0.8967000246047974
7477.39013671875,0.8967999815940857
7477.56982421875,0.8970000147819519
7477.75,0.8971999883651733
7477.93017578125,0.8974000215530396
7478.10009765625,0.8974999785423279
7478.27978515625,0.8977000117301941
7478.4599609375,0.8978999853134155
7478.64013671875,0.8981000185012817
7478.81982421875,0.8981999754905701
7479.0,0.8984000086784363
7479.18017578125,0.8985999822616577
7479.35986328125,0.8988000154495239
7479.5400390625,0.8988999724388123
7479.72998046875,0.8991000056266785
7479.91015625,0.8992999792098999
7480.080078125,0.8995000123977661
7480.259765625,0.8996999859809875
7480.43994140625,0.8998000025749207
7480.6201171875,0.8999999761581421
7480.7998046875,0.9002000093460083
7480.97998046875,0.9003999829292297
7481.16015625,0.9004999995231628
7481.33984375,0.9006999731063843
7481.52001953125,0.9009000062942505
7481.7001953125,0.9010999798774719
7481.8798828125,0.901199996471405
7482.06005859375,0.9014000296592712
7482.240234375,0.9016000032424927
7482.419921875,0.9017999768257141
7482.60009765625,0.9018999934196472
7482.77978515625,0.9021000266075134
7482.9599609375,0.9023000001907349
7483.14013671875,0.9024999737739563
7483.31982421875,0.9027000069618225
7483.5,0.9028000235557556
7483.68017578125,0.902999997138977
7483.85009765625,0.9031999707221985
7484.02978515625,0.9034000039100647
7484.2099609375,0.9035000205039978
7484.39990234375,0.9036999940872192
7484.56982421875,0.9039000272750854
7484.75,0.9041000008583069
7484.93017578125,0.90420001745224
7485.10986328125,0.9043999910354614
7485.2900390625,0.9046000242233276
7485.47021484375,0.9047999978065491
7485.64990234375,0.9049000144004822
7485.830078125,0.9050999879837036
7486.009765625,0.9053000211715698
7486.2001953125,0.9054999947547913
7486.3701171875,0.9056000113487244
7486.5498046875,0.9057999849319458
7486.72998046875,0.906000018119812
7486.91015625,0.9061999917030334
7487.08984375,0.9063000082969666
7487.27001953125,0.906499981880188
7487.4501953125,0.9067000150680542
7487.6298828125,0.9068999886512756
7487.81005859375,0.9070000052452087
7487.990234375,0.9071999788284302
7488.169921875,0.9074000120162964
7488.35009765625,0.9075999855995178
7488.52978515625,0.907800018787384
7488.7099609375,0.9078999757766724
7488.89013671875,0.9081000089645386
7489.06982421875,0.90829998254776
7489.25,0.9085000157356262
7489.43017578125,0.9085999727249146
7489.60986328125,0.9088000059127808
7489.7900390625,0.9089999794960022
7489.97021484375,0.9092000126838684
7490.14990234375,0.9093000292778015
7490.330078125,0.909500002861023
7490.509765625,0.9096999764442444
7490.68994140625,0.9099000096321106
7490.8701171875,0.910099983215332
7491.0498046875,0.9101999998092651
7491.22998046875,0.9103999733924866
7491.39990234375,0.9106000065803528
7491.580078125,0.9107999801635742
7491.77001953125,0.9108999967575073
7491.9501953125,0.9110999703407288
7492.1298828125,0.911300003528595
7492.31005859375,0.9114999771118164
7492.490234375,0.9115999937057495
7492.669921875,0.9118000268936157
7492.85009765625,0.9120000004768372
7493.02978515625,0.9121999740600586
7493.2099609375,0.9122999906539917
7493.39013671875,0.9125000238418579
7493.56982421875,0.9126999974250793
7493.740234375,0.9128999710083008
7493.93017578125,0.9129999876022339
7494.10986328125,0.9132000207901001
7494.2900390625,0.9133999943733215
7494.4599609375,0.9136000275611877
7494.64990234375,0.9138000011444092
7494.81982421875,0.9139000177383423
7495.0,0.9140999913215637
7495.18994140625,0.9143000245094299
7495.3701171875,0.9144999980926514
7495.5498046875,0.9146000146865845
7495.72998046875,0.9147999882698059
7495.91015625,0.9150000214576721
7496.08984375,0.9151999950408936
7496.27001953125,0.9153000116348267
7496.4501953125,0.9154999852180481
7496.6298828125,0.9157000184059143
7496.81005859375,0.9158999919891357
7496.990234375,0.9160000085830688
7497.169921875,0.9161999821662903
7497.35009765625,0.9164000153541565
7497.52978515625,0.9165999889373779
7497.7099609375,0.9168000221252441
7497.8798828125,0.9168999791145325
7498.06982421875,0.9171000123023987
7498.25,0.9172999858856201
7498.43017578125,0.9175000190734863
7498.60986328125,0.9175999760627747
7498.7900390625,0.9178000092506409
7498.97021484375,0.9179999828338623
7499.14990234375,0.9182000160217285
7499.330078125,0.9182999730110168
7499.509765625,0.9185000061988831
7499.68994140625,0.9186999797821045
7499.8701171875,0.9189000129699707
7500.0498046875,0.9190000295639038
7500.22998046875,0.9190999865531921
7500.41015625,0.9192000031471252
7500.58984375,0.9192000031471252
7500.77001953125,0.9193000197410583
7500.9501953125,0.9193999767303467
7501.1298828125,0.9193999767303467
7501.31005859375,0.9194999933242798
7501.490234375,0.9196000099182129
7501.669921875,0.9196000099182129
7501.85009765625,0.919700026512146
7502.02978515625,0.9197999835014343
7502.2099609375,0.9197999835014343
7502.39013671875,0.9199000000953674
7502.56982421875,0.9200000166893005
7502.75,0.9200000166893005
7502.93017578125,0.9200999736785889
7503.10986328125,0.920199990272522
7503.2900390625,0.920199990272522
7503.47021484375,0.9203000068664551
7503.64990234375,0.9204000234603882
7503.830078125,0.9204999804496765
7504.009765625,0.9204999804496765
7504.18994140625,0.9205999970436096
7504.3701171875,0.9207000136375427
7504.5498046875,0.9207000136375427
7504.72998046875,0.920799970626831
7504.91015625,0.9208999872207642
7505.10009765625,0.9208999872207642
7505.27978515625,0.9210000038146973
7505.4501953125,0.9211000204086304
7505.6298828125,0.9211000204086304
7505.81982421875,0.9211999773979187
7506.0,0.9212999939918518
7506.18017578125,0.9212999939918518
7506.35986328125,0.9214000105857849
7506.5400390625,0.921500027179718
7506.7099609375,0.9215999841690063
7506.89990234375,0.9215999841690063
7507.080078125,0.9217000007629395
7507.259765625,0.9218000173568726
7507.43994140625,0.9218000173568726
7507.6201171875,0.9218999743461609
7507.7900390625,0.921999990940094
7507.97998046875,0.921999990940094
7508.16015625,0.9221000075340271
7508.33984375,0.9222000241279602
7508.52001953125,0.9222000241279602
7508.7001953125,0.9222999811172485
7508.8798828125,0.9223999977111816
7509.06005859375,0.9223999977111816
7509.25,0.9225000143051147
7509.419921875,0.9225999712944031
7509.60009765625,0.9225999712944031
7509.77978515625,0.9226999878883362
7509.9599609375,0.9228000044822693
7510.14013671875,0.9229000210762024
7510.31982421875,0.9229000210762024
7510.5,0.9229999780654907
7510.68017578125,0.9230999946594238
7510.85986328125,0.9230999946594238
7511.0400390625,0.9232000112533569
7511.22021484375,0.92330002784729
7511.41015625,0.92330002784729
7511.58984375,0.9233999848365784
7511.759765625,0.9235000014305115
7511.9501953125,0.9235000014305115
7512.1298828125,0.9236000180244446
7512.31005859375,0.9236999750137329
7512.490234375,0.9236999750137329
7512.669921875,0.923799991607666
7512.85009765625,0.9239000082015991
7513.02978515625,0.9240000247955322
7513.2099609375,0.9240000247955322
7513.39013671875,0.9240999817848206
7513.56982421875,0.9241999983787537
7513.75,0.9241999983787537
7513.93017578125,0.9243000149726868
7514.10986328125,0.9243999719619751
7514.2900390625,0.9243999719619751
7514.47021484375,0.9244999885559082
7514.64990234375,0.9246000051498413
7514.830078125,0.9246000051498413
7515.009765625,0.9247000217437744
7515.2001953125,0.9247999787330627
7515.3701171875,0.9247999787330627
7515.56005859375,0.9248999953269958
7515.740234375,0.925000011920929
7515.919921875,0.925000011920929
7516.10009765625,0.9251000285148621
7516.27978515625,0.9251999855041504
7516.4599609375,0.9253000020980835
7516.64013671875,0.9253000020980835
7516.81982421875,0.9254000186920166
7517.0,0.9254999756813049
7517.18017578125,0.9254999756813049
7517.35986328125,0.925599992275238
7517.5400390625,0.9257000088691711
7517.72021484375,0.9257000088691711
7517.89990234375,0.9258000254631042
7518.080078125,0.9258999824523926
7518.259765625,0.9258999824523926
7518.43994140625,0.9259999990463257
7518.6298828125,0.9261000156402588
7518.81005859375,0.9261000156402588
7518.990234375,0.9261999726295471
7519.169921875,0.9262999892234802
7519.35009765625,0.9264000058174133
7519.52978515625,0.9264000058174133
7519.7099609375,0.9265000224113464
7519.89013671875,0.9265999794006348
7520.06982421875,0.9265999794006348
7520.25,0.9266999959945679
7520.43017578125,0.926800012588501
7520.60986328125,0.926800012588501
7520.7900390625,0.9269000291824341
7520.97021484375,0.9269999861717224
7521.14990234375,0.9269999861717224
7521.330078125,0.9271000027656555
7521.52001953125,0.9272000193595886
7521.68994140625,0.9272000193595886
7521.8701171875,0.927299976348877
7522.06005859375,0.9273999929428101
7522.240234375,0.9273999929428101
7522.419921875,0.9275000095367432
7522.60009765625,0.9276000261306763
7522.77978515625,0.9276999831199646
7522.9599609375,0.9276999831199646
7523.14013671875,0.9277999997138977
7523.31982421875,0.9279000163078308
7523.5,0.9279000163078308
7523.68017578125,0.9279999732971191
7523.85986328125,0.9280999898910522
7524.0400390625,0.9280999898910522
7524.22021484375,0.9282000064849854
7524.39990234375,0.9283000230789185
7524.58984375,0.9283000230789185
7524.77001953125,0.9283999800682068
7524.9501953125,0.9284999966621399
7525.1298828125,0.9284999966621399
7525.31005859375,0.928600013256073
7525.490234375,0.9286999702453613
7525.669921875,0.9287999868392944
7525.85009765625,0.9287999868392944
7526.02978515625,0.9289000034332275
7526.2099609375,0.9290000200271606
7526.39013671875,0.9290000200271606
7526.580078125,0.929099977016449
7526.75,0.9291999936103821
7526.93017578125,0.9291999936103821
7527.10986328125,0.9293000102043152
7527.2900390625,0.9294000267982483
7527.47998046875,0.9294000267982483
7527.66015625,0.9294999837875366
7527.83984375,0.9296000003814697
7528.02001953125,0.9296000003814697
7528.2001953125,0.9297000169754028
7528.3798828125,0.9297999739646912
7528.56982421875,0.9298999905586243
7528.740234375,0.9298999905586243
7528.93017578125,0.9300000071525574
7529.10009765625,0.9301000237464905
7529.2900390625,0.9301000237464905
7529.4599609375,0.9301999807357788
7529.64990234375,0.9302999973297119
7529.830078125,0.9302999973297119
7530.009765625,0.930400013923645
7530.18994140625,0.9304999709129333
7530.3701171875,0.9304999709129333
7530.5498046875,0.9305999875068665
7530.72998046875,0.9307000041007996
7530.91015625,0.9307000041007996
7531.08984375,0.9308000206947327
7531.27001953125,0.930899977684021
7531.4599609375,0.9309999942779541
7531.64013671875,0.9309999942779541
7531.81982421875,0.9311000108718872
7532.0,0.9312000274658203
7532.18017578125,0.9312000274658203
7532.35986328125,0.9312999844551086
7532.5400390625,0.9314000010490417
7532.72021484375,0.9314000010490417
7532.89990234375,0.9315000176429749
7533.08984375,0.9315999746322632
7533.259765625,0.9315999746322632
7533.4501953125,0.9316999912261963
7533.6201171875,0.9318000078201294
7533.81005859375,0.9318000078201294
7533.990234375,0.9319000244140625
7534.169921875,0.9319999814033508
7534.35009765625,0.9320999979972839
7534.52978515625,0.9320999979972839
7534.7099609375,0.932200014591217
7534.89013671875,0.9322999715805054
7535.080078125,0.9322999715805054
7535.259765625,0.9323999881744385
7535.43994140625,0.9325000047683716
7535.6201171875,0.9325000047683716
7535.7998046875,0.9326000213623047
7535.97998046875,0.932699978351593
7536.16015625,0.932699978351593
7536.33984375,0.9327999949455261
7536.52001953125,0.9329000115394592
7536.7099609375,0.9329000115394592
7536.8798828125,0.9330000281333923
7537.06982421875,0.9330999851226807
7537.25,0.9332000017166138
7537.43017578125,0.9332000017166138
7537.60986328125,0.9333000183105469
7537.7900390625,0.9333999752998352
7537.97021484375,0.9333999752998352
7538.14990234375,0.9334999918937683
7538.330078125,0.9336000084877014
7538.509765625,0.9336000084877014
7538.7001953125,0.9337000250816345
7538.8798828125,0.9337999820709229
7539.06005859375,0.9337999820709229
7539.240234375,0.933899998664856
7539.419921875,0.9340000152587891
7539.60009765625,0.9340000152587891
7539.77978515625,0.9340999722480774
7539.9599609375,0.9341999888420105
7540.14013671875,0.9343000054359436
7540.31982421875,0.9343000054359436
7540.5,0.9344000220298767
7540.68994140625,0.934499979019165
7540.8701171875,0.934499979019165
7541.0498046875,0.9345999956130981
7541.22998046875,0.9347000122070312
7541.41015625,0.9347000122070312
7541.58984375,0.9348000288009644
7541.77978515625,0.9348999857902527
7541.9599609375,0.9348999857902527
7542.14013671875,0.9350000023841858
7542.31982421875,0.9351000189781189
7542.5,0.9351000189781189
7542.68017578125,0.9351999759674072
7542.85986328125,0.9352999925613403
7543.0400390625,0.9354000091552734
7543.22021484375,0.9354000091552734
7543.39990234375,0.9355000257492065
7543.580078125,0.9355999827384949
7543.759765625,0.9355999827384949
7543.9501953125,0.935699999332428
7544.1298828125,0.9358000159263611
7544.31005859375,0.9358000159263611
7544.490234375,0.9358999729156494
7544.669921875,0.9359999895095825
7544.85009765625,0.9359999895095825
7545.02978515625,0.9361000061035156
7545.22021484375,0.9362000226974487
7545.39990234375,0.9362999796867371
7545.580078125,0.9362999796867371
7545.759765625,0.9363999962806702
7545.93994140625,0.9365000128746033
7546.1201171875,0.9365000128746033
7546.2998046875,0.9366000294685364
7546.47998046875,0.9366999864578247
7546.66015625,0.9366999864578247
7546.83984375,0.9368000030517578
7547.02978515625,0.9369000196456909
7547.2099609375,0.9369000196456909
7547.39013671875,0.9369999766349792
7547.56982421875,0.9370999932289124
7547.75,0.9370999932289124
7547.93017578125,0.9372000098228455
7548.1201171875,0.9373000264167786
7548.2998046875,0.9373999834060669
7548.47998046875,0.9373999834060669
7548.66015625,0.9375
7548.83984375,0.9376000165939331
7549.02001953125,0.9376000165939331
7549.2001953125,0.9376999735832214
7549.3798828125,0.9377999901771545
7549.56005859375,0.9377999901771545
7549.75,0.9379000067710876
7549.919921875,0.9380000233650208
7550.10986328125,0.9380000233650208
7550.2900390625,0.9380999803543091
7550.47021484375,0.9380999803543091
7550.64990234375,0.9381999969482422
7550.83984375,0.9381999969482422
7551.02001953125,0.9383000135421753
7551.2001953125,0.9383000135421753
7551.3798828125,0.9383999705314636
7551.56005859375,0.9383999705314636
7551.740234375,0.9384999871253967
7551.93017578125,0.9384999871253967
7552.10986328125,0.9384999871253967
7552.2900390625,0.9386000037193298
7552.47021484375,0.9386000037193298
7552.64990234375,0.9387000203132629
7552.830078125,0.9387000203132629
7553.009765625,0.9387999773025513
7553.18994140625,0.9387999773025513
7553.3701171875,0.9388999938964844
7553.5498046875,0.9388999938964844
7553.72998046875,0.9390000104904175
7553.919921875,0.9390000104904175
7554.10009765625,0.9391000270843506
7554.27978515625,0.9391000270843506
7554.4599609375,0.9391999840736389
7554.64990234375,0.9391999840736389
7554.830078125,0.939300000667572
7555.009765625,0.939300000667572
7555.18994140625,0.939300000667572
7555.3701171875,0.9394000172615051
7555.5498046875,0.9394000172615051
7555.72998046875,0.9394999742507935
7555.919921875,0.9394999742507935
7556.10009765625,0.9395999908447266
7556.27978515625,0.9395999908447266
7556.4599609375,0.9397000074386597
7556.64013671875,0.9397000074386597
7556.81982421875,0.9398000240325928
7557.0,0.9398000240325928
7557.18017578125,0.9398999810218811
7557.3701171875,0.9398999810218811
7557.5498046875,0.9399999976158142
7557.72998046875,0.9399999976158142
7557.91015625,0.9401000142097473
7558.08984375,0.9401000142097473
7558.27978515625,0.9401999711990356
7558.4599609375,0.9401999711990356
7558.64013671875,0.9401999711990356
7558.81982421875,0.9402999877929688
7559.0,0.9402999877929688
7559.18017578125,0.9404000043869019
7559.35986328125,0.9404000043869019
7559.5498046875,0.940500020980835
7559.72021484375,0.940500020980835
7559.91015625,0.9405999779701233
7560.08984375,0.9405999779701233
7560.27001953125,0.9406999945640564
7560.4501953125,0.9406999945640564
7560.6298828125,0.9408000111579895
7560.81982421875,0.9408000111579895
7560.990234375,0.9409000277519226
7561.18017578125,0.9409000277519226
7561.35986328125,0.9409999847412109
7561.5400390625,0.9409999847412109
7561.72021484375,0.9409999847412109
7561.91015625,0.941100001335144
7562.08984375,0.941100001335144
7562.27001953125,0.9412000179290771
7562.4501953125,0.9412000179290771
7562.6298828125,0.9412999749183655
7562.81005859375,0.9412999749183655
7562.990234375,0.9413999915122986
7563.169921875,0.9413999915122986
7563.35986328125,0.9415000081062317
7563.5400390625,0.9415000081062317
7563.72021484375,0.9416000247001648
7563.89990234375,0.9416000247001648
7564.08984375,0.9416999816894531
7564.27001953125,0.9416999816894531
7564.4501953125,0.9417999982833862
7564.6298828125,0.9417999982833862
7564.81005859375,0.9419000148773193
7564.990234375,0.9419000148773193
7565.18017578125,0.9419000148773193
7565.35986328125,0.9419999718666077
7565.5400390625,0.9419999718666077
7565.72021484375,0.9420999884605408
7565.89990234375,0.9420999884605408
7566.080078125,0.9422000050544739
7566.259765625,0.9422000050544739
7566.4501953125,0.942300021648407
7566.6201171875,0.942300021648407
7566.81005859375,0.9423999786376953
7566.990234375,0.9423999786376953
7567.169921875,0.9424999952316284
7567.35986328125,0.9424999952316284
7567.5400390625,0.9426000118255615
7567.72021484375,0.9426000118255615
7567.89990234375,0.9427000284194946
7568.08984375,0.9427000284194946
7568.27001953125,0.9427000284194946
7568.4501953125,0.942799985408783
7568.6298828125,0.942799985408783
7568.81005859375,0.9429000020027161
7568.990234375,0.9429000020027161
7569.169921875,0.9430000185966492
7569.35009765625,0.9430000185966492
7569.52978515625,0.9430999755859375
7569.72021484375,0.9430999755859375
7569.89990234375,0.9431999921798706
7570.080078125,0.9431999921798706
7570.259765625,0.9433000087738037
7570.4501953125,0.9433000087738037
7570.6298828125,0.9434000253677368
7570.81005859375,0.9434000253677368
7570.990234375,0.9434999823570251
7571.169921875,0.9434999823570251
7571.35986328125,0.9435999989509583
7571.5400390625,0.9435999989509583
7571.72021484375,0.9435999989509583
7571.89990234375,0.9437000155448914
7572.080078125,0.9437000155448914
7572.259765625,0.9437999725341797
7572.4501953125,0.9437999725341797
7572.6298828125,0.9438999891281128
7572.81005859375,0.9438999891281128
7572.990234375,0.9440000057220459
7573.169921875,0.9440000057220459
7573.35009765625,0.944100022315979
7573.5400390625,0.944100022315979
7573.72021484375,0.9441999793052673
7573.89990234375,0.9441999793052673
7574.080078125,0.9442999958992004
7574.259765625,0.9442999958992004
7574.4501953125,0.9444000124931335
7574.6298828125,0.9444000124931335
7574.81005859375,0.9445000290870667
7575.0,0.9445000290870667
7575.18017578125,0.9445000290870667
7575.35986328125,0.944599986076355
7575.5400390625,0.944599986076355
7575.72021484375,0.9447000026702881
7575.89990234375,0.9447000026702881
7576.080078125,0.9448000192642212
7576.259765625,0.9448000192642212
7576.4501953125,0.9448999762535095
7576.6298828125,0.9448999762535095
7576.81005859375,0.9449999928474426
7576.990234375,0.9449999928474426
7577.169921875,0.9451000094413757
7577.35986328125,0.9451000094413757
7577.5400390625,0.9452000260353088
7577.72021484375,0.9452000260353088
7577.91015625,0.9452999830245972
7578.08984375,0.9452999830245972
7578.27001953125,0.9453999996185303
7578.4501953125,0.9453999996185303
7578.6298828125,0.9453999996185303
7578.81005859375,0.9455000162124634
7579.0,0.9455000162124634
7579.18017578125,0.9455999732017517
7579.35986328125,0.9455999732017517
7579.5400390625,0.9456999897956848
7579.72021484375,0.9456999897956848
7579.89990234375,0.9458000063896179
7580.08984375,0.9458000063896179
7580.27001953125,0.945900022983551
7580.4501953125,0.945900022983551
7580.64013671875,0.9459999799728394
7580.81982421875,0.9459999799728394
7581.0,0.9460999965667725
7581.18017578125,0.9460999965667725
7581.35986328125,0.9462000131607056
7581.5498046875,0.9462000131607056
7581.72998046875,0.9462000131607056
7581.91015625,0.9463000297546387
7582.08984375,0.9463000297546387
7582.27001953125,0.946399986743927
7582.4599609375,0.946399986743927
7582.64013671875,0.9465000033378601
7582.81982421875,0.9465000033378601
7583.0,0.9466000199317932
7583.18017578125,0.9466000199317932
7583.35986328125,0.9466999769210815
7583.5498046875,0.9466999769210815
7583.72998046875,0.9467999935150146
7583.91015625,0.9467999935150146
7584.10009765625,0.9469000101089478
7584.27978515625,0.9469000101089478
7584.4599609375,0.9470000267028809
7584.64013671875,0.9470000267028809
7584.81982421875,0.9470999836921692
7585.009765625,0.9470999836921692
7585.18994140625,0.9470999836921692
7585.3701171875,0.9472000002861023
7585.5498046875,0.9472000002861023
7585.72998046875,0.9473000168800354
7585.919921875,0.9473000168800354
7586.08984375,0.9473999738693237
7586.27978515625,0.9473999738693237
7586.4599609375,0.9474999904632568
7586.64013671875,0.9474999904632568
7586.830078125,0.9476000070571899
7587.009765625,0.9476000070571899
7587.18994140625,0.947700023651123
7587.3701171875,0.947700023651123
7587.56005859375,0.9477999806404114
7587.740234375,0.9477999806404114
7587.919921875,0.9478999972343445
7588.10986328125,0.9478999972343445
7588.2900390625,0.9480000138282776
7588.47021484375,0.9480000138282776
7588.64990234375,0.9480000138282776
7588.830078125,0.9480999708175659
7589.009765625,0.9480999708175659
7589.18994140625,0.948199987411499
7589.3798828125,0.948199987411499
7589.56005859375,0.9483000040054321
7589.740234375,0.9483000040054321
7589.919921875,0.9484000205993652
7590.10986328125,0.9484000205993652
7590.2900390625,0.9484999775886536
7590.47021484375,0.9484999775886536
7590.66015625,0.9485999941825867
7590.830078125,0.9485999941825867
7591.02001953125,0.9487000107765198
7591.2001953125,0.9487000107765198
7591.39013671875,0.9488000273704529
7591.56982421875,0.9488000273704529
7591.75,0.9488999843597412
7591.93017578125,0.9488999843597412
7592.10986328125,0.9490000009536743
7592.2998046875,0.9490000009536743
7592.47998046875,0.9490000009536743
7592.66015625,0.9491000175476074
7592.83984375,0.9491000175476074
7593.02001953125,0.9491999745368958
7593.2001953125,0.9491999745368958
7593.39013671875,0.9492999911308289
7593.56982421875,0.9492999911308289
7593.75,0.949400007724762
7593.93994140625,0.949400007724762
7594.1201171875,0.9495000243186951
7594.2998046875,0.9495000243186951
7594.490234375,0.9495999813079834
7594.669921875,0.9495999813079834
7594.85009765625,0.9496999979019165
7595.02978515625,0.9496999979019165
7595.2099609375,0.9498000144958496
7595.39990234375,0.9498000144958496
7595.580078125,0.9498000144958496
7595.759765625,0.9498999714851379
7595.93994140625,0.9498999714851379
7596.1201171875,0.949999988079071
7596.2998046875,0.949999988079071
7596.490234375,0.9501000046730042
7596.669921875,0.9501000046730042
7596.85009765625,0.9502000212669373
7597.0400390625,0.9502000212669373
7597.22021484375,0.9502999782562256
7597.39990234375,0.9502999782562256
7597.580078125,0.9503999948501587
7597.77001953125,0.9503999948501587
7597.9501953125,0.9505000114440918
7598.14013671875,0.9505000114440918
7598.31005859375,0.9506000280380249
7598.5,0.9506000280380249
7598.68017578125,0.9506999850273132
7598.85986328125,0.9506999850273132
7599.0400390625,0.9508000016212463
7599.22021484375,0.9508000016212463
7599.41015625,0.9508000016212463
7599.58984375,0.9509000182151794
7599.77001953125,0.9509000182151794
7599.9501953125,0.9509999752044678
7600.14013671875,0.9510999917984009
7600.31982421875,0.9510999917984009
7600.5,0.951200008392334
7600.68017578125,0.951200008392334
7600.8701171875,0.9513000249862671
7601.0498046875,0.9513999819755554
7601.240234375,0.9513999819755554
7601.419921875,0.9514999985694885
7601.60009765625,0.9516000151634216
7601.77978515625,0.9516000151634216
7601.97021484375,0.95169997215271
7602.14990234375,0.9517999887466431
7602.330078125,0.9517999887466431
7602.509765625,0.9519000053405762
7602.68994140625,0.9520000219345093
7602.8798828125,0.9520000219345093
7603.06005859375,0.9520999789237976
7603.240234375,0.9521999955177307
7603.43017578125,0.9521999955177307
7603.60986328125,0.9523000121116638
7603.7900390625,0.9524000287055969
7603.97021484375,0.9524000287055969
7604.16015625,0.9524999856948853
7604.33984375,0.9526000022888184
7604.52001953125,0.9526000022888184
7604.7001953125,0.9527000188827515
7604.89013671875,0.9527999758720398
7605.06982421875,0.9527999758720398
7605.25,0.9528999924659729
7605.43017578125,0.953000009059906
7605.6201171875,0.953000009059906
7605.7998046875,0.9531000256538391
7605.97998046875,0.9531999826431274
7606.169921875,0.9531999826431274
7606.33984375,0.9532999992370605
7606.52978515625,0.9534000158309937
7606.7099609375,0.9534000158309937
7606.89990234375,0.953499972820282
7607.080078125,0.953499972820282
7607.259765625,0.9535999894142151
7607.4501953125,0.9537000060081482
7607.6298828125,0.9537000060081482
7607.81005859375,0.9538000226020813
7607.990234375,0.9538999795913696
7608.18017578125,0.9538999795913696
7608.35986328125,0.9539999961853027
7608.5400390625,0.9541000127792358
7608.72021484375,0.9541000127792358
7608.89990234375,0.954200029373169
7609.080078125,0.9542999863624573
7609.27001953125,0.9542999863624573
7609.4501953125,0.9544000029563904
7609.64013671875,0.9545000195503235
7609.81982421875,0.9545000195503235
7610.0,0.9545999765396118
7610.18994140625,0.9546999931335449
7610.3701171875,0.9546999931335449
7610.5498046875,0.954800009727478
7610.72998046875,0.9549000263214111
7610.919921875,0.9549000263214111
7611.10009765625,0.9549999833106995
7611.2900390625,0.9550999999046326
7611.47021484375,0.9550999999046326
7611.64990234375,0.9552000164985657
7611.830078125,0.955299973487854
7612.009765625,0.955299973487854
7612.2001953125,0.9553999900817871
7612.3798828125,0.9555000066757202
7612.56005859375,0.9555000066757202
7612.740234375,0.9556000232696533
7612.919921875,0.9556999802589417
7613.10986328125,0.9556999802589417
7613.2900390625,0.9557999968528748
7613.47998046875,0.9559000134468079
7613.66015625,0.9559000134468079
7613.83984375,0.9559999704360962
7614.02001953125,0.9559999704360962
7614.2099609375,0.9560999870300293
7614.39013671875,0.9562000036239624
7614.580078125,0.9562000036239624
7614.759765625,0.9563000202178955
7614.93994140625,0.9563999772071838
7615.1201171875,0.9563999772071838
7615.31005859375,0.9564999938011169
7615.490234375,0.95660001039505
7615.669921875,0.95660001039505
7615.85009765625,0.9567000269889832
7616.02978515625,0.9567999839782715
7616.22021484375,0.9567999839782715
7616.39990234375,0.9569000005722046
7616.580078125,0.9570000171661377
7616.77001953125,0.9570000171661377
7616.9501953125,0.957099974155426
7617.1298828125,0.9571999907493591
7617.31982421875,0.9571999907493591
7617.5,0.9573000073432922
7617.68994140625,0.9574000239372253
7617.8701171875,0.9574000239372253
7618.0498046875,0.9574999809265137
7618.22998046875,0.9575999975204468
7618.41015625,0.9575999975204468
7618.60009765625,0.9577000141143799
7618.77978515625,0.9577999711036682
7618.9599609375,0.9577999711036682
7619.14990234375,0.9578999876976013
7619.330078125,0.9580000042915344
7619.509765625,0.9580000042915344
7619.68994140625,0.9581000208854675
7619.8798828125,0.9581999778747559
7620.06005859375,0.9581999778747559
7620.25,0.958299994468689
7620.43017578125,0.9584000110626221
7620.60986328125,0.9584000110626221
7620.7900390625,0.9585000276565552
7620.97998046875,0.9585999846458435
7621.16015625,0.9585999846458435
7621.35009765625,0.9587000012397766
7621.52978515625,0.9587000012397766
7621.7099609375,0.9588000178337097
7621.89013671875,0.958899974822998
7622.06982421875,0.958899974822998
7622.259765625,0.9589999914169312
7622.43994140625,0.9591000080108643
7622.6201171875,0.9591000080108643
7622.81005859375,0.9592000246047974
7622.990234375,0.9592999815940857
7623.169921875,0.9592999815940857
7623.35009765625,0.9593999981880188
7623.5400390625,0.9595000147819519
7623.72021484375,0.9595000147819519
7623.91015625,0.9595999717712402
7624.08984375,0.9596999883651733
7624.27978515625,0.9596999883651733
7624.4599609375,0.9598000049591064
7624.64013671875,0.9599000215530396
7624.81982421875,0.9599000215530396
7625.0,0.9599999785423279
7625.18994140625,0.960099995136261
7625.3701171875,0.960099995136261
7625.5498046875,0.9602000117301941
7625.740234375,0.9603000283241272
7625.919921875,0.9603000283241272
7626.10009765625,0.9603999853134155
7626.27978515625,0.9605000019073486
7626.47021484375,0.9605000019073486
7626.64990234375,0.9606000185012817
7626.83984375,0.9606999754905701
7627.02001953125,0.9606999754905701
7627.2001953125,0.9607999920845032
7627.39013671875,0.9609000086784363
7627.56982421875,0.9609000086784363
7627.75,0.9610000252723694
7627.93994140625,0.9610999822616577
7628.1201171875,0.9610999822616577
7628.2998046875,0.9611999988555908
7628.490234375,0.9613000154495239
7628.669921875,0.9613000154495239
7628.85009765625,0.9613999724388123
7629.02978515625,0.9614999890327454
7629.22021484375,0.9614999890327454
7629.39990234375,0.9616000056266785
7629.580078125,0.9616000056266785
7629.759765625,0.9617000222206116
7629.9501953125,0.9617999792098999
7630.1298828125,0.9617999792098999
7630.31982421875,0.961899995803833
7630.5,0.9620000123977661
7630.68994140625,0.9620000123977661
7630.8701171875,0.9621000289916992
7631.0498046875,0.9621999859809875
7631.22998046875,0.9621999859809875
7631.419921875,0.9623000025749207
7631.60009765625,0.9624000191688538
7631.77978515625,0.9624000191688538
7631.97021484375,0.9624999761581421
7632.14990234375,0.9625999927520752
7632.330078125,0.9625999927520752
7632.52001953125,0.9627000093460083
7632.7001953125,0.9628000259399414
7632.8798828125,0.9628000259399414
7633.06982421875,0.9628999829292297
7633.25,0.9629999995231628
7633.43017578125,0.9629999995231628
7633.60986328125,0.963100016117096
7633.7998046875,0.9631999731063843
7633.97998046875,0.9631999731063843
7634.169921875,0.9632999897003174
7634.35009765625,0.9634000062942505
7634.52978515625,0.9634000062942505
7634.72021484375,0.9635000228881836
7634.89990234375,0.9635999798774719
7635.080078125,0.9635999798774719
7635.27001953125,0.963699996471405
7635.4501953125,0.9638000130653381
7635.6298828125,0.9638000130653381
7635.81982421875,0.9639000296592712
7636.0,0.9639999866485596
7636.18017578125,0.9639999866485596
7636.35986328125,0.9641000032424927
7636.5498046875,0.9642000198364258
7636.72998046875,0.9642000198364258
7636.91015625,0.9642999768257141
7637.10009765625,0.9643999934196472
7637.2900390625,0.9643999934196472
7637.47021484375,0.9645000100135803
7637.64990234375,0.9646000266075134
7637.83984375,0.9646000266075134
7638.02001953125,0.9646999835968018
7638.2001953125,0.9648000001907349
7638.39013671875,0.9648000001907349
7638.56982421875,0.964900016784668
7638.75,0.9649999737739563
7638.93017578125,0.9649999737739563
7639.1201171875,0.9650999903678894
7639.2998046875,0.9650999903678894
7639.47998046875,0.9652000069618225
7639.669921875,0.9653000235557556
7639.85009765625,0.9653000235557556
7640.0400390625,0.965399980545044
7640.22021484375,0.965499997138977
7640.39990234375,0.965499997138977
7640.58984375,0.9656000137329102
7640.77001953125,0.9656999707221985
7640.9501953125,0.9656999707221985
7641.14013671875,0.9657999873161316
7641.31982421875,0.9659000039100647
7641.5,0.9659000039100647
7641.68994140625,0.9660000205039978
7641.8701171875,0.9660999774932861
7642.06005859375,0.9660999774932861
7642.240234375,0.9661999940872192
7642.419921875,0.9663000106811523
7642.60009765625,0.9663000106811523
7642.7900390625,0.9664000272750854
7642.97021484375,0.9664999842643738
7643.14990234375,0.9664999842643738
7643.33984375,0.9666000008583069
7643.52001953125,0.96670001745224
7643.7099609375,0.96670001745224
7643.89013671875,0.9667999744415283
7644.080078125,0.9668999910354614
7644.259765625,0.9668999910354614
7644.43994140625,0.9670000076293945
7644.6201171875,0.9671000242233276
7644.81005859375,0.9671000242233276
7644.990234375,0.967199981212616
7645.169921875,0.9672999978065491
7645.35986328125,0.9672999978065491
7645.5400390625,0.9674000144004822
7645.72021484375,0.9674999713897705
7645.91015625,0.9674999713897705
7646.08984375,0.9675999879837036
7646.27001953125,0.9677000045776367
7646.4599609375,0.9677000045776367
7646.64013671875,0.9678000211715698
7646.830078125,0.9678999781608582
7647.009765625,0.9678999781608582
7647.2001953125,0.9679999947547913
7647.3798828125,0.9681000113487244
7647.56982421875,0.9681000113487244
7647.75,0.9682000279426575
7647.93017578125,0.9682999849319458
7648.1201171875,0.9682999849319458
7648.2998046875,0.9684000015258789
7648.47998046875,0.968500018119812
7648.66015625,0.968500018119812
7648.85009765625,0.9685999751091003
7649.02978515625,0.9685999751091003
7649.2099609375,0.9686999917030334
7649.39990234375,0.9688000082969666
7649.580078125,0.9688000082969666
7649.77001953125,0.9689000248908997
7649.9501953125,0.968999981880188
7650.1298828125,0.968999981880188
7650.31982421875,0.9690999984741211
7650.509765625,0.9690999984741211
7650.68994140625,0.9692000150680542
7650.8701171875,0.9692000150680542
7651.06005859375,0.9692000150680542
7651.240234375,0.9692999720573425
7651.419921875,0.9692999720573425
7651.60986328125,0.9693999886512756
7651.7900390625,0.9693999886512756
7651.97021484375,0.9693999886512756
7652.14990234375,0.9695000052452087
7652.33984375,0.9695000052452087
7652.52001953125,0.9696000218391418
7652.7099609375,0.9696000218391418
7652.89013671875,0.9696000218391418
7653.06982421875,0.9696999788284302
7653.259765625,0.9696999788284302
7653.43994140625,0.9697999954223633
7653.6298828125,0.9697999954223633
7653.81005859375,0.9697999954223633
7654.0,0.9699000120162964
7654.18017578125,0.9699000120162964
7654.35986328125,0.9700000286102295
7654.5498046875,0.9700000286102295
7654.72998046875,0.9700000286102295
7654.91015625,0.9700999855995178
7655.10009765625,0.9700999855995178
7655.27978515625,0.9702000021934509
7655.4599609375,0.9702000021934509
7655.64990234375,0.9702000021934509
7655.830078125,0.970300018787384
7656.009765625,0.970300018787384
7656.2001953125,0.9703999757766724
7656.3798828125,0.9703999757766724
7656.56982421875,0.9703999757766724
7656.75,0.9704999923706055
7656.93017578125,0.9704999923706055
7657.1201171875,0.9706000089645386
7657.2998046875,0.9706000089645386
7657.490234375,0.9706000089645386
7657.669921875,0.9707000255584717
7657.85009765625,0.9707000255584717
7658.0400390625,0.97079998254776
7658.22021484375,0.97079998254776
7658.41015625,0.97079998254776
7658.58984375,0.9708999991416931
7658.77978515625,0.9708999991416931
7658.9599609375,0.9710000157356262
7659.14013671875,0.9710000157356262
7659.31982421875,0.9710999727249146
7659.509765625,0.9710999727249146
7659.7001953125,0.9710999727249146
7659.8798828125,0.9711999893188477
7660.06005859375,0.9711999893188477
7660.25,0.9713000059127808
7660.43017578125,0.9713000059127808
7660.60986328125,0.9713000059127808
7660.7998046875,0.9714000225067139
7660.97998046875,0.9714000225067139
7661.169921875,0.9714999794960022
7661.35009765625,0.9714999794960022
7661.52978515625,0.9714999794960022
7661.72021484375,0.9715999960899353
7661.89990234375,0.9715999960899353
7662.080078125,0.9717000126838684
7662.27001953125,0.9717000126838684
7662.4501953125,0.9717000126838684
7662.64013671875,0.9718000292778015
7662.81982421875,0.9718000292778015
7663.009765625,0.9718999862670898
7663.18994140625,0.9718999862670898
7663.3701171875,0.9718999862670898
7663.56005859375,0.972000002861023
7663.740234375,0.972000002861023
7663.93017578125,0.972100019454956
7664.10986328125,0.972100019454956
7664.2998046875,0.972100019454956
7664.47998046875,0.9721999764442444
7664.66015625,0.9721999764442444
7664.83984375,0.9722999930381775
7665.02978515625,0.9722999930381775
7665.2099609375,0.9722999930381775
7665.39990234375,0.9724000096321106
7665.580078125,0.9724000096321106
7665.759765625,0.9725000262260437
7665.9501953125,0.9725000262260437
7666.1298828125,0.9725000262260437
7666.31982421875,0.972599983215332
7666.5,0.972599983215332
7666.68994140625,0.9726999998092651
7666.8701171875,0.9726999998092651
7667.0498046875,0.9728000164031982
7667.240234375,0.9728000164031982
7667.419921875,0.9728000164031982
7667.60986328125,0.9728999733924866
7667.7900390625,0.9728999733924866
7667.97998046875,0.9729999899864197
7668.16015625,0.9729999899864197
7668.35009765625,0.9729999899864197
7668.52978515625,0.9731000065803528
7668.7099609375,0.9731000065803528
7668.89013671875,0.9732000231742859
7669.080078125,0.9732000231742859
7669.259765625,0.9732000231742859
7669.4501953125,0.9732999801635742
7669.6298828125,0.9732999801635742
7669.81982421875,0.9733999967575073
7670.0,0.9733999967575073
7670.18994140625,0.9733999967575073
7670.3701171875,0.9735000133514404
7670.56005859375,0.9735000133514404
7670.740234375,0.9735999703407288
7670.93017578125,0.9735999703407288
7671.10986328125,0.9735999703407288
7671.2900390625,0.9736999869346619
7671.47998046875,0.9736999869346619
7671.66015625,0.973800003528595
7671.85009765625,0.973800003528595
7672.02978515625,0.973800003528595
7672.2099609375,0.9739000201225281
7672.39990234375,0.9739000201225281
7672.580078125,0.9739999771118164
7672.759765625,0.9739999771118164
7672.9501953125,0.9739999771118164
7673.1298828125,0.9740999937057495
7673.31982421875,0.9740999937057495
7673.5,0.9742000102996826
7673.68994140625,0.9742000102996826
7673.8701171875,0.9743000268936157
7674.06005859375,0.9743000268936157
7674.240234375,0.9743000268936157
7674.43017578125,0.974399983882904
7674.60986328125,0.974399983882904
7674.7900390625,0.9745000004768372
7674.97998046875,0.9745000004768372
7675.16015625,0.9745000004768372
7675.35009765625,0.9746000170707703
7675.52978515625,0.9746000170707703
7675.7099609375,0.9746999740600586
7675.89990234375,0.9746999740600586
7676.080078125,0.9746999740600586
7676.27001953125,0.9747999906539917
7676.4501953125,0.9747999906539917
7676.64013671875,0.9749000072479248
7676.81982421875,0.9749000072479248
7677.0,0.9749000072479248
7677.18994140625,0.9750000238418579
7677.3798828125,0.9750000238418579
7677.56005859375,0.9750999808311462
7677.740234375,0.9750999808311462
7677.93017578125,0.9750999808311462
7678.10986328125,0.9751999974250793
7678.2998046875,0.9751999974250793
7678.47998046875,0.9753000140190125
7678.66015625,0.9753000140190125
7678.85009765625,0.9753000140190125
7679.02978515625,0.9753999710083008
7679.22021484375,0.9753999710083008
7679.39990234375,0.9754999876022339
7679.58984375,0.9754999876022339
7679.77001953125,0.975600004196167
7679.9599609375,0.975600004196167
7680.14013671875,0.975600004196167
7680.31982421875,0.9757000207901001
7680.509765625,0.9757000207901001
7680.7001953125,0.9757999777793884
7680.8798828125,0.9757999777793884
7681.06005859375,0.9757999777793884
7681.25,0.9758999943733215
7681.43017578125,0.9758999943733215
7681.60986328125,0.9760000109672546
7681.7998046875,0.9760000109672546
7681.990234375,0.9760000109672546
7682.169921875,0.9761000275611877
7682.35009765625,0.9761000275611877
7682.5400390625,0.9761999845504761
7682.72021484375,0.9761999845504761
7682.91015625,0.9761999845504761
7683.08984375,0.9763000011444092
7683.27978515625,0.9763000011444092
7683.4599609375,0.9764000177383423
7683.64990234375,0.9764000177383423
7683.830078125,0.9764000177383423
7684.02001953125,0.9764999747276306
7684.2001953125,0.9764999747276306
7684.39013671875,0.9765999913215637
7684.56982421875,0.9765999913215637
7684.75,0.9765999913215637
7684.93994140625,0.9767000079154968
7685.1201171875,0.9767000079154968
7685.31005859375,0.9768000245094299
7685.490234375,0.9768000245094299
7685.669921875,0.9768000245094299
7685.85986328125,0.9768999814987183
7686.0400390625,0.9768999814987183
7686.22998046875,0.9769999980926514
7686.419921875,0.9769999980926514
7686.60009765625,0.9771000146865845
7686.77978515625,0.9771000146865845
7686.97021484375,0.9771000146865845
7687.14990234375,0.9771999716758728
7687.33984375,0.9771999716758728
7687.52001953125,0.9772999882698059
7687.7099609375,0.9772999882698059
7687.89013671875,0.9772999882698059
7688.080078125,0.977400004863739
7688.259765625,0.977400004863739
7688.43994140625,0.9775000214576721
7688.6298828125,0.9775000214576721
7688.81005859375,0.9775000214576721
7689.0,0.9775999784469604
7689.18017578125,0.9775999784469604
7689.3701171875,0.9776999950408936
7689.5498046875,0.9776999950408936
7689.740234375,0.9776999950408936
7689.919921875,0.9778000116348267
7690.10986328125,0.9778000116348267
7690.2900390625,0.9779000282287598
7690.47998046875,0.9779000282287598
7690.66015625,0.9779000282287598
7690.85009765625,0.9779999852180481
7691.02978515625,0.9779999852180481
7691.22021484375,0.9781000018119812
7691.39990234375,0.9781000018119812
7691.58984375,0.9781000018119812
7691.77001953125,0.9782000184059143
7691.9501953125,0.9782000184059143
7692.14013671875,0.9782999753952026
7692.31982421875,0.9782999753952026
7692.509765625,0.9783999919891357
7692.68994140625,0.9783999919891357
7692.8798828125,0.9783999919891357
7693.06005859375,0.9785000085830688
7693.25,0.9785000085830688
7693.43017578125,0.978600025177002
7693.6201171875,0.978600025177002
7693.7998046875,0.978600025177002
7693.990234375,0.9786999821662903
7694.169921875,0.9786999821662903
7694.35986328125,0.9787999987602234
7694.5400390625,0.9787999987602234
7694.72021484375,0.9787999987602234
7694.91015625,0.9789000153541565
7695.10009765625,0.9789000153541565
7695.27978515625,0.9789999723434448
7695.4599609375,0.9789999723434448
7695.64990234375,0.9789999723434448
7695.830078125,0.9790999889373779
7696.02001953125,0.9790999889373779
7696.2001953125,0.979200005531311
7696.39013671875,0.979200005531311
7696.56982421875,0.979200005531311
7696.759765625,0.9793000221252441
7696.93994140625,0.9793000221252441
7697.1298828125,0.9793999791145325
7697.31005859375,0.9793999791145325
7697.5,0.9793999791145325
7697.68994140625,0.9794999957084656
7697.8701171875,0.9794999957084656
7698.0498046875,0.9796000123023987
7698.240234375,0.9796000123023987
7698.419921875,0.9797000288963318
7698.60986328125,0.9797000288963318
7698.7900390625,0.9797000288963318
7698.97021484375,0.9797999858856201
7699.16015625,0.9797999858856201
7699.35009765625,0.9799000024795532
7699.52978515625,0.9799000024795532
7699.72021484375,0.9799000024795532
7699.89990234375,0.9800000190734863
7700.08984375,0.9800000190734863
7700.27001953125,0.9800000190734863
7700.4599609375,0.9800000190734863
7700.64013671875,0.9800999760627747
7700.830078125,0.9800999760627747
7701.009765625,0.9800999760627747
7701.2001953125,0.9800999760627747
7701.3798828125,0.9800999760627747
7701.56982421875,0.9800999760627747
7701.75,0.9800999760627747
7701.93017578125,0.9801999926567078
7702.1201171875,0.9801999926567078
7702.31005859375,0.9801999926567078
7702.490234375,0.9801999926567078
7702.669921875,0.9801999926567078
7702.85986328125,0.9801999926567078
7703.0498046875,0.9801999926567078
7703.22998046875,0.9803000092506409
7703.419921875,0.9803000092506409
7703.60009765625,0.9803000092506409
7703.7900390625,0.9803000092506409
7703.97021484375,0.9803000092506409
7704.16015625,0.9803000092506409
7704.33984375,0.9803000092506409
7704.52978515625,0.980400025844574
7704.7099609375,0.980400025844574
7704.89990234375,0.980400025844574
7705.080078125,0.980400025844574
7705.27001953125,0.980400025844574
7705.4501953125,0.980400025844574
7705.6298828125,0.9804999828338623
7705.81982421875,0.9804999828338623
7706.0,0.9804999828338623
7706.18994140625,0.9804999828338623
7706.3701171875,0.9804999828338623
7706.56005859375,0.9804999828338623
7706.75,0.9804999828338623
7706.93017578125,0.9805999994277954
7707.1201171875,0.9805999994277954
7707.31005859375,0.9805999994277954
7707.490234375,0.9805999994277954
7707.669921875,0.9805999994277954
7707.85986328125,0.9805999994277954
7708.0400390625,0.9805999994277954
7708.22998046875,0.9807000160217285
7708.41015625,0.9807000160217285
7708.60009765625,0.9807000160217285
7708.77978515625,0.9807000160217285
7708.97021484375,0.9807000160217285
7709.14990234375,0.9807000160217285
7709.33984375,0.9807000160217285
7709.52001953125,0.9807999730110168
7709.7099609375,0.9807999730110168
7709.89990234375,0.9807999730110168
7710.080078125,0.9807999730110168
7710.259765625,0.9807999730110168
7710.4501953125,0.9807999730110168
7710.64013671875,0.98089998960495
7710.81982421875,0.98089998960495
7711.009765625,0.98089998960495
7711.18994140625,0.98089998960495
7711.3798828125,0.98089998960495
7711.56005859375,0.98089998960495
7711.75,0.98089998960495
7711.93017578125,0.9810000061988831
7712.1201171875,0.9810000061988831
7712.2998046875,0.9810000061988831
7712.490234375,0.9810000061988831
7712.669921875,0.9810000061988831
7712.85009765625,0.9810000061988831
7713.0400390625,0.9810000061988831
7713.22998046875,0.9811000227928162
7713.41015625,0.9811000227928162
7713.60009765625,0.9811000227928162
7713.77978515625,0.9811000227928162
7713.97021484375,0.9811000227928162
7714.14990234375,0.9811000227928162
7714.33984375,0.9811000227928162
7714.52978515625,0.9811999797821045
7714.7099609375,0.9811999797821045
7714.89990234375,0.9811999797821045
7715.080078125,0.9811999797821045
7715.259765625,0.9811999797821045
7715.4501953125,0.9811999797821045
7715.6298828125,0.9812999963760376
7715.81982421875,0.9812999963760376
7716.009765625,0.9812999963760376
7716.18994140625,0.9812999963760376
7716.3798828125,0.9812999963760376
7716.56005859375,0.9812999963760376
7716.75,0.9812999963760376
7716.93017578125,0.9814000129699707
7717.1201171875,0.9814000129699707
7717.31005859375,0.9814000129699707
7717.490234375,0.9814000129699707
7717.669921875,0.9814000129699707
7717.85986328125,0.9814000129699707
7718.0498046875,0.9814000129699707
7718.22998046875,0.9815000295639038
7718.419921875,0.9815000295639038
7718.60009765625,0.9815000295639038
7718.7900390625,0.9815000295639038
7718.97021484375,0.9815000295639038
7719.16015625,0.9815000295639038
7719.33984375,0.9815000295639038
7719.52978515625,0.9815999865531921
7719.7099609375,0.9815999865531921
7719.89990234375,0.9815999865531921
7720.08984375,0.9815999865531921
7720.27001953125,0.9815999865531921
7720.4599609375,0.9815999865531921
7720.64990234375,0.9817000031471252
7720.830078125,0.9817000031471252
7721.009765625,0.9817000031471252
7721.2001953125,0.9817000031471252
7721.3798828125,0.9817000031471252
7721.56982421875,0.9817000031471252
7721.75,0.9817000031471252
7721.93994140625,0.9818000197410583
7722.1201171875,0.9818000197410583
7722.31005859375,0.9818000197410583
7722.490234375,0.9818000197410583
7722.68017578125,0.9818000197410583
7722.8701171875,0.9818000197410583
7723.0498046875,0.9818000197410583
7723.240234375,0.9818999767303467
7723.419921875,0.9818999767303467
7723.60986328125,0.9818999767303467
7723.7900390625,0.9818999767303467
7723.97998046875,0.9818999767303467
7724.169921875,0.9818999767303467
7724.35009765625,0.9818999767303467
7724.5400390625,0.9819999933242798
7724.72021484375,0.9819999933242798
7724.91015625,0.9819999933242798
7725.08984375,0.9819999933242798
7725.27978515625,0.9819999933242798
7725.4599609375,0.9819999933242798
7725.64990234375,0.9821000099182129
7725.830078125,0.9821000099182129
7726.02001953125,0.9821000099182129
7726.2001953125,0.9821000099182129
7726.39013671875,0.9821000099182129
7726.580078125,0.9821000099182129
7726.759765625,0.9821000099182129
7726.9501953125,0.982200026512146
7727.1298828125,0.982200026512146
7727.31982421875,0.982200026512146
7727.509765625,0.982200026512146
7727.68994140625,0.982200026512146
7727.8798828125,0.982200026512146
7728.06982421875,0.982200026512146
7728.25,0.9822999835014343
7728.43994140625,0.9822999835014343
7728.6201171875,0.9822999835014343
7728.7998046875,0.9822999835014343
7728.990234375,0.9822999835014343
7729.169921875,0.9822999835014343
7729.35986328125,0.9822999835014343
7729.5400390625,0.9824000000953674
7729.72998046875,0.9824000000953674
7729.919921875,0.9824000000953674
7730.10009765625,0.9824000000953674
7730.2900390625,0.9824000000953674
7730.47998046875,0.9824000000953674
7730.66015625,0.9825000166893005
7730.85009765625,0.9825000166893005
7731.02978515625,0.9825000166893005
7731.22021484375,0.9825000166893005
7731.41015625,0.9825000166893005
7731.58984375,0.9825000166893005
7731.77001953125,0.9825000166893005
7731.9599609375,0.9825999736785889
7732.14990234375,0.9825999736785889
7732.330078125,0.9825999736785889
7732.52001953125,0.9825999736785889
7732.7001953125,0.9825999736785889
7732.89013671875,0.9825999736785889
7733.06982421875,0.9825999736785889
7733.259765625,0.982699990272522
7733.43994140625,0.982699990272522
7733.6298828125,0.982699990272522
7733.81982421875,0.982699990272522
7734.0,0.982699990272522
7734.18994140625,0.982699990272522
7734.3798828125,0.9828000068664551
7734.56005859375,0.9828000068664551
7734.75,0.9828000068664551
7734.93017578125,0.9828000068664551
7735.1201171875,0.9828000068664551
7735.2998046875,0.9828000068664551
7735.490234375,0.9828000068664551
7735.669921875,0.9829000234603882
7735.85986328125,0.9829000234603882
7736.0498046875,0.9829000234603882
7736.22998046875,0.9829000234603882
7736.419921875,0.9829000234603882
7736.60986328125,0.9829000234603882
7736.7900390625,0.9829000234603882
7736.97998046875,0.9829999804496765
7737.16015625,0.9829999804496765
7737.35009765625,0.9829999804496765
7737.52978515625,0.9829999804496765
7737.72021484375,0.9829999804496765
7737.91015625,0.9829999804496765
7738.08984375,0.9829999804496765
7738.27978515625,0.9830999970436096
7738.4599609375,0.9830999970436096
7738.64990234375,0.9830999970436096
7738.830078125,0.9830999970436096
7739.02001953125,0.9830999970436096
7739.2001953125,0.9830999970436096
7739.39013671875,0.9832000136375427
7739.580078125,0.9832000136375427
7739.759765625,0.9832000136375427
7739.9501953125,0.9832000136375427
7740.14013671875,0.9832000136375427
7740.31982421875,0.9832000136375427
7740.509765625,0.9832000136375427
7740.68994140625,0.983299970626831
7740.8798828125,0.983299970626831
7741.06982421875,0.983299970626831
7741.25,0.983299970626831
7741.43994140625,0.983299970626831
7741.6201171875,0.983299970626831
7741.81005859375,0.983299970626831
7741.990234375,0.9833999872207642
7742.18017578125,0.9833999872207642
7742.35986328125,0.9833999872207642
7742.5498046875,0.9833999872207642
7742.72998046875,0.9833999872207642
7742.919921875,0.9833999872207642
7743.10986328125,0.9833999872207642
7743.2900390625,0.9835000038146973
7743.47998046875,0.9835000038146973
7743.669921875,0.9835000038146973
7743.85986328125,0.9835000038146973
7744.0400390625,0.9835000038146973
7744.22998046875,0.9835000038146973
7744.41015625,0.9836000204086304
7744.60009765625,0.9836000204086304
7744.7900390625,0.9836000204086304
7744.97021484375,0.9836000204086304
7745.16015625,0.9836000204086304
7745.33984375,0.9836000204086304
7745.52978515625,0.9836000204086304
7745.7099609375,0.9836999773979187
7745.89990234375,0.9836999773979187
7746.080078125,0.9836999773979187
7746.27001953125,0.9836999773979187
7746.4501953125,0.9836999773979187
7746.64990234375,0.9836999773979187
7746.830078125,0.9836999773979187
7747.02001953125,0.9837999939918518
7747.2001953125,0.9837999939918518
7747.39013671875,0.9837999939918518
7747.580078125,0.9837999939918518
7747.759765625,0.9837999939918518
7747.9501953125,0.9837999939918518
7748.1298828125,0.9839000105857849
7748.31982421875,0.9839000105857849
7748.5,0.9839000105857849
7748.68994140625,0.9839000105857849
7748.8798828125,0.9839000105857849
7749.06982421875,0.9839000105857849
7749.25,0.9839000105857849
7749.43994140625,0.984000027179718
7749.6201171875,0.984000027179718
7749.81005859375,0.984000027179718
7749.990234375,0.984000027179718
7750.18017578125,0.984000027179718
7750.3701171875,0.9840999841690063
7750.5498046875,0.9840999841690063
7750.740234375,0.9842000007629395
7750.919921875,0.9842000007629395
7751.10986328125,0.9842000007629395
7751.2998046875,0.9843000173568726
7751.490234375,0.9843000173568726
7751.669921875,0.9843999743461609
7751.85986328125,0.9843999743461609
7752.0400390625,0.9843999743461609
7752.22998046875,0.984499990940094
7752.41015625,0.984499990940094
7752.60009765625,0.9846000075340271
7752.77978515625,0.9846000075340271
7752.97021484375,0.9847000241279602
7753.16015625,0.9847000241279602
7753.35009765625,0.9847000241279602
7753.52978515625,0.9847999811172485
7753.72021484375,0.9847999811172485
7753.89990234375,0.9848999977111816
7754.08984375,0.9848999977111816
7754.27978515625,0.9848999977111816
7754.47021484375,0.9850000143051147
7754.64990234375,0.9850000143051147
7754.83984375,0.9850999712944031
7755.02001953125,0.9850999712944031
7755.2099609375,0.9850999712944031
7755.39013671875,0.9851999878883362
7755.580078125,0.9851999878883362
7755.759765625,0.9853000044822693
7755.9501953125,0.9853000044822693
7756.1298828125,0.9854000210762024
7756.31982421875,0.9854000210762024
7756.509765625,0.9854000210762024
7756.7001953125,0.9854999780654907
7756.8798828125,0.9854999780654907
7757.06982421875,0.9855999946594238
7757.259765625,0.9855999946594238
7757.43994140625,0.9855999946594238
7757.6298828125,0.9857000112533569
7757.81982421875,0.9857000112533569
7758.0,0.98580002784729
7758.18994140625,0.98580002784729
7758.3701171875,0.98580002784729
7758.56005859375,0.9858999848365784
7758.75,0.9858999848365784
7758.93017578125,0.9860000014305115
7759.1201171875,0.9860000014305115
7759.2998046875,0.9860000014305115
7759.490234375,0.9861000180244446
7759.68017578125,0.9861000180244446
7759.85986328125,0.9861999750137329
7760.0498046875,0.9861999750137329
7760.240234375,0.986299991607666
7760.419921875,0.986299991607666
7760.60986328125,0.986299991607666
7760.7998046875,0.9864000082015991
7760.990234375,0.9864000082015991
7761.169921875,0.9865000247955322
7761.35986328125,0.9865000247955322
7761.5400390625,0.9865000247955322
7761.72998046875,0.9865999817848206
7761.919921875,0.9865999817848206
7762.10009765625,0.9866999983787537
7762.2900390625,0.9866999983787537
7762.47021484375,0.9866999983787537
7762.66015625,0.9868000149726868
7762.83984375,0.9868000149726868
7763.02978515625,0.9868999719619751
7763.22021484375,0.9868999719619751
7763.41015625,0.9868999719619751
7763.58984375,0.9869999885559082
7763.77978515625,0.9869999885559082
7763.9599609375,0.9871000051498413
7764.14990234375,0.9871000051498413
7764.33984375,0.9872000217437744
7764.52978515625,0.9872000217437744
7764.7099609375,0.9872000217437744
7764.89990234375,0.9872999787330627
7765.08984375,0.9872999787330627
7765.27001953125,0.9873999953269958
7765.4599609375,0.9873999953269958
7765.64013671875,0.9873999953269958
7765.830078125,0.987500011920929
7766.02001953125,0.987500011920929
7766.2001953125,0.9876000285148621
7766.39013671875,0.9876000285148621
7766.56982421875,0.9876000285148621
7766.759765625,0.9876999855041504
7766.9501953125,0.9876999855041504
7767.14013671875,0.9878000020980835
7767.31982421875,0.9878000020980835
7767.509765625,0.9879000186920166
7767.7001953125,0.9879000186920166
7767.8798828125,0.9879000186920166
7768.06982421875,0.9879999756813049
7768.259765625,0.9879999756813049
7768.4501953125,0.988099992275238
7768.6298828125,0.988099992275238
7768.81982421875,0.988099992275238
7769.0,0.9882000088691711
7769.18994140625,0.9882000088691711
7769.3798828125,0.9883000254631042
7769.56005859375,0.9883000254631042
7769.75,0.9883000254631042
7769.93017578125,0.9883999824523926
7770.1201171875,0.9883999824523926
7770.31005859375,0.9884999990463257
7770.490234375,0.9884999990463257
7770.68017578125,0.9886000156402588
7770.8701171875,0.9886000156402588
7771.06005859375,0.9886000156402588
7771.240234375,0.9886999726295471
7771.43017578125,0.9886999726295471
7771.60986328125,0.9887999892234802
7771.7998046875,0.9887999892234802
7771.990234375,0.9887999892234802
7772.169921875,0.9889000058174133
7772.35986328125,0.9889000058174133
7772.5498046875,0.9890000224113464
7772.72998046875,0.9890000224113464
7772.919921875,0.9890000224113464
7773.10986328125,0.9890999794006348
7773.2900390625,0.9890999794006348
7773.47998046875,0.9891999959945679
7773.669921875,0.9891999959945679
7773.85009765625,0.9891999959945679
7774.0400390625,0.989300012588501
7774.22998046875,0.989300012588501
7774.41015625,0.9894000291824341
7774.60009765625,0.9894000291824341
7774.7900390625,0.9894999861717224
7774.97998046875,0.9894999861717224
7775.169921875,0.9894999861717224
7775.35009765625,0.9896000027656555
7775.5400390625,0.9896000027656555
7775.72021484375,0.9897000193595886
7775.91015625,0.9897000193595886
7776.08984375,0.9897000193595886
7776.27978515625,0.989799976348877
7776.47021484375,0.989799976348877
7776.66015625,0.9898999929428101
7776.83984375,0.9898999929428101
7777.02978515625,0.9898999929428101
7777.22021484375,0.9900000095367432
7777.39990234375,0.9900000095367432
7777.58984375,0.9901000261306763
7777.77978515625,0.9901000261306763
7777.97021484375,0.9901999831199646
7778.14990234375,0.9901999831199646
7778.33984375,0.9901999831199646
7778.52978515625,0.9902999997138977
7778.7099609375,0.9902999997138977
7778.89990234375,0.9904000163078308
7779.080078125,0.9904000163078308
7779.27001953125,0.9904000163078308
7779.4599609375,0.9904999732971191
7779.64013671875,0.9904999732971191
7779.830078125,0.9905999898910522
7780.02001953125,0.9905999898910522
7780.2001953125,0.9905999898910522
7780.39013671875,0.9907000064849854
7780.580078125,0.9907000064849854
7780.77001953125,0.9908000230789185
7780.9501953125,0.9908000230789185
7781.14013671875,0.9908999800682068
7781.330078125,0.9908999800682068
7781.52001953125,0.9908999800682068
7781.7001953125,0.9909999966621399
7781.89013671875,0.9909999966621399
7782.06982421875,0.991100013256073
7782.259765625,0.991100013256073
7782.4501953125,0.991100013256073
7782.6298828125,0.9911999702453613
7782.81982421875,0.9911999702453613
7783.009765625,0.9912999868392944
7783.18994140625,0.9912999868392944
7783.3798828125,0.9912999868392944
7783.56982421875,0.9914000034332275
7783.75,0.9914000034332275
7783.93994140625,0.9915000200271606
7784.1298828125,0.9915000200271606
7784.31982421875,0.991599977016449
7784.509765625,0.991599977016449
7784.68994140625,0.991599977016449
7784.8798828125,0.9916999936103821
7785.06982421875,0.9916999936103821
7785.25,0.9918000102043152
7785.43994140625,0.9918000102043152
7785.6298828125,0.9918000102043152
7785.81005859375,0.9919000267982483
7786.0,0.9919000267982483
7786.18994140625,0.9919999837875366
7786.3701171875,0.9919999837875366
7786.56005859375,0.9919999837875366
7786.75,0.9921000003814697
7786.93017578125,0.9921000003814697
7787.1201171875,0.9922000169754028
7787.31005859375,0.9922000169754028
7787.490234375,0.9922000169754028
7787.68017578125,0.9922999739646912
7787.8701171875,0.9922999739646912
7788.06005859375,0.9923999905586243
7788.25,0.9923999905586243
7788.43017578125,0.9925000071525574
7788.6201171875,0.9925000071525574
7788.81005859375,0.9925000071525574
7788.990234375,0.9926000237464905
7789.18017578125,0.9926000237464905
7789.3701171875,0.9926999807357788
7789.5498046875,0.9926999807357788
7789.740234375,0.9926999807357788
7789.93017578125,0.9927999973297119
7790.10986328125,0.9927999973297119
7790.2998046875,0.992900013923645
7790.490234375,0.992900013923645
7790.68017578125,0.992900013923645
7790.85986328125,0.9929999709129333
7791.0498046875,0.9929999709129333
7791.240234375,0.9930999875068665
7791.43017578125,0.9930999875068665
7791.60986328125,0.9932000041007996
7791.7998046875,0.9932000041007996
7791.990234375,0.9932000041007996
7792.169921875,0.9933000206947327
7792.35986328125,0.9933000206947327
7792.5498046875,0.993399977684021
7792.72998046875,0.993399977684021
7792.919921875,0.993399977684021
7793.10986328125,0.9934999942779541
7793.2900390625,0.9934999942779541
7793.47998046875,0.9936000108718872
7793.669921875,0.9936000108718872
7793.85986328125,0.9936000108718872
7794.0498046875,0.9937000274658203
7794.22998046875,0.9937000274658203
7794.419921875,0.9937999844551086
7794.60986328125,0.9937999844551086
7794.7900390625,0.9939000010490417
7794.97998046875,0.9939000010490417
7795.169921875,0.9939000010490417
7795.35986328125,0.9940000176429749
7795.5400390625,0.9940000176429749
7795.72998046875,0.9940999746322632
7795.919921875,0.9940999746322632
7796.10009765625,0.9940999746322632
7796.2900390625,0.9941999912261963
7796.47998046875,0.9941999912261963
7796.669921875,0.9943000078201294
7796.85009765625,0.9943000078201294
7797.0400390625,0.9943000078201294
7797.22998046875,0.9944000244140625
7797.41015625,0.9944000244140625
7797.60009765625,0.9944999814033508
7797.7900390625,0.9944999814033508
7797.97998046875,0.9945999979972839
7798.169921875,0.9945999979972839
7798.35009765625,0.9945999979972839
7798.5400390625,0.994700014591217
7798.72998046875,0.994700014591217
7798.91015625,0.9947999715805054
7799.10009765625,0.9947999715805054
7799.2900390625,0.9947999715805054
7799.47021484375,0.9948999881744385
7799.66015625,0.9948999881744385
7799.85009765625,0.9950000047683716
7800.02978515625,0.9950000047683716
7800.22021484375,0.9950000047683716
7800.41015625,0.9950000047683716
7800.60009765625,0.9950000047683716
7800.7900390625,0.9951000213623047
7800.97021484375,0.9951000213623047
7801.16015625,0.9951000213623047
7801.35009765625,0.9951000213623047
7801.5400390625,0.9951000213623047
7801.72998046875,0.9951000213623047
7801.91015625,0.995199978351593
7802.10009765625,0.995199978351593
7802.2900390625,0.995199978351593
7802.47021484375,0.995199978351593
7802.66015625,0.995199978351593
7802.85009765625,0.995199978351593
7803.02978515625,0.995199978351593
7803.22021484375,0.9952999949455261
7803.41015625,0.9952999949455261
7803.58984375,0.9952999949455261
7803.77978515625,0.9952999949455261
7803.97021484375,0.9952999949455261
7804.16015625,0.9952999949455261
7804.35009765625,0.9952999949455261
7804.5400390625,0.9954000115394592
7804.72021484375,0.9954000115394592
7804.91015625,0.9954000115394592
7805.10009765625,0.9954000115394592
7805.2900390625,0.9954000115394592
7805.47021484375,0.9954000115394592
7805.66015625,0.9955000281333923
7805.85009765625,0.9955000281333923
7806.0400390625,0.9955000281333923
7806.22021484375,0.9955000281333923
7806.41015625,0.9955000281333923
7806.58984375,0.9955000281333923
7806.77978515625,0.9955000281333923
7806.97021484375,0.9955999851226807
7807.14990234375,0.9955999851226807
7807.33984375,0.9955999851226807
7807.52978515625,0.9955999851226807
7807.72021484375,0.9955999851226807
7807.91015625,0.9955999851226807
7808.10009765625,0.9955999851226807
7808.2900390625,0.9957000017166138
7808.47021484375,0.9957000017166138
7808.66015625,0.9957000017166138
7808.85009765625,0.9957000017166138
7809.0400390625,0.9957000017166138
7809.22021484375,0.9957000017166138
7809.41015625,0.9958000183105469
7809.60009765625,0.9958000183105469
7809.7900390625,0.9958000183105469
7809.97021484375,0.9958000183105469
7810.16015625,0.9958000183105469
7810.33984375,0.9958000183105469
7810.52978515625,0.9958000183105469
7810.72021484375,0.9958999752998352
7810.91015625,0.9958999752998352
7811.08984375,0.9958999752998352
7811.27978515625,0.9958999752998352
7811.47021484375,0.9958999752998352
7811.66015625,0.9958999752998352
7811.85009765625,0.9958999752998352
7812.0400390625,0.9959999918937683
7812.22998046875,0.9959999918937683
7812.41015625,0.9959999918937683
7812.60009765625,0.9959999918937683
7812.77978515625,0.9959999918937683
7812.97021484375,0.9959999918937683
7813.16015625,0.9961000084877014
7813.35009765625,0.9961000084877014
7813.52978515625,0.9961000084877014
7813.72021484375,0.9961000084877014
7813.91015625,0.9961000084877014
7814.10009765625,0.9961000084877014
7814.2900390625,0.9961000084877014
7814.47021484375,0.9962000250816345
7814.66015625,0.9962000250816345
7814.85009765625,0.9962000250816345
7815.0400390625,0.9962000250816345
7815.22021484375,0.9962000250816345
7815.41015625,0.9962000250816345
7815.60009765625,0.9962000250816345
7815.7900390625,0.9962999820709229
7815.97998046875,0.9962999820709229
7816.16015625,0.9962999820709229
7816.35009765625,0.9962999820709229
7816.5400390625,0.9962999820709229
7816.72998046875,0.9962999820709229
7816.91015625,0.996399998664856
7817.10009765625,0.996399998664856
7817.2900390625,0.996399998664856
7817.47998046875,0.996399998664856
7817.669921875,0.996399998664856
7817.85986328125,0.996399998664856
7818.0400390625,0.996399998664856
7818.22998046875,0.9965000152587891
7818.419921875,0.9965000152587891
7818.60986328125,0.9965000152587891
7818.7998046875,0.9965000152587891
7818.97998046875,0.9965000152587891
7819.169921875,0.9965000152587891
7819.35009765625,0.9965000152587891
7819.5400390625,0.9965999722480774
7819.72998046875,0.9965999722480774
7819.919921875,0.9965999722480774
7820.10009765625,0.9965999722480774
7820.2900390625,0.9965999722480774
7820.47998046875,0.9965999722480774
7820.669921875,0.9966999888420105
7820.85986328125,0.9966999888420105
7821.0400390625,0.9966999888420105
7821.22998046875,0.9966999888420105
7821.419921875,0.9966999888420105
7821.60986328125,0.9966999888420105
7821.7998046875,0.9966999888420105
7821.990234375,0.9968000054359436
7822.169921875,0.9968000054359436
7822.35986328125,0.9968000054359436
7822.5498046875,0.9968000054359436
7822.740234375,0.9968000054359436
7822.93017578125,0.9968000054359436
7823.10986328125,0.9968000054359436
7823.2998046875,0.9969000220298767
7823.490234375,0.9969000220298767
7823.669921875,0.9969000220298767
7823.85986328125,0.9969000220298767
7824.0498046875,0.9969000220298767
7824.240234375,0.9969000220298767
7824.43017578125,0.996999979019165
7824.60986328125,0.996999979019165
7824.7998046875,0.996999979019165
7824.990234375,0.996999979019165
7825.18017578125,0.996999979019165
7825.3701171875,0.996999979019165
7825.56005859375,0.996999979019165
7825.75,0.9970999956130981
7825.93017578125,0.9970999956130981
7826.1201171875,0.9970999956130981
7826.31005859375,0.9970999956130981
7826.5,0.9970999956130981
7826.68017578125,0.9970999956130981
7826.8701171875,0.9972000122070312
7827.06005859375,0.9972000122070312
7827.240234375,0.9972000122070312
7827.43017578125,0.9972000122070312
7827.6201171875,0.9972000122070312
7827.81005859375,0.9972000122070312
7828.0,0.9972000122070312
7828.18994140625,0.9973000288009644
7828.3701171875,0.9973000288009644
7828.56005859375,0.9973000288009644
7828.75,0.9973000288009644
7828.93994140625,0.9973000288009644
7829.1298828125,0.9973000288009644
7829.31982421875,0.9973000288009644
7829.5,0.9973999857902527
7829.68994140625,0.9973999857902527
7829.8798828125,0.9973999857902527
7830.06982421875,0.9973999857902527
7830.259765625,0.9973999857902527
7830.43994140625,0.9973999857902527
7830.6298828125,0.9973999857902527
7830.81982421875,0.9975000023841858
7831.009765625,0.9975000023841858
7831.18994140625,0.9975000023841858
7831.3798828125,0.9975000023841858
7831.56982421875,0.9975000023841858
7831.759765625,0.9975000023841858
7831.9501953125,0.9976000189781189
7832.14013671875,0.9976000189781189
7832.330078125,0.9976000189781189
7832.509765625,0.9976000189781189
7832.7001953125,0.9976000189781189
7832.89013671875,0.9976000189781189
7833.080078125,0.9976000189781189
7833.27001953125,0.9976999759674072
7833.4501953125,0.9976999759674072
7833.64013671875,0.9976999759674072
7833.830078125,0.9976999759674072
7834.009765625,0.9976999759674072
7834.2001953125,0.9976999759674072
7834.39013671875,0.9977999925613403
7834.580078125,0.9977999925613403
7834.77001953125,0.9977999925613403
7834.9599609375,0.9977999925613403
7835.14990234375,0.9977999925613403
7835.330078125,0.9977999925613403
7835.52001953125,0.9977999925613403
7835.7099609375,0.9979000091552734
7835.89990234375,0.9979000091552734
7836.08984375,0.9979000091552734
7836.27978515625,0.9979000091552734
7836.4599609375,0.9979000091552734
7836.64990234375,0.9979000091552734
7836.83984375,0.9979000091552734
7837.02978515625,0.9980000257492065
7837.2099609375,0.9980000257492065
7837.39990234375,0.9980000257492065
7837.58984375,0.9980000257492065
7837.77978515625,0.9980000257492065
7837.97021484375,0.9980000257492065
7838.16015625,0.9980999827384949
7838.35009765625,0.9980999827384949
7838.52978515625,0.9980999827384949
7838.72021484375,0.9980999827384949
7838.91015625,0.9980999827384949
7839.10009765625,0.9980999827384949
7839.2900390625,0.9980999827384949
7839.47998046875,0.998199999332428
7839.66015625,0.998199999332428
7839.85009765625,0.998199999332428
7840.0400390625,0.998199999332428
7840.22998046875,0.998199999332428
7840.419921875,0.998199999332428
7840.60009765625,0.998199999332428
7840.7900390625,0.9983000159263611
7840.97998046875,0.9983000159263611
7841.169921875,0.9983000159263611
7841.35986328125,0.9983000159263611
7841.5498046875,0.9983000159263611
7841.740234375,0.9983000159263611
7841.919921875,0.9983999729156494
7842.10986328125,0.9983999729156494
7842.2998046875,0.9983999729156494
7842.490234375,0.9983999729156494
7842.68017578125,0.9983999729156494
7842.8701171875,0.9983999729156494
7843.0498046875,0.9983999729156494
7843.240234375,0.9984999895095825
7843.43017578125,0.9984999895095825
7843.6201171875,0.9984999895095825
7843.81005859375,0.9984999895095825
7843.990234375,0.9984999895095825
7844.18017578125,0.9984999895095825
7844.3701171875,0.9984999895095825
7844.56005859375,0.9986000061035156
7844.75,0.9986000061035156
7844.93994140625,0.9986000061035156
7845.1298828125,0.9986000061035156
7845.31982421875,0.9986000061035156
7845.5,0.9986000061035156
7845.68994140625,0.9987000226974487
7845.8798828125,0.9987000226974487
7846.06982421875,0.9987000226974487
7846.259765625,0.9987000226974487
7846.4501953125,0.9987000226974487
7846.6298828125,0.9987000226974487
7846.81982421875,0.9987000226974487
7847.009765625,0.9987999796867371
7847.2001953125,0.9987999796867371
7847.39013671875,0.9987999796867371
7847.56982421875,0.9987999796867371
7847.759765625,0.9987999796867371
7847.9501953125,0.9987999796867371
7848.14013671875,0.9988999962806702
7848.330078125,0.9988999962806702
7848.52001953125,0.9988999962806702
7848.7099609375,0.9988999962806702
7848.89990234375,0.9988999962806702
7849.080078125,0.9988999962806702
7849.27001953125,0.9988999962806702
7849.4599609375,0.9990000128746033
7849.64990234375,0.9990000128746033
7849.83984375,0.9990000128746033
7850.02001953125,0.9990000128746033
7850.2099609375,0.9990000128746033
7850.39990234375,0.9990000128746033
7850.58984375,0.9990000128746033
7850.77978515625,0.9990000128746033
7850.97021484375,0.9990000128746033
7851.16015625,0.9990000128746033
7851.33984375,0.9990000128746033
7851.52978515625,0.9990000128746033
7851.72021484375,0.9990000128746033
7851.91015625,0.9990000128746033
7852.10009765625,0.9990000128746033
7852.2900390625,0.9990000128746033
7852.47998046875,0.9990000128746033
7852.669921875,0.9991000294685364
7852.85986328125,0.9991000294685364
7853.0498046875,0.9991000294685364
7853.240234375,0.9991000294685364
7853.419921875,0.9991000294685364
7853.60986328125,0.9991000294685364
7853.7998046875,0.9991000294685364
7853.990234375,0.9991000294685364
7854.169921875,0.9991000294685364
7854.35986328125,0.9991000294685364
7854.5498046875,0.9991000294685364
7854.740234375,0.9991000294685364
7854.93017578125,0.9991000294685364
7855.1201171875,0.9991000294685364
7855.31005859375,0.9991000294685364
7855.5,0.9991000294685364
7855.68017578125,0.9991000294685364
7855.8701171875,0.9991000294685364
7856.06005859375,0.9991000294685364
7856.25,0.9991000294685364
7856.43994140625,0.9991000294685364
7856.6298828125,0.9991000294685364
7856.81005859375,0.9991000294685364
7857.0,0.9991000294685364
7857.18994140625,0.9991000294685364
7857.3798828125,0.9991000294685364
7857.56982421875,0.9991999864578247
7857.759765625,0.9991999864578247
7857.93994140625,0.9991999864578247
7858.1298828125,0.9991999864578247
7858.31982421875,0.9991999864578247
7858.509765625,0.9991999864578247
7858.7001953125,0.9991999864578247
7858.89013671875,0.9991999864578247
7859.080078125,0.9991999864578247
7859.27001953125,0.9991999864578247
7859.4599609375,0.9991999864578247
7859.64990234375,0.9991999864578247
7859.83984375,0.9991999864578247
7860.02001953125,0.9991999864578247
7860.2099609375,0.9991999864578247
7860.39990234375,0.9991999864578247
7860.58984375,0.9991999864578247
7860.77978515625,0.9991999864578247
7860.9599609375,0.9991999864578247
7861.14990234375,0.9991999864578247
7861.33984375,0.9991999864578247
7861.52978515625,0.9991999864578247
7861.72021484375,0.9991999864578247
7861.91015625,0.9991999864578247
7862.10009765625,0.9991999864578247
7862.2900390625,0.9991999864578247
7862.47998046875,0.9991999864578247
7862.669921875,0.9993000030517578
7862.85986328125,0.9993000030517578
7863.0498046875,0.9993000030517578
7863.240234375,0.9993000030517578
7863.43017578125,0.9993000030517578
7863.60986328125,0.9993000030517578
7863.7998046875,0.9993000030517578
7863.990234375,0.9993000030517578
7864.18017578125,0.9993000030517578
7864.3701171875,0.9993000030517578
7864.5498046875,0.9993000030517578
7864.740234375,0.9993000030517578
7864.93017578125,0.9993000030517578
7865.1201171875,0.9993000030517578
7865.31005859375,0.9993000030517578
7865.5,0.9993000030517578
7865.68994140625,0.9993000030517578
7865.8798828125,0.9993000030517578
7866.06982421875,0.9993000030517578
7866.259765625,0.9993000030517578
7866.4501953125,0.9993000030517578
7866.64013671875,0.9993000030517578
7866.830078125,0.9993000030517578
7867.009765625,0.9993000030517578
7867.2001953125,0.9993000030517578
7867.39013671875,0.9993000030517578
7867.580078125,0.9994000196456909
7867.77001953125,0.9994000196456909
7867.9599609375,0.9994000196456909
7868.14990234375,0.9994000196456909
7868.330078125,0.9994000196456909
7868.52001953125,0.9994000196456909
7868.7099609375,0.9994000196456909
7868.89990234375,0.9994000196456909
7869.08984375,0.9994000196456909
7869.27978515625,0.9994000196456909
7869.47021484375,0.9994000196456909
7869.66015625,0.9994000196456909
7869.85009765625,0.9994000196456909
7870.0400390625,0.9994000196456909
7870.22998046875,0.9994000196456909
7870.41015625,0.9994000196456909
7870.60009765625,0.9994000196456909
7870.7900390625,0.9994000196456909
7870.97998046875,0.9994000196456909
7871.169921875,0.9994000196456909
7871.35986328125,0.9994000196456909
7871.5400390625,0.9994000196456909
7871.740234375,0.9994000196456909
7871.93017578125,0.9994000196456909
7872.1201171875,0.9994000196456909
7872.31005859375,0.9994000196456909
7872.490234375,0.9994000196456909
7872.68017578125,0.9994999766349792
7872.8701171875,0.9994999766349792
7873.06005859375,0.9994999766349792
7873.25,0.9994999766349792
7873.43994140625,0.9994999766349792
7873.6298828125,0.9994999766349792
7873.81982421875,0.9994999766349792
7874.0,0.9994999766349792
7874.18994140625,0.9994999766349792
7874.3798828125,0.9994999766349792
7874.580078125,0.9994999766349792
7874.759765625,0.9994999766349792
7874.9501953125,0.9994999766349792
7875.14013671875,0.9994999766349792
7875.330078125,0.9994999766349792
7875.52001953125,0.9994999766349792
7875.7099609375,0.9994999766349792
7875.89990234375,0.9994999766349792
7876.08984375,0.9994999766349792
7876.27978515625,0.9994999766349792
7876.4599609375,0.9994999766349792
7876.64990234375,0.9994999766349792
7876.83984375,0.9994999766349792
7877.0400390625,0.9994999766349792
7877.22021484375,0.9994999766349792
7877.41015625,0.9994999766349792
7877.60009765625,0.9995999932289124
7877.7900390625,0.9995999932289124
7877.97998046875,0.9995999932289124
7878.16015625,0.9995999932289124
7878.35009765625,0.9995999932289124
7878.5400390625,0.9995999932289124
7878.72998046875,0.9995999932289124
7878.93017578125,0.9995999932289124
7879.1201171875,0.9995999932289124
7879.2998046875,0.9995999932289124
7879.490234375,0.9995999932289124
7879.68017578125,0.9995999932289124
7879.8701171875,0.9995999932289124
7880.06005859375,0.9995999932289124
7880.25,0.9995999932289124
7880.43994140625,0.9995999932289124
7880.6201171875,0.9995999932289124
7880.81982421875,0.9995999932289124
7881.009765625,0.9995999932289124
7881.2001953125,0.9995999932289124
7881.3798828125,0.9995999932289124
7881.56982421875,0.9995999932289124
7881.759765625,0.9995999932289124
7881.9501953125,0.9995999932289124
7882.14013671875,0.9995999932289124
7882.330078125,0.9995999932289124
7882.52001953125,0.9995999932289124
7882.7099609375,0.9997000098228455
7882.89990234375,0.9997000098228455
7883.08984375,0.9997000098228455
7883.27978515625,0.9997000098228455
7883.47021484375,0.9997000098228455
7883.66015625,0.9997000098228455
7883.85009765625,0.9997000098228455
7884.0400390625,0.9997000098228455
7884.22998046875,0.9997000098228455
7884.419921875,0.9997000098228455
7884.60009765625,0.9997000098228455
7884.7900390625,0.9997000098228455
7884.97998046875,0.9997000098228455
7885.169921875,0.9997000098228455
7885.35986328125,0.9997000098228455
7885.5498046875,0.9997000098228455
7885.740234375,0.9997000098228455
7885.93017578125,0.9997000098228455
7886.1201171875,0.9997000098228455
7886.31005859375,0.9997000098228455
7886.5,0.9997000098228455
7886.68994140625,0.9997000098228455
7886.8798828125,0.9997000098228455
7887.06982421875,0.9997000098228455
7887.259765625,0.9997000098228455
7887.4501953125,0.9997000098228455
7887.6298828125,0.9998000264167786
7887.81982421875,0.9998000264167786
7888.009765625,0.9998000264167786
7888.2001953125,0.9998000264167786
7888.39013671875,0.9998000264167786
7888.580078125,0.9998000264167786
7888.77001953125,0.9998000264167786
7888.9599609375,0.9998000264167786
7889.14013671875,0.9998000264167786
7889.33984375,0.9998000264167786
7889.52001953125,0.9998000264167786
7889.72021484375,0.9998000264167786
7889.91015625,0.9998000264167786
7890.10009765625,0.9998000264167786
7890.2900390625,0.9998000264167786
7890.47998046875,0.9998000264167786
7890.669921875,0.9998000264167786
7890.85009765625,0.9998000264167786
7891.0498046875,0.9998000264167786
7891.22998046875,0.9998000264167786
7891.419921875,0.9998000264167786
7891.60986328125,0.9998000264167786
7891.7998046875,0.9998000264167786
7891.990234375,0.9998000264167786
7892.18017578125,0.9998000264167786
7892.3701171875,0.9998000264167786
7892.56005859375,0.9998999834060669
7892.75,0.9998999834060669
7892.93994140625,0.9998999834060669
7893.1298828125,0.9998999834060669
7893.31982421875,0.9998999834060669
7893.509765625,0.9998999834060669
7893.7001953125,0.9998999834060669
7893.89013671875,0.9998999834060669
7894.06982421875,0.9998999834060669
7894.259765625,0.9998999834060669
7894.4599609375,0.9998999834060669
7894.64990234375,0.9998999834060669
7894.83984375,0.9998999834060669
7895.02001953125,0.9998999834060669
7895.2099609375,0.9998999834060669
7895.39990234375,0.9998999834060669
7895.60009765625,0.9998999834060669
7895.77978515625,0.9998999834060669
7895.97021484375,0.9998999834060669
7896.16015625,0.9998999834060669
7896.35009765625,0.9998999834060669
7896.5400390625,0.9998999834060669
7896.72998046875,0.9998999834060669
7896.919921875,0.9998999834060669
7897.10986328125,0.9998999834060669
7897.2998046875,0.9998999834060669
7897.490234375,1.0
7897.68017578125,1.0
7897.8701171875,1.0
7898.06005859375,1.0
7898.25,1.0
7898.43994140625,1.0
7898.6298828125,1.0
7898.81982421875,1.0
7899.009765625,1.0
7899.2001953125,1.0
7899.39013671875,1.0
7899.580078125,1.0
7899.77001953125,1.0
7899.9599609375,1.0
7900.14990234375,1.0
7900.330078125,1.0
7900.52978515625,1.0
7900.72021484375,0.9998999834060669
7900.91015625,0.9998999834060669
7901.08984375,0.9998999834060669
7901.27978515625,0.9998999834060669
7901.47998046875,0.9998999834060669
7901.66015625,0.9998999834060669
7901.85009765625,0.9998999834060669
7902.0400390625,0.9998000264167786
7902.22998046875,0.9998000264167786
7902.419921875,0.9998000264167786
7902.60986328125,0.9998000264167786
7902.7998046875,0.9998000264167786
7902.990234375,0.9998000264167786
7903.18017578125,0.9997000098228455
7903.3701171875,0.9997000098228455
7903.56005859375,0.9997000098228455
7903.75,0.9997000098228455
7903.93994140625,0.9997000098228455
7904.1298828125,0.9997000098228455
7904.31982421875,0.9997000098228455
7904.509765625,0.9995999932289124
7904.7001953125,0.9995999932289124
7904.89013671875,0.9995999932289124
7905.080078125,0.9995999932289124
7905.27001953125,0.9995999932289124
7905.4599609375,0.9995999932289124
7905.64990234375,0.9994999766349792
7905.83984375,0.9994999766349792
7906.02978515625,0.9994999766349792
7906.22021484375,0.9994999766349792
7906.41015625,0.9994999766349792
7906.60009765625,0.9994999766349792
7906.7900390625,0.9994999766349792
7906.97998046875,0.9994000196456909
7907.169921875,0.9994000196456909
7907.35986328125,0.9994000196456909
7907.5498046875,0.9994000196456909
7907.740234375,0.9994000196456909
7907.93017578125,0.9994000196456909
7908.1201171875,0.9994000196456909
7908.31005859375,0.9993000030517578
7908.5,0.9993000030517578
7908.68994140625,0.9993000030517578
7908.8798828125,0.9993000030517578
7909.06982421875,0.9993000030517578
7909.259765625,0.9993000030517578
7909.4501953125,0.9991999864578247
7909.6298828125,0.9991999864578247
7909.830078125,0.9991999864578247
7910.02001953125,0.9991999864578247
7910.2099609375,0.9991999864578247
7910.39013671875,0.9991999864578247
7910.58984375,0.9991999864578247
7910.77978515625,0.9991000294685364
7910.97021484375,0.9991000294685364
7911.16015625,0.9991000294685364
7911.35009765625,0.9991000294685364
7911.5400390625,0.9991000294685364
7911.72998046875,0.9991000294685364
7911.919921875,0.9990000128746033
7912.10986328125,0.9990000128746033
7912.2998046875,0.9990000128746033
7912.490234375,0.9990000128746033
7912.68017578125,0.9990000128746033
7912.8701171875,0.9990000128746033
7913.06005859375,0.9990000128746033
7913.25,0.9988999962806702
7913.43994140625,0.9988999962806702
7913.6298828125,0.9988999962806702
7913.81982421875,0.9988999962806702
7914.009765625,0.9988999962806702
7914.2001953125,0.9988999962806702
7914.39013671875,0.9987999796867371
7914.580078125,0.9987999796867371
7914.77001953125,0.9987999796867371
7914.9599609375,0.9987999796867371
7915.14990234375,0.9987999796867371
7915.33984375,0.9987999796867371
7915.52978515625,0.9987999796867371
7915.72021484375,0.9987000226974487
7915.91015625,0.9987000226974487
7916.10009765625,0.9987000226974487
7916.2900390625,0.9987000226974487
7916.47998046875,0.9987000226974487
7916.669921875,0.9987000226974487
7916.85986328125,0.9987000226974487
7917.0498046875,0.9986000061035156
7917.240234375,0.9986000061035156
7917.43017578125,0.9986000061035156
7917.6201171875,0.9986000061035156
7917.81005859375,0.9986000061035156
7918.0,0.9986000061035156
7918.18994140625,0.9984999895095825
7918.3798828125,0.9984999895095825
7918.56982421875,0.9984999895095825
7918.759765625,0.9984999895095825
7918.9501953125,0.9984999895095825
7919.14013671875,0.9984999895095825
7919.330078125,0.9984999895095825
7919.52001953125,0.9983999729156494
7919.7099609375,0.9983999729156494
7919.89990234375,0.9983999729156494
7920.08984375,0.9983999729156494
7920.27978515625,0.9983999729156494
7920.47021484375,0.9983999729156494
7920.66015625,0.9983000159263611
7920.85009765625,0.9983000159263611
7921.0498046875,0.9983000159263611
7921.22998046875,0.9983000159263611
7921.419921875,0.9983000159263611
7921.60986328125,0.9983000159263611
7921.81005859375,0.9983000159263611
7921.990234375,0.998199999332428
7922.18017578125,0.998199999332428
7922.3798828125,0.998199999332428
7922.56982421875,0.998199999332428
7922.759765625,0.998199999332428
7922.9501953125,0.998199999332428
7923.14013671875,0.9980999827384949
7923.330078125,0.9980999827384949
7923.52001953125,0.9980999827384949
7923.7099609375,0.9980999827384949
7923.89990234375,0.9980999827384949
7924.08984375,0.9980999827384949
7924.27978515625,0.9980999827384949
7924.47021484375,0.9980000257492065
7924.66015625,0.9980000257492065
7924.85009765625,0.9980000257492065
7925.0400390625,0.9980000257492065
7925.22998046875,0.9980000257492065
7925.419921875,0.9980000257492065
7925.60986328125,0.9980000257492065
7925.7998046875,0.9979000091552734
7926.0,0.9979000091552734
7926.18017578125,0.9979000091552734
7926.3701171875,0.9979000091552734
7926.56005859375,0.9979000091552734
7926.75,0.9979000091552734
7926.93994140625,0.9977999925613403
7927.1298828125,0.9977999925613403
7927.31982421875,0.9977999925613403
7927.509765625,0.9977999925613403
7927.7099609375,0.9977999925613403
7927.89013671875,0.9977999925613403
7928.080078125,0.9977999925613403
7928.27978515625,0.9976999759674072
7928.47021484375,0.9976999759674072
7928.64990234375,0.9976999759674072
7928.85009765625,0.9976999759674072
7929.0400390625,0.9976999759674072
7929.22998046875,0.9976999759674072
7929.419921875,0.9976000189781189
7929.60986328125,0.9976000189781189
7929.7998046875,0.9976000189781189
7929.990234375,0.9976000189781189
7930.18017578125,0.9976000189781189
7930.3701171875,0.9976000189781189
7930.56005859375,0.9976000189781189
7930.75,0.9975000023841858
7930.93994140625,0.9975000023841858
7931.1298828125,0.9975000023841858
7931.31982421875,0.9975000023841858
7931.509765625,0.9975000023841858
7931.7099609375,0.9975000023841858
7931.89990234375,0.9973999857902527
7932.080078125,0.9973999857902527
7932.27978515625,0.9973999857902527
7932.47021484375,0.9973999857902527
7932.66015625,0.9973999857902527
7932.85009765625,0.9973999857902527
7933.0400390625,0.9973999857902527
7933.22998046875,0.9973000288009644
7933.419921875,0.9973000288009644
7933.60986328125,0.9973000288009644
7933.7998046875,0.9973000288009644
7933.990234375,0.9973000288009644
7934.18017578125,0.9973000288009644
7934.3798828125,0.9972000122070312
7934.56005859375,0.9972000122070312
7934.75,0.9972000122070312
7934.93994140625,0.9972000122070312
7935.1298828125,0.9972000122070312
7935.31982421875,0.9972000122070312
7935.509765625,0.9972000122070312
7935.7001953125,0.9970999956130981
7935.89990234375,0.9970999956130981
7936.08984375,0.9970999956130981
7936.27978515625,0.9970999956130981
7936.47021484375,0.9970999956130981
7936.66015625,0.9970999956130981
7936.85009765625,0.9970999956130981
7937.0400390625,0.996999979019165
7937.22998046875,0.996999979019165
7937.419921875,0.996999979019165
7937.60986328125,0.996999979019165
7937.7998046875,0.996999979019165
7937.990234375,0.996999979019165
7938.18017578125,0.9969000220298767
7938.3798828125,0.9969000220298767
7938.56982421875,0.9969000220298767
7938.75,0.9969000220298767
7938.9501953125,0.9969000220298767
7939.14013671875,0.9969000220298767
7939.330078125,0.9969000220298767
7939.52001953125,0.9968000054359436
7939.7099609375,0.9968000054359436
7939.89990234375,0.9968000054359436
7940.08984375,0.9968000054359436
7940.27978515625,0.9968000054359436
7940.47021484375,0.9968000054359436
7940.66015625,0.9966999888420105
7940.85986328125,0.9966999888420105
7941.0498046875,0.9966999888420105
7941.22998046875,0.9966999888420105
7941.43017578125,0.9966999888420105
7941.6201171875,0.9966999888420105
7941.81005859375,0.9966999888420105
7942.0,0.9965999722480774
7942.18994140625,0.9965999722480774
7942.3798828125,0.9965999722480774
7942.56982421875,0.9965999722480774
7942.759765625,0.9965999722480774
7942.9501953125,0.9965999722480774
7943.14013671875,0.9965000152587891
7943.330078125,0.9965000152587891
7943.52001953125,0.9965000152587891
7943.7099609375,0.9965000152587891
7943.89990234375,0.9965000152587891
7944.10009765625,0.9965000152587891
7944.2900390625,0.9965000152587891
7944.47021484375,0.996399998664856
7944.669921875,0.996399998664856
7944.85986328125,0.996399998664856
7945.0498046875,0.996399998664856
7945.240234375,0.996399998664856
7945.43017578125,0.996399998664856
7945.6201171875,0.996399998664856
7945.81005859375,0.9962999820709229
7946.009765625,0.9962999820709229
7946.18994140625,0.9962999820709229
7946.39013671875,0.9962999820709229
7946.580078125,0.9962999820709229
7946.77001953125,0.9962999820709229
7946.9599609375,0.9962000250816345
7947.14990234375,0.9962000250816345
7947.33984375,0.9962000250816345
7947.52978515625,0.9962000250816345
7947.72021484375,0.9962000250816345
7947.91015625,0.9962000250816345
7948.10009765625,0.9962000250816345
7948.2998046875,0.9961000084877014
7948.490234375,0.9961000084877014
7948.68017578125,0.9961000084877014
7948.8701171875,0.9961000084877014
7949.06005859375,0.9961000084877014
7949.25,0.9961000084877014
7949.43994140625,0.9959999918937683
7949.6298828125,0.9959999918937683
7949.81982421875,0.9959999918937683
7950.02001953125,0.9959999918937683
7950.2099609375,0.9959999918937683
7950.39990234375,0.9959999918937683
7950.58984375,0.9959999918937683
7950.77978515625,0.9959999918937683
7950.97021484375,0.9959999918937683
7951.14990234375,0.9959999918937683
7951.35009765625,0.9958999752998352
7951.5400390625,0.9958999752998352
7951.72998046875,0.9958999752998352
7951.919921875,0.9958999752998352
7952.10986328125,0.9958999752998352
7952.2998046875,0.9958999752998352
7952.490234375,0.9958999752998352
7952.68994140625,0.9958999752998352
7952.8701171875,0.9958999752998352
7953.06982421875,0.9958999752998352
7953.259765625,0.9958999752998352
7953.4501953125,0.9958999752998352
7953.64013671875,0.9958999752998352
7953.830078125,0.9958000183105469
7954.02001953125,0.9958000183105469
7954.22021484375,0.9958000183105469
7954.39990234375,0.9958000183105469
7954.60009765625,0.9958000183105469
7954.7900390625,0.9958000183105469
7954.97998046875,0.9958000183105469
7955.169921875,0.9958000183105469
7955.35986328125,0.9958000183105469
7955.5498046875,0.9958000183105469
7955.740234375,0.9958000183105469
7955.93994140625,0.9958000183105469
7956.1201171875,0.9958000183105469
7956.31982421875,0.9957000017166138
7956.509765625,0.9957000017166138
7956.7001953125,0.9957000017166138
7956.89013671875,0.9957000017166138
7957.080078125,0.9957000017166138
7957.27001953125,0.9957000017166138
7957.4599609375,0.9957000017166138
7957.66015625,0.9957000017166138
7957.83984375,0.9957000017166138
7958.0400390625,0.9957000017166138
7958.22998046875,0.9957000017166138
7958.419921875,0.9957000017166138
7958.60986328125,0.9957000017166138
7958.7998046875,0.9955999851226807
7958.990234375,0.9955999851226807
7959.18994140625,0.9955999851226807
7959.3798828125,0.9955999851226807
7959.56005859375,0.9955999851226807
7959.75,0.9955999851226807
7959.9501953125,0.9955999851226807
7960.14013671875,0.9955999851226807
7960.330078125,0.9955999851226807
7960.52001953125,0.9955999851226807
7960.7099609375,0.9955999851226807
7960.89990234375,0.9955999851226807
7961.08984375,0.9955999851226807
7961.27978515625,0.9955000281333923
7961.47998046875,0.9955000281333923
7961.669921875,0.9955000281333923
7961.85986328125,0.9955000281333923
7962.0498046875,0.9955000281333923
7962.240234375,0.9955000281333923
7962.43017578125,0.9955000281333923
7962.6298828125,0.9955000281333923
7962.81005859375,0.9955000281333923
7963.009765625,0.9955000281333923
7963.2001953125,0.9955000281333923
7963.39013671875,0.9955000281333923
7963.580078125,0.9955000281333923
7963.77001953125,0.9954000115394592
7963.9599609375,0.9954000115394592
7964.16015625,0.9954000115394592
7964.35009765625,0.9954000115394592
7964.5400390625,0.9954000115394592
7964.72998046875,0.9954000115394592
7964.919921875,0.9954000115394592
7965.10986328125,0.9954000115394592
7965.2998046875,0.9954000115394592
7965.490234375,0.9954000115394592
7965.68994140625,0.9954000115394592
7965.8798828125,0.9954000115394592
7966.06982421875,0.9954000115394592
7966.259765625,0.9954000115394592
7966.4501953125,0.9952999949455261
7966.64013671875,0.9952999949455261
7966.83984375,0.9952999949455261
7967.02001953125,0.9952999949455261
7967.22021484375,0.9952999949455261
7967.41015625,0.9952999949455261
7967.60009765625,0.9952999949455261
7967.7900390625,0.9952999949455261
7967.97998046875,0.9952999949455261
7968.169921875,0.9952999949455261
7968.35986328125,0.9952999949455261
7968.5498046875,0.9952999949455261
7968.740234375,0.995199978351593
7968.93994140625,0.995199978351593
7969.1298828125,0.995199978351593
7969.31982421875,0.995199978351593
7969.509765625,0.995199978351593
7969.7001953125,0.995199978351593
7969.89013671875,0.995199978351593
7970.08984375,0.995199978351593
7970.27001953125,0.995199978351593
7970.47021484375,0.995199978351593
7970.66015625,0.995199978351593
7970.85009765625,0.995199978351593
7971.0400390625,0.995199978351593
7971.22998046875,0.995199978351593
7971.43017578125,0.9951000213623047
7971.6201171875,0.9951000213623047
7971.81005859375,0.9951000213623047
7972.0,0.9951000213623047
7972.18994140625,0.9951000213623047
7972.3798828125,0.9951000213623047
7972.580078125,0.9951000213623047
7972.759765625,0.9951000213623047
7972.9599609375,0.9951000213623047
7973.14990234375,0.9951000213623047
7973.33984375,0.9951000213623047
7973.5400390625,0.9951000213623047
7973.72021484375,0.9951000213623047
7973.919921875,0.9950000047683716
7974.10986328125,0.9950000047683716
7974.2998046875,0.9950000047683716
7974.490234375,0.9950000047683716
7974.68017578125,0.9950000047683716
7974.8701171875,0.9950000047683716
7975.06982421875,0.9950000047683716
7975.259765625,0.9950000047683716
7975.4501953125,0.9950000047683716
7975.64013671875,0.9950000047683716
7975.830078125,0.9950000047683716
7976.02978515625,0.9950000047683716
7976.2099609375,0.9950000047683716
7976.39990234375,0.9948999881744385
7976.60009765625,0.9948999881744385
7976.7900390625,0.9948999881744385
7976.97998046875,0.9948999881744385
7977.169921875,0.9948999881744385
7977.35986328125,0.9948999881744385
7977.5498046875,0.9948999881744385
7977.740234375,0.9948999881744385
7977.93994140625,0.9948999881744385
7978.1298828125,0.9948999881744385
7978.31982421875,0.9948999881744385
7978.509765625,0.9948999881744385
7978.7001953125,0.9948999881744385
7978.89013671875,0.9947999715805054
7979.08984375,0.9947999715805054
7979.27978515625,0.9947999715805054
7979.47021484375,0.9947999715805054
7979.66015625,0.9947999715805054
7979.85009765625,0.9947999715805054
7980.0498046875,0.9947999715805054
7980.22998046875,0.9947999715805054
7980.43017578125,0.9947999715805054
7980.6201171875,0.9947999715805054
7980.81005859375,0.9947999715805054
7981.009765625,0.9947999715805054
7981.18994140625,0.9947999715805054
7981.39013671875,0.994700014591217
7981.580078125,0.994700014591217
7981.77001953125,0.994700014591217
7981.9599609375,0.994700014591217
7982.14990234375,0.994700014591217
7982.35009765625,0.994700014591217
7982.5400390625,0.994700014591217
7982.72998046875,0.994700014591217
7982.919921875,0.994700014591217
7983.10986328125,0.994700014591217
7983.31005859375,0.994700014591217
7983.5,0.994700014591217
7983.68994140625,0.994700014591217
7983.8798828125,0.9945999979972839
7984.06982421875,0.9945999979972839
7984.27001953125,0.9945999979972839
7984.4599609375,0.9945999979972839
7984.64990234375,0.9945999979972839
7984.83984375,0.9945999979972839
7985.02978515625,0.9945999979972839
7985.22021484375,0.9945999979972839
7985.41015625,0.9945999979972839
7985.60009765625,0.9945999979972839
7985.7998046875,0.9945999979972839
7985.990234375,0.9945999979972839
7986.18017578125,0.9945999979972839
7986.3701171875,0.9944999814033508
7986.56005859375,0.9944999814033508
7986.759765625,0.9944999814033508
7986.9501953125,0.9944999814033508
7987.14013671875,0.9944999814033508
7987.330078125,0.9944999814033508
7987.52001953125,0.9944999814033508
7987.72021484375,0.9944999814033508
7987.91015625,0.9944999814033508
7988.10009765625,0.9944999814033508
7988.2900390625,0.9944999814033508
7988.47998046875,0.9944999814033508
7988.669921875,0.9944999814033508
7988.8701171875,0.9944000244140625
7989.06005859375,0.9944000244140625
7989.25,0.9944000244140625
7989.43994140625,0.9944000244140625
7989.6298828125,0.9944000244140625
7989.830078125,0.9944000244140625
7990.02001953125,0.9944000244140625
7990.2099609375,0.9944000244140625
7990.39990234375,0.9944000244140625
7990.58984375,0.9944000244140625
7990.7900390625,0.9944000244140625
7990.97998046875,0.9944000244140625
7991.169921875,0.9944000244140625
7991.35986328125,0.9943000078201294
7991.5498046875,0.9943000078201294
7991.75,0.9943000078201294
7991.93994140625,0.9943000078201294
7992.1298828125,0.9943000078201294
7992.31982421875,0.9943000078201294
7992.52001953125,0.9943000078201294
7992.7099609375,0.9943000078201294
7992.89990234375,0.9943000078201294
7993.08984375,0.9943000078201294
7993.27978515625,0.9943000078201294
7993.47021484375,0.9943000078201294
7993.66015625,0.9943000078201294
7993.85009765625,0.9941999912261963
7994.0498046875,0.9941999912261963
7994.240234375,0.9941999912261963
7994.43017578125,0.9941999912261963
7994.6201171875,0.9941999912261963
7994.81005859375,0.9941999912261963
7995.009765625,0.9941999912261963
7995.2001953125,0.9941999912261963
7995.39013671875,0.9941999912261963
7995.580078125,0.9941999912261963
7995.77978515625,0.9941999912261963
7995.97021484375,0.9941999912261963
7996.16015625,0.9941999912261963
7996.35009765625,0.9940999746322632
7996.5400390625,0.9940999746322632
7996.740234375,0.9940999746322632
7996.93017578125,0.9940999746322632
7997.1201171875,0.9940999746322632
7997.31005859375,0.9940999746322632
7997.509765625,0.9940999746322632
7997.7001953125,0.9940999746322632
7997.89013671875,0.9940999746322632
7998.080078125,0.9940999746322632
7998.27001953125,0.9940999746322632
7998.47021484375,0.9940999746322632
7998.66015625,0.9940999746322632
7998.85009765625,0.9940000176429749
7999.0400390625,0.9940000176429749
7999.240234375,0.9940000176429749
7999.43017578125,0.9940000176429749
7999.6201171875,0.9940000176429749
7999.81005859375,0.9940000176429749
8000.0,0.9940000176429749
8000.2001953125,0.9940000176429749
8000.39013671875,0.9939000010490417
8000.580078125,0.9939000010490417
8000.77001953125,0.9939000010490417
8000.97021484375,0.9937999844551086
8001.16015625,0.9937999844551086
8001.33984375,0.9937999844551086
8001.5400390625,0.9937000274658203
8001.72998046875,0.9937000274658203
8001.919921875,0.9937000274658203
8002.10986328125,0.9936000108718872
8002.31005859375,0.9936000108718872
8002.5,0.9936000108718872
8002.68994140625,0.9934999942779541
8002.8798828125,0.9934999942779541
8003.080078125,0.993399977684021
8003.27001953125,0.993399977684021
8003.4599609375,0.993399977684021
8003.64990234375,0.9933000206947327
8003.83984375,0.9933000206947327
8004.0400390625,0.9933000206947327
8004.22998046875,0.9932000041007996
8004.419921875,0.9932000041007996
8004.60986328125,0.9932000041007996
8004.81005859375,0.9930999875068665
8005.0,0.9930999875068665
8005.18994140625,0.9930999875068665
8005.3798828125,0.9929999709129333
8005.580078125,0.9929999709129333
8005.77001953125,0.9929999709129333
8005.9599609375,0.992900013923645
8006.16015625,0.992900013923645
8006.33984375,0.992900013923645
8006.5400390625,0.9927999973297119
8006.72998046875,0.9927999973297119
8006.919921875,0.9927999973297119
8007.10986328125,0.9926999807357788
8007.31005859375,0.9926999807357788
8007.5,0.9926000237464905
8007.68994140625,0.9926000237464905
8007.8798828125,0.9926000237464905
8008.080078125,0.9925000071525574
8008.27001953125,0.9925000071525574
8008.4599609375,0.9925000071525574
8008.66015625,0.9923999905586243
8008.85009765625,0.9923999905586243
8009.0400390625,0.9923999905586243
8009.22998046875,0.9922999739646912
8009.43017578125,0.9922999739646912
8009.60986328125,0.9922999739646912
8009.7998046875,0.9922000169754028
8010.0,0.9922000169754028
8010.18994140625,0.9922000169754028
8010.3798828125,0.9921000003814697
8010.56982421875,0.9921000003814697
8010.77001953125,0.9921000003814697
8010.9599609375,0.9919999837875366
8011.14990234375,0.9919999837875366
8011.33984375,0.9919999837875366
8011.5400390625,0.9919000267982483
8011.72998046875,0.9919000267982483
8011.919921875,0.9919000267982483
8012.10986328125,0.9918000102043152
8012.31005859375,0.9918000102043152
8012.5,0.9918000102043152
8012.68994140625,0.9916999936103821
8012.8798828125,0.9916999936103821
8013.080078125,0.991599977016449
8013.27001953125,0.991599977016449
8013.4599609375,0.991599977016449
8013.66015625,0.9915000200271606
8013.85009765625,0.9915000200271606
8014.0400390625,0.9915000200271606
8014.22998046875,0.9914000034332275
8014.43017578125,0.9914000034332275
8014.6201171875,0.9914000034332275
8014.81005859375,0.9912999868392944
8015.0,0.9912999868392944
8015.2001953125,0.9912999868392944
8015.39013671875,0.9911999702453613
8015.580078125,0.9911999702453613
8015.77001953125,0.9911999702453613
8015.97021484375,0.991100013256073
8016.16015625,0.991100013256073
8016.35009765625,0.991100013256073
8016.5400390625,0.9909999966621399
8016.740234375,0.9909999966621399
8016.93017578125,0.9909999966621399
8017.1201171875,0.9908999800682068
8017.31005859375,0.9908999800682068
8017.509765625,0.9908000230789185
8017.7001953125,0.9908000230789185
8017.89990234375,0.9908000230789185
8018.080078125,0.9907000064849854
8018.27001953125,0.9907000064849854
8018.47021484375,0.9907000064849854
8018.66015625,0.9905999898910522
8018.85009765625,0.9905999898910522
8019.0400390625,0.9905999898910522
8019.240234375,0.9904999732971191
8019.43017578125,0.9904999732971191
8019.6201171875,0.9904999732971191
8019.81005859375,0.9904000163078308
8020.009765625,0.9904000163078308
8020.2001953125,0.9904000163078308
8020.39990234375,0.9902999997138977
8020.580078125,0.9902999997138977
8020.77978515625,0.9902999997138977
8020.97021484375,0.9901999831199646
8021.169921875,0.9901999831199646
8021.35986328125,0.9901999831199646
8021.5498046875,0.9901000261306763
8021.740234375,0.9901000261306763
8021.93994140625,0.9901000261306763
8022.1298828125,0.9900000095367432
8022.31982421875,0.9900000095367432
8022.509765625,0.9898999929428101
8022.7099609375,0.9898999929428101
8022.89990234375,0.9898999929428101
8023.08984375,0.989799976348877
8023.27978515625,0.989799976348877
8023.47998046875,0.989799976348877
8023.669921875,0.9897000193595886
8023.85986328125,0.9897000193595886
8024.06005859375,0.9897000193595886
8024.25,0.9896000027656555
8024.43994140625,0.9896000027656555
8024.6298828125,0.9896000027656555
8024.830078125,0.9894999861717224
8025.02001953125,0.9894999861717224
8025.2099609375,0.9894999861717224
8025.41015625,0.9894000291824341
8025.60009765625,0.9894000291824341
8025.7900390625,0.9894000291824341
8025.97998046875,0.989300012588501
8026.18017578125,0.989300012588501
8026.3701171875,0.989300012588501
8026.56005859375,0.9891999959945679
8026.75,0.9891999959945679
8026.9501953125,0.9891999959945679
8027.1298828125,0.9890999794006348
8027.330078125,0.9890999794006348
8027.52001953125,0.9890000224113464
8027.72021484375,0.9890000224113464
8027.91015625,0.9890000224113464
8028.10009765625,0.9889000058174133
8028.2900390625,0.9889000058174133
8028.490234375,0.9889000058174133
8028.68017578125,0.9887999892234802
8028.8701171875,0.9887999892234802
8029.06982421875,0.9887999892234802
8029.259765625,0.9886999726295471
8029.4501953125,0.9886999726295471
8029.64990234375,0.9886999726295471
8029.83984375,0.9886000156402588
8030.02978515625,0.9886000156402588
8030.22021484375,0.9886000156402588
8030.419921875,0.9884999990463257
8030.60986328125,0.9884999990463257
8030.7998046875,0.9884999990463257
8031.0,0.9883999824523926
8031.18994140625,0.9883999824523926
8031.3798828125,0.9883999824523926
8031.56982421875,0.9883000254631042
8031.77001953125,0.9883000254631042
8031.9599609375,0.9882000088691711
8032.16015625,0.9882000088691711
8032.35009765625,0.9882000088691711
8032.5400390625,0.988099992275238
8032.72998046875,0.988099992275238
8032.93017578125,0.988099992275238
8033.1201171875,0.9879999756813049
8033.31005859375,0.9879999756813049
8033.509765625,0.9879999756813049
8033.7001953125,0.9879000186920166
8033.89013671875,0.9879000186920166
8034.080078125,0.9879000186920166
8034.27978515625,0.9878000020980835
8034.47021484375,0.9878000020980835
8034.669921875,0.9878000020980835
8034.85009765625,0.9876999855041504
8035.0498046875,0.9876999855041504
8035.240234375,0.9876999855041504
8035.43017578125,0.9876000285148621
8035.6201171875,0.9876000285148621
8035.81982421875,0.9876000285148621
8036.009765625,0.987500011920929
8036.2001953125,0.987500011920929
8036.39013671875,0.9873999953269958
8036.58984375,0.9873999953269958
8036.77978515625,0.9873999953269958
8036.97998046875,0.9872999787330627
8037.169921875,0.9872999787330627
8037.35986328125,0.9872999787330627
8037.5498046875,0.9872000217437744
8037.75,0.9872000217437744
8037.93994140625,0.9872000217437744
8038.1298828125,0.9871000051498413
8038.330078125,0.9871000051498413
8038.52001953125,0.9871000051498413
8038.72021484375,0.9869999885559082
8038.91015625,0.9869999885559082
8039.10009765625,0.9869999885559082
8039.2900390625,0.9868999719619751
8039.490234375,0.9868999719619751
8039.68017578125,0.9868999719619751
8039.8701171875,0.9868000149726868
8040.06982421875,0.9868000149726868
8040.259765625,0.9868000149726868
8040.4501953125,0.9866999983787537
8040.64013671875,0.9866999983787537
8040.83984375,0.9865999817848206
8041.02978515625,0.9865999817848206
8041.22998046875,0.9865999817848206
8041.419921875,0.9865000247955322
8041.60986328125,0.9865000247955322
8041.81005859375,0.9865000247955322
8042.0,0.9864000082015991
8042.18994140625,0.9864000082015991
8042.3798828125,0.9864000082015991
8042.580078125,0.986299991607666
8042.77001953125,0.986299991607666
8042.97021484375,0.986299991607666
8043.16015625,0.9861999750137329
8043.35009765625,0.9861999750137329
8043.5400390625,0.9861999750137329
8043.72998046875,0.9861000180244446
8043.93017578125,0.9861000180244446
8044.1201171875,0.9861000180244446
8044.31005859375,0.9860000014305115
8044.509765625,0.9860000014305115
8044.7001953125,0.9860000014305115
8044.89013671875,0.9858999848365784
8045.08984375,0.9858999848365784
8045.27978515625,0.98580002784729
8045.47021484375,0.98580002784729
8045.66015625,0.98580002784729
8045.85986328125,0.9857000112533569
8046.0498046875,0.9857000112533569
8046.25,0.9857000112533569
8046.43994140625,0.9855999946594238
8046.6298828125,0.9855999946594238
8046.830078125,0.9855999946594238
8047.02001953125,0.9854999780654907
8047.2099609375,0.9854999780654907
8047.41015625,0.9854999780654907
8047.60009765625,0.9854000210762024
8047.7900390625,0.9854000210762024
8047.990234375,0.9854000210762024
8048.18017578125,0.9853000044822693
8048.3701171875,0.9853000044822693
8048.56982421875,0.9853000044822693
8048.759765625,0.9851999878883362
8048.9599609375,0.9851999878883362
8049.14990234375,0.9851999878883362
8049.33984375,0.9850999712944031
8049.52978515625,0.9850999712944031
8049.72998046875,0.9850000143051147
8049.919921875,0.9850000143051147
8050.10986328125,0.9850000143051147
8050.31005859375,0.9848999977111816
8050.5,0.9848999977111816
8050.68994140625,0.9847999811172485
8050.89013671875,0.9847999811172485
8051.080078125,0.9847999811172485
8051.27978515625,0.9847000241279602
8051.47021484375,0.9847000241279602
8051.66015625,0.9846000075340271
8051.85009765625,0.9846000075340271
8052.0400390625,0.9846000075340271
8052.240234375,0.984499990940094
8052.43017578125,0.984499990940094
8052.6201171875,0.9843999743461609
8052.81982421875,0.9843999743461609
8053.009765625,0.9843000173568726
8053.2099609375,0.9843000173568726
8053.39990234375,0.9843000173568726
8053.58984375,0.9842000007629395
8053.7900390625,0.9842000007629395
8053.97998046875,0.9840999841690063
8054.169921875,0.9840999841690063
8054.3701171875,0.984000027179718
8054.56005859375,0.984000027179718
8054.759765625,0.984000027179718
8054.9501953125,0.9839000105857849
8055.14013671875,0.9839000105857849
8055.330078125,0.9837999939918518
8055.52978515625,0.9837999939918518
8055.72021484375,0.9836999773979187
8055.91015625,0.9836999773979187
8056.10986328125,0.9836999773979187
8056.2998046875,0.9836000204086304
8056.5,0.9836000204086304
8056.68994140625,0.9835000038146973
8056.8798828125,0.9835000038146973
8057.080078125,0.9833999872207642
8057.27001953125,0.9833999872207642
8057.4599609375,0.9833999872207642
8057.66015625,0.983299970626831
8057.85009765625,0.983299970626831
8058.0498046875,0.9832000136375427
8058.240234375,0.9832000136375427
8058.43017578125,0.9830999970436096
8058.6298828125,0.9830999970436096
8058.81982421875,0.9830999970436096
8059.009765625,0.9829999804496765
8059.2099609375,0.9829999804496765
8059.39990234375,0.9829000234603882
8059.58984375,0.9829000234603882
8059.7900390625,0.9828000068664551
8059.97998046875,0.9828000068664551
8060.169921875,0.9828000068664551
8060.35986328125,0.982699990272522
8060.56005859375,0.982699990272522
8060.75,0.9825999736785889
8060.93994140625,0.9825999736785889
8061.14013671875,0.9825000166893005
8061.330078125,0.9825000166893005
8061.52978515625,0.9825000166893005
8061.72021484375,0.9824000000953674
8061.91015625,0.9824000000953674
8062.10986328125,0.9822999835014343
8062.2998046875,0.9822999835014343
8062.490234375,0.9822999835014343
8062.68994140625,0.982200026512146
8062.8798828125,0.982200026512146
8063.080078125,0.9821000099182129
8063.27001953125,0.9821000099182129
8063.4599609375,0.9819999933242798
8063.66015625,0.9819999933242798
8063.85009765625,0.9819999933242798
8064.0498046875,0.9818999767303467
8064.240234375,0.9818999767303467
8064.43017578125,0.9818000197410583
8064.6298828125,0.9818000197410583
8064.81982421875,0.9817000031471252
8065.009765625,0.9817000031471252
8065.2099609375,0.9817000031471252
8065.39990234375,0.9815999865531921
8065.60009765625,0.9815999865531921
8065.7900390625,0.9815000295639038
8065.97998046875,0.9815000295639038
8066.18017578125,0.9814000129699707
8066.3701171875,0.9814000129699707
8066.56982421875,0.9814000129699707
8066.759765625,0.9812999963760376
8066.9501953125,0.9812999963760376
8067.14990234375,0.9811999797821045
8067.33984375,0.9811999797821045
8067.5400390625,0.9811000227928162
8067.72998046875,0.9811000227928162
8067.919921875,0.9811000227928162
8068.1201171875,0.9810000061988831
8068.31005859375,0.9810000061988831
8068.5,0.98089998960495
8068.7001953125,0.98089998960495
8068.89013671875,0.9807999730110168
8069.080078125,0.9807999730110168
8069.27001953125,0.9807999730110168
8069.47021484375,0.9807000160217285
8069.66015625,0.9807000160217285
8069.85986328125,0.9805999994277954
8070.0498046875,0.9805999994277954
8070.240234375,0.9804999828338623
8070.43994140625,0.9804999828338623
8070.6298828125,0.9804999828338623
8070.830078125,0.980400025844574
8071.02001953125,0.980400025844574
8071.2099609375,0.9803000092506409
8071.41015625,0.9803000092506409
8071.60009765625,0.9801999926567078
8071.7900390625,0.9801999926567078
8071.990234375,0.9801999926567078
8072.18017578125,0.9800999760627747
8072.3798828125,0.9800999760627747
8072.56982421875,0.9800000190734863
8072.759765625,0.9800000190734863
8072.9599609375,0.9799000024795532
8073.14990234375,0.9799000024795532
8073.35009765625,0.9799000024795532
8073.5400390625,0.9797999858856201
8073.72998046875,0.9797999858856201
8073.93017578125,0.9797000288963318
8074.1201171875,0.9797000288963318
8074.31005859375,0.9797000288963318
8074.509765625,0.9796000123023987
8074.7099609375,0.9796000123023987
8074.89990234375,0.9794999957084656
8075.10009765625,0.9794999957084656
8075.2900390625,0.9793999791145325
8075.47998046875,0.9793999791145325
8075.68017578125,0.9793999791145325
8075.8701171875,0.9793000221252441
8076.06005859375,0.9793000221252441
8076.259765625,0.979200005531311
8076.4501953125,0.979200005531311
8076.64990234375,0.9790999889373779
8076.83984375,0.9790999889373779
8077.02978515625,0.9790999889373779
8077.22998046875,0.9789999723434448
8077.419921875,0.9789999723434448
8077.60986328125,0.9789000153541565
8077.7998046875,0.9789000153541565
8078.0,0.9787999987602234
8078.18994140625,0.9787999987602234
8078.39013671875,0.9787999987602234
8078.580078125,0.9786999821662903
8078.77978515625,0.9786999821662903
8078.97021484375,0.978600025177002
8079.169921875,0.978600025177002
8079.35986328125,0.9785000085830688
8079.5498046875,0.9785000085830688
8079.75,0.9785000085830688
8079.93994140625,0.9783999919891357
8080.14013671875,0.9783999919891357
8080.330078125,0.9782999753952026
8080.52001953125,0.9782999753952026
8080.72021484375,0.9782000184059143
8080.91015625,0.9782000184059143
8081.10009765625,0.9782000184059143
8081.2998046875,0.9781000018119812
8081.490234375,0.9781000018119812
8081.68994140625,0.9779999852180481
8081.8798828125,0.9779999852180481
8082.080078125,0.9779000282287598
8082.27001953125,0.9779000282287598
8082.47021484375,0.9779000282287598
8082.66015625,0.9778000116348267
8082.85009765625,0.9778000116348267
8083.0498046875,0.9776999950408936
8083.240234375,0.9776999950408936
8083.43994140625,0.9775999784469604
8083.6298828125,0.9775999784469604
8083.81982421875,0.9775999784469604
8084.02001953125,0.9775000214576721
8084.2099609375,0.9775000214576721
8084.41015625,0.977400004863739
8084.60009765625,0.977400004863739
8084.7998046875,0.9772999882698059
8084.990234375,0.9772999882698059
8085.18994140625,0.9772999882698059
8085.3798828125,0.9771999716758728
8085.56982421875,0.9771999716758728
8085.759765625,0.9771000146865845
8085.9599609375,0.9771000146865845
8086.14990234375,0.9769999980926514
8086.35009765625,0.9769999980926514
8086.5400390625,0.9769999980926514
8086.740234375,0.9768999814987183
8086.93017578125,0.9768999814987183
8087.1201171875,0.9768000245094299
8087.31982421875,0.9768000245094299
8087.509765625,0.9767000079154968
8087.7099609375,0.9767000079154968
8087.89990234375,0.9767000079154968
8088.08984375,0.9765999913215637
8088.2900390625,0.9765999913215637
8088.490234375,0.9764999747276306
8088.68017578125,0.9764999747276306
8088.8701171875,0.9764000177383423
8089.06982421875,0.9764000177383423
8089.259765625,0.9764000177383423
8089.4599609375,0.9763000011444092
8089.64990234375,0.9763000011444092
8089.83984375,0.9761999845504761
8090.0400390625,0.9761999845504761
8090.22998046875,0.9761000275611877
8090.43017578125,0.9761000275611877
8090.6201171875,0.9761000275611877
8090.81982421875,0.9760000109672546
8091.009765625,0.9760000109672546
8091.2099609375,0.9758999943733215
8091.39990234375,0.9758999943733215
8091.58984375,0.9757999777793884
8091.7900390625,0.9757999777793884
8091.97998046875,0.9757999777793884
8092.18017578125,0.9757000207901001
8092.3701171875,0.9757000207901001
8092.56982421875,0.975600004196167
8092.759765625,0.975600004196167
8092.9501953125,0.975600004196167
8093.14990234375,0.9754999876022339
8093.33984375,0.9754999876022339
8093.5400390625,0.9753999710083008
8093.740234375,0.9753999710083008
8093.93017578125,0.9753000140190125
8094.1201171875,0.9753000140190125
8094.31005859375,0.9753000140190125
8094.509765625,0.9751999974250793
8094.7001953125,0.9751999974250793
8094.89990234375,0.9750999808311462
8095.08984375,0.9750999808311462
8095.2900390625,0.9750000238418579
8095.47998046875,0.9750000238418579
8095.669921875,0.9750000238418579
8095.8701171875,0.9749000072479248
8096.06005859375,0.9749000072479248
8096.259765625,0.9747999906539917
8096.4501953125,0.9747999906539917
8096.64990234375,0.9746999740600586
8096.83984375,0.9746999740600586
8097.0400390625,0.9746999740600586
8097.22998046875,0.9746000170707703
8097.419921875,0.9746000170707703
8097.6201171875,0.9745000004768372
8097.81982421875,0.9745000004768372
8098.009765625,0.974399983882904
8098.2001953125,0.974399983882904
8098.39990234375,0.974399983882904
8098.58984375,0.9743000268936157
8098.7900390625,0.9743000268936157
8098.97998046875,0.9742000102996826
8099.18017578125,0.9742000102996826
8099.3701171875,0.9740999937057495
8099.56982421875,0.9740999937057495
8099.759765625,0.9740999937057495
8099.9501953125,0.9739999771118164
8100.14990234375,0.9739999771118164
8100.35009765625,0.9739000201225281
8100.5400390625,0.9739000201225281
8100.72998046875,0.9739000201225281
8100.93017578125,0.973800003528595
8101.1201171875,0.973800003528595
8101.31982421875,0.973800003528595
8101.509765625,0.9736999869346619
8101.7099609375,0.9736999869346619
8101.89990234375,0.9736999869346619
8102.10009765625,0.9735999703407288
8102.2900390625,0.9735999703407288
8102.47998046875,0.9735999703407288
8102.68017578125,0.9735000133514404
8102.8701171875,0.9735000133514404
8103.06982421875,0.9733999967575073
8103.259765625,0.9733999967575073
8103.4501953125,0.9733999967575073
8103.64990234375,0.9732999801635742
8103.85009765625,0.9732999801635742
8104.0400390625,0.9732999801635742
8104.22998046875,0.9732000231742859
8104.43017578125,0.9732000231742859
8104.6201171875,0.9732000231742859
8104.81982421875,0.9731000065803528
8105.009765625,0.9731000065803528
8105.2099609375,0.9731000065803528
8105.39990234375,0.9729999899864197
8105.60009765625,0.9729999899864197
8105.7900390625,0.9729999899864197
8105.990234375,0.9728999733924866
8106.18017578125,0.9728999733924866
8106.3798828125,0.9728999733924866
8106.56982421875,0.9728000164031982
8106.759765625,0.9728000164031982
8106.9599609375,0.9726999998092651
8107.16015625,0.9726999998092651
8107.35009765625,0.9726999998092651
8107.5400390625,0.972599983215332
8107.740234375,0.972599983215332
8107.93994140625,0.972599983215332
8108.1298828125,0.9725000262260437
8108.31982421875,0.9725000262260437
8108.52001953125,0.9725000262260437
8108.7099609375,0.9724000096321106
8108.91015625,0.9724000096321106
8109.10009765625,0.9724000096321106
8109.2998046875,0.9722999930381775
8109.490234375,0.9722999930381775
8109.68994140625,0.9722999930381775
8109.8798828125,0.9721999764442444
8110.080078125,0.9721999764442444
8110.27001953125,0.9721999764442444
8110.47021484375,0.972100019454956
8110.66015625,0.972100019454956
8110.85986328125,0.972000002861023
8111.0498046875,0.972000002861023
8111.240234375,0.972000002861023
8111.43994140625,0.9718999862670898
8111.6298828125,0.9718999862670898
8111.830078125,0.9718999862670898
8112.02001953125,0.9718000292778015
8112.22021484375,0.9718000292778015
8112.41015625,0.9718000292778015
8112.60986328125,0.9717000126838684
8112.7998046875,0.9717000126838684
8113.0,0.9717000126838684
8113.18994140625,0.9715999960899353
8113.39013671875,0.9715999960899353
8113.580078125,0.9715999960899353
8113.77978515625,0.9714999794960022
8113.97021484375,0.9714999794960022
8114.16015625,0.9714000225067139
8114.35986328125,0.9714000225067139
8114.56005859375,0.9714000225067139
8114.75,0.9713000059127808
8114.9501953125,0.9713000059127808
8115.14013671875,0.9713000059127808
8115.33984375,0.9711999893188477
8115.52978515625,0.9711999893188477
8115.72998046875,0.9711999893188477
8115.919921875,0.9710999727249146
8116.1201171875,0.9710999727249146
8116.31005859375,0.9710999727249146
8116.509765625,0.9710000157356262
8116.7001953125,0.9710000157356262
8116.89990234375,0.9710000157356262
8117.08984375,0.9708999991416931
8117.2900390625,0.9708999991416931
8117.47998046875,0.9708999991416931
8117.68017578125,0.97079998254776
8117.8701171875,0.97079998254776
8118.06982421875,0.9707000255584717
8118.259765625,0.9707000255584717
8118.4599609375,0.9707000255584717
8118.64990234375,0.9706000089645386
8118.85009765625,0.9706000089645386
8119.0400390625,0.9706000089645386
8119.240234375,0.9704999923706055
8119.43017578125,0.9704999923706055
8119.6298828125,0.9704999923706055
8119.81982421875,0.9703999757766724
8120.02001953125,0.9703999757766724
8120.2099609375,0.9703999757766724
8120.39990234375,0.970300018787384
8120.60009765625,0.970300018787384
8120.7998046875,0.970300018787384
8120.990234375,0.9702000021934509
8121.18017578125,0.9702000021934509
8121.3798828125,0.9702000021934509
8121.580078125,0.9700999855995178
8121.77001953125,0.9700999855995178
8121.9599609375,0.9700000286102295
8122.16015625,0.9700000286102295
8122.35986328125,0.9700000286102295
8122.5498046875,0.9699000120162964
8122.740234375,0.9699000120162964
8122.93994140625,0.9699000120162964
8123.14013671875,0.9697999954223633
8123.330078125,0.9697999954223633
8123.52001953125,0.9697999954223633
8123.72021484375,0.9696999788284302
8123.919921875,0.9696999788284302
8124.10986328125,0.9696999788284302
8124.31005859375,0.9696000218391418
8124.5,0.9696000218391418
8124.7001953125,0.9696000218391418
8124.89013671875,0.9695000052452087
8125.08984375,0.9695000052452087
8125.27978515625,0.9693999886512756
8125.47998046875,0.9693999886512756
8125.669921875,0.9693999886512756
8125.8701171875,0.9692999720573425
8126.06005859375,0.9692999720573425
8126.259765625,0.9692999720573425
8126.4599609375,0.9692000150680542
8126.64990234375,0.9692000150680542
8126.85009765625,0.9692000150680542
8127.0400390625,0.9690999984741211
8127.240234375,0.9690999984741211
8127.43017578125,0.9690999984741211
8127.6298828125,0.968999981880188
8127.81982421875,0.968999981880188
8128.02001953125,0.968999981880188
8128.2099609375,0.9689000248908997
8128.39990234375,0.9689000248908997
8128.60009765625,0.9689000248908997
8128.7900390625,0.9688000082969666
8128.990234375,0.9688000082969666
8129.18994140625,0.9686999917030334
8129.3798828125,0.9686999917030334
8129.56982421875,0.9686999917030334
8129.77001953125,0.9685999751091003
8129.97021484375,0.9685999751091003
8130.16015625,0.9685999751091003
8130.35009765625,0.968500018119812
8130.5498046875,0.968500018119812
8130.75,0.968500018119812
8130.93994140625,0.9684000015258789
8131.14013671875,0.9684000015258789
8131.330078125,0.9684000015258789
8131.52978515625,0.9682999849319458
8131.72998046875,0.9682999849319458
8131.919921875,0.9682999849319458
8132.10986328125,0.9682000279426575
8132.31005859375,0.9682000279426575
8132.509765625,0.9681000113487244
8132.7001953125,0.9681000113487244
8132.89990234375,0.9681000113487244
8133.08984375,0.9679999947547913
8133.2900390625,0.9679999947547913
8133.47998046875,0.9679999947547913
8133.68017578125,0.9678999781608582
8133.8701171875,0.9678999781608582
8134.06982421875,0.9678999781608582
8134.27001953125,0.9678000211715698
8134.4599609375,0.9678000211715698
8134.64990234375,0.9678000211715698
8134.85009765625,0.9677000045776367
8135.0498046875,0.9677000045776367
8135.240234375,0.9677000045776367
8135.43994140625,0.9675999879837036
8135.6298828125,0.9675999879837036
8135.830078125,0.9675999879837036
8136.02978515625,0.9674999713897705
8136.22021484375,0.9674999713897705
8136.41015625,0.9674000144004822
8136.60986328125,0.9674000144004822
8136.7998046875,0.9674000144004822
8137.0,0.9672999978065491
8137.18994140625,0.9672999978065491
8137.39013671875,0.9672999978065491
8137.580078125,0.967199981212616
8137.77978515625,0.967199981212616
8137.97021484375,0.967199981212616
8138.169921875,0.9671000242233276
8138.3701171875,0.9671000242233276
8138.56005859375,0.9671000242233276
8138.759765625,0.9670000076293945
8138.9501953125,0.9670000076293945
8139.14990234375,0.9670000076293945
8139.35009765625,0.9668999910354614
8139.5400390625,0.9668999910354614
8139.72998046875,0.9667999744415283
8139.93017578125,0.9667999744415283
8140.1298828125,0.9667999744415283
8140.31982421875,0.96670001745224
8140.52001953125,0.96670001745224
8140.7099609375,0.96670001745224
8140.91015625,0.9666000008583069
8141.10986328125,0.9666000008583069
8141.2998046875,0.9666000008583069
8141.490234375,0.9664999842643738
8141.68994140625,0.9664999842643738
8141.89013671875,0.9664999842643738
8142.080078125,0.9664000272750854
8142.27978515625,0.9664000272750854
8142.47021484375,0.9664000272750854
8142.669921875,0.9663000106811523
8142.8701171875,0.9663000106811523
8143.06005859375,0.9661999940872192
8143.259765625,0.9661999940872192
8143.4501953125,0.9661999940872192
8143.64990234375,0.9660999774932861
8143.85009765625,0.9660999774932861
8144.0400390625,0.9660999774932861
8144.22998046875,0.9660000205039978
8144.43017578125,0.9660000205039978
8144.6298828125,0.9660000205039978
8144.81982421875,0.9659000039100647
8145.02001953125,0.9659000039100647
8145.2099609375,0.9659000039100647
8145.41015625,0.9657999873161316
8145.60009765625,0.9657999873161316
8145.7998046875,0.9657999873161316
8145.990234375,0.9656999707221985
8146.18994140625,0.9656999707221985
8146.39013671875,0.9656000137329102
8146.580078125,0.9656000137329102
8146.77001953125,0.9656000137329102
8146.97021484375,0.965499997138977
8147.169921875,0.965499997138977
8147.35986328125,0.965499997138977
8147.56005859375,0.965399980545044
8147.75,0.965399980545044
8147.9501953125,0.965399980545044
8148.14990234375,0.9653000235557556
8148.33984375,0.9653000235557556
8148.5400390625,0.9653000235557556
8148.72998046875,0.9652000069618225
8148.93017578125,0.9652000069618225
8149.1201171875,0.9652000069618225
8149.31982421875,0.9650999903678894
8149.52001953125,0.9650999903678894
8149.7099609375,0.9650999903678894
8149.91015625,0.9649999737739563
8150.10009765625,0.9649999737739563
8150.2998046875,0.9649999737739563
8150.5,0.964900016784668
8150.68994140625,0.964900016784668
8150.89013671875,0.964900016784668
8151.080078125,0.9648000001907349
8151.27978515625,0.9648000001907349
8151.47998046875,0.9648000001907349
8151.669921875,0.9646999835968018
8151.8701171875,0.9646999835968018
8152.06005859375,0.9646999835968018
8152.259765625,0.9646000266075134
8152.4501953125,0.9646000266075134
8152.64990234375,0.9646000266075134
8152.85009765625,0.9645000100135803
8153.0400390625,0.9645000100135803
8153.240234375,0.9645000100135803
8153.43017578125,0.9645000100135803
8153.6298828125,0.9643999934196472
8153.81982421875,0.9643999934196472
8154.02001953125,0.9643999934196472
8154.2099609375,0.9642999768257141
8154.41015625,0.9642999768257141
8154.60009765625,0.9642999768257141
8154.7998046875,0.9642000198364258
8154.990234375,0.9642000198364258
8155.18994140625,0.9642000198364258
8155.39013671875,0.9641000032424927
8155.58984375,0.9641000032424927
8155.77978515625,0.9641000032424927
8155.97998046875,0.9639999866485596
8156.169921875,0.9639999866485596
8156.3701171875,0.9639999866485596
8156.56982421875,0.9639000296592712
8156.759765625,0.9639000296592712
8156.9599609375,0.9639000296592712
8157.14990234375,0.9639000296592712
8157.35009765625,0.9638000130653381
8157.5400390625,0.9638000130653381
8157.740234375,0.9638000130653381
8157.93994140625,0.963699996471405
8158.1298828125,0.963699996471405
8158.330078125,0.963699996471405
8158.52001953125,0.9635999798774719
8158.72021484375,0.9635999798774719
8158.919921875,0.9635999798774719
8159.10986328125,0.9635000228881836
8159.31005859375,0.9635000228881836
8159.5,0.9635000228881836
8159.7001953125,0.9634000062942505
8159.89990234375,0.9634000062942505
8160.08984375,0.9634000062942505
8160.2900390625,0.9634000062942505
8160.490234375,0.9632999897003174
8160.68017578125,0.9632999897003174
8160.8798828125,0.9632999897003174
8161.06982421875,0.9631999731063843
8161.27001953125,0.9631999731063843
8161.47021484375,0.9631999731063843
8161.66015625,0.963100016117096
8161.85986328125,0.963100016117096
8162.0498046875,0.963100016117096
8162.25,0.9629999995231628
8162.43994140625,0.9629999995231628
8162.64013671875,0.9629999995231628
8162.830078125,0.9628999829292297
8163.02978515625,0.9628999829292297
8163.22998046875,0.9628999829292297
8163.419921875,0.9628999829292297
8163.6201171875,0.9628000259399414
8163.81005859375,0.9628000259399414
8164.009765625,0.9628000259399414
8164.2099609375,0.9627000093460083
8164.39990234375,0.9627000093460083
8164.60009765625,0.9627000093460083
8164.7998046875,0.9625999927520752
8164.990234375,0.9625999927520752
8165.18994140625,0.9625999927520752
8165.3798828125,0.9624999761581421
8165.580078125,0.9624999761581421
8165.77978515625,0.9624999761581421
8165.97998046875,0.9624000191688538
8166.169921875,0.9624000191688538
8166.3701171875,0.9624000191688538
8166.56005859375,0.9624000191688538
8166.759765625,0.9623000025749207
8166.9501953125,0.9623000025749207
8167.14990234375,0.9623000025749207
8167.35009765625,0.9621999859809875
8167.5400390625,0.9621999859809875
8167.740234375,0.9621999859809875
8167.93017578125,0.9621000289916992
8168.1298828125,0.9621000289916992
8168.330078125,0.9621000289916992
8168.52978515625,0.9620000123977661
8168.72021484375,0.9620000123977661
8168.919921875,0.9620000123977661
8169.10986328125,0.961899995803833
8169.31005859375,0.961899995803833
8169.5,0.961899995803833
8169.7001953125,0.9617999792098999
8169.89990234375,0.9617999792098999
8170.10009765625,0.9617999792098999
8170.2900390625,0.9617999792098999
8170.490234375,0.9617000222206116
8170.68017578125,0.9617000222206116
8170.8798828125,0.9617000222206116
8171.080078125,0.9616000056266785
8171.27001953125,0.9616000056266785
8171.4599609375,0.9616000056266785
8171.66015625,0.9614999890327454
8171.85986328125,0.9614999890327454
8172.0498046875,0.9614999890327454
8172.25,0.9613999724388123
8172.4501953125,0.9613999724388123
8172.64013671875,0.9613999724388123
8172.83984375,0.9613000154495239
8173.02978515625,0.9613000154495239
8173.22998046875,0.9613000154495239
8173.43017578125,0.9613000154495239
8173.6298828125,0.9611999988555908
8173.81982421875,0.9611999988555908
8174.02001953125,0.9611999988555908
8174.2099609375,0.9610999822616577
8174.41015625,0.9610999822616577
8174.60986328125,0.9610999822616577
8174.7998046875,0.9610000252723694
8175.0,0.9610000252723694
8175.2001953125,0.9610000252723694
8175.39013671875,0.9609000086784363
8175.58984375,0.9609000086784363
8175.7900390625,0.9609000086784363
8175.97998046875,0.9607999920845032
8176.18017578125,0.9607999920845032
8176.3701171875,0.9607999920845032
8176.56982421875,0.9606999754905701
8176.77001953125,0.9606999754905701
8176.97021484375,0.9606999754905701
8177.16015625,0.9606999754905701
8177.35986328125,0.9606000185012817
8177.5498046875,0.9606000185012817
8177.75,0.9606000185012817
8177.9501953125,0.9605000019073486
8178.14013671875,0.9605000019073486
8178.33984375,0.9605000019073486
8178.5400390625,0.9603999853134155
8178.72998046875,0.9603999853134155
8178.93017578125,0.9603999853134155
8179.1201171875,0.9603000283241272
8179.31982421875,0.9603000283241272
8179.52001953125,0.9603000283241272
8179.7099609375,0.9602000117301941
8179.91015625,0.9602000117301941
8180.10009765625,0.9602000117301941
8180.2998046875,0.9602000117301941
8180.5,0.960099995136261
8180.68994140625,0.960099995136261
8180.89013671875,0.960099995136261
8181.08984375,0.9599999785423279
8181.2900390625,0.9599999785423279
8181.47998046875,0.9599999785423279
8181.68017578125,0.9599000215530396
8181.8701171875,0.9599000215530396
8182.06982421875,0.9599000215530396
8182.27001953125,0.9598000049591064
8182.4599609375,0.9598000049591064
8182.66015625,0.9598000049591064
8182.85986328125,0.9596999883651733
8183.06005859375,0.9596999883651733
8183.25,0.9596999883651733
8183.4501953125,0.9595999717712402
8183.64013671875,0.9595999717712402
8183.83984375,0.9595999717712402
8184.02978515625,0.9595999717712402
8184.22998046875,0.9595000147819519
8184.43017578125,0.9595000147819519
8184.6298828125,0.9595000147819519
8184.830078125,0.9593999981880188
8185.02001953125,0.9593999981880188
8185.22021484375,0.9593999981880188
8185.41015625,0.9592999815940857
8185.60986328125,0.9592999815940857
8185.7998046875,0.9592999815940857
8186.0,0.9592000246047974
8186.2001953125,0.9592000246047974
8186.39990234375,0.9592000246047974
8186.60009765625,0.9591000080108643
8186.7900390625,0.9591000080108643
8186.990234375,0.9591000080108643
8187.18017578125,0.9589999914169312
8187.3798828125,0.9589999914169312
8187.580078125,0.9589999914169312
8187.77001953125,0.9589999914169312
8187.97021484375,0.958899974822998
8188.16015625,0.958899974822998
8188.35986328125,0.958899974822998
8188.56005859375,0.9588000178337097
8188.75,0.9588000178337097
8188.9501953125,0.9588000178337097
8189.14990234375,0.9587000012397766
8189.33984375,0.9587000012397766
8189.5400390625,0.9587000012397766
8189.740234375,0.9585999846458435
8189.93994140625,0.9585999846458435
8190.1298828125,0.9585999846458435
8190.330078125,0.9585000276565552
8190.52001953125,0.9585000276565552
8190.72021484375,0.9585000276565552
8190.919921875,0.9585000276565552
8191.10986328125,0.9584000110626221
8191.31005859375,0.9584000110626221
8191.509765625,0.9584000110626221
8191.7099609375,0.958299994468689
8191.89990234375,0.958299994468689
8192.099609375,0.958299994468689
8192.2998046875,0.9581999778747559
8192.490234375,0.9581999778747559
8192.6904296875,0.9581999778747559
8192.8896484375,0.9581000208854675
8193.080078125,0.9581000208854675
8193.2802734375,0.9581000208854675
8193.4697265625,0.9580000042915344
8193.669921875,0.9580000042915344
8193.8701171875,0.9580000042915344
8194.0703125,0.9578999876976013
8194.26953125,0.9578999876976013
8194.4599609375,0.9578999876976013
8194.66015625,0.9578999876976013
8194.8603515625,0.9577999711036682
8195.0498046875,0.9577999711036682
8195.25,0.9577999711036682
8195.4501953125,0.9577000141143799
8195.6396484375,0.9577000141143799
8195.83984375,0.9577000141143799
8196.0302734375,0.9575999975204468
8196.23046875,0.9575999975204468
8196.4296875,0.9575999975204468
8196.6298828125,0.9574999809265137
8196.8203125,0.9574999809265137
8197.01953125,0.9574999809265137
8197.2099609375,0.9574000239372253
8197.41015625,0.9574000239372253
8197.6103515625,0.9574000239372253
8197.7998046875,0.9574000239372253
8198.0,0.9573000073432922
8198.2001953125,0.9573000073432922
8198.400390625,0.9573000073432922
8198.58984375,0.9571999907493591
8198.7900390625,0.9571999907493591
8198.990234375,0.9571999907493591
8199.1796875,0.957099974155426
8199.3798828125,0.957099974155426
8199.580078125,0.957099974155426
8199.76953125,0.9570000171661377
8199.9697265625,0.9570000171661377
8200.169921875,0.9569000005722046
8200.3603515625,0.9567999839782715
8200.5595703125,0.9567000269889832
8200.759765625,0.95660001039505
8200.9599609375,0.95660001039505
8201.16015625,0.9564999938011169
8201.349609375,0.9563999772071838
8201.5498046875,0.9563000202178955
8201.75,0.9562000036239624
8201.9404296875,0.9560999870300293
8202.1396484375,0.9559999704360962
8202.33984375,0.9559000134468079
8202.5302734375,0.9557999968528748
8202.73046875,0.9556999802589417
8202.9296875,0.9556999802589417
8203.1201171875,0.9556000232696533
8203.3203125,0.9555000066757202
8203.51953125,0.9553999900817871
8203.7197265625,0.955299973487854
8203.91015625,0.9552000164985657
8204.1103515625,0.9550999999046326
8204.3095703125,0.9549999833106995
8204.509765625,0.9549000263214111
8204.7001953125,0.954800009727478
8204.900390625,0.9546999931335449
8205.099609375,0.9546999931335449
8205.2900390625,0.9545999765396118
8205.48046875,0.9545000195503235
8205.6796875,0.9544000029563904
8205.8798828125,0.9542999863624573
8206.080078125,0.954200029373169
8206.2802734375,0.9541000127792358
8206.4697265625,0.9539999961853027
8206.669921875,0.9538999795913696
8206.8701171875,0.9538000226020813
8207.0703125,0.9538000226020813
8207.259765625,0.9537000060081482
8207.4599609375,0.9535999894142151
8207.66015625,0.953499972820282
8207.849609375,0.9534000158309937
8208.0498046875,0.9532999992370605
8208.25,0.9531999826431274
8208.4404296875,0.9531000256538391
8208.6396484375,0.953000009059906
8208.83984375,0.9528999924659729
8209.0400390625,0.9527999758720398
8209.23046875,0.9527999758720398
8209.4296875,0.9527000188827515
8209.6298828125,0.9526000022888184
8209.8203125,0.9524999856948853
8210.01953125,0.9524000287055969
8210.2197265625,0.9523000121116638
8210.419921875,0.9521999955177307
8210.6201171875,0.9520999789237976
8210.8095703125,0.9520000219345093
8211.009765625,0.9519000053405762
8211.2099609375,0.9517999887466431
8211.41015625,0.9517999887466431
8211.599609375,0.95169997215271
8211.7998046875,0.9516000151634216
8212.0,0.9514999985694885
8212.1904296875,0.9513999819755554
8212.3896484375,0.9513000249862671
8212.58984375,0.951200008392334
8212.7900390625,0.9510999917984009
8212.98046875,0.9509999752044678
8213.1796875,0.9509000182151794
8213.3798828125,0.9508000016212463
8213.5703125,0.9508000016212463
8213.76953125,0.9506999850273132
8213.9697265625,0.9506000280380249
8214.16015625,0.9505000114440918
8214.3603515625,0.9503999948501587
8214.5595703125,0.9502999782562256
8214.759765625,0.9502000212669373
8214.9501953125,0.9501000046730042
8215.150390625,0.949999988079071
8215.349609375,0.9498999714851379
8215.5400390625,0.9498000144958496
8215.740234375,0.9498000144958496
8215.9404296875,0.9496999979019165
8216.1396484375,0.9495999813079834
8216.330078125,0.9495000243186951
8216.5302734375,0.949400007724762
8216.73046875,0.9492999911308289
8216.919921875,0.9491999745368958
8217.1201171875,0.9491000175476074
8217.3203125,0.9490000009536743
8217.51953125,0.9488999843597412
8217.7099609375,0.9488999843597412
8217.91015625,0.9488000273704529
8218.1103515625,0.9487000107765198
8218.3095703125,0.9485999941825867
8218.5,0.9484999775886536
8218.7001953125,0.9484000205993652
8218.900390625,0.9483000040054321
8219.099609375,0.948199987411499
8219.2900390625,0.9480999708175659
8219.490234375,0.9480000138282776
8219.6904296875,0.9478999972343445
8219.8896484375,0.9478999972343445
8220.080078125,0.9477999806404114
8220.2802734375,0.947700023651123
8220.48046875,0.9476000070571899
8220.6796875,0.9474999904632568
8220.8798828125,0.9473999738693237
8221.0703125,0.9473000168800354
8221.26953125,0.9472000002861023
8221.4697265625,0.9470999836921692
8221.669921875,0.9470000267028809
8221.8603515625,0.9469000101089478
8222.0595703125,0.9469000101089478
8222.259765625,0.9467999935150146
8222.4599609375,0.9466999769210815
8222.66015625,0.9466000199317932
8222.849609375,0.9465000033378601
8223.0400390625,0.946399986743927
8223.240234375,0.9463000297546387
8223.4404296875,0.9462000131607056
8223.6396484375,0.9460999965667725
8223.830078125,0.9459999799728394
8224.0302734375,0.945900022983551
8224.23046875,0.945900022983551
8224.4296875,0.9458000063896179
8224.6201171875,0.9456999897956848
8224.8203125,0.9455999732017517
8225.01953125,0.9455000162124634
8225.2197265625,0.9453999996185303
8225.41015625,0.9452999830245972
8225.6103515625,0.9452000260353088
8225.8095703125,0.9451000094413757
8226.009765625,0.9449999928474426
8226.2099609375,0.9448999762535095
8226.400390625,0.9448999762535095
8226.599609375,0.9448000192642212
8226.7998046875,0.9447000026702881
8227.0,0.944599986076355
8227.1904296875,0.9445000290870667
8227.3896484375,0.9444000124931335
8227.58984375,0.9442999958992004
8227.7900390625,0.9441999793052673
8227.98046875,0.944100022315979
8228.1796875,0.9440000057220459
8228.3798828125,0.9438999891281128
8228.580078125,0.9438999891281128
8228.76953125,0.9437999725341797
8228.9697265625,0.9437000155448914
8229.169921875,0.9435999989509583
8229.3701171875,0.9434999823570251
8229.5703125,0.9434000253677368
8229.759765625,0.9433000087738037
8229.9599609375,0.9431999921798706
8230.16015625,0.9430999755859375
8230.3603515625,0.9430000185966492
8230.5498046875,0.9429000020027161
8230.75,0.9429000020027161
8230.9501953125,0.942799985408783
8231.150390625,0.9427000284194946
8231.33984375,0.9426000118255615
8231.5400390625,0.9424999952316284
8231.740234375,0.9423999786376953
8231.9404296875,0.942300021648407
8232.1298828125,0.9422000050544739
8232.330078125,0.9420999884605408
8232.5302734375,0.9419999718666077
8232.73046875,0.9419000148773193
8232.9296875,0.9419000148773193
8233.1201171875,0.9417999982833862
8233.3203125,0.9416999816894531
8233.51953125,0.9416000247001648
8233.7197265625,0.9415000081062317
8233.91015625,0.9413999915122986
8234.1103515625,0.9412999749183655
8234.3095703125,0.9412000179290771
8234.509765625,0.941100001335144
8234.7099609375,0.9409999847412109
8234.900390625,0.9409000277519226
8235.099609375,0.9409000277519226
8235.2998046875,0.9408000111579895
8235.5,0.9406999945640564
8235.6904296875,0.9405999779701233
8235.8896484375,0.940500020980835
8236.08984375,0.9404000043869019
8236.2900390625,0.9402999877929688
8236.490234375,0.9401999711990356
8236.6796875,0.9401000142097473
8236.8798828125,0.9399999976158142
8237.080078125,0.9398999810218811
8237.2802734375,0.9398999810218811
8237.48046875,0.9398000240325928
8237.669921875,0.9397000074386597
8237.8701171875,0.9395999908447266
8238.0703125,0.9394999742507935
8238.26953125,0.9394000172615051
8238.4697265625,0.939300000667572
8238.669921875,0.9391999840736389
8238.8603515625,0.9391000270843506
8239.0595703125,0.9390000104904175
8239.259765625,0.9388999938964844
8239.4599609375,0.9387999773025513
8239.66015625,0.9387999773025513
8239.849609375,0.9387000203132629
8240.0400390625,0.9386000037193298
8240.240234375,0.9384999871253967
8240.4404296875,0.9383999705314636
8240.6396484375,0.9383000135421753
8240.83984375,0.9381999969482422
8241.0400390625,0.9380999803543091
8241.23046875,0.9380000233650208
8241.4296875,0.9379000067710876
8241.6298828125,0.9379000067710876
8241.830078125,0.9377999901771545
8242.0302734375,0.9376999735832214
8242.23046875,0.9376000165939331
8242.419921875,0.9375
8242.6201171875,0.9373999834060669
8242.8203125,0.9373000264167786
8243.01953125,0.9372000098228455
8243.2197265625,0.9370999932289124
8243.41015625,0.9369999766349792
8243.6103515625,0.9369000196456909
8243.8095703125,0.9368000030517578
8244.009765625,0.9368000030517578
8244.2001953125,0.9366999864578247
8244.400390625,0.9366000294685364
8244.599609375,0.9365000128746033
8244.7998046875,0.9363999962806702
8245.0,0.9362999796867371
8245.1904296875,0.9362000226974487
8245.3896484375,0.9361000061035156
8245.58984375,0.9359999895095825
8245.7900390625,0.9358999729156494
8245.990234375,0.9358000159263611
8246.1904296875,0.9358000159263611
8246.3798828125,0.935699999332428
8246.580078125,0.9355999827384949
8246.7802734375,0.9355000257492065
8246.98046875,0.9354000091552734
8247.1796875,0.9352999925613403
8247.3798828125,0.9351999759674072
8247.580078125,0.9351000189781189
8247.76953125,0.9350000023841858
8247.9697265625,0.9348999857902527
8248.169921875,0.9348000288009644
8248.3701171875,0.9348000288009644
8248.5595703125,0.9347000122070312
8248.759765625,0.9345999956130981
8248.9599609375,0.934499979019165
8249.16015625,0.9344000220298767
8249.349609375,0.9343000054359436
8249.5498046875,0.9341999888420105
8249.75,0.9340999722480774
8249.9501953125,0.9340000152587891
8250.150390625,0.933899998664856
8250.33984375,0.933899998664856
8250.5400390625,0.9337999820709229
8250.740234375,0.9337000250816345
8250.9404296875,0.9336000084877014
8251.1298828125,0.9334999918937683
8251.330078125,0.9333999752998352
8251.5302734375,0.9333999752998352
8251.73046875,0.9333000183105469
8251.9296875,0.9332000017166138
8252.1298828125,0.9330999851226807
8252.330078125,0.9330000281333923
8252.5302734375,0.9329000115394592
8252.7197265625,0.9329000115394592
8252.919921875,0.9327999949455261
8253.1201171875,0.932699978351593
8253.3203125,0.9326000213623047
8253.51953125,0.9325000047683716
8253.7099609375,0.9323999881744385
8253.91015625,0.9323999881744385
8254.1103515625,0.9322999715805054
8254.3095703125,0.932200014591217
8254.509765625,0.9320999979972839
8254.7099609375,0.9319999814033508
8254.900390625,0.9319000244140625
8255.099609375,0.9319000244140625
8255.2998046875,0.9318000078201294
8255.5,0.9316999912261963
8255.7001953125,0.9315999746322632
8255.900390625,0.9315000176429749
8256.099609375,0.9314000010490417
8256.2900390625,0.9314000010490417
8256.490234375,0.9312999844551086
8256.6904296875,0.9312000274658203
8256.8896484375,0.9311000108718872
8257.080078125,0.9309999942779541
8257.2802734375,0.930899977684021
8257.48046875,0.930899977684021
8257.6796875,0.9308000206947327
8257.8798828125,0.9307000041007996
8258.0703125,0.9305999875068665
8258.26953125,0.9304999709129333
8258.4697265625,0.930400013923645
8258.669921875,0.930400013923645
8258.8701171875,0.9302999973297119
8259.0703125,0.9301999807357788
8259.259765625,0.9301000237464905
8259.4599609375,0.9300000071525574
8259.66015625,0.9298999905586243
8259.8603515625,0.9298999905586243
8260.0595703125,0.9297999739646912
8260.259765625,0.9297000169754028
8260.4599609375,0.9296000003814697
8260.650390625,0.9294999837875366
8260.849609375,0.9294000267982483
8261.0498046875,0.9294000267982483
8261.25,0.9293000102043152
8261.4501953125,0.9291999936103821
8261.650390625,0.929099977016449
8261.849609375,0.9290000200271606
8262.0400390625,0.9289000034332275
8262.240234375,0.9289000034332275
8262.4404296875,0.9287999868392944
8262.6396484375,0.9286999702453613
8262.83984375,0.928600013256073
8263.0400390625,0.9284999966621399
8263.23046875,0.9283999800682068
8263.4296875,0.9283999800682068
8263.6298828125,0.9283000230789185
8263.830078125,0.9282000064849854
8264.0302734375,0.9280999898910522
8264.23046875,0.9279999732971191
8264.4296875,0.9279000163078308
8264.6298828125,0.9279000163078308
8264.830078125,0.9277999997138977
8265.01953125,0.9276999831199646
8265.2197265625,0.9276000261306763
8265.419921875,0.9275000095367432
8265.6201171875,0.9273999929428101
8265.8095703125,0.9273999929428101
8266.009765625,0.927299976348877
8266.2099609375,0.9272000193595886
8266.41015625,0.9271000027656555
8266.6103515625,0.9269999861717224
8266.7998046875,0.9269000291824341
8267.0,0.9269000291824341
8267.2001953125,0.926800012588501
8267.400390625,0.9266999959945679
8267.599609375,0.9265999794006348
8267.7998046875,0.9265000224113464
8268.0,0.9264000058174133
8268.2001953125,0.9264000058174133
8268.3896484375,0.9262999892234802
8268.58984375,0.9261999726295471
8268.7900390625,0.9261000156402588
8268.990234375,0.9259999990463257
8269.1904296875,0.9258999824523926
8269.3896484375,0.9258999824523926
8269.58984375,0.9258000254631042
8269.7900390625,0.9257000088691711
8269.990234375,0.925599992275238
8270.1796875,0.9254999756813049
8270.3798828125,0.9254000186920166
8270.580078125,0.9254000186920166
8270.7802734375,0.9253000020980835
8270.98046875,0.9251999855041504
8271.1796875,0.9251000285148621
8271.3798828125,0.925000011920929
8271.580078125,0.9248999953269958
8271.7802734375,0.9248999953269958
8271.9697265625,0.9247999787330627
8272.169921875,0.9247000217437744
8272.3701171875,0.9246000051498413
8272.5703125,0.9244999885559082
8272.76953125,0.9243999719619751
8272.9599609375,0.9243999719619751
8273.169921875,0.9243000149726868
8273.3603515625,0.9241999983787537
8273.5595703125,0.9240999817848206
8273.759765625,0.9240000247955322
8273.9599609375,0.9239000082015991
8274.16015625,0.9239000082015991
8274.3603515625,0.923799991607666
8274.5498046875,0.9236999750137329
8274.75,0.9236000180244446
8274.9501953125,0.9235000014305115
8275.150390625,0.9233999848365784
8275.349609375,0.9233999848365784
8275.5400390625,0.92330002784729
8275.75,0.9232000112533569
8275.9501953125,0.9230999946594238
8276.1396484375,0.9229999780654907
8276.33984375,0.9229000210762024
8276.5400390625,0.9229000210762024
8276.740234375,0.9228000044822693
8276.9404296875,0.9226999878883362
8277.1396484375,0.9225999712944031
8277.330078125,0.9225000143051147
8277.5400390625,0.9223999977111816
8277.740234375,0.9223999977111816
8277.9296875,0.9222999811172485
8278.1298828125,0.9222000241279602
8278.330078125,0.9221000075340271
8278.5302734375,0.921999990940094
8278.73046875,0.9218999743461609
8278.9296875,0.9218999743461609
8279.1298828125,0.9218000173568726
8279.330078125,0.9217000007629395
8279.5302734375,0.9215999841690063
8279.7197265625,0.921500027179718
8279.919921875,0.9214000105857849
8280.1201171875,0.9212999939918518
8280.3203125,0.9212999939918518
8280.51953125,0.9211999773979187
8280.7197265625,0.9211000204086304
8280.919921875,0.9210000038146973
8281.1201171875,0.9208999872207642
8281.3203125,0.920799970626831
8281.509765625,0.920799970626831
8281.7099609375,0.9207000136375427
8281.91015625,0.9205999970436096
8282.1103515625,0.9204999804496765
8282.3095703125,0.9204000234603882
8282.509765625,0.9203000068664551
8282.7099609375,0.9203000068664551
8282.91015625,0.920199990272522
8283.1103515625,0.9200999736785889
8283.2998046875,0.9200000166893005
8283.5,0.9199000000953674
8283.7001953125,0.9197999835014343
8283.900390625,0.9197999835014343
8284.08984375,0.919700026512146
8284.2900390625,0.9196000099182129
8284.5,0.9194999933242798
8284.7001953125,0.9193999767303467
8284.8896484375,0.9193000197410583
8285.08984375,0.9193000197410583
8285.2900390625,0.9192000031471252
8285.490234375,0.9190999865531921
8285.6904296875,0.9190000295639038
8285.8896484375,0.9189000129699707
8286.08984375,0.9187999963760376
8286.2900390625,0.9187999963760376
8286.490234375,0.9186999797821045
8286.6796875,0.9186000227928162
8286.8798828125,0.9185000061988831
8287.080078125,0.91839998960495
8287.2802734375,0.9182999730110168
8287.48046875,0.9182999730110168
8287.6796875,0.9182000160217285
8287.8798828125,0.9180999994277954
8288.080078125,0.9179999828338623
8288.2802734375,0.917900025844574
8288.48046875,0.9178000092506409
8288.6796875,0.9178000092506409
8288.8798828125,0.9176999926567078
8289.080078125,0.9175999760627747
8289.26953125,0.9175000190734863
8289.4697265625,0.9174000024795532
8289.669921875,0.9172999858856201
8289.8701171875,0.9172999858856201
8290.0703125,0.9172000288963318
8290.26953125,0.9171000123023987
8290.4697265625,0.9169999957084656
8290.669921875,0.9168999791145325
8290.8701171875,0.9168000221252441
8291.0703125,0.9168000221252441
8291.26953125,0.916700005531311
8291.4697265625,0.9165999889373779
8291.669921875,0.9164999723434448
8291.8603515625,0.9164000153541565
8292.0595703125,0.9162999987602234
8292.259765625,0.9162999987602234
8292.4599609375,0.9161999821662903
8292.650390625,0.916100025177002
8292.849609375,0.9160000085830688
8293.0498046875,0.9158999919891357
8293.25,0.9157999753952026
8293.4599609375,0.9157000184059143
8293.650390625,0.9157000184059143
8293.849609375,0.9156000018119812
8294.0498046875,0.9154999852180481
8294.25,0.9154000282287598
8294.4501953125,0.9153000116348267
8294.650390625,0.9151999950408936
8294.849609375,0.9151999950408936
8295.0498046875,0.9150999784469604
8295.25,0.9150000214576721
8295.4501953125,0.914900004863739
8295.650390625,0.9147999882698059
8295.849609375,0.9146999716758728
8296.0498046875,0.9146999716758728
8296.240234375,0.9146000146865845
8296.4404296875,0.9144999980926514
8296.6396484375,0.9143999814987183
8296.83984375,0.9143000245094299
8297.0400390625,0.9142000079154968
8297.240234375,0.9142000079154968
8297.4404296875,0.9140999913215637
8297.6396484375,0.9139999747276306
8297.83984375,0.9139000177383423
8298.0400390625,0.9138000011444092
8298.240234375,0.9136999845504761
8298.4404296875,0.9136999845504761
8298.6396484375,0.9136000275611877
8298.830078125,0.9135000109672546
8299.0302734375,0.9133999943733215
8299.240234375,0.9132999777793884
8299.4404296875,0.9132000207901001
8299.6298828125,0.9132000207901001
8299.830078125,0.913100004196167
8300.0302734375,0.9129999876022339
8300.23046875,0.9128000140190125
8300.4296875,0.9126999974250793
8300.6201171875,0.9125999808311462
8300.830078125,0.9124000072479248
8301.0302734375,0.9122999906539917
8301.23046875,0.9121999740600586
8301.419921875,0.9120000004768372
8301.6201171875,0.911899983882904
8301.8203125,0.9118000268936157
8302.01953125,0.9115999937057495
8302.2197265625,0.9114999771118164
8302.419921875,0.9114000201225281
8302.6201171875,0.9111999869346619
8302.8203125,0.9110999703407288
8303.01953125,0.9108999967575073
8303.2197265625,0.9107999801635742
8303.419921875,0.9107000231742859
8303.6201171875,0.9104999899864197
8303.8203125,0.9103999733924866
8304.01953125,0.9103000164031982
8304.2197265625,0.910099983215332
8304.419921875,0.9100000262260437
8304.6201171875,0.9099000096321106
8304.8095703125,0.9096999764442444
8305.009765625,0.909600019454956
8305.2099609375,0.909500002861023
8305.419921875,0.9093000292778015
8305.6201171875,0.9092000126838684
8305.8095703125,0.9089999794960022
8306.009765625,0.9089000225067139
8306.2099609375,0.9088000059127808
8306.41015625,0.9085999727249146
8306.6103515625,0.9085000157356262
8306.8095703125,0.9083999991416931
8307.009765625,0.9082000255584717
8307.2099609375,0.9081000089645386
8307.41015625,0.9079999923706055
8307.6103515625,0.907800018787384
8307.8095703125,0.9077000021934509
8308.009765625,0.9075999855995178
8308.2099609375,0.9074000120162964
8308.41015625,0.9072999954223633
8308.6103515625,0.9071000218391418
8308.8095703125,0.9070000052452087
8309.009765625,0.9068999886512756
8309.2001953125,0.9067000150680542
8309.400390625,0.9065999984741211
8309.599609375,0.906499981880188
8309.7998046875,0.9063000082969666
8310.0,0.9061999917030334
8310.2001953125,0.9060999751091003
8310.400390625,0.9059000015258789
8310.599609375,0.9057999849319458
8310.7998046875,0.9057000279426575
8311.0,0.9054999947547913
8311.2001953125,0.9053999781608582
8311.400390625,0.9052000045776367
8311.599609375,0.9050999879837036
8311.7998046875,0.9049999713897705
8312.0,0.9047999978065491
8312.2001953125,0.904699981212616
8312.400390625,0.9046000242233276
8312.599609375,0.9043999910354614
8312.7998046875,0.9042999744415283
8313.0,0.90420001745224
8313.2001953125,0.9039999842643738
8313.400390625,0.9039000272750854
8313.58984375,0.9038000106811523
8313.7900390625,0.9035999774932861
8314.0,0.9035000205039978
8314.2001953125,0.9032999873161316
8314.3896484375,0.9031999707221985
8314.58984375,0.9031000137329102
8314.7900390625,0.902899980545044
8315.0,0.9028000235557556
8315.2001953125,0.9027000069618225
8315.3896484375,0.9024999737739563
8315.58984375,0.902400016784668
8315.7900390625,0.9023000001907349
8316.0,0.9021000266075134
8316.1904296875,0.9020000100135803
8316.3896484375,0.9018999934196472
8316.58984375,0.9017000198364258
8316.7900390625,0.9016000032424927
8316.990234375,0.9014000296592712
8317.1904296875,0.9013000130653381
8317.3896484375,0.901199996471405
8317.58984375,0.9010000228881836
8317.7900390625,0.9009000062942505
8317.990234375,0.9007999897003174
8318.1904296875,0.900600016117096
8318.3896484375,0.9004999995231628
8318.58984375,0.9003999829292297
8318.7900390625,0.9002000093460083
8318.990234375,0.9000999927520752
8319.1904296875,0.8999999761581421
8319.3896484375,0.8998000025749207
8319.580078125,0.8996999859809875
8319.7900390625,0.8995000123977661
8319.990234375,0.899399995803833
8320.1904296875,0.8992999792098999
8320.3896484375,0.8991000056266785
8320.580078125,0.8989999890327454
8320.7900390625,0.8988999724388123
8320.990234375,0.8986999988555908
8321.1904296875,0.8985999822616577
8321.3798828125,0.8985000252723694
8321.580078125,0.8982999920845032
8321.7900390625,0.8981999754905701
8321.990234375,0.8980000019073486
8322.1904296875,0.8978999853134155
8322.3798828125,0.8978000283241272
8322.58984375,0.897599995136261
8322.7900390625,0.8974999785423279
8322.990234375,0.8974000215530396
8323.1796875,0.8971999883651733
8323.3896484375,0.8970999717712402
8323.58984375,0.8970000147819519
8323.7900390625,0.8967999815940857
8323.98046875,0.8967000246047974
8324.1904296875,0.8966000080108643
8324.3896484375,0.896399974822998
8324.58984375,0.8963000178337097
8324.7900390625,0.8960999846458435
8324.990234375,0.8960000276565552
8325.1904296875,0.8959000110626221
8325.3896484375,0.8956999778747559
8325.58984375,0.8956000208854675
8325.7900390625,0.8955000042915344
8325.990234375,0.8952999711036682
8326.1904296875,0.8952000141143799
8326.3896484375,0.8950999975204468
8326.580078125,0.8949000239372253
8326.7900390625,0.8948000073432922
8326.98046875,0.8946999907493591
8327.1796875,0.8945000171661377
8327.3798828125,0.8944000005722046
8327.580078125,0.8942000269889832
8327.7802734375,0.89410001039505
8327.98046875,0.8939999938011169
8328.1796875,0.8938000202178955
8328.3798828125,0.8937000036239624
8328.580078125,0.8935999870300293
8328.7802734375,0.8934000134468079
8328.98046875,0.8932999968528748
8329.1796875,0.8931999802589417
8329.3798828125,0.8930000066757202
8329.580078125,0.8928999900817871
8329.7900390625,0.8927000164985657
8329.990234375,0.8925999999046326
8330.1796875,0.8924999833106995
8330.3798828125,0.892300009727478
8330.580078125,0.8921999931335449
8330.7900390625,0.8920999765396118
8330.98046875,0.8919000029563904
8331.1796875,0.8917999863624573
8331.3896484375,0.891700029373169
8331.58984375,0.8914999961853027
8331.7802734375,0.8913999795913696
8331.98046875,0.8913000226020813
8332.1904296875,0.8910999894142151
8332.3896484375,0.890999972820282
8332.58984375,0.8907999992370605
8332.7900390625,0.8906999826431274
8332.990234375,0.8906000256538391
8333.1904296875,0.8903999924659729
8333.3896484375,0.8902999758720398
8333.58984375,0.8902000188827515
8333.7900390625,0.8899999856948853
8333.990234375,0.8899000287055969
8334.1904296875,0.8898000121116638
8334.3896484375,0.8895999789237976
8334.58984375,0.8895000219345093
8334.7900390625,0.8892999887466431
8334.990234375,0.88919997215271
8335.1904296875,0.8891000151634216
8335.3896484375,0.8888999819755554
8335.580078125,0.8888000249862671
8335.7900390625,0.888700008392334
8335.990234375,0.8884999752044678
8336.1796875,0.8884000182151794
8336.3896484375,0.8883000016212463
8336.58984375,0.8881000280380249
8336.7900390625,0.8880000114440918
8336.990234375,0.8877999782562256
8337.1904296875,0.8877000212669373
8337.3896484375,0.8876000046730042
8337.58984375,0.8873999714851379
8337.7900390625,0.8873000144958496
8337.990234375,0.8871999979019165
8338.1904296875,0.8870000243186951
8338.3896484375,0.886900007724762
8338.58984375,0.8867999911308289
8338.7900390625,0.8866000175476074
8338.990234375,0.8865000009536743
8339.1904296875,0.8863000273704529
8339.3896484375,0.8862000107765198
8339.58984375,0.8860999941825867
8339.7900390625,0.8859000205993652
8339.990234375,0.8858000040054321
8340.1904296875,0.885699987411499
8340.400390625,0.8855000138282776
8340.58984375,0.8853999972343445
8340.7900390625,0.8852999806404114
8341.0,0.8851000070571899
8341.2001953125,0.8849999904632568
8341.3896484375,0.8848999738693237
8341.599609375,0.8847000002861023
8341.7998046875,0.8845999836921692
8342.0,0.8844000101089478
8342.2001953125,0.8842999935150146
8342.400390625,0.8841999769210815
8342.599609375,0.8840000033378601
8342.7998046875,0.883899986743927
8343.0,0.8838000297546387
8343.2001953125,0.8835999965667725
8343.400390625,0.8834999799728394
8343.599609375,0.883400022983551
8343.7998046875,0.8831999897956848
8344.0,0.8830999732017517
8344.2001953125,0.8828999996185303
8344.400390625,0.8827999830245972
8344.599609375,0.8827000260353088
8344.7998046875,0.8824999928474426
8345.0,0.8823999762535095
8345.2001953125,0.8823000192642212
8345.400390625,0.882099986076355
8345.599609375,0.8820000290870667
8345.7998046875,0.8819000124931335
8346.0,0.8816999793052673
8346.2001953125,0.881600022315979
8346.41015625,0.8813999891281128
8346.6103515625,0.8812999725341797
8346.7998046875,0.8812000155448914
8347.009765625,0.8809999823570251
8347.2099609375,0.8809000253677368
8347.41015625,0.8808000087738037
8347.6103515625,0.8805999755859375
8347.8095703125,0.8805000185966492
8348.009765625,0.8804000020027161
8348.2099609375,0.8802000284194946
8348.41015625,0.8801000118255615
8348.6103515625,0.8798999786376953
8348.8095703125,0.879800021648407
8349.009765625,0.8797000050544739
8349.2099609375,0.8794999718666077
8349.41015625,0.8794000148773193
8349.6103515625,0.8792999982833862
8349.8203125,0.8791000247001648
8350.01953125,0.8790000081062317
8350.2099609375,0.8790000081062317
8350.419921875,0.8788999915122986
8350.6201171875,0.8788999915122986
8350.8203125,0.8787999749183655
8351.01953125,0.8787999749183655
8351.2197265625,0.8787999749183655
8351.419921875,0.8787000179290771
8351.6201171875,0.8787000179290771
8351.8203125,0.878600001335144
8352.01953125,0.878600001335144
8352.2197265625,0.878600001335144
8352.419921875,0.8784999847412109
8352.6298828125,0.8784999847412109
8352.8203125,0.8784000277519226
8353.01953125,0.8784000277519226
8353.2197265625,0.8784000277519226
8353.419921875,0.8783000111579895
8353.6201171875,0.8783000111579895
8353.8203125,0.8781999945640564
8354.01953125,0.8781999945640564
8354.23046875,0.8781999945640564
8354.4296875,0.8780999779701233
8354.6201171875,0.8780999779701233
8354.830078125,0.878000020980835
8355.0302734375,0.878000020980835
8355.23046875,0.878000020980835
8355.4296875,0.8779000043869019
8355.6298828125,0.8779000043869019
8355.830078125,0.8777999877929688
8356.0302734375,0.8777999877929688
8356.240234375,0.8777999877929688
8356.4296875,0.8776999711990356
8356.6298828125,0.8776999711990356
8356.83984375,0.8776000142097473
8357.0400390625,0.8776000142097473
8357.240234375,0.8776000142097473
8357.4404296875,0.8774999976158142
8357.6396484375,0.8774999976158142
8357.83984375,0.8773999810218811
8358.0400390625,0.8773999810218811
8358.240234375,0.8773999810218811
8358.4404296875,0.8773000240325928
8358.6396484375,0.8773000240325928
8358.849609375,0.8772000074386597
8359.0400390625,0.8772000074386597
8359.25,0.8772000074386597
8359.4501953125,0.8770999908447266
8359.650390625,0.8770999908447266
8359.849609375,0.8769999742507935
8360.0498046875,0.8769999742507935
8360.25,0.8769999742507935
8360.4501953125,0.8769000172615051
8360.650390625,0.8769000172615051
8360.849609375,0.876800000667572
8361.0498046875,0.876800000667572
8361.259765625,0.8766999840736389
8361.4599609375,0.8766999840736389
8361.650390625,0.8766999840736389
8361.849609375,0.8766000270843506
8362.0498046875,0.8766000270843506
8362.259765625,0.8765000104904175
8362.4501953125,0.8765000104904175
8362.66015625,0.8765000104904175
8362.8603515625,0.8763999938964844
8363.0595703125,0.8763999938964844
8363.259765625,0.8762999773025513
8363.4599609375,0.8762999773025513
8363.66015625,0.8762999773025513
8363.8603515625,0.8762000203132629
8364.0703125,0.8762000203132629
8364.259765625,0.8761000037193298
8364.4599609375,0.8761000037193298
8364.669921875,0.8761000037193298
8364.8701171875,0.8759999871253967
8365.0703125,0.8759999871253967
8365.26953125,0.8758999705314636
8365.4697265625,0.8758999705314636
8365.669921875,0.8758999705314636
8365.8701171875,0.8758000135421753
8366.0703125,0.8758000135421753
8366.26953125,0.8756999969482422
8366.48046875,0.8756999969482422
8366.6796875,0.8756999969482422
8366.8798828125,0.8755999803543091
8367.080078125,0.8755999803543091
8367.2802734375,0.8755000233650208
8367.48046875,0.8755000233650208
8367.6796875,0.8755000233650208
8367.8798828125,0.8754000067710876
8368.080078125,0.8754000067710876
8368.2900390625,0.8752999901771545
8368.48046875,0.8752999901771545
8368.6904296875,0.8752999901771545
8368.8896484375,0.8751999735832214
8369.08984375,0.8751999735832214
8369.2900390625,0.8751000165939331
8369.490234375,0.8751000165939331
8369.6904296875,0.8751000165939331
8369.8896484375,0.875
8370.099609375,0.875
8370.2900390625,0.8748999834060669
8370.5,0.8748999834060669
8370.6904296875,0.8748999834060669
8370.900390625,0.8748000264167786
8371.099609375,0.8748000264167786
8371.2998046875,0.8747000098228455
8371.5,0.8747000098228455
8371.7001953125,0.8747000098228455
8371.900390625,0.8745999932289124
8372.099609375,0.8745999932289124
8372.2998046875,0.8744999766349792
8372.5,0.8744999766349792
8372.7099609375,0.8744999766349792
8372.900390625,0.8744000196456909
8373.1103515625,0.8744000196456909
8373.3095703125,0.8743000030517578
8373.509765625,0.8743000030517578
8373.7099609375,0.8743000030517578
8373.91015625,0.8741999864578247
8374.1103515625,0.8741999864578247
8374.3203125,0.8741000294685364
8374.51953125,0.8741000294685364
8374.7197265625,0.8741000294685364
8374.919921875,0.8740000128746033
8375.1201171875,0.8740000128746033
8375.3203125,0.8738999962806702
8375.51953125,0.8738999962806702
8375.7197265625,0.8738999962806702
8375.919921875,0.8737999796867371
8376.1298828125,0.8737999796867371
8376.330078125,0.8737000226974487
8376.5302734375,0.8737000226974487
8376.73046875,0.8737000226974487
8376.9296875,0.8736000061035156
8377.1298828125,0.8736000061035156
8377.330078125,0.8734999895095825
8377.5302734375,0.8734999895095825
8377.740234375,0.8734999895095825
8377.9404296875,0.8733999729156494
8378.1396484375,0.8733999729156494
8378.33984375,0.8733000159263611
8378.5400390625,0.8733000159263611
8378.740234375,0.8733000159263611
8378.9501953125,0.873199999332428
8379.1396484375,0.873199999332428
8379.33984375,0.8730999827384949
8379.5400390625,0.8730999827384949
8379.75,0.8730999827384949
8379.9404296875,0.8730000257492065
8380.150390625,0.8730000257492065
8380.349609375,0.8729000091552734
8380.5498046875,0.8729000091552734
8380.75,0.8727999925613403
8380.9501953125,0.8727999925613403
8381.150390625,0.8727999925613403
8381.3603515625,0.8726999759674072
8381.5595703125,0.8726999759674072
8381.759765625,0.8726000189781189
8381.9599609375,0.8726000189781189
8382.16015625,0.8726000189781189
8382.3603515625,0.8725000023841858
8382.5595703125,0.8725000023841858
8382.759765625,0.8723999857902527
8382.9697265625,0.8723999857902527
8383.169921875,0.8723999857902527
8383.3701171875,0.8723000288009644
8383.5703125,0.8723000288009644
8383.76953125,0.8722000122070312
8383.98046875,0.8722000122070312
8384.1796875,0.8722000122070312
8384.3798828125,0.8720999956130981
8384.580078125,0.8720999956130981
8384.7802734375,0.871999979019165
8384.98046875,0.871999979019165
8385.1796875,0.871999979019165
8385.3798828125,0.8719000220298767
8385.58984375,0.8719000220298767
8385.7900390625,0.8718000054359436
8385.990234375,0.8718000054359436
8386.1904296875,0.8718000054359436
8386.3896484375,0.8716999888420105
8386.58984375,0.8716999888420105
8386.7998046875,0.8715999722480774
8387.0,0.8715999722480774
8387.2001953125,0.8715999722480774
8387.400390625,0.8715000152587891
8387.599609375,0.8715000152587891
8387.7998046875,0.871399998664856
8388.0,0.871399998664856
8388.2001953125,0.871399998664856
8388.400390625,0.8712999820709229
8388.6103515625,0.8712999820709229
8388.7998046875,0.8712000250816345
8389.009765625,0.8712000250816345
8389.2099609375,0.8712000250816345
8389.41015625,0.8711000084877014
8389.6103515625,0.8711000084877014
8389.8095703125,0.8709999918937683
8390.01953125,0.8709999918937683
8390.2197265625,0.8709999918937683
8390.419921875,0.8708999752998352
8390.6201171875,0.8708999752998352
8390.8203125,0.8708000183105469
8391.0302734375,0.8708000183105469
8391.23046875,0.8708000183105469
8391.4296875,0.8707000017166138
8391.6298828125,0.8707000017166138
8391.830078125,0.8705999851226807
8392.0302734375,0.8705999851226807
8392.23046875,0.8705999851226807
8392.4296875,0.8705000281333923
8392.6396484375,0.8705000281333923
8392.83984375,0.8704000115394592
8393.0400390625,0.8704000115394592
8393.240234375,0.8704000115394592
8393.4404296875,0.8702999949455261
8393.650390625,0.8702999949455261
8393.849609375,0.870199978351593
8394.0498046875,0.870199978351593
8394.25,0.870199978351593
8394.4501953125,0.8701000213623047
8394.66015625,0.8701000213623047
8394.849609375,0.8700000047683716
8395.0595703125,0.8700000047683716
8395.259765625,0.8698999881744385
8395.4599609375,0.8698999881744385
8395.669921875,0.8698999881744385
8395.8603515625,0.8697999715805054
8396.0703125,0.8697999715805054
8396.26953125,0.869700014591217
8396.4697265625,0.869700014591217
8396.669921875,0.869700014591217
8396.8701171875,0.8695999979972839
8397.0703125,0.8695999979972839
8397.26953125,0.8694999814033508
8397.4697265625,0.8694999814033508
8397.669921875,0.8694999814033508
8397.8798828125,0.8694000244140625
8398.080078125,0.8694000244140625
8398.2802734375,0.8693000078201294
8398.48046875,0.8693000078201294
8398.6796875,0.8693000078201294
8398.8896484375,0.8691999912261963
8399.08984375,0.8691999912261963
8399.2900390625,0.8690999746322632
8399.490234375,0.8690999746322632
8399.6904296875,0.8690999746322632
8399.900390625,0.8690000176429749
8400.099609375,0.8687999844551086
8400.2998046875,0.8684999942779541
8400.5,0.8680999875068665
8400.7001953125,0.8677999973297119
8400.91015625,0.8673999905586243
8401.1103515625,0.8671000003814697
8401.3095703125,0.8666999936103821
8401.509765625,0.8664000034332275
8401.7099609375,0.8659999966621399
8401.91015625,0.8657000064849854
8402.1201171875,0.8652999997138977
8402.3203125,0.8650000095367432
8402.51953125,0.8646000027656555
8402.7197265625,0.864300012588501
8402.919921875,0.8639000058174133
8403.1298828125,0.8636000156402588
8403.330078125,0.8632000088691711
8403.5302734375,0.8629000186920166
8403.73046875,0.862500011920929
8403.9296875,0.8622000217437744
8404.1396484375,0.8618000149726868
8404.33984375,0.8614000082015991
8404.5400390625,0.8611000180244446
8404.740234375,0.86080002784729
8404.9404296875,0.8604000210762024
8405.150390625,0.8600000143051147
8405.33984375,0.8597000241279602
8405.5400390625,0.8593999743461609
8405.75,0.859000027179718
8405.9501953125,0.8586000204086304
8406.150390625,0.858299970626831
8406.349609375,0.8579999804496765
8406.5498046875,0.8575999736785889
8406.759765625,0.857200026512146
8406.9599609375,0.8568999767303467
8407.16015625,0.8565000295639038
8407.3603515625,0.8561999797821045
8407.5595703125,0.8557999730110168
8407.76953125,0.8554999828338623
8407.9697265625,0.8550999760627747
8408.169921875,0.8547999858856201
8408.3701171875,0.8543999791145325
8408.580078125,0.8540999889373779
8408.7802734375,0.8536999821662903
8408.98046875,0.8533999919891357
8409.1796875,0.8529999852180481
8409.3798828125,0.8526999950408936
8409.58984375,0.8522999882698059
8409.7900390625,0.8519999980926514
8409.990234375,0.8515999913215637
8410.1904296875,0.8513000011444092
8410.3896484375,0.8508999943733215
8410.599609375,0.850600004196167
8410.7998046875,0.8501999974250793
8411.0,0.8499000072479248
8411.2001953125,0.8495000004768372
8411.41015625,0.8492000102996826
8411.599609375,0.848800003528595
8411.8095703125,0.8485000133514404
8412.009765625,0.8481000065803528
8412.2099609375,0.8476999998092651
8412.41015625,0.8474000096321106
8412.6201171875,0.847000002861023
8412.8203125,0.8467000126838684
8413.01953125,0.8463000059127808
8413.23046875,0.8460000157356262
8413.419921875,0.8456000089645386
8413.6298828125,0.845300018787384
8413.830078125,0.8449000120162964
8414.0302734375,0.8446000218391418
8414.23046875,0.8442000150680542
8414.4296875,0.8439000248908997
8414.6298828125,0.843500018119812
8414.83984375,0.8432000279426575
8415.0400390625,0.8428000211715698
8415.240234375,0.8424999713897705
8415.4404296875,0.8421000242233276
8415.650390625,0.8417999744415283
8415.849609375,0.8414000272750854
8416.0498046875,0.8410999774932861
8416.25,0.8406999707221985
8416.4501953125,0.840399980545044
8416.66015625,0.8399999737739563
8416.8603515625,0.8396999835968018
8417.0595703125,0.8392999768257141
8417.259765625,0.8389999866485596
8417.4697265625,0.8385999798774719
8417.669921875,0.8382999897003174
8417.8701171875,0.8378999829292297
8418.0703125,0.8375999927520752
8418.2802734375,0.8371999859809875
8418.48046875,0.8367999792098999
8418.6796875,0.8364999890327454
8418.8798828125,0.8360999822616577
8419.080078125,0.8357999920845032
8419.2900390625,0.8353999853134155
8419.490234375,0.835099995136261
8419.6904296875,0.8346999883651733
8419.8896484375,0.8343999981880188
8420.099609375,0.8339999914169312
8420.2998046875,0.8337000012397766
8420.5,0.833299994468689
8420.7001953125,0.8330000042915344
8420.91015625,0.8325999975204468
8421.1103515625,0.8323000073432922
8421.3095703125,0.8319000005722046
8421.509765625,0.83160001039505
8421.7099609375,0.8312000036239624
8421.919921875,0.8309000134468079
8422.1201171875,0.8305000066757202
8422.3203125,0.8302000164985657
8422.51953125,0.829800009727478
8422.73046875,0.8295000195503235
8422.9296875,0.8291000127792358
8423.1298828125,0.8288000226020813
8423.330078125,0.8284000158309937
8423.5302734375,0.8281000256538391
8423.73046875,0.8277000188827515
8423.9296875,0.8274000287055969
8424.1396484375,0.8270000219345093
8424.33984375,0.8266000151634216
8424.5400390625,0.8263000249862671
8424.740234375,0.8259000182151794
8424.9501953125,0.8256000280380249
8425.150390625,0.8252000212669373
8425.349609375,0.8248999714851379
8425.5595703125,0.8245000243186951
8425.759765625,0.8241999745368958
8425.9599609375,0.8238000273704529
8426.16015625,0.8234999775886536
8426.3701171875,0.8230999708175659
8426.5703125,0.8227999806404114
8426.76953125,0.8223999738693237
8426.9697265625,0.8220999836921692
8427.1796875,0.8216999769210815
8427.3798828125,0.821399986743927
8427.580078125,0.8209999799728394
8427.7802734375,0.8206999897956848
8427.990234375,0.8202999830245972
8428.1904296875,0.8199999928474426
8428.3896484375,0.819599986076355
8428.58984375,0.8191999793052673
8428.7998046875,0.8188999891281128
8429.0,0.8184999823570251
8429.2001953125,0.8181999921798706
8429.400390625,0.817799985408783
8429.6103515625,0.8174999952316284
8429.8095703125,0.8170999884605408
8430.009765625,0.8167999982833862
8430.2099609375,0.8163999915122986
8430.419921875,0.816100001335144
8430.6201171875,0.8156999945640564
8430.8203125,0.8154000043869019
8431.01953125,0.8149999976158142
8431.2197265625,0.8147000074386597
8431.4296875,0.814300000667572
8431.6298828125,0.8140000104904175
8431.830078125,0.8136000037193298
8432.0400390625,0.8133000135421753
8432.23046875,0.8129000067710876
8432.4404296875,0.8126000165939331
8432.6396484375,0.8122000098228455
8432.83984375,0.8119000196456909
8433.0400390625,0.8115000128746033
8433.25,0.8111000061035156
8433.4501953125,0.8108000159263611
8433.650390625,0.8104000091552734
8433.849609375,0.8101000189781189
8434.0595703125,0.8097000122070312
8434.259765625,0.8094000220298767
8434.4599609375,0.8090000152587891
8434.669921875,0.8087000250816345
8434.8701171875,0.8083000183105469
8435.0703125,0.8080000281333923
8435.2802734375,0.8076000213623047
8435.48046875,0.8072999715805054
8435.6796875,0.8069000244140625
8435.8798828125,0.8065999746322632
8436.08984375,0.8062000274658203
8436.2900390625,0.805899977684021
8436.490234375,0.8054999709129333
8436.6904296875,0.8051999807357788
8436.900390625,0.8047999739646912
8437.099609375,0.8044999837875366
8437.2998046875,0.804099977016449
8437.5,0.8036999702453613
8437.7099609375,0.8033999800682068
8437.91015625,0.8029999732971191
8438.1103515625,0.8026999831199646
8438.3095703125,0.802299976348877
8438.51953125,0.8019999861717224
8438.7197265625,0.8015999794006348
8438.919921875,0.8012999892234802
8439.1201171875,0.8008999824523926
8439.330078125,0.800599992275238
8439.5302734375,0.8001999855041504
8439.73046875,0.7998999953269958
8439.9404296875,0.7994999885559082
8440.1396484375,0.7991999983787537
8440.33984375,0.798799991607666
8440.5498046875,0.7983999848365784
8440.75,0.7980999946594238
8440.9501953125,0.7976999878883362
8441.150390625,0.7973999977111816
8441.349609375,0.796999990940094
8441.5498046875,0.7967000007629395
8441.759765625,0.7962999939918518
8441.9599609375,0.7960000038146973
8442.169921875,0.7955999970436096
8442.3603515625,0.7953000068664551
8442.5703125,0.7949000000953674
8442.76953125,0.7946000099182129
8442.98046875,0.7942000031471252
8443.1796875,0.7939000129699707
8443.3798828125,0.7935000061988831
8443.580078125,0.7932000160217285
8443.7900390625,0.7928000092506409
8443.990234375,0.7925000190734863
8444.1904296875,0.7921000123023987
8444.3896484375,0.7918000221252441
8444.599609375,0.7914000153541565
8444.7998046875,0.7910000085830688
8445.009765625,0.7907000184059143
8445.2099609375,0.7903000116348267
8445.41015625,0.7900000214576721
8445.6103515625,0.7896000146865845
8445.8203125,0.7893000245094299
8446.01953125,0.7889000177383423
8446.2197265625,0.7886000275611877
8446.419921875,0.7882000207901001
8446.6298828125,0.7878999710083008
8446.830078125,0.7875000238418579
8447.0302734375,0.7871999740600586
8447.240234375,0.7868000268936157
8447.4404296875,0.7864999771118164
8447.6396484375,0.7860999703407288
8447.83984375,0.7857999801635742
8448.0498046875,0.7853999733924866
8448.25,0.7850000262260437
8448.4599609375,0.7846999764442444
8448.66015625,0.7843000292778015
8448.8603515625,0.7839999794960022
8449.0595703125,0.7835999727249146
8449.26953125,0.78329998254776
8449.4697265625,0.7828999757766724
8449.669921875,0.7825999855995178
8449.8701171875,0.7821999788284302
8450.080078125,0.7817999720573425
8450.2802734375,0.7811999917030334
8450.48046875,0.7806000113487244
8450.6796875,0.7799999713897705
8450.8896484375,0.7793999910354614
8451.08984375,0.7788000106811523
8451.2900390625,0.7781999707221985
8451.5,0.7775999903678894
8451.7001953125,0.7770000100135803
8451.900390625,0.7764000296592712
8452.099609375,0.7759000062942505
8452.3095703125,0.7753000259399414
8452.509765625,0.7746999859809875
8452.7099609375,0.7741000056266785
8452.919921875,0.7735000252723694
8453.1201171875,0.7728999853134155
8453.3203125,0.7723000049591064
8453.5302734375,0.7717000246047974
8453.73046875,0.7710999846458435
8453.9296875,0.7705000042915344
8454.1298828125,0.7699000239372253
8454.33984375,0.7692999839782715
8454.5400390625,0.7687000036239624
8454.740234375,0.7681000232696533
8454.9501953125,0.7675999999046326
8455.150390625,0.7670000195503235
8455.3603515625,0.7663999795913696
8455.5595703125,0.7657999992370605
8455.759765625,0.7652000188827515
8455.9599609375,0.7645999789237976
8456.169921875,0.7639999985694885
8456.3701171875,0.7634000182151794
8456.5703125,0.7627999782562256
8456.7802734375,0.7621999979019165
8456.98046875,0.7616000175476074
8457.1796875,0.7609999775886536
8457.3896484375,0.7603999972343445
8457.58984375,0.7598000168800354
8457.7900390625,0.7591999769210815
8458.0,0.7585999965667725
8458.2001953125,0.7580999732017517
8458.400390625,0.7574999928474426
8458.599609375,0.7569000124931335
8458.8095703125,0.7562999725341797
8459.009765625,0.7556999921798706
8459.2099609375,0.7551000118255615
8459.41015625,0.7544999718666077
8459.6201171875,0.7538999915122986
8459.8203125,0.7533000111579895
8460.0302734375,0.7526999711990356
8460.23046875,0.7520999908447266
8460.4296875,0.7515000104904175
8460.6396484375,0.7508999705314636
8460.83984375,0.7502999901771545
8461.0400390625,0.7498000264167786
8461.240234375,0.7491999864578247
8461.4501953125,0.7486000061035156
8461.650390625,0.7480000257492065
8461.849609375,0.7473999857902527
8462.0595703125,0.7468000054359436
8462.259765625,0.7462000250816345
8462.4697265625,0.7455999851226807
8462.669921875,0.7450000047683716
8462.8701171875,0.7444000244140625
8463.0703125,0.7437999844551086
8463.2802734375,0.7432000041007996
8463.48046875,0.7426000237464905
8463.6796875,0.7419999837875366
8463.8896484375,0.7415000200271606
8464.08984375,0.7408999800682068
8464.2998046875,0.7402999997138977
8464.5,0.7397000193595886
8464.7001953125,0.7390999794006348
8464.91015625,0.7384999990463257
8465.1103515625,0.7379000186920166
8465.3095703125,0.7372999787330627
8465.509765625,0.7366999983787537
8465.7197265625,0.7361000180244446
8465.919921875,0.7354999780654907
8466.1298828125,0.7348999977111816
8466.330078125,0.7343000173568726
8466.5302734375,0.7336999773979187
8466.740234375,0.7330999970436096
8466.9404296875,0.7325000166893005
8467.1396484375,0.7318999767303467
8467.33984375,0.7314000129699707
8467.5400390625,0.7307999730110168
8467.75,0.7301999926567078
8467.9501953125,0.7296000123023987
8468.150390625,0.7289999723434448
8468.3603515625,0.7283999919891357
8468.5595703125,0.7278000116348267
8468.76953125,0.7271999716758728
8468.9697265625,0.7265999913215637
8469.169921875,0.7260000109672546
8469.3798828125,0.7253999710083008
8469.580078125,0.7247999906539917
8469.7900390625,0.7242000102996826
8469.990234375,0.7235999703407288
8470.1904296875,0.7229999899864197
8470.3896484375,0.7224000096321106
8470.599609375,0.7218000292778015
8470.7998046875,0.7213000059127808
8471.0,0.7207000255584717
8471.2099609375,0.7200999855995178
8471.41015625,0.7195000052452087
8471.6103515625,0.7189000248908997
8471.8203125,0.7182999849319458
8472.01953125,0.7177000045776367
8472.23046875,0.7171000242233276
8472.4296875,0.7164999842643738
8472.6298828125,0.7159000039100647
8472.83984375,0.7153000235557556
8473.0400390625,0.7146999835968018
8473.25,0.7141000032424927
8473.4501953125,0.7135000228881836
8473.650390625,0.7128999829292297
8473.8603515625,0.7123000025749207
8474.0595703125,0.7117000222206116
8474.259765625,0.7111999988555908
8474.4599609375,0.7106000185012817
8474.669921875,0.7099999785423279
8474.8701171875,0.7093999981880188
8475.080078125,0.7088000178337097
8475.2802734375,0.7081999778747559
8475.48046875,0.7075999975204468
8475.6904296875,0.7070000171661377
8475.8896484375,0.7063999772071838
8476.08984375,0.7057999968528748
8476.2998046875,0.7052000164985657
8476.5,0.7045999765396118
8476.7001953125,0.7039999961853027
8476.900390625,0.7034000158309937
8477.1103515625,0.7027999758720398
8477.3095703125,0.7021999955177307
8477.51953125,0.70169997215271
8477.7197265625,0.7010999917984009
8477.919921875,0.7005000114440918
8478.1298828125,0.6998999714851379
8478.330078125,0.6992999911308289
8478.5400390625,0.6987000107765198
8478.740234375,0.6980999708175659
8478.9404296875,0.6974999904632568
8479.150390625,0.6969000101089478
8479.349609375,0.6963000297546387
8479.5498046875,0.6956999897956848
8479.759765625,0.6951000094413757
8479.9599609375,0.6945000290870667
8480.169921875,0.6938999891281128
8480.3701171875,0.6933000087738037
8480.5703125,0.6927000284194946
8480.7802734375,0.6920999884605408
8480.98046875,0.6915000081062317
8481.1904296875,0.6909000277519226
8481.3896484375,0.6904000043869019
8481.58984375,0.6898000240325928
8481.7900390625,0.6891999840736389
8482.0,0.6886000037193298
8482.2099609375,0.6880000233650208
8482.41015625,0.6873999834060669
8482.6103515625,0.6868000030517578
8482.8095703125,0.6862000226974487
8483.01953125,0.6855999827384949
8483.2197265625,0.6850000023841858
8483.419921875,0.6844000220298767
8483.6298828125,0.6837999820709229
8483.830078125,0.6832000017166138
8484.0400390625,0.6826000213623047
8484.240234375,0.6819999814033508
8484.4501953125,0.6814000010490417
8484.650390625,0.6808000206947327
8484.849609375,0.6801999807357788
8485.0498046875,0.6796000003814697
8485.259765625,0.6790000200271606
8485.4599609375,0.6784999966621399
8485.669921875,0.6779000163078308
8485.8701171875,0.677299976348877
8486.0703125,0.6766999959945679
8486.2802734375,0.6761000156402588
8486.48046875,0.6754999756813049
8486.6796875,0.6748999953269958
8486.8896484375,0.6743000149726868
8487.08984375,0.6736999750137329
8487.2998046875,0.6730999946594238
8487.5,0.6725000143051147
8487.7001953125,0.6718999743461609
8487.91015625,0.6712999939918518
8488.1103515625,0.6707000136375427
8488.3203125,0.6700999736785889
8488.51953125,0.6694999933242798
8488.7197265625,0.6689000129699707
8488.9296875,0.6682999730110168
8489.1298828125,0.6676999926567078
8489.330078125,0.6672000288963318
8489.5400390625,0.6665999889373779
8489.740234375,0.6660000085830688
8489.9501953125,0.6654000282287598
8490.150390625,0.6647999882698059
8490.349609375,0.6642000079154968
8490.5595703125,0.6636000275611877
8490.759765625,0.6629999876022339
8490.9697265625,0.6624000072479248
8491.169921875,0.6618000268936157
8491.3701171875,0.6611999869346619
8491.580078125,0.6606000065803528
8491.7802734375,0.6600000262260437
8491.98046875,0.6593999862670898
8492.1904296875,0.6588000059127808
8492.3896484375,0.6582000255584717
8492.599609375,0.6575999855995178
8492.7998046875,0.6570000052452087
8493.009765625,0.6564000248908997
8493.2099609375,0.6557999849319458
8493.419921875,0.6552000045776367
8493.6201171875,0.6546000242233276
8493.8203125,0.6539999842643738
8494.0302734375,0.6534000039100647
8494.23046875,0.6528000235557556
8494.4296875,0.6523000001907349
8494.6396484375,0.6517000198364258
8494.83984375,0.6510999798774719
8495.0400390625,0.6504999995231628
8495.25,0.6499000191688538
8495.4501953125,0.6492999792098999
8495.650390625,0.6486999988555908
8495.8603515625,0.6481000185012817
8496.0595703125,0.6474999785423279
8496.26953125,0.6468999981880188
8496.4697265625,0.6463000178337097
8496.6796875,0.6456999778747559
8496.8798828125,0.6450999975204468
8497.08984375,0.6445000171661377
8497.2900390625,0.6438999772071838
8497.490234375,0.6432999968528748
8497.7001953125,0.6427000164985657
8497.900390625,0.6420999765396118
8498.1103515625,0.6414999961853027
8498.3095703125,0.6409000158309937
8498.509765625,0.6402999758720398
8498.7197265625,0.6396999955177307
8498.919921875,0.6391000151634216
8499.1201171875,0.6385999917984009
8499.330078125,0.6380000114440918
8499.5400390625,0.6373999714851379
8499.740234375,0.6367999911308289
8499.9501953125,0.6362000107765198
8500.150390625,0.6355000138282776
8500.349609375,0.6348000168800354
8500.5595703125,0.6340000033378601
8500.759765625,0.6333000063896179
8500.9599609375,0.6326000094413757
8501.169921875,0.6319000124931335
8501.3701171875,0.6312000155448914
8501.580078125,0.6304000020027161
8501.7802734375,0.6297000050544739
8501.990234375,0.6290000081062317
8502.1904296875,0.6283000111579895
8502.400390625,0.6276000142097473
8502.599609375,0.626800000667572
8502.7998046875,0.6261000037193298
8503.009765625,0.6254000067710876
8503.2099609375,0.6247000098228455
8503.41015625,0.6240000128746033
8503.6201171875,0.6233000159263611
8503.8203125,0.6226000189781189
8504.0302734375,0.6218000054359436
8504.23046875,0.6211000084877014
8504.4296875,0.6204000115394592
8504.6396484375,0.619700014591217
8504.83984375,0.6190000176429749
8505.0498046875,0.6182000041007996
8505.25,0.6175000071525574
8505.4501953125,0.6168000102043152
8505.66015625,0.616100013256073
8505.8701171875,0.6154000163078308
8506.0703125,0.6146000027656555
8506.26953125,0.6139000058174133
8506.48046875,0.6132000088691711
8506.6796875,0.612500011920929
8506.8896484375,0.6118000149726868
8507.08984375,0.6110000014305115
8507.2900390625,0.6103000044822693
8507.5,0.6096000075340271
8507.7099609375,0.6089000105857849
8507.91015625,0.6082000136375427
8508.1103515625,0.6074000000953674
8508.3203125,0.6067000031471252
8508.51953125,0.6060000061988831
8508.73046875,0.6053000092506409
8508.9296875,0.6046000123023987
8509.1298828125,0.6037999987602234
8509.33984375,0.6031000018119812
8509.5498046875,0.602400004863739
8509.75,0.6017000079154968
8509.9501953125,0.6010000109672546
8510.16015625,0.6001999974250793
8510.3603515625,0.5995000004768372
8510.5703125,0.598800003528595
8510.76953125,0.5981000065803528
8510.98046875,0.5974000096321106
8511.1796875,0.5965999960899353
8511.3896484375,0.5958999991416931
8511.58984375,0.5952000021934509
8511.7900390625,0.5945000052452087
8511.990234375,0.5938000082969666
8512.2001953125,0.5931000113487244
8512.41015625,0.5922999978065491
8512.6103515625,0.5916000008583069
8512.8095703125,0.5909000039100647
8513.01953125,0.5902000069618225
8513.2197265625,0.5895000100135803
8513.419921875,0.588699996471405
8513.6298828125,0.5879999995231628
8513.830078125,0.5873000025749207
8514.0400390625,0.5866000056266785
8514.240234375,0.5859000086784363
8514.4501953125,0.585099995136261
8514.650390625,0.5843999981880188
8514.8603515625,0.5837000012397766
8515.0595703125,0.5830000042915344
8515.26953125,0.5823000073432922
8515.4697265625,0.5814999938011169
8515.6796875,0.5807999968528748
8515.8798828125,0.5800999999046326
8516.080078125,0.5794000029563904
8516.2900390625,0.5787000060081482
8516.5,0.5778999924659729
8516.7001953125,0.5771999955177307
8516.900390625,0.5764999985694885
8517.1103515625,0.5758000016212463
8517.3095703125,0.5751000046730042
8517.51953125,0.5742999911308289
8517.7197265625,0.5735999941825867
8517.9296875,0.5728999972343445
8518.1298828125,0.5722000002861023
8518.33984375,0.5715000033378601
8518.5400390625,0.5706999897956848
8518.740234375,0.5699999928474426
8518.9501953125,0.5692999958992004
8519.16015625,0.5685999989509583
8519.3603515625,0.567799985408783
8519.5703125,0.5670999884605408
8519.76953125,0.5663999915122986
8519.9697265625,0.5656999945640564
8520.1796875,0.5649999976158142
8520.3896484375,0.5641999840736389
8520.58984375,0.5634999871253967
8520.7900390625,0.5627999901771545
8520.990234375,0.5620999932289124
8521.2001953125,0.5613999962806702
8521.400390625,0.560699999332428
8521.6103515625,0.5598999857902527
8521.8095703125,0.5591999888420105
8522.01953125,0.5584999918937683
8522.2197265625,0.5577999949455261
8522.4296875,0.5570999979972839
8522.6298828125,0.5562999844551086
8522.83984375,0.5555999875068665
8523.0400390625,0.5548999905586243
8523.240234375,0.5541999936103821
8523.4501953125,0.5534999966621399
8523.66015625,0.5526999831199646
8523.8603515625,0.5519999861717224
8524.0595703125,0.5512999892234802
8524.26953125,0.550599992275238
8524.4697265625,0.5497999787330627
8524.6796875,0.5490999817848206
8524.8896484375,0.5483999848365784
8525.08984375,0.5476999878883362
8525.2900390625,0.546999990940094
8525.5,0.5461999773979187
8525.7099609375,0.5454999804496765
8525.91015625,0.5447999835014343
8526.1103515625,0.5440999865531921
8526.3203125,0.54339998960495
8526.5302734375,0.5425999760627747
8526.73046875,0.5418999791145325
8526.9296875,0.5411999821662903
8527.1396484375,0.5404999852180481
8527.33984375,0.5397999882698059
8527.5498046875,0.5389999747276306
8527.75,0.5382999777793884
8527.9599609375,0.5375999808311462
8528.16015625,0.536899983882904
8528.3701171875,0.5360999703407288
8528.5703125,0.5353999733924866
8528.7802734375,0.5346999764442444
8528.98046875,0.5339999794960022
8529.1904296875,0.53329998254776
8529.3896484375,0.5325000286102295
8529.599609375,0.5317999720573425
8529.7998046875,0.5310999751091003
8530.009765625,0.5303999781608582
8530.2099609375,0.529699981212616
8530.41015625,0.5289999842643738
8530.6201171875,0.5281999707221985
8530.8203125,0.5274999737739563
8531.0302734375,0.5267999768257141
8531.23046875,0.5260999798774719
8531.4404296875,0.5253000259399414
8531.6396484375,0.5246000289916992
8531.849609375,0.5238999724388123
8532.0498046875,0.5231999754905701
8532.259765625,0.5224999785423279
8532.4599609375,0.5217000246047974
8532.669921875,0.5210000276565552
8532.8798828125,0.5202999711036682
8533.080078125,0.519599974155426
8533.2802734375,0.5188000202178955
8533.490234375,0.5181000232696533
8533.6904296875,0.5174000263214111
8533.900390625,0.516700029373169
8534.099609375,0.515999972820282
8534.3095703125,0.5152000188827515
8534.509765625,0.5145000219345093
8534.7197265625,0.5138000249862671
8534.919921875,0.5131000280380249
8535.1298828125,0.5123999714851379
8535.330078125,0.5116000175476074
8535.5400390625,0.5109000205993652
8535.740234375,0.510200023651123
8535.9501953125,0.5095000267028809
8536.150390625,0.5087000131607056
8536.3603515625,0.5080000162124634
8536.5595703125,0.5073000192642212
8536.76953125,0.506600022315979
8536.9697265625,0.5058000087738037
8537.1796875,0.5051000118255615
8537.3896484375,0.5044000148773193
8537.58984375,0.5037000179290771
8537.7900390625,0.503000020980835
8538.0,0.5022000074386597
8538.2099609375,0.5015000104904175
8538.41015625,0.5008000135421753
8538.6201171875,0.5001000165939331
8538.8203125,0.4993000030517578
8539.01953125,0.4986000061035156
8539.2197265625,0.49790000915527344
8539.4296875,0.49720001220703125
8539.6396484375,0.4964999854564667
8539.83984375,0.4957999885082245
8540.0498046875,0.4950000047683716
8540.25,0.4943000078201294
8540.4599609375,0.4936000108718872
8540.66015625,0.492900013923645
8540.8701171875,0.4921000003814697
8541.0703125,0.49140000343322754
8541.2802734375,0.49070000648498535
8541.48046875,0.49000000953674316
8541.6904296875,0.48919999599456787
8541.8896484375,0.4884999990463257
8542.099609375,0.4878000020980835
8542.2998046875,0.4871000051498413
8542.509765625,0.4864000082015991
8542.7197265625,0.48559999465942383
8542.919921875,0.48489999771118164
8543.1201171875,0.48420000076293945
8543.330078125,0.48350000381469727
8543.5400390625,0.482699990272522
8543.740234375,0.4819999933242798
8543.9501953125,0.4812999963760376
8544.150390625,0.4805999994277954
8544.3603515625,0.4799000024795532
8544.5595703125,0.47909998893737793
8544.76953125,0.47839999198913574
8544.9697265625,0.47769999504089355
8545.1796875,0.47699999809265137
8545.3896484375,0.47620001435279846
8545.58984375,0.4754999876022339
8545.7900390625,0.4747999906539917
8546.0,0.4740999937057495
8546.2099609375,0.4733999967575073
8546.41015625,0.4726000130176544
8546.6201171875,0.47189998626708984
8546.8203125,0.47119998931884766
8547.0302734375,0.47049999237060547
8547.240234375,0.46970000863075256
8547.4404296875,0.4690000116825104
8547.6396484375,0.4683000147342682
8547.849609375,0.4675999879837036
8548.0498046875,0.4668999910354614
8548.25,0.46619999408721924
8548.4599609375,0.46540001034736633
8548.669921875,0.46470001339912415
8548.8701171875,0.46399998664855957
8549.0703125,0.4632999897003174
8549.2802734375,0.4625000059604645
8549.490234375,0.4618000090122223
8549.6904296875,0.4611000120639801
8549.900390625,0.4603999853134155
8550.099609375,0.4596000015735626
8550.3095703125,0.45879998803138733
8550.51953125,0.4578999876976013
8550.7197265625,0.4571000039577484
8550.919921875,0.4562999904155731
8551.1298828125,0.4555000066757202
8551.33984375,0.4546999931335449
8551.5400390625,0.453900009393692
8551.75,0.4530999958515167
8551.9501953125,0.4521999955177307
8552.16015625,0.4514000117778778
8552.3701171875,0.4505999982357025
8552.5703125,0.4498000144958496
8552.76953125,0.4490000009536743
8552.98046875,0.4481000006198883
8553.1904296875,0.447299987077713
8553.3896484375,0.4465000033378601
8553.599609375,0.4456999897956848
8553.7998046875,0.4449000060558319
8554.009765625,0.4440000057220459
8554.2099609375,0.4431999921798706
8554.419921875,0.4424000084400177
8554.6201171875,0.4415999948978424
8554.830078125,0.4408000111579895
8555.0400390625,0.4399999976158142
8555.240234375,0.4390999972820282
8555.4501953125,0.4383000135421753
8555.650390625,0.4375
8555.8603515625,0.4366999864578247
8556.0703125,0.4359000027179718
8556.26953125,0.4350999891757965
8556.4697265625,0.4341999888420105
8556.6796875,0.4334000051021576
8556.8798828125,0.4325999915599823
8557.080078125,0.4318000078201294
8557.2900390625,0.4309999942779541
8557.5,0.4302000105381012
8557.7099609375,0.4293000102043152
8557.91015625,0.4284999966621399
8558.1103515625,0.427700012922287
8558.3203125,0.4268999993801117
8558.5302734375,0.4260999858379364
8558.73046875,0.4251999855041504
8558.9404296875,0.4244000017642975
8559.1396484375,0.4235999882221222
8559.349609375,0.4228000044822693
8559.5595703125,0.421999990940094
8559.759765625,0.421099990606308
8559.9599609375,0.4203000068664551
8560.169921875,0.4194999933242798
8560.3798828125,0.4187000095844269
8560.580078125,0.4178999960422516
8560.7900390625,0.4171000123023987
8560.990234375,0.41620001196861267
8561.2001953125,0.4153999984264374
8561.41015625,0.4146000146865845
8561.6103515625,0.4138000011444092
8561.8203125,0.4129999876022339
8562.01953125,0.4120999872684479
8562.23046875,0.41130000352859497
8562.4404296875,0.4104999899864197
8562.6396484375,0.4097000062465668
8562.849609375,0.4088999927043915
8563.0498046875,0.40799999237060547
8563.259765625,0.40720000863075256
8563.4599609375,0.40639999508857727
8563.669921875,0.40560001134872437
8563.8798828125,0.4047999978065491
8564.080078125,0.40400001406669617
8564.2900390625,0.40310001373291016
8564.490234375,0.40230000019073486
8564.7001953125,0.40149998664855957
8564.91015625,0.40070000290870667
8565.1103515625,0.39989998936653137
8565.3095703125,0.39899998903274536
8565.51953125,0.39820000529289246
8565.7197265625,0.39739999175071716
8565.9296875,0.39660000801086426
8566.1298828125,0.39579999446868896
8566.33984375,0.39500001072883606
8566.5498046875,0.39410001039505005
8566.75,0.39329999685287476
8566.9599609375,0.39250001311302185
8567.16015625,0.39169999957084656
8567.3701171875,0.39089998602867126
8567.580078125,0.38999998569488525
8567.7802734375,0.38920000195503235
8567.990234375,0.38839998841285706
8568.1904296875,0.38760000467300415
8568.400390625,0.38679999113082886
8568.6103515625,0.38589999079704285
8568.8095703125,0.38510000705718994
8569.01953125,0.38429999351501465
8569.2197265625,0.38350000977516174
8569.4296875,0.38269999623298645
8569.6396484375,0.38179999589920044
8569.83984375,0.38100001215934753
8570.0498046875,0.38019999861717224
8570.25,0.37940001487731934
8570.4599609375,0.37860000133514404
8570.66015625,0.37779998779296875
8570.8701171875,0.37689998745918274
8571.080078125,0.37610000371932983
8571.2802734375,0.37529999017715454
8571.490234375,0.37450000643730164
8571.6904296875,0.37369999289512634
8571.900390625,0.37279999256134033
8572.1103515625,0.3720000088214874
8572.3095703125,0.37119999527931213
8572.51953125,0.37040001153945923
8572.7197265625,0.36959999799728394
8572.9296875,0.3686999976634979
8573.1396484375,0.367900013923645
8573.33984375,0.3671000003814697
8573.5498046875,0.36629998683929443
8573.75,0.36550000309944153
8573.9599609375,0.3646000027656555
8574.16015625,0.3637999892234802
8574.3701171875,0.3630000054836273
8574.580078125,0.362199991941452
8574.7802734375,0.3614000082015991
8574.990234375,0.36059999465942383
8575.1904296875,0.3596999943256378
8575.400390625,0.3589000105857849
8575.599609375,0.3580999970436096
8575.8095703125,0.3573000133037567
8576.009765625,0.3564999997615814
8576.2197265625,0.3555999994277954
8576.4296875,0.3547999858856201
8576.6396484375,0.3540000021457672
8576.83984375,0.3531999886035919
8577.0400390625,0.352400004863739
8577.25,0.351500004529953
8577.4599609375,0.3506999909877777
8577.669921875,0.3499000072479248
8577.8701171875,0.3490999937057495
8578.080078125,0.3483000099658966
8578.2802734375,0.3474000096321106
8578.490234375,0.3465999960899353
8578.6904296875,0.3458000123500824
8578.900390625,0.3449999988079071
8579.1103515625,0.3441999852657318
8579.3095703125,0.3433000147342682
8579.51953125,0.3425000011920929
8579.7197265625,0.3416999876499176
8579.9296875,0.3409000039100647
8580.1396484375,0.3400000035762787
8580.349609375,0.3391999900341034
8580.5498046875,0.3384000062942505
8580.759765625,0.3375999927520752
8580.9599609375,0.3368000090122223
8581.169921875,0.3359000086784363
8581.3701171875,0.335099995136261
8581.580078125,0.3343000113964081
8581.7900390625,0.3334999978542328
8582.0,0.3327000141143799
8582.2001953125,0.33180001378059387
8582.41015625,0.3310000002384186
8582.6103515625,0.3301999866962433
8582.8203125,0.3294000029563904
8583.0302734375,0.3285999894142151
8583.23046875,0.3276999890804291
8583.4404296875,0.32690000534057617
8583.6396484375,0.3260999917984009
8583.849609375,0.325300008058548
8584.0498046875,0.3244999945163727
8584.259765625,0.3237000107765198
8584.4599609375,0.32280001044273376
8584.669921875,0.32199999690055847
8584.8798828125,0.32120001316070557
8585.080078125,0.3203999996185303
8585.2900390625,0.319599986076355
8585.5,0.31869998574256897
8585.7001953125,0.31790000200271606
8585.91015625,0.31709998846054077
8586.1103515625,0.31630000472068787
8586.3203125,0.31540000438690186
8586.5302734375,0.31459999084472656
8586.73046875,0.31380000710487366
8586.9404296875,0.31299999356269836
8587.150390625,0.31220000982284546
8587.349609375,0.31130000948905945
8587.5595703125,0.31049999594688416
8587.759765625,0.30970001220703125
8587.9697265625,0.30889999866485596
8588.1796875,0.30799999833106995
8588.3896484375,0.30720001459121704
8588.58984375,0.30640000104904175
8588.7998046875,0.30559998750686646
8589.0,0.30480000376701355
8589.2099609375,0.30390000343322754
8589.41015625,0.30309998989105225
8589.6201171875,0.30230000615119934
8589.830078125,0.30149999260902405
8590.0400390625,0.30070000886917114
8590.240234375,0.29980000853538513
8590.4501953125,0.29899999499320984
8590.650390625,0.29820001125335693
8590.8603515625,0.29739999771118164
8591.0703125,0.29649999737739563
8591.26953125,0.2957000136375427
8591.48046875,0.29490000009536743
8591.6904296875,0.29409998655319214
8591.8896484375,0.29330000281333923
8592.099609375,0.29249998927116394
8592.2998046875,0.29159998893737793
8592.509765625,0.290800005197525
8592.7197265625,0.28999999165534973
8592.919921875,0.2892000079154968
8593.1298828125,0.28839999437332153
8593.330078125,0.2874999940395355
8593.5400390625,0.2867000102996826
8593.75,0.2858999967575073
8593.9501953125,0.2851000130176544
8594.16015625,0.2842000126838684
8594.3701171875,0.2833999991416931
8594.5703125,0.2825999855995178
8594.7802734375,0.2818000018596649
8594.98046875,0.2809999883174896
8595.1904296875,0.2800999879837036
8595.400390625,0.2793000042438507
8595.6103515625,0.2784999907016754
8595.8095703125,0.2777000069618225
8596.01953125,0.2768000066280365
8596.23046875,0.2759999930858612
8596.4296875,0.2752000093460083
8596.6396484375,0.274399995803833
8596.83984375,0.2736000120639801
8597.0498046875,0.2727000117301941
8597.259765625,0.2718999981880188
8597.4697265625,0.2711000144481659
8597.669921875,0.2703000009059906
8597.8798828125,0.2694000005722046
8598.080078125,0.2685999870300293
8598.2900390625,0.2678000032901764
8598.5,0.2669999897480011
8598.7001953125,0.2662000060081482
8598.91015625,0.2653000056743622
8599.1201171875,0.2644999921321869
8599.3203125,0.263700008392334
8599.5302734375,0.2628999948501587
8599.740234375,0.2619999945163727
8599.9501953125,0.2612000107765198
8600.150390625,0.2606000006198883
8600.3603515625,0.25999999046325684
8600.5595703125,0.25940001010894775
8600.76953125,0.2587999999523163
8600.98046875,0.2581999897956848
8601.1796875,0.25760000944137573
8601.3896484375,0.25699999928474426
8601.599609375,0.2563999891281128
8601.8095703125,0.2558000087738037
8602.0,0.25519999861717224
8602.2099609375,0.25459998846054077
8602.419921875,0.2540000081062317
8602.6298828125,0.2533999979496002
8602.830078125,0.25279998779296875
8603.0400390625,0.25220000743865967
8603.25,0.2515999972820282
8603.4501953125,0.25099998712539673
8603.66015625,0.25040000677108765
8603.8701171875,0.24979999661445618
8604.0703125,0.2492000013589859
8604.2802734375,0.24860000610351562
8604.490234375,0.24799999594688416
8604.6904296875,0.24740000069141388
8604.900390625,0.2468000054359436
8605.1103515625,0.24619999527931213
8605.3095703125,0.24560000002384186
8605.51953125,0.24500000476837158
8605.73046875,0.2443999946117401
8605.9296875,0.24379999935626984
8606.1396484375,0.24320000410079956
8606.349609375,0.2425999939441681
8606.5498046875,0.24199999868869781
8606.759765625,0.24140000343322754
8606.9697265625,0.24079999327659607
8607.1796875,0.2401999980211258
8607.3798828125,0.23960000276565552
8607.58984375,0.23899999260902405
8607.7998046875,0.23839999735355377
8608.0,0.2378000020980835
8608.2099609375,0.23720000684261322
8608.41015625,0.23659999668598175
8608.6201171875,0.23600000143051147
8608.830078125,0.2354000061750412
8609.0400390625,0.23479999601840973
8609.240234375,0.23420000076293945
8609.4501953125,0.23360000550746918
8609.66015625,0.2329999953508377
8609.8701171875,0.23240000009536743
8610.0703125,0.23180000483989716
8610.2802734375,0.23119999468326569
8610.48046875,0.2305999994277954
8610.6904296875,0.23000000417232513
8610.900390625,0.22939999401569366
8611.099609375,0.2287999987602234
8611.3095703125,0.2282000035047531
8611.51953125,0.22759999334812164
8611.7197265625,0.22699999809265137
8611.9296875,0.2264000028371811
8612.1298828125,0.22579999268054962
8612.33984375,0.22519999742507935
8612.5498046875,0.22460000216960907
8612.759765625,0.2240000069141388
8612.9599609375,0.22339999675750732
8613.169921875,0.22280000150203705
8613.3798828125,0.22220000624656677
8613.58984375,0.2215999960899353
8613.7900390625,0.22100000083446503
8614.0,0.22040000557899475
8614.2099609375,0.21979999542236328
8614.41015625,0.219200000166893
8614.6201171875,0.21860000491142273
8614.830078125,0.21799999475479126
8615.0302734375,0.21739999949932098
8615.240234375,0.2168000042438507
8615.4501953125,0.21619999408721924
8615.650390625,0.21559999883174896
8615.8603515625,0.2150000035762787
8616.0703125,0.21439999341964722
8616.2802734375,0.21379999816417694
8616.48046875,0.21320000290870667
8616.6904296875,0.2125999927520752
8616.900390625,0.21199999749660492
8617.1103515625,0.21140000224113464
8617.3095703125,0.21080000698566437
8617.51953125,0.2101999968290329
8617.7197265625,0.20960000157356262
8617.9296875,0.20900000631809235
8618.1396484375,0.20839999616146088
8618.33984375,0.2078000009059906
8618.5498046875,0.20720000565052032
8618.759765625,0.20659999549388885
8618.9697265625,0.20600000023841858
8619.169921875,0.2054000049829483
8619.3798828125,0.20479999482631683
8619.58984375,0.20419999957084656
8619.7900390625,0.20360000431537628
8620.0,0.2029999941587448
8620.2001953125,0.20239999890327454
8620.41015625,0.20180000364780426
8620.6201171875,0.2011999934911728
8620.830078125,0.20059999823570251
8621.0302734375,0.20000000298023224
8621.240234375,0.19939999282360077
8621.4501953125,0.1987999975681305
8621.66015625,0.19820000231266022
8621.8603515625,0.19760000705718994
8622.0703125,0.19699999690055847
8622.2802734375,0.1964000016450882
8622.490234375,0.19580000638961792
8622.6904296875,0.19519999623298645
8622.900390625,0.19460000097751617
8623.1103515625,0.1940000057220459
8623.3095703125,0.19339999556541443
8623.51953125,0.19280000030994415
8623.73046875,0.19220000505447388
8623.9296875,0.1915999948978424
8624.1396484375,0.19099999964237213
8624.349609375,0.19040000438690186
8624.5498046875,0.18979999423027039
8624.759765625,0.1891999989748001
8624.9697265625,0.18860000371932983
8625.1796875,0.18799999356269836
8625.3896484375,0.1873999983072281
8625.58984375,0.1868000030517578
8625.7998046875,0.18619999289512634
8626.009765625,0.18559999763965607
8626.2197265625,0.1850000023841858
8626.419921875,0.18440000712871552
8626.6298828125,0.18379999697208405
8626.83984375,0.18320000171661377
8627.0400390625,0.1826000064611435
8627.25,0.18199999630451202
8627.4599609375,0.18140000104904175
8627.669921875,0.18080000579357147
8627.8701171875,0.18019999563694
8628.080078125,0.17960000038146973
8628.2900390625,0.17900000512599945
8628.490234375,0.17839999496936798
8628.7001953125,0.1777999997138977
8628.91015625,0.17720000445842743
8629.1103515625,0.17659999430179596
8629.3203125,0.17599999904632568
8629.5302734375,0.1754000037908554
8629.740234375,0.17479999363422394
8629.9404296875,0.17419999837875366
8630.150390625,0.1736000031232834
8630.3603515625,0.17299999296665192
8630.5595703125,0.17239999771118164
8630.76953125,0.17180000245571136
8630.98046875,0.1712000072002411
8631.1904296875,0.17059999704360962
8631.3896484375,0.17000000178813934
8631.599609375,0.16940000653266907
8631.8095703125,0.1687999963760376
8632.009765625,0.16820000112056732
8632.2197265625,0.16760000586509705
8632.4296875,0.16689999401569366
8632.6396484375,0.1662999987602234
8632.83984375,0.16580000519752502
8633.0498046875,0.16509999334812164
8633.259765625,0.16449999809265137
8633.4697265625,0.1639000028371811
8633.669921875,0.16329999268054962
8633.8798828125,0.16269999742507935
8634.08984375,0.16210000216960907
8634.2998046875,0.1615000069141388
8634.5,0.16089999675750732
8634.7099609375,0.16030000150203705
8634.919921875,0.15970000624656677
8635.1298828125,0.1590999960899353
8635.33984375,0.15850000083446503
8635.5400390625,0.15790000557899475
8635.75,0.15729999542236328
8635.9599609375,0.156700000166893
8636.169921875,0.15610000491142273
8636.3701171875,0.15549999475479126
8636.580078125,0.15489999949932098
8636.7900390625,0.1543000042438507
8637.0,0.15369999408721924
8637.2001953125,0.15309999883174896
8637.41015625,0.1525000035762787
8637.6201171875,0.15189999341964722
8637.830078125,0.15129999816417694
8638.0400390625,0.15070000290870667
8638.23046875,0.1500999927520752
8638.4404296875,0.14949999749660492
8638.650390625,0.14890000224113464
8638.8603515625,0.14830000698566437
8639.0595703125,0.1476999968290329
8639.26953125,0.14710000157356262
8639.48046875,0.14650000631809235
8639.6904296875,0.14589999616146088
8639.8896484375,0.1453000009059906
8640.099609375,0.14470000565052032
8640.3095703125,0.14409999549388885
8640.51953125,0.14350000023841858
8640.73046875,0.1429000049829483
8640.9296875,0.14229999482631683
8641.1396484375,0.14169999957084656
8641.349609375,0.14110000431537628
8641.5595703125,0.1404999941587448
8641.759765625,0.13989999890327454
8641.9697265625,0.13930000364780426
8642.1796875,0.1386999934911728
8642.3896484375,0.13809999823570251
8642.58984375,0.13750000298023224
8642.7998046875,0.13689999282360077
8643.009765625,0.1362999975681305
8643.2197265625,0.13570000231266022
8643.4296875,0.13510000705718994
8643.6298828125,0.13449999690055847
8643.83984375,0.1339000016450882
8644.0498046875,0.13330000638961792
8644.259765625,0.13259999454021454
8644.4599609375,0.13210000097751617
8644.669921875,0.1315000057220459
8644.8798828125,0.13079999387264252
8645.08984375,0.13019999861717224
8645.2900390625,0.12960000336170197
8645.5,0.1289999932050705
8645.7099609375,0.12839999794960022
8645.919921875,0.12780000269412994
8646.1298828125,0.12720000743865967
8646.330078125,0.1265999972820282
8646.5400390625,0.12600000202655792
8646.75,0.12540000677108765
8646.9599609375,0.12479999661445618
8647.16015625,0.1242000013589859
8647.3701171875,0.12359999865293503
8647.580078125,0.12300000339746475
8647.7900390625,0.12240000069141388
8647.990234375,0.121799997985363
8648.2001953125,0.12120000272989273
8648.41015625,0.12060000002384186
8648.6201171875,0.11999999731779099
8648.830078125,0.11940000206232071
8649.0302734375,0.11879999935626984
8649.240234375,0.11819999665021896
8649.4501953125,0.11760000139474869
8649.66015625,0.11699999868869781
8649.8603515625,0.11640000343322754
8650.0703125,0.11590000241994858
8650.2802734375,0.11559999734163284
8650.490234375,0.1152999997138977
8650.7001953125,0.11500000208616257
8650.900390625,0.11469999700784683
8651.1103515625,0.1143999993801117
8651.3203125,0.11420000344514847
8651.5302734375,0.11389999836683273
8651.73046875,0.1136000007390976
8651.9404296875,0.11330000311136246
8652.150390625,0.11299999803304672
8652.3603515625,0.11270000040531158
8652.5595703125,0.11240000277757645
8652.76953125,0.11209999769926071
8652.98046875,0.11180000007152557
8653.1904296875,0.11150000244379044
8653.400390625,0.1111999973654747
8653.599609375,0.11100000143051147
8653.8095703125,0.11069999635219574
8654.01953125,0.1103999987244606
8654.23046875,0.11010000109672546
8654.4296875,0.10980000346899033
8654.6396484375,0.10949999839067459
8654.849609375,0.10920000076293945
8655.0595703125,0.10890000313520432
8655.26953125,0.10859999805688858
8655.4697265625,0.10830000042915344
8655.6796875,0.1080000028014183
8655.8896484375,0.10769999772310257
8656.099609375,0.10750000178813934
8656.2998046875,0.10719999670982361
8656.509765625,0.10689999908208847
8656.7197265625,0.10660000145435333
8656.9296875,0.1062999963760376
8657.1298828125,0.10599999874830246
8657.33984375,0.10570000112056732
8657.5498046875,0.10540000349283218
8657.759765625,0.10509999841451645
8657.9599609375,0.10480000078678131
8658.169921875,0.10459999740123749
8658.3798828125,0.10429999977350235
8658.58984375,0.10400000214576721
8658.7998046875,0.10369999706745148
8659.009765625,0.10339999943971634
8659.2197265625,0.1031000018119812
8659.419921875,0.10279999673366547
8659.6298828125,0.10249999910593033
8659.83984375,0.10220000147819519
8660.0498046875,0.10189999639987946
8660.259765625,0.10159999877214432
8660.4697265625,0.10130000114440918
8660.669921875,0.10109999775886536
8660.8798828125,0.10080000013113022
8661.08984375,0.10050000250339508
8661.2998046875,0.10019999742507935
8661.509765625,0.09989999979734421
8661.7099609375,0.09960000216960907
8661.919921875,0.09929999709129333
8662.1298828125,0.0989999994635582
8662.33984375,0.09870000183582306
8662.5400390625,0.09839999675750732
8662.75,0.09809999912977219
8662.9599609375,0.09790000319480896
8663.169921875,0.09759999811649323
8663.3798828125,0.09730000048875809
8663.580078125,0.09700000286102295
8663.7900390625,0.09669999778270721
8664.0,0.09640000015497208
8664.2099609375,0.09610000252723694
8664.419921875,0.0957999974489212
8664.6298828125,0.09549999982118607
8664.83984375,0.09520000219345093
8665.0498046875,0.09489999711513519
8665.25,0.09470000118017197
8665.4501953125,0.09440000355243683
8665.66015625,0.0940999984741211
8665.8701171875,0.09380000084638596
8666.080078125,0.09350000321865082
8666.2900390625,0.09319999814033508
8666.5,0.09290000051259995
8666.7099609375,0.09260000288486481
8666.919921875,0.09229999780654907
8667.1201171875,0.09200000017881393
8667.330078125,0.0917000025510788
8667.5400390625,0.09139999747276306
8667.75,0.09120000153779984
8667.9501953125,0.0908999964594841
8668.16015625,0.09059999883174896
8668.3701171875,0.09030000120401382
8668.580078125,0.09000000357627869
8668.7900390625,0.08969999849796295
8668.990234375,0.08940000087022781
8669.2001953125,0.08910000324249268
8669.41015625,0.08879999816417694
8669.6201171875,0.0885000005364418
8669.830078125,0.08820000290870667
8670.0400390625,0.08789999783039093
8670.25,0.0877000018954277
8670.4599609375,0.08739999681711197
8670.66015625,0.08709999918937683
8670.8701171875,0.0868000015616417
8671.080078125,0.08649999648332596
8671.2900390625,0.08619999885559082
8671.5,0.08590000122785568
8671.7001953125,0.08560000360012054
8671.91015625,0.08529999852180481
8672.1201171875,0.08500000089406967
8672.330078125,0.08470000326633453
8672.5400390625,0.0843999981880188
8672.75,0.08420000225305557
8672.9599609375,0.08389999717473984
8673.16015625,0.0835999995470047
8673.3701171875,0.08330000191926956
8673.580078125,0.08299999684095383
8673.7900390625,0.08269999921321869
8674.0,0.08240000158548355
8674.2001953125,0.08209999650716782
8674.41015625,0.08179999887943268
8674.6201171875,0.08150000125169754
8674.830078125,0.0812000036239624
8675.0400390625,0.08089999854564667
8675.240234375,0.08070000261068344
8675.4501953125,0.0803999975323677
8675.66015625,0.08009999990463257
8675.8701171875,0.07980000227689743
8676.080078125,0.0794999971985817
8676.2802734375,0.07919999957084656
8676.490234375,0.07890000194311142
8676.7001953125,0.07859999686479568
8676.91015625,0.07829999923706055
8677.1201171875,0.07800000160932541
8677.330078125,0.07769999653100967
8677.5400390625,0.07739999890327454
8677.75,0.07720000296831131
8677.9501953125,0.07689999788999557
8678.16015625,0.07660000026226044
8678.3701171875,0.0763000026345253
8678.580078125,0.07599999755620956
8678.7900390625,0.07569999992847443
8678.990234375,0.07540000230073929
8679.2001953125,0.07509999722242355
8679.41015625,0.07479999959468842
8679.6201171875,0.07450000196695328
8679.830078125,0.07419999688863754
8680.0400390625,0.0738999992609024
8680.25,0.07370000332593918
8680.4599609375,0.07339999824762344
8680.66015625,0.0731000006198883
8680.8701171875,0.07280000299215317
8681.080078125,0.07249999791383743
8681.2900390625,0.0722000002861023
8681.5,0.07190000265836716
8681.7099609375,0.07159999758005142
8681.919921875,0.07129999995231628
8682.1201171875,0.07100000232458115
8682.330078125,0.07069999724626541
8682.5400390625,0.07039999961853027
8682.75,0.07020000368356705
8682.9599609375,0.06989999860525131
8683.169921875,0.06960000097751617
8683.3701171875,0.06930000334978104
8683.580078125,0.0689999982714653
8683.7900390625,0.06870000064373016
8684.0,0.06840000301599503
8684.2099609375,0.06809999793767929
8684.41015625,0.06780000030994415
8684.6201171875,0.06750000268220901
8684.830078125,0.06719999760389328
8685.0400390625,0.06689999997615814
8685.25,0.06669999659061432
8685.4599609375,0.06639999896287918
8685.669921875,0.06610000133514404
8685.8798828125,0.0658000037074089
8686.08984375,0.06549999862909317
8686.2900390625,0.06520000100135803
8686.5,0.0649000033736229
8686.7099609375,0.06459999829530716
8686.919921875,0.06430000066757202
8687.1298828125,0.06400000303983688
8687.33984375,0.06369999796152115
8687.5498046875,0.06340000033378601
8687.759765625,0.06310000270605087
8687.9599609375,0.06289999932050705
8688.169921875,0.06260000169277191
8688.3798828125,0.062300000339746475
8688.58984375,0.06199999898672104
8688.7998046875,0.0617000013589859
8689.009765625,0.061400000005960464
8689.2197265625,0.06109999865293503
8689.4296875,0.06080000102519989
8689.6396484375,0.060499999672174454
8689.83984375,0.06019999831914902
8690.0498046875,0.05990000069141388
8690.259765625,0.05959999933838844
8690.4697265625,0.059300001710653305
8690.6796875,0.05909999832510948
8690.8896484375,0.058800000697374344
8691.099609375,0.05849999934434891
8691.3095703125,0.05820000171661377
8691.51953125,0.05790000036358833
8691.7197265625,0.0575999990105629
8691.9296875,0.05730000138282776
8692.1396484375,0.05700000002980232
8692.349609375,0.056699998676776886
8692.5595703125,0.05640000104904175
8692.759765625,0.05609999969601631
8692.9697265625,0.055799998342990875
8693.1796875,0.05550000071525574
8693.3896484375,0.05530000105500221
8693.599609375,0.054999999701976776
8693.8095703125,0.05469999834895134
8694.01953125,0.0544000007212162
8694.23046875,0.054099999368190765
8694.4296875,0.05380000174045563
8694.6396484375,0.05350000038743019
8694.849609375,0.053199999034404755
8695.0595703125,0.05290000140666962
8695.26953125,0.05260000005364418
8695.48046875,0.052299998700618744
8695.6904296875,0.052000001072883606
8695.900390625,0.05169999971985817
8696.099609375,0.051500000059604645
8696.3095703125,0.05119999870657921
8696.51953125,0.05090000107884407
8696.73046875,0.050599999725818634
8696.9404296875,0.0502999983727932
8697.150390625,0.05000000074505806
8697.3603515625,0.04969999939203262
8697.5703125,0.049400001764297485
8697.7802734375,0.04910000041127205
8697.98046875,0.04879999905824661
8698.1904296875,0.048500001430511475
8698.400390625,0.04820000007748604
8698.6103515625,0.0478999987244606
8698.8203125,0.047600001096725464
8699.0302734375,0.04740000143647194
8699.240234375,0.0471000000834465
8699.4501953125,0.046799998730421066
8699.66015625,0.04650000110268593
8699.8603515625,0.04619999974966049
8700.0703125,0.045899998396635056
8700.2900390625,0.04580000042915344
8700.5,0.04569999873638153
8700.7001953125,0.045499999076128006
8700.91015625,0.04540000110864639
8701.1201171875,0.04520000144839287
8701.330078125,0.045099999755620956
8701.5400390625,0.04490000009536743
8701.740234375,0.04479999840259552
8701.9501953125,0.044599998742341995
8702.16015625,0.04450000077486038
8702.3701171875,0.04430000111460686
8702.580078125,0.044199999421834946
8702.7900390625,0.04399999976158142
8703.0,0.04390000179409981
8703.2099609375,0.043800000101327896
8703.41015625,0.04360000044107437
8703.6201171875,0.04349999874830246
8703.830078125,0.043299999088048935
8704.0400390625,0.04320000112056732
8704.25,0.0430000014603138
8704.4599609375,0.042899999767541885
8704.669921875,0.04270000010728836
8704.8798828125,0.04259999841451645
8705.08984375,0.042399998754262924
8705.2998046875,0.04230000078678131
8705.509765625,0.042100001126527786
8705.7197265625,0.041999999433755875
8705.9296875,0.04190000146627426
8706.1298828125,0.04170000180602074
8706.33984375,0.041600000113248825
8706.5498046875,0.0414000004529953
8706.759765625,0.04129999876022339
8706.9697265625,0.041099999099969864
8707.1796875,0.04100000113248825
8707.3896484375,0.040800001472234726
8707.599609375,0.040699999779462814
8707.8095703125,0.04050000011920929
8708.01953125,0.04039999842643738
8708.23046875,0.04019999876618385
8708.4404296875,0.04010000079870224
8708.650390625,0.039900001138448715
8708.849609375,0.039799999445676804
8709.0595703125,0.03970000147819519
8709.26953125,0.039500001817941666
8709.48046875,0.039400000125169754
8709.6904296875,0.03920000046491623
8709.900390625,0.03909999877214432
8710.1103515625,0.03889999911189079
8710.3203125,0.03880000114440918
8710.5302734375,0.038600001484155655
8710.73046875,0.03849999979138374
8710.9404296875,0.03830000013113022
8711.150390625,0.03819999843835831
8711.3603515625,0.03799999877810478
8711.5703125,0.03790000081062317
8711.7802734375,0.03779999911785126
8711.990234375,0.03759999945759773
8712.2001953125,0.03750000149011612
8712.41015625,0.037300001829862595
8712.6201171875,0.03720000013709068
8712.830078125,0.03700000047683716
8713.0400390625,0.03689999878406525
8713.25,0.03669999912381172
8713.4501953125,0.03660000115633011
8713.66015625,0.036400001496076584
8713.8701171875,0.03629999980330467
8714.080078125,0.03610000014305115
8714.2900390625,0.035999998450279236
8714.5,0.03579999879002571
8714.7099609375,0.0357000008225441
8714.919921875,0.035599999129772186
8715.1298828125,0.03539999946951866
8715.33984375,0.03530000150203705
8715.5498046875,0.035100001841783524
8715.759765625,0.03500000014901161
8715.9697265625,0.03480000048875809
8716.1796875,0.034699998795986176
8716.3896484375,0.03449999913573265
8716.599609375,0.03440000116825104
8716.8095703125,0.03420000150799751
8717.01953125,0.0340999998152256
8717.2197265625,0.033900000154972076
8717.4296875,0.033799998462200165
8717.6396484375,0.03359999880194664
8717.8603515625,0.03350000083446503
8718.0595703125,0.033399999141693115
8718.26953125,0.03319999948143959
8718.48046875,0.03310000151395798
8718.6904296875,0.03290000185370445
8718.900390625,0.03280000016093254
8719.1103515625,0.032600000500679016
8719.3203125,0.032499998807907104
8719.5302734375,0.03229999914765358
8719.740234375,0.03220000118017197
8719.9404296875,0.03200000151991844
8720.150390625,0.03189999982714653
8720.3603515625,0.031700000166893005
8720.5703125,0.031599998474121094
8720.7802734375,0.03150000050663948
8720.990234375,0.031300000846385956
8721.2001953125,0.031199999153614044
8721.41015625,0.03099999949336052
8721.6201171875,0.030899999663233757
8721.830078125,0.030700000002980232
8722.0400390625,0.03060000017285347
8722.25,0.030400000512599945
8722.4599609375,0.030300000682473183
8722.669921875,0.03009999915957451
8722.8798828125,0.029999999329447746
8723.08984375,0.02979999966919422
8723.2998046875,0.02969999983906746
8723.5,0.029500000178813934
8723.7099609375,0.029400000348687172
8723.9296875,0.02930000051856041
8724.1396484375,0.029100000858306885
8724.349609375,0.028999999165534973
8724.5498046875,0.02879999950528145
8724.759765625,0.028699999675154686
8724.9697265625,0.02850000001490116
8725.1904296875,0.0284000001847744
8725.3896484375,0.028200000524520874
8725.599609375,0.02810000069439411
8725.8095703125,0.027899999171495438
8726.01953125,0.027799999341368675
8726.23046875,0.02759999968111515
8726.4404296875,0.027499999850988388
8726.650390625,0.027300000190734863
8726.8603515625,0.0272000003606081
8727.0703125,0.027000000700354576
8727.2802734375,0.026900000870227814
8727.490234375,0.026799999177455902
8727.7001953125,0.026599999517202377
8727.91015625,0.026499999687075615
8728.1201171875,0.02630000002682209
8728.330078125,0.026200000196695328
8728.5400390625,0.026000000536441803
8728.75,0.02590000070631504
8728.9501953125,0.025699999183416367
8729.16015625,0.025599999353289604
8729.3701171875,0.02539999969303608
8729.580078125,0.025299999862909317
8729.7900390625,0.025100000202655792
8730.0,0.02500000037252903
8730.2099609375,0.024900000542402267
8730.419921875,0.024700000882148743
8730.6298828125,0.02459999918937683
8730.83984375,0.024399999529123306
8731.0498046875,0.024299999698996544
8731.259765625,0.02410000003874302
8731.4697265625,0.024000000208616257
8731.6796875,0.023800000548362732
8731.8896484375,0.02370000071823597
8732.099609375,0.023499999195337296
8732.3095703125,0.023399999365210533
8732.51953125,0.02319999970495701
8732.73046875,0.023099999874830246
8732.9404296875,0.02290000021457672
8733.150390625,0.02280000038444996
8733.3603515625,0.022600000724196434
8733.5703125,0.02250000089406967
8733.7802734375,0.02239999920129776
8733.990234375,0.022199999541044235
8734.2001953125,0.022099999710917473
8734.41015625,0.021900000050663948
8734.6201171875,0.021800000220537186
8734.830078125,0.02160000056028366
8735.0400390625,0.0215000007301569
8735.25,0.021299999207258224
8735.4599609375,0.021199999377131462
8735.669921875,0.020999999716877937
8735.8798828125,0.020899999886751175
8736.08984375,0.02070000022649765
8736.2998046875,0.020600000396370888
8736.509765625,0.020400000736117363
8736.7197265625,0.0203000009059906
8736.9296875,0.02019999921321869
8737.1396484375,0.019999999552965164
8737.349609375,0.019899999722838402
8737.5595703125,0.019700000062584877
8737.76953125,0.019600000232458115
8737.98046875,0.01940000057220459
8738.1904296875,0.019300000742077827
8738.3896484375,0.019099999219179153
8738.599609375,0.01899999938905239
8738.8095703125,0.018799999728798866
8739.01953125,0.018699999898672104
8739.23046875,0.01850000023841858
8739.4404296875,0.018400000408291817
8739.650390625,0.018200000748038292
8739.8701171875,0.01810000091791153
8740.0703125,0.017999999225139618
8740.2802734375,0.017799999564886093
8740.490234375,0.01769999973475933
8740.7001953125,0.017500000074505806
8740.91015625,0.017400000244379044
8741.1201171875,0.01720000058412552
8741.330078125,0.017100000753998756
8741.5400390625,0.016899999231100082
8741.75,0.01679999940097332
8741.9599609375,0.016599999740719795
8742.169921875,0.016499999910593033
8742.3798828125,0.016300000250339508
8742.599609375,0.016200000420212746
8742.7998046875,0.01600000075995922
8743.009765625,0.01590000092983246
8743.2197265625,0.015699999406933784
8743.4404296875,0.015599999576807022
8743.6396484375,0.01549999974668026
8743.849609375,0.015300000086426735
8744.0595703125,0.015200000256299973
8744.2802734375,0.014999999664723873
8744.48046875,0.01489999983459711
8744.6904296875,0.014700000174343586
8744.900390625,0.014600000344216824
8745.1201171875,0.014399999752640724
8745.330078125,0.014299999922513962
8745.5302734375,0.014100000262260437
8745.740234375,0.014000000432133675
8745.9599609375,0.013799999840557575
8746.169921875,0.013700000010430813
8746.3701171875,0.013500000350177288
8746.580078125,0.013399999588727951
8746.7998046875,0.013199999928474426
8747.009765625,0.013100000098347664
8747.2099609375,0.013000000268220901
8747.419921875,0.012799999676644802
8747.6298828125,0.01269999984651804
8747.83984375,0.012500000186264515
8748.0498046875,0.012400000356137753
8748.259765625,0.012199999764561653
8748.4697265625,0.01209999993443489
8748.6796875,0.011900000274181366
8748.8896484375,0.011800000444054604
8749.099609375,0.011599999852478504
8749.3095703125,0.011500000022351742
8749.51953125,0.011300000362098217
8749.740234375,0.01119999960064888
8749.9501953125,0.010999999940395355
8750.150390625,0.010999999940395355
8750.3603515625,0.010999999940395355
8750.580078125,0.010900000110268593
8750.7900390625,0.010900000110268593
8750.990234375,0.010900000110268593
8751.2099609375,0.010900000110268593
8751.419921875,0.01080000028014183
8751.6298828125,0.01080000028014183
8751.830078125,0.01080000028014183
8752.0498046875,0.01080000028014183
8752.259765625,0.010700000450015068
8752.4697265625,0.010700000450015068
8752.6796875,0.010700000450015068
8752.8896484375,0.010700000450015068
8753.099609375,0.010599999688565731
8753.3095703125,0.010599999688565731
8753.51953125,0.010599999688565731
8753.73046875,0.010599999688565731
8753.9404296875,0.010499999858438969
8754.150390625,0.010499999858438969
8754.3603515625,0.010499999858438969
8754.5703125,0.010499999858438969
8754.7802734375,0.010400000028312206
8754.990234375,0.010400000028312206
8755.2001953125,0.010400000028312206
8755.419921875,0.010400000028312206
8755.6201171875,0.010300000198185444
8755.830078125,0.010300000198185444
8756.0400390625,0.010300000198185444
8756.259765625,0.010200000368058681
8756.4599609375,0.010200000368058681
8756.669921875,0.010200000368058681
8756.8798828125,0.010200000368058681
8757.08984375,0.010099999606609344
8757.2998046875,0.010099999606609344
8757.509765625,0.010099999606609344
8757.7197265625,0.010099999606609344
8757.9296875,0.009999999776482582
8758.150390625,0.009999999776482582
8758.349609375,0.009999999776482582
8758.5595703125,0.009999999776482582
8758.7802734375,0.00989999994635582
8758.990234375,0.00989999994635582
8759.1904296875,0.00989999994635582
8759.41015625,0.00989999994635582
8759.6201171875,0.009800000116229057
8759.830078125,0.009800000116229057
8760.0400390625,0.009800000116229057
8760.25,0.009800000116229057
8760.4599609375,0.009700000286102295
8760.669921875,0.009700000286102295
8760.8798828125,0.009700000286102295
8761.08984375,0.009700000286102295
8761.2998046875,0.009600000455975533
8761.509765625,0.009600000455975533
8761.7197265625,0.009600000455975533
8761.9296875,0.009600000455975533
8762.1396484375,0.009499999694526196
8762.349609375,0.009499999694526196
8762.5595703125,0.009499999694526196
8762.76953125,0.009499999694526196
8762.98046875,0.009399999864399433
8763.2001953125,0.009399999864399433
8763.41015625,0.009399999864399433
8763.6201171875,0.009399999864399433
8763.830078125,0.00930000003427267
8764.0400390625,0.00930000003427267
8764.25,0.00930000003427267
8764.4599609375,0.00930000003427267
8764.669921875,0.009200000204145908
8764.8798828125,0.009200000204145908
8765.08984375,0.009200000204145908
8765.2998046875,0.009200000204145908
8765.509765625,0.009100000374019146
8765.7197265625,0.009100000374019146
8765.9296875,0.009100000374019146
8766.1396484375,0.009100000374019146
8766.349609375,0.008999999612569809
8766.5595703125,0.008999999612569809
8766.76953125,0.008999999612569809
8766.98046875,0.008999999612569809
8767.1904296875,0.008899999782443047
8767.400390625,0.008899999782443047
8767.6103515625,0.008899999782443047
8767.8203125,0.008899999782443047
8768.0400390625,0.008799999952316284
8768.25,0.008799999952316284
8768.4599609375,0.008799999952316284
8768.669921875,0.008799999952316284
8768.8798828125,0.008700000122189522
8769.08984375,0.008700000122189522
8769.2998046875,0.008700000122189522
8769.509765625,0.008700000122189522
8769.7197265625,0.00860000029206276
8769.9296875,0.00860000029206276
8770.1396484375,0.00860000029206276
8770.349609375,0.00860000029206276
8770.5595703125,0.008500000461935997
8770.7802734375,0.008500000461935997
8770.990234375,0.008500000461935997
8771.1904296875,0.008500000461935997
8771.41015625,0.00839999970048666
8771.6201171875,0.00839999970048666
8771.830078125,0.00839999970048666
8772.0400390625,0.00839999970048666
8772.25,0.008299999870359898
8772.4599609375,0.008299999870359898
8772.669921875,0.008299999870359898
8772.8798828125,0.008299999870359898
8773.08984375,0.008200000040233135
8773.2998046875,0.008200000040233135
8773.51953125,0.008200000040233135
8773.73046875,0.008200000040233135
8773.9296875,0.008100000210106373
8774.150390625,0.008100000210106373
8774.3603515625,0.008100000210106373
8774.5703125,0.008100000210106373
8774.7802734375,0.00800000037997961
8774.98046875,0.00800000037997961
8775.2001953125,0.00800000037997961
8775.41015625,0.00800000037997961
8775.6201171875,0.007899999618530273
8775.830078125,0.007899999618530273
8776.0400390625,0.007899999618530273
8776.25,0.007799999788403511
8776.4599609375,0.007799999788403511
8776.669921875,0.007799999788403511
8776.8798828125,0.007799999788403511
8777.08984375,0.007699999958276749
8777.3095703125,0.007699999958276749
8777.509765625,0.007699999958276749
8777.73046875,0.007699999958276749
8777.9404296875,0.007600000128149986
8778.150390625,0.007600000128149986
8778.3603515625,0.007600000128149986
8778.5703125,0.007600000128149986
8778.7802734375,0.007499999832361937
8778.990234375,0.007499999832361937
8779.2099609375,0.007499999832361937
8779.41015625,0.007499999832361937
8779.6201171875,0.007400000002235174
8779.83984375,0.007400000002235174
8780.0498046875,0.007400000002235174
8780.259765625,0.007400000002235174
8780.4697265625,0.007300000172108412
8780.6796875,0.007300000172108412
8780.8896484375,0.007300000172108412
8781.099609375,0.007300000172108412
8781.3095703125,0.007199999876320362
8781.51953125,0.007199999876320362
8781.740234375,0.007199999876320362
8781.9501953125,0.007199999876320362
8782.16015625,0.0071000000461936
8782.3701171875,0.0071000000461936
8782.580078125,0.0071000000461936
8782.7900390625,0.0071000000461936
8783.0,0.007000000216066837
8783.2099609375,0.007000000216066837
8783.419921875,0.007000000216066837
8783.6396484375,0.007000000216066837
8783.849609375,0.006899999920278788
8784.0498046875,0.006899999920278788
8784.259765625,0.006899999920278788
8784.4697265625,0.006899999920278788
8784.6904296875,0.006800000090152025
8784.8896484375,0.006800000090152025
8785.1103515625,0.006800000090152025
8785.3203125,0.006800000090152025
8785.5302734375,0.0066999997943639755
8785.740234375,0.0066999997943639755
8785.9501953125,0.0066999997943639755
8786.16015625,0.0066999997943639755
8786.3798828125,0.006599999964237213
8786.58984375,0.006599999964237213
8786.7900390625,0.006599999964237213
8787.009765625,0.006599999964237213
8787.2197265625,0.006500000134110451
8787.4296875,0.006500000134110451
8787.6396484375,0.006500000134110451
8787.849609375,0.006500000134110451
8788.0595703125,0.006399999838322401
8788.2802734375,0.006399999838322401
8788.490234375,0.006399999838322401
8788.7001953125,0.006399999838322401
8788.91015625,0.006300000008195639
8789.1201171875,0.006300000008195639
8789.330078125,0.006300000008195639
8789.5400390625,0.006300000008195639
8789.75,0.006200000178068876
8789.9599609375,0.006200000178068876
8790.1796875,0.006200000178068876
8790.3798828125,0.006200000178068876
8790.599609375,0.006099999882280827
8790.8095703125,0.006099999882280827
8791.01953125,0.006099999882280827
8791.23046875,0.006099999882280827
8791.4404296875,0.006000000052154064
8791.650390625,0.006000000052154064
8791.8701171875,0.006000000052154064
8792.080078125,0.006000000052154064
8792.2900390625,0.005900000222027302
8792.5,0.005900000222027302
8792.7099609375,0.005900000222027302
8792.919921875,0.005799999926239252
8793.1298828125,0.005799999926239252
8793.33984375,0.005799999926239252
8793.5498046875,0.005799999926239252
8793.759765625,0.00570000009611249
8793.98046875,0.00570000009611249
8794.1796875,0.00570000009611249
8794.400390625,0.00570000009611249
8794.6103515625,0.00559999980032444
8794.8203125,0.00559999980032444
8795.0302734375,0.00559999980032444
8795.240234375,0.00559999980032444
8795.4501953125,0.005499999970197678
8795.669921875,0.005499999970197678
8795.8701171875,0.005499999970197678
8796.08984375,0.005499999970197678
8796.2998046875,0.005400000140070915
8796.509765625,0.005400000140070915
8796.7197265625,0.005400000140070915
8796.9296875,0.005400000140070915
8797.1396484375,0.0052999998442828655
8797.3603515625,0.0052999998442828655
8797.5703125,0.0052999998442828655
8797.7802734375,0.0052999998442828655
8797.990234375,0.005200000014156103
8798.2001953125,0.005200000014156103
8798.41015625,0.005200000014156103
8798.6201171875,0.005200000014156103
8798.830078125,0.005100000184029341
8799.0498046875,0.005100000184029341
8799.259765625,0.005100000184029341
8799.4697265625,0.005100000184029341
8799.6796875,0.004999999888241291
8799.8896484375,0.004999999888241291
8800.099609375,0.004999999888241291
8800.3203125,0.004999999888241291
8800.51953125,0.004999999888241291
8800.740234375,0.004999999888241291
8800.9501953125,0.004999999888241291
8801.16015625,0.004999999888241291
8801.3798828125,0.004900000058114529
8801.580078125,0.004900000058114529
8801.7900390625,0.004900000058114529
8802.009765625,0.004900000058114529
8802.2197265625,0.004900000058114529
8802.4296875,0.004900000058114529
8802.6396484375,0.004900000058114529
8802.849609375,0.004900000058114529
8803.0595703125,0.004900000058114529
8803.26953125,0.004900000058114529
8803.48046875,0.004900000058114529
8803.6904296875,0.004900000058114529
8803.91015625,0.004800000227987766
8804.1201171875,0.004800000227987766
8804.330078125,0.004800000227987766
8804.5400390625,0.004800000227987766
8804.75,0.004800000227987766
8804.9697265625,0.004800000227987766
8805.169921875,0.004800000227987766
8805.3896484375,0.004800000227987766
8805.599609375,0.004800000227987766
8805.8095703125,0.004800000227987766
8806.01953125,0.004800000227987766
8806.23046875,0.004800000227987766
8806.4404296875,0.004699999932199717
8806.66015625,0.004699999932199717
8806.8701171875,0.004699999932199717
8807.080078125,0.004699999932199717
8807.2900390625,0.004699999932199717
8807.5,0.004699999932199717
8807.7197265625,0.004699999932199717
8807.919921875,0.004699999932199717
8808.1396484375,0.004699999932199717
8808.349609375,0.004699999932199717
8808.5595703125,0.004699999932199717
8808.76953125,0.004600000102072954
8808.98046875,0.004600000102072954
8809.2001953125,0.004600000102072954
8809.41015625,0.004600000102072954
8809.6201171875,0.004600000102072954
8809.830078125,0.004600000102072954
8810.0400390625,0.004600000102072954
8810.25,0.004600000102072954
8810.4697265625,0.004600000102072954
8810.6796875,0.004600000102072954
8810.8896484375,0.004600000102072954
8811.099609375,0.004600000102072954
8811.3095703125,0.0044999998062849045
8811.51953125,0.0044999998062849045
8811.740234375,0.0044999998062849045
8811.9404296875,0.0044999998062849045
8812.16015625,0.0044999998062849045
8812.3701171875,0.0044999998062849045
8812.580078125,0.0044999998062849045
8812.7900390625,0.0044999998062849045
8813.0,0.0044999998062849045
8813.2197265625,0.0044999998062849045
8813.419921875,0.0044999998062849045
8813.6396484375,0.0044999998062849045
8813.849609375,0.004399999976158142
8814.0595703125,0.004399999976158142
8814.26953125,0.004399999976158142
8814.48046875,0.004399999976158142
8814.7001953125,0.004399999976158142
8814.91015625,0.004399999976158142
8815.1201171875,0.004399999976158142
8815.330078125,0.004399999976158142
8815.5400390625,0.004399999976158142
8815.759765625,0.004399999976158142
8815.9697265625,0.004399999976158142
8816.1796875,0.004399999976158142
8816.3896484375,0.00430000014603138
8816.599609375,0.00430000014603138
8816.8203125,0.00430000014603138
8817.0302734375,0.00430000014603138
8817.240234375,0.00430000014603138
8817.4501953125,0.00430000014603138
8817.66015625,0.00430000014603138
8817.8798828125,0.00430000014603138
8818.080078125,0.00430000014603138
8818.2998046875,0.00430000014603138
8818.509765625,0.00430000014603138
8818.7197265625,0.00430000014603138
8818.9296875,0.00419999985024333
8819.1396484375,0.00419999985024333
8819.3603515625,0.00419999985024333
8819.5703125,0.00419999985024333
8819.7802734375,0.00419999985024333
8819.990234375,0.00419999985024333
8820.2099609375,0.00419999985024333
8820.419921875,0.00419999985024333
8820.6298828125,0.00419999985024333
8820.83984375,0.00419999985024333
8821.0498046875,0.00419999985024333
8821.259765625,0.00419999985024333
8821.4697265625,0.004100000020116568
8821.6796875,0.004100000020116568
8821.900390625,0.004100000020116568
8822.1103515625,0.004100000020116568
8822.3203125,0.004100000020116568
8822.5302734375,0.004100000020116568
8822.740234375,0.004100000020116568
8822.9599609375,0.004100000020116568
8823.169921875,0.004100000020116568
8823.3798828125,0.004100000020116568
8823.58984375,0.004100000020116568
8823.7998046875,0.004000000189989805
8824.01953125,0.004000000189989805
8824.23046875,0.004000000189989805
8824.4404296875,0.004000000189989805
8824.650390625,0.004000000189989805
8824.8603515625,0.004000000189989805
8825.080078125,0.004000000189989805
8825.2900390625,0.004000000189989805
8825.5,0.004000000189989805
8825.7099609375,0.004000000189989805
8825.9296875,0.004000000189989805
8826.1396484375,0.004000000189989805
8826.349609375,0.0038999998942017555
8826.5595703125,0.0038999998942017555
8826.76953125,0.0038999998942017555
8826.990234375,0.0038999998942017555
8827.2001953125,0.0038999998942017555
8827.41015625,0.0038999998942017555
8827.6201171875,0.0038999998942017555
8827.830078125,0.0038999998942017555
8828.0498046875,0.0038999998942017555
8828.259765625,0.0038999998942017555
8828.4697265625,0.0038999998942017555
8828.6796875,0.0038999998942017555
8828.900390625,0.003800000064074993
8829.099609375,0.003800000064074993
8829.3203125,0.003800000064074993
8829.5302734375,0.003800000064074993
8829.740234375,0.003800000064074993
8829.9599609375,0.003800000064074993
8830.169921875,0.003800000064074993
8830.3701171875,0.003800000064074993
8830.58984375,0.003800000064074993
8830.7998046875,0.003800000064074993
8831.009765625,0.003800000064074993
8831.2197265625,0.003800000064074993
8831.4404296875,0.003700000001117587
8831.650390625,0.003700000001117587
8831.8603515625,0.003700000001117587
8832.0703125,0.003700000001117587
8832.2802734375,0.003700000001117587
8832.5,0.003700000001117587
8832.7099609375,0.003700000001117587
8832.919921875,0.003700000001117587
8833.1298828125,0.003700000001117587
8833.349609375,0.003700000001117587
8833.5595703125,0.003700000001117587
8833.76953125,0.003599999938160181
8833.98046875,0.003599999938160181
8834.2001953125,0.003599999938160181
8834.41015625,0.003599999938160181
8834.6201171875,0.003599999938160181
8834.830078125,0.003599999938160181
8835.0400390625,0.003599999938160181
8835.259765625,0.003599999938160181
8835.4697265625,0.003599999938160181
8835.6796875,0.003599999938160181
8835.8896484375,0.003599999938160181
8836.1103515625,0.003599999938160181
8836.3203125,0.0035000001080334187
8836.5302734375,0.0035000001080334187
8836.740234375,0.0035000001080334187
8836.9599609375,0.0035000001080334187
8837.169921875,0.0035000001080334187
8837.3798828125,0.0035000001080334187
8837.58984375,0.0035000001080334187
8837.7998046875,0.0035000001080334187
8838.01953125,0.0035000001080334187
8838.23046875,0.0035000001080334187
8838.4404296875,0.0035000001080334187
8838.650390625,0.0035000001080334187
8838.8701171875,0.0034000000450760126
8839.080078125,0.0034000000450760126
8839.2900390625,0.0034000000450760126
8839.5,0.0034000000450760126
8839.7099609375,0.0034000000450760126
8839.919921875,0.0034000000450760126
8840.1298828125,0.0034000000450760126
8840.349609375,0.0034000000450760126
8840.5595703125,0.0034000000450760126
8840.76953125,0.0034000000450760126
8840.990234375,0.0034000000450760126
8841.2001953125,0.0034000000450760126
8841.41015625,0.0032999999821186066
8841.6201171875,0.0032999999821186066
8841.83984375,0.0032999999821186066
8842.0498046875,0.0032999999821186066
8842.259765625,0.0032999999821186066
8842.4697265625,0.0032999999821186066
8842.6904296875,0.0032999999821186066
8842.900390625,0.0032999999821186066
8843.1103515625,0.0032999999821186066
8843.3203125,0.0032999999821186066
8843.5400390625,0.0032999999821186066
8843.75,0.0031999999191612005
8843.9599609375,0.0031999999191612005
8844.169921875,0.0031999999191612005
8844.3896484375,0.0031999999191612005
8844.599609375,0.0031999999191612005
8844.8095703125,0.0031999999191612005
8845.01953125,0.0031999999191612005
8845.240234375,0.0031999999191612005
8845.4501953125,0.0031999999191612005
8845.66015625,0.0031999999191612005
8845.8701171875,0.0031999999191612005
8846.080078125,0.0031999999191612005
8846.2998046875,0.003100000089034438
8846.509765625,0.003100000089034438
8846.7197265625,0.003100000089034438
8846.9404296875,0.003100000089034438
8847.150390625,0.003100000089034438
8847.3603515625,0.003100000089034438
8847.5703125,0.003100000089034438
8847.7900390625,0.003100000089034438
8848.0,0.003100000089034438
8848.2099609375,0.003100000089034438
8848.4296875,0.003100000089034438
8848.6298828125,0.003100000089034438
8848.849609375,0.003000000026077032
8849.0595703125,0.003000000026077032
8849.26953125,0.003000000026077032
8849.48046875,0.003000000026077032
8849.6904296875,0.003000000026077032
8849.91015625,0.003000000026077032
8850.1201171875,0.003000000026077032
8850.330078125,0.003000000026077032
8850.5400390625,0.003000000026077032
8850.759765625,0.003000000026077032
8850.9697265625,0.002899999963119626
8851.1904296875,0.002899999963119626
8851.3896484375,0.002899999963119626
8851.6103515625,0.002899999963119626
8851.8203125,0.002899999963119626
8852.0400390625,0.002899999963119626
8852.25,0.002899999963119626
8852.4599609375,0.002899999963119626
8852.669921875,0.00279999990016222
8852.8896484375,0.00279999990016222
8853.099609375,0.00279999990016222
8853.3095703125,0.00279999990016222
8853.51953125,0.00279999990016222
8853.740234375,0.00279999990016222
8853.9501953125,0.00279999990016222
8854.16015625,0.00279999990016222
8854.3701171875,0.0027000000700354576
8854.58984375,0.0027000000700354576
8854.7998046875,0.0027000000700354576
8855.009765625,0.0027000000700354576
8855.2197265625,0.0027000000700354576
8855.4404296875,0.0027000000700354576
8855.650390625,0.0027000000700354576
8855.8701171875,0.0026000000070780516
8856.080078125,0.0026000000070780516
8856.2900390625,0.0026000000070780516
8856.5,0.0026000000070780516
8856.7197265625,0.0026000000070780516
8856.9296875,0.0026000000070780516
8857.1396484375,0.0026000000070780516
8857.349609375,0.0026000000070780516
8857.5703125,0.0024999999441206455
8857.7802734375,0.0024999999441206455
8857.990234375,0.0024999999441206455
8858.2099609375,0.0024999999441206455
8858.41015625,0.0024999999441206455
8858.6298828125,0.0024999999441206455
8858.83984375,0.0024999999441206455
8859.0498046875,0.0024999999441206455
8859.26953125,0.002400000113993883
8859.48046875,0.002400000113993883
8859.6904296875,0.002400000113993883
8859.900390625,0.002400000113993883
8860.1201171875,0.002400000113993883
8860.330078125,0.002400000113993883
8860.5400390625,0.002400000113993883
8860.75,0.002400000113993883
8860.9697265625,0.002300000051036477
8861.1796875,0.002300000051036477
8861.400390625,0.002300000051036477
8861.6103515625,0.002300000051036477
8861.8203125,0.002300000051036477
8862.0302734375,0.002300000051036477
8862.25,0.002300000051036477
8862.4599609375,0.002300000051036477
8862.669921875,0.002199999988079071
8862.8798828125,0.002199999988079071
8863.099609375,0.002199999988079071
8863.3095703125,0.002199999988079071
8863.51953125,0.002199999988079071
8863.740234375,0.002199999988079071
8863.9501953125,0.002199999988079071
8864.16015625,0.002199999988079071
8864.3701171875,0.002099999925121665
8864.58984375,0.002099999925121665
8864.7998046875,0.002099999925121665
8865.01953125,0.002099999925121665
8865.23046875,0.002099999925121665
8865.4404296875,0.002099999925121665
8865.650390625,0.002099999925121665
8865.8701171875,0.0020000000949949026
8866.080078125,0.0020000000949949026
8866.2900390625,0.0020000000949949026
8866.5,0.0020000000949949026
8866.7197265625,0.0020000000949949026
8866.9296875,0.0020000000949949026
8867.1396484375,0.0020000000949949026
8867.3603515625,0.0020000000949949026
8867.5703125,0.0019000000320374966
8867.7802734375,0.0019000000320374966
8867.990234375,0.0019000000320374966
8868.2001953125,0.0019000000320374966
8868.419921875,0.0019000000320374966
8868.6298828125,0.0019000000320374966
8868.849609375,0.0019000000320374966
8869.0595703125,0.0019000000320374966
8869.26953125,0.0017999999690800905
8869.48046875,0.0017999999690800905
8869.7001953125,0.0017999999690800905
8869.91015625,0.0017999999690800905
8870.1201171875,0.0017999999690800905
8870.33984375,0.0017999999690800905
8870.5498046875,0.0017999999690800905
8870.759765625,0.0017999999690800905
8870.9697265625,0.0017000000225380063
8871.1904296875,0.0017000000225380063
8871.400390625,0.0017000000225380063
8871.6201171875,0.0017000000225380063
8871.830078125,0.0017000000225380063
8872.0400390625,0.0017000000225380063
8872.259765625,0.0017000000225380063
8872.4697265625,0.0017000000225380063
8872.6796875,0.0015999999595806003
8872.8896484375,0.0015999999595806003
8873.1103515625,0.0015999999595806003
8873.3203125,0.0015999999595806003
8873.5302734375,0.0015999999595806003
8873.75,0.0015999999595806003
8873.9599609375,0.0015999999595806003
8874.169921875,0.0015999999595806003
8874.3896484375,0.001500000013038516
8874.599609375,0.001500000013038516
8874.8095703125,0.001500000013038516
8875.0302734375,0.001500000013038516
8875.240234375,0.001500000013038516
8875.4501953125,0.001500000013038516
8875.669921875,0.001500000013038516
8875.8798828125,0.00139999995008111
8876.08984375,0.00139999995008111
8876.2998046875,0.00139999995008111
8876.51953125,0.00139999995008111
8876.73046875,0.00139999995008111
8876.9404296875,0.00139999995008111
8877.16015625,0.00139999995008111
8877.3701171875,0.00139999995008111
8877.580078125,0.0013000000035390258
8877.7900390625,0.0013000000035390258
8878.009765625,0.0013000000035390258
8878.2197265625,0.0013000000035390258
8878.4296875,0.0013000000035390258
8878.650390625,0.0013000000035390258
8878.8603515625,0.0013000000035390258
8879.0703125,0.0013000000035390258
8879.2900390625,0.0012000000569969416
8879.5,0.0012000000569969416
8879.7197265625,0.0012000000569969416
8879.9296875,0.0012000000569969416
8880.1396484375,0.0012000000569969416
8880.349609375,0.0012000000569969416
8880.5703125,0.0012000000569969416
8880.7802734375,0.0012000000569969416
8880.990234375,0.0010999999940395355
8881.2099609375,0.0010999999940395355
8881.419921875,0.0010999999940395355
8881.6396484375,0.0010999999940395355
8881.849609375,0.0010999999940395355
8882.0595703125,0.0010999999940395355
8882.2802734375,0.0010999999940395355
8882.490234375,0.0010999999940395355
8882.7001953125,0.0010000000474974513
8882.91015625,0.0010000000474974513
8883.1298828125,0.0010000000474974513
8883.33984375,0.0010000000474974513
8883.5595703125,0.0010000000474974513
8883.76953125,0.0010000000474974513
8883.98046875,0.0010000000474974513
8884.2001953125,0.0008999999845400453
8884.41015625,0.0008999999845400453
8884.6298828125,0.0008999999845400453
8884.83984375,0.0008999999845400453
8885.0498046875,0.0008999999845400453
8885.259765625,0.0008999999845400453
8885.48046875,0.0008999999845400453
8885.6904296875,0.0008999999845400453
8885.900390625,0.0007999999797903001
8886.1103515625,0.0007999999797903001
8886.330078125,0.0007999999797903001
8886.5400390625,0.0007999999797903001
8886.75,0.0007999999797903001
8886.9697265625,0.0007999999797903001
8887.1796875,0.0007999999797903001
8887.400390625,0.0007999999797903001
8887.6103515625,0.000699999975040555
8887.8203125,0.000699999975040555
8888.0400390625,0.000699999975040555
8888.25,0.000699999975040555
8888.4599609375,0.000699999975040555
8888.6796875,0.000699999975040555
8888.8896484375,0.000699999975040555
8889.099609375,0.000699999975040555
8889.3095703125,0.0006000000284984708
8889.5302734375,0.0006000000284984708
8889.740234375,0.0006000000284984708
8889.9599609375,0.0006000000284984708
8890.169921875,0.0006000000284984708
8890.3798828125,0.0006000000284984708
8890.599609375,0.0006000000284984708
8890.8095703125,0.0006000000284984708
8891.0302734375,0.0005000000237487257
8891.240234375,0.0005000000237487257
8891.4501953125,0.0005000000237487257
8891.669921875,0.0005000000237487257
8891.8798828125,0.0005000000237487257
8892.08984375,0.0005000000237487257
8892.3095703125,0.0005000000237487257
8892.51953125,0.00039999998989515007
8892.740234375,0.00039999998989515007
8892.9501953125,0.00039999998989515007
8893.16015625,0.00039999998989515007
8893.3798828125,0.00039999998989515007
8893.58984375,0.00039999998989515007
8893.8095703125,0.00039999998989515007
8894.01953125,0.00039999998989515007
8894.23046875,0.0003000000142492354
8894.4501953125,0.0003000000142492354
8894.66015625,0.0003000000142492354
8894.8798828125,0.0003000000142492354
8895.080078125,0.0003000000142492354
8895.2900390625,0.0003000000142492354
8895.509765625,0.0003000000142492354
8895.7197265625,0.0003000000142492354
8895.9296875,0.00019999999494757503
8896.150390625,0.00019999999494757503
8896.3603515625,0.00019999999494757503
8896.580078125,0.00019999999494757503
8896.7900390625,0.00019999999494757503
8897.0,0.00019999999494757503
8897.2197265625,0.00019999999494757503
8897.4296875,0.00019999999494757503
8897.650390625,9.999999747378752e-05
8897.8603515625,9.999999747378752e-05
8898.0703125,9.999999747378752e-05
8898.2900390625,9.999999747378752e-05
8898.5,9.999999747378752e-05
8898.7099609375,9.999999747378752e-05
8898.9296875,9.999999747378752e-05
8899.1396484375,9.999999747378752e-05
8899.3603515625,0.0
8899.5703125,0.0
8899.7802734375,0.0
8900.0,0.0
