wavelength,response
5500.0,0.0
5500.25,0.00019999999494757503
5500.5,0.00039999998989515007
5500.75,0.0006000000284984708
5501.009765625,0.0007999999797903001
5501.259765625,0.0010999999940395355
5501.52001953125,0.0013000000035390258
5501.77001953125,0.001500000013038516
5502.02001953125,0.0017000000225380063
5502.27001953125,0.0019000000320374966
5502.52001953125,0.002099999925121665
5502.77001953125,0.002300000051036477
5503.02978515625,0.0024999999441206455
5503.27978515625,0.00279999990016222
5503.52978515625,0.003000000026077032
5503.77978515625,0.0031999999191612005
5504.0400390625,0.0034000000450760126
5504.2900390625,0.003599999938160181
5504.5400390625,0.003800000064074993
5504.7900390625,0.004000000189989805
5505.0498046875,0.00419999985024333
5505.2998046875,0.004399999976158142
5505.5498046875,0.004699999932199717
5505.81005859375,0.004900000058114529
5506.06005859375,0.005100000184029341
5506.31005859375,0.0052999998442828655
5506.56005859375,0.005499999970197678
5506.81982421875,0.00570000009611249
5507.06982421875,0.005900000222027302
5507.31982421875,0.006099999882280827
5507.56982421875,0.006399999838322401
5507.81982421875,0.006599999964237213
5508.080078125,0.006800000090152025
5508.330078125,0.007000000216066837
5508.580078125,0.007199999876320362
5508.830078125,0.007400000002235174
5509.08984375,0.007600000128149986
5509.33984375,0.007799999788403511
5509.58984375,0.008100000210106373
5509.85009765625,0.008299999870359898
5510.10009765625,0.008500000461935997
5510.35009765625,0.008700000122189522
5510.60009765625,0.008899999782443047
5510.85986328125,0.009100000374019146
5511.10986328125,0.00930000003427267
5511.35986328125,0.009499999694526196
5511.6201171875,0.009800000116229057
5511.8701171875,0.009999999776482582
5512.1201171875,0.010200000368058681
5512.3701171875,0.010400000028312206
5512.6298828125,0.010599999688565731
5512.8798828125,0.01080000028014183
5513.1298828125,0.010999999940395355
5513.39013671875,0.01119999960064888
5513.64013671875,0.011500000022351742
5513.89013671875,0.011699999682605267
5514.14013671875,0.011900000274181366
5514.39990234375,0.01209999993443489
5514.64990234375,0.012299999594688416
5514.89990234375,0.012500000186264515
5515.16015625,0.01269999984651804
5515.41015625,0.012900000438094139
5515.66015625,0.013199999928474426
5515.91015625,0.013399999588727951
5516.169921875,0.01360000018030405
5516.419921875,0.013799999840557575
5516.669921875,0.014000000432133675
5516.919921875,0.0142000000923872
5517.18017578125,0.014399999752640724
5517.43017578125,0.014600000344216824
5517.68994140625,0.01489999983459711
5517.93994140625,0.01510000042617321
5518.18994140625,0.015300000086426735
5518.43994140625,0.01549999974668026
5518.7001953125,0.015699999406933784
5518.9501953125,0.01590000092983246
5519.2001953125,0.016100000590085983
5519.4599609375,0.016300000250339508
5519.7099609375,0.016599999740719795
5519.9599609375,0.01679999940097332
5520.2099609375,0.017000000923871994
5520.47021484375,0.01720000058412552
5520.72021484375,0.017400000244379044
5520.97998046875,0.01759999990463257
5521.22998046875,0.017799999564886093
5521.47998046875,0.017999999225139618
5521.740234375,0.018300000578165054
5521.990234375,0.01850000023841858
5522.240234375,0.018699999898672104
5522.490234375,0.01889999955892563
5522.75,0.019099999219179153
5523.0,0.019300000742077827
5523.259765625,0.019500000402331352
5523.509765625,0.019700000062584877
5523.759765625,0.019999999552965164
5524.02001953125,0.02019999921321869
5524.27001953125,0.020400000736117363
5524.52001953125,0.020600000396370888
5524.77001953125,0.020800000056624413
5525.02978515625,0.020999999716877937
5525.27978515625,0.021199999377131462
5525.52978515625,0.021400000900030136
5525.7900390625,0.021700000390410423
5526.0400390625,0.021900000050663948
5526.2998046875,0.022099999710917473
5526.5498046875,0.022299999371170998
5526.7998046875,0.02250000089406967
5527.06005859375,0.022700000554323196
5527.31005859375,0.02290000021457672
5527.56005859375,0.02319999970495701
5527.81005859375,0.023399999365210533
5528.06982421875,0.023600000888109207
5528.31982421875,0.023800000548362732
5528.580078125,0.024000000208616257
5528.830078125,0.02419999986886978
5529.080078125,0.024399999529123306
5529.33984375,0.02459999918937683
5529.58984375,0.024900000542402267
5529.85009765625,0.025100000202655792
5530.10009765625,0.025299999862909317
5530.35009765625,0.025499999523162842
5530.60009765625,0.025699999183416367
5530.85986328125,0.02590000070631504
5531.10986328125,0.026100000366568565
5531.3701171875,0.02630000002682209
5531.6201171875,0.026599999517202377
5531.8701171875,0.026799999177455902
5532.1298828125,0.027000000700354576
5532.3798828125,0.0272000003606081
5532.6298828125,0.027400000020861626
5532.89013671875,0.02759999968111515
5533.14013671875,0.027799999341368675
5533.39990234375,0.02810000069439411
5533.64990234375,0.028300000354647636
5533.91015625,0.02850000001490116
5534.16015625,0.028699999675154686
5534.41015625,0.02889999933540821
5534.669921875,0.029100000858306885
5534.919921875,0.02930000051856041
5535.169921875,0.029500000178813934
5535.419921875,0.02979999966919422
5535.68017578125,0.029999999329447746
5535.93994140625,0.03020000085234642
5536.18994140625,0.030400000512599945
5536.43994140625,0.03060000017285347
5536.7001953125,0.030799999833106995
5536.9501953125,0.03099999949336052
5537.2001953125,0.031199999153614044
5537.4599609375,0.03150000050663948
5537.7099609375,0.031700000166893005
5537.97021484375,0.03189999982714653
5538.22021484375,0.032099999487400055
5538.47021484375,0.03229999914765358
5538.72998046875,0.032499998807907104
5538.97998046875,0.03269999846816063
5539.240234375,0.032999999821186066
5539.490234375,0.03319999948143959
5539.740234375,0.033399999141693115
5540.0,0.03359999880194664
5540.25,0.033799998462200165
5540.509765625,0.03400000184774399
5540.759765625,0.03420000150799751
5541.02001953125,0.03449999913573265
5541.27001953125,0.034699998795986176
5541.52001953125,0.0348999984562397
5541.77978515625,0.035100001841783524
5542.02978515625,0.03530000150203705
5542.27978515625,0.03550000116229057
5542.5400390625,0.0357000008225441
5542.7998046875,0.03590000048279762
5543.0498046875,0.03620000183582306
5543.2998046875,0.036400001496076584
5543.56005859375,0.03660000115633011
5543.81005859375,0.03680000081658363
5544.06005859375,0.03700000047683716
5544.31982421875,0.03720000013709068
5544.56982421875,0.03739999979734421
5544.830078125,0.037700001150369644
5545.080078125,0.03790000081062317
5545.33984375,0.038100000470876694
5545.58984375,0.03830000013113022
5545.85009765625,0.03849999979138374
5546.10009765625,0.03869999945163727
5546.35009765625,0.03889999911189079
5546.60986328125,0.03920000046491623
5546.85986328125,0.039400000125169754
5547.1201171875,0.03959999978542328
5547.3701171875,0.039799999445676804
5547.6298828125,0.03999999910593033
5547.8798828125,0.04019999876618385
5548.14013671875,0.04039999842643738
5548.39013671875,0.0406000018119812
5548.64013671875,0.04089999943971634
5548.89990234375,0.041099999099969864
5549.14990234375,0.04129999876022339
5549.41015625,0.04149999842047691
5549.66015625,0.04170000180602074
5549.919921875,0.04190000146627426
5550.169921875,0.04230000078678131
5550.43017578125,0.04259999841451645
5550.68017578125,0.0430000014603138
5550.93017578125,0.04340000078082085
5551.18994140625,0.043800000101327896
5551.43994140625,0.044199999421834946
5551.7001953125,0.044599998742341995
5551.9501953125,0.04500000178813934
5552.2099609375,0.04540000110864639
5552.4599609375,0.04569999873638153
5552.72021484375,0.04610000178217888
5552.97021484375,0.04650000110268593
5553.22021484375,0.04690000042319298
5553.47998046875,0.04729999974370003
5553.72998046875,0.04769999906420708
5553.990234375,0.04809999838471413
5554.25,0.048500001430511475
5554.5,0.04879999905824661
5554.75,0.04919999837875366
5555.009765625,0.04960000142455101
5555.259765625,0.05000000074505806
5555.52001953125,0.05040000006556511
5555.77001953125,0.05079999938607216
5556.02978515625,0.05119999870657921
5556.27978515625,0.051600001752376556
5556.5400390625,0.051899999380111694
5556.7900390625,0.052299998700618744
5557.0498046875,0.05270000174641609
5557.2998046875,0.05310000106692314
5557.56005859375,0.05350000038743019
5557.81005859375,0.05389999970793724
5558.06005859375,0.05429999902844429
5558.31982421875,0.05460000038146973
5558.580078125,0.054999999701976776
5558.830078125,0.055399999022483826
5559.08984375,0.055799998342990875
5559.33984375,0.05620000138878822
5559.60009765625,0.05660000070929527
5559.85009765625,0.05700000002980232
5560.10986328125,0.05739999935030937
5560.35986328125,0.05770000070333481
5560.6201171875,0.05810000002384186
5560.8701171875,0.05849999934434891
5561.1298828125,0.05889999866485596
5561.3798828125,0.059300001710653305
5561.64013671875,0.059700001031160355
5561.89013671875,0.060100000351667404
5562.14990234375,0.060499999672174454
5562.39990234375,0.0608999989926815
5562.66015625,0.06120000034570694
5562.91015625,0.06159999966621399
5563.169921875,0.06199999898672104
5563.419921875,0.06239999830722809
5563.68017578125,0.06279999762773514
5563.93017578125,0.06319999694824219
5564.18994140625,0.06360000371932983
5564.43994140625,0.06400000303983688
5564.7001953125,0.06430000066757202
5564.9501953125,0.06469999998807907
5565.2099609375,0.06509999930858612
5565.47021484375,0.06549999862909317
5565.72021484375,0.06589999794960022
5565.97998046875,0.06629999727010727
5566.22998046875,0.06669999659061432
5566.490234375,0.06710000336170197
5566.740234375,0.0674000009894371
5567.0,0.06780000030994415
5567.25,0.0681999996304512
5567.5,0.06859999895095825
5567.759765625,0.0689999982714653
5568.02001953125,0.06939999759197235
5568.27001953125,0.0697999969124794
5568.52978515625,0.07020000368356705
5568.77978515625,0.0706000030040741
5569.0400390625,0.07090000063180923
5569.2900390625,0.07129999995231628
5569.5498046875,0.07169999927282333
5569.7998046875,0.07209999859333038
5570.06005859375,0.07249999791383743
5570.31982421875,0.07289999723434448
5570.56982421875,0.07329999655485153
5570.830078125,0.07370000332593918
5571.080078125,0.07400000095367432
5571.33984375,0.07440000027418137
5571.58984375,0.07479999959468842
5571.85009765625,0.07519999891519547
5572.10009765625,0.07559999823570251
5572.35986328125,0.07599999755620956
5572.6201171875,0.07639999687671661
5572.8701171875,0.07680000364780426
5573.1298828125,0.07720000296831131
5573.3798828125,0.07750000059604645
5573.64013671875,0.0778999999165535
5573.89013671875,0.07829999923706055
5574.14990234375,0.0786999985575676
5574.39990234375,0.07909999787807465
5574.66015625,0.0794999971985817
5574.919921875,0.07989999651908875
5575.169921875,0.08030000329017639
5575.43017578125,0.08070000261068344
5575.68017578125,0.08100000023841858
5575.93994140625,0.08139999955892563
5576.18994140625,0.08179999887943268
5576.4501953125,0.08219999819993973
5576.7099609375,0.08259999752044678
5576.9599609375,0.08299999684095383
5577.22021484375,0.08340000361204147
5577.47021484375,0.08380000293254852
5577.72998046875,0.08420000225305557
5577.990234375,0.08449999988079071
5578.240234375,0.08489999920129776
5578.5,0.08529999852180481
5578.75,0.08569999784231186
5579.009765625,0.08609999716281891
5579.259765625,0.08649999648332596
5579.52001953125,0.0869000032544136
5579.77978515625,0.08730000257492065
5580.02978515625,0.08760000020265579
5580.2900390625,0.08799999952316284
5580.5400390625,0.08839999884366989
5580.7998046875,0.08879999816417694
5581.0498046875,0.08919999748468399
5581.31005859375,0.08959999680519104
5581.56982421875,0.09000000357627869
5581.81982421875,0.09040000289678574
5582.080078125,0.09080000221729279
5582.33984375,0.09120000153779984
5582.58984375,0.09149999916553497
5582.85009765625,0.09189999848604202
5583.10009765625,0.09229999780654907
5583.35986328125,0.09269999712705612
5583.6201171875,0.09309999644756317
5583.8701171875,0.09350000321865082
5584.1298828125,0.09390000253915787
5584.39013671875,0.09430000185966492
5584.64013671875,0.09470000118017197
5584.89990234375,0.0949999988079071
5585.14990234375,0.09539999812841415
5585.41015625,0.0957999974489212
5585.66015625,0.09619999676942825
5585.919921875,0.0966000035405159
5586.18017578125,0.09700000286102295
5586.43017578125,0.09740000218153
5586.68994140625,0.09780000150203705
5586.9501953125,0.0982000008225441
5587.2001953125,0.09849999845027924
5587.4599609375,0.09889999777078629
5587.7099609375,0.09929999709129333
5587.97021484375,0.09969999641180038
5588.22998046875,0.10010000318288803
5588.47998046875,0.10050000250339508
5588.740234375,0.10090000182390213
5589.0,0.10130000114440918
5589.25,0.10170000046491623
5589.509765625,0.10209999978542328
5589.77001953125,0.10239999741315842
5590.02001953125,0.10279999673366547
5590.27978515625,0.10320000350475311
5590.52978515625,0.10360000282526016
5590.7900390625,0.10400000214576721
5591.0498046875,0.10440000146627426
5591.2998046875,0.10480000078678131
5591.56005859375,0.10520000010728836
5591.81982421875,0.10559999942779541
5592.06982421875,0.10599999874830246
5592.330078125,0.1062999963760376
5592.58984375,0.10670000314712524
5592.83984375,0.1071000024676323
5593.10009765625,0.10750000178813934
5593.35986328125,0.10790000110864639
5593.60986328125,0.10830000042915344
5593.8701171875,0.10869999974966049
5594.1201171875,0.10909999907016754
5594.3798828125,0.10949999839067459
5594.64013671875,0.10980000346899033
5594.89013671875,0.11020000278949738
5595.14990234375,0.11060000211000443
5595.41015625,0.11100000143051147
5595.669921875,0.11140000075101852
5595.919921875,0.11180000007152557
5596.18017578125,0.11219999939203262
5596.43994140625,0.11259999871253967
5596.68994140625,0.11299999803304672
5596.9501953125,0.11339999735355377
5597.2001953125,0.1137000024318695
5597.4599609375,0.11410000175237656
5597.72021484375,0.1145000010728836
5597.97998046875,0.11490000039339066
5598.22998046875,0.1152999997138977
5598.490234375,0.11569999903440475
5598.75,0.1160999983549118
5599.0,0.11649999767541885
5599.259765625,0.1168999969959259
5599.509765625,0.11729999631643295
5599.77001953125,0.1177000030875206
5600.02978515625,0.11810000240802765
5600.2900390625,0.11900000274181366
5600.5400390625,0.11990000307559967
5600.7998046875,0.120899997651577
5601.06005859375,0.121799997985363
5601.31005859375,0.12269999831914902
5601.56982421875,0.12359999865293503
5601.830078125,0.12449999898672104
5602.080078125,0.12549999356269836
5602.33984375,0.12639999389648438
5602.60009765625,0.12729999423027039
5602.85986328125,0.1281999945640564
5603.10986328125,0.1290999948978424
5603.3701171875,0.13009999692440033
5603.6298828125,0.13099999725818634
5603.8798828125,0.13189999759197235
5604.14013671875,0.13279999792575836
5604.39013671875,0.13369999825954437
5604.64990234375,0.1347000002861023
5604.91015625,0.1356000006198883
5605.169921875,0.13650000095367432
5605.43017578125,0.13740000128746033
5605.68017578125,0.13830000162124634
5605.93994140625,0.13930000364780426
5606.18994140625,0.14020000398159027
5606.4501953125,0.14110000431537628
5606.7099609375,0.1420000046491623
5606.97021484375,0.1429000049829483
5607.22998046875,0.14390000700950623
5607.47998046875,0.14480000734329224
5607.740234375,0.14569999277591705
5608.0,0.14659999310970306
5608.25,0.147599995136261
5608.509765625,0.148499995470047
5608.77001953125,0.149399995803833
5609.02001953125,0.15029999613761902
5609.27978515625,0.15119999647140503
5609.5400390625,0.15219999849796295
5609.7998046875,0.15309999883174896
5610.06005859375,0.15399999916553497
5610.31005859375,0.15489999949932098
5610.56982421875,0.155799999833107
5610.830078125,0.15680000185966492
5611.080078125,0.15770000219345093
5611.33984375,0.15860000252723694
5611.60009765625,0.15950000286102295
5611.85986328125,0.16040000319480896
5612.10986328125,0.16140000522136688
5612.3701171875,0.1623000055551529
5612.6298828125,0.1632000058889389
5612.8798828125,0.16410000622272491
5613.14013671875,0.16500000655651093
5613.39990234375,0.16599999368190765
5613.66015625,0.16689999401569366
5613.91015625,0.16779999434947968
5614.169921875,0.16869999468326569
5614.43017578125,0.1696999967098236
5614.68994140625,0.17059999704360962
5614.9501953125,0.17149999737739563
5615.2001953125,0.17239999771118164
5615.4599609375,0.17329999804496765
5615.72021484375,0.17430000007152557
5615.97998046875,0.17520000040531158
5616.22998046875,0.1761000007390976
5616.490234375,0.1770000010728836
5616.75,0.17800000309944153
5617.0,0.17890000343322754
5617.259765625,0.17980000376701355
5617.52001953125,0.18070000410079956
5617.77978515625,0.18160000443458557
5618.0400390625,0.1826000064611435
5618.2900390625,0.1835000067949295
5618.5498046875,0.18440000712871552
5618.81005859375,0.18529999256134033
5619.06982421875,0.18629999458789825
5619.31982421875,0.18719999492168427
5619.580078125,0.18809999525547028
5619.83984375,0.1889999955892563
5620.10009765625,0.1899999976158142
5620.35009765625,0.19089999794960022
5620.60986328125,0.19179999828338623
5620.8701171875,0.19269999861717224
5621.1298828125,0.19359999895095825
5621.39013671875,0.19460000097751617
5621.64013671875,0.19550000131130219
5621.89990234375,0.1964000016450882
5622.16015625,0.1973000019788742
5622.419921875,0.19820000231266022
5622.68017578125,0.19920000433921814
5622.93017578125,0.20010000467300415
5623.18994140625,0.20100000500679016
5623.4501953125,0.20200000703334808
5623.7099609375,0.2029000073671341
5623.97021484375,0.2037999927997589
5624.22021484375,0.20469999313354492
5624.47998046875,0.20559999346733093
5624.740234375,0.20659999549388885
5625.0,0.20749999582767487
5625.25,0.20839999616146088
5625.509765625,0.2092999964952469
5625.77001953125,0.2102999985218048
5626.02978515625,0.21119999885559082
5626.2900390625,0.21209999918937683
5626.5400390625,0.21299999952316284
5626.7998046875,0.21400000154972076
5627.06005859375,0.21490000188350677
5627.31982421875,0.21580000221729279
5627.580078125,0.2167000025510788
5627.830078125,0.2176000028848648
5628.10009765625,0.21860000491142273
5628.35009765625,0.21950000524520874
5628.60986328125,0.22040000557899475
5628.8701171875,0.22130000591278076
5629.1298828125,0.2222999930381775
5629.3798828125,0.2231999933719635
5629.64013671875,0.2240999937057495
5629.89990234375,0.22499999403953552
5630.16015625,0.22599999606609344
5630.419921875,0.22689999639987946
5630.68017578125,0.22779999673366547
5630.93994140625,0.22869999706745148
5631.18994140625,0.2296999990940094
5631.4501953125,0.2305999994277954
5631.7099609375,0.23149999976158142
5631.9599609375,0.23240000009536743
5632.22021484375,0.23340000212192535
5632.47998046875,0.23430000245571136
5632.740234375,0.23520000278949738
5633.0,0.2361000031232834
5633.259765625,0.2371000051498413
5633.52001953125,0.23800000548362732
5633.77001953125,0.23890000581741333
5634.02978515625,0.23980000615119934
5634.2900390625,0.24079999327659607
5634.5498046875,0.24169999361038208
5634.81005859375,0.2425999939441681
5635.06982421875,0.2434999942779541
5635.330078125,0.24449999630451202
5635.580078125,0.24539999663829803
5635.83984375,0.24629999697208405
5636.10009765625,0.24719999730587006
5636.35986328125,0.24819999933242798
5636.6201171875,0.249099999666214
5636.8798828125,0.25
5637.1298828125,0.250900000333786
5637.39013671875,0.25189998745918274
5637.64990234375,0.25279998779296875
5637.91015625,0.25369998812675476
5638.169921875,0.25459998846054077
5638.43017578125,0.2556000053882599
5638.68994140625,0.2565000057220459
5638.93994140625,0.2574000060558319
5639.2001953125,0.2583000063896179
5639.4599609375,0.25929999351501465
5639.72021484375,0.26019999384880066
5639.97998046875,0.26109999418258667
5640.240234375,0.2621000111103058
5640.5,0.2630000114440918
5640.759765625,0.2639000117778778
5641.009765625,0.2648000121116638
5641.27001953125,0.26579999923706055
5641.52978515625,0.26669999957084656
5641.7900390625,0.26759999990463257
5642.0498046875,0.2685000002384186
5642.31005859375,0.2694999873638153
5642.56982421875,0.2703999876976013
5642.81982421875,0.27129998803138733
5643.080078125,0.27219998836517334
5643.33984375,0.27320000529289246
5643.60009765625,0.27410000562667847
5643.85986328125,0.2750000059604645
5644.1201171875,0.2759000062942505
5644.3798828125,0.2768999934196472
5644.64013671875,0.2777999937534332
5644.89990234375,0.27869999408721924
5645.14990234375,0.27970001101493835
5645.419921875,0.28060001134872437
5645.669921875,0.2815000116825104
5645.93017578125,0.2824000120162964
5646.18994140625,0.2833999991416931
5646.4501953125,0.2842999994754791
5646.7099609375,0.28519999980926514
5646.97021484375,0.28610000014305115
5647.22998046875,0.2870999872684479
5647.490234375,0.2879999876022339
5647.75,0.2888999879360199
5648.0,0.289900004863739
5648.259765625,0.290800005197525
5648.52001953125,0.29170000553131104
5648.77978515625,0.29260000586509705
5649.0400390625,0.2935999929904938
5649.2998046875,0.2944999933242798
5649.56005859375,0.2953999936580658
5649.81982421875,0.2962999939918518
5650.080078125,0.29750001430511475
5650.33984375,0.29899999499320984
5650.58984375,0.30059999227523804
5650.85009765625,0.30219998955726624
5651.10986328125,0.30379998683929443
5651.3798828125,0.305400013923645
5651.6298828125,0.3070000112056732
5651.89013671875,0.3084999918937683
5652.14990234375,0.3100999891757965
5652.41015625,0.3116999864578247
5652.669921875,0.3133000135421753
5652.93017578125,0.3147999942302704
5653.18994140625,0.3163999915122986
5653.43994140625,0.3179999887943268
5653.7001953125,0.319599986076355
5653.97021484375,0.32120001316070557
5654.22021484375,0.32280001044273376
5654.47998046875,0.32440000772476196
5654.740234375,0.32589998841285706
5655.0,0.32749998569488525
5655.259765625,0.32910001277923584
5655.52001953125,0.33070001006126404
5655.77978515625,0.33230000734329224
5656.0400390625,0.33379998803138733
5656.2998046875,0.3353999853134155
5656.56005859375,0.3370000123977661
5656.81982421875,0.3386000096797943
5657.080078125,0.3402000069618225
5657.33984375,0.3418000042438507
5657.60009765625,0.3433000147342682
5657.85009765625,0.3449000120162964
5658.10986328125,0.3465000092983246
5658.3701171875,0.3481000065803528
5658.64013671875,0.349700003862381
5658.89013671875,0.3513000011444092
5659.14990234375,0.35280001163482666
5659.41015625,0.35440000891685486
5659.669921875,0.35600000619888306
5659.93017578125,0.35760000348091125
5660.18994140625,0.35920000076293945
5660.4501953125,0.36070001125335693
5660.7099609375,0.36230000853538513
5660.97021484375,0.36390000581741333
5661.22998046875,0.36550000309944153
5661.490234375,0.3671000003814697
5661.75,0.3686999976634979
5662.009765625,0.3702000081539154
5662.27001953125,0.3718000054359436
5662.52978515625,0.3734000027179718
5662.77978515625,0.375
5663.0498046875,0.3765999972820282
5663.31005859375,0.3781999945640564
5663.56982421875,0.3797999918460846
5663.830078125,0.3813000023365021
5664.08984375,0.3828999996185303
5664.35009765625,0.38449999690055847
5664.60986328125,0.38609999418258667
5664.85986328125,0.38769999146461487
5665.1201171875,0.38929998874664307
5665.39013671875,0.39089998602867126
5665.64990234375,0.39239999651908875
5665.91015625,0.39399999380111694
5666.169921875,0.39559999108314514
5666.43017578125,0.39719998836517334
5666.68017578125,0.39879998564720154
5666.93994140625,0.4004000127315521
5667.2001953125,0.4018999934196472
5667.4599609375,0.4034999907016754
5667.72021484375,0.4050999879837036
5667.97998046875,0.4066999852657318
5668.25,0.4083000123500824
5668.5,0.4099000096321106
5668.759765625,0.4115000069141388
5669.02001953125,0.4129999876022339
5669.27978515625,0.4146000146865845
5669.5400390625,0.41620001196861267
5669.7998046875,0.41780000925064087
5670.06005859375,0.41940000653266907
5670.330078125,0.42100000381469727
5670.580078125,0.42260000109672546
5670.85009765625,0.42419999837875366
5671.10009765625,0.42570000886917114
5671.3701171875,0.42730000615119934
5671.6201171875,0.42890000343322754
5671.89013671875,0.43050000071525574
5672.14013671875,0.43209999799728394
5672.39990234375,0.43369999527931213
5672.66015625,0.4352000057697296
5672.93017578125,0.4368000030517578
5673.18994140625,0.438400000333786
5673.4501953125,0.4399999976158142
5673.7099609375,0.4415999948978424
5673.97021484375,0.4431999921798706
5674.22021484375,0.4447999894618988
5674.490234375,0.446399986743927
5674.740234375,0.4478999972343445
5675.009765625,0.4496000111103058
5675.27001953125,0.4510999917984009
5675.52978515625,0.4526999890804291
5675.7900390625,0.4542999863624573
5676.0498046875,0.45590001344680786
5676.31005859375,0.45750001072883606
5676.56982421875,0.45910000801086426
5676.830078125,0.46070000529289246
5677.08984375,0.46219998598098755
5677.35009765625,0.46380001306533813
5677.60986328125,0.46540001034736633
5677.8701171875,0.46700000762939453
5678.1298828125,0.46860000491142273
5678.39013671875,0.4702000021934509
5678.64990234375,0.4717999994754791
5678.91015625,0.4733999967575073
5679.169921875,0.4749999940395355
5679.43017578125,0.476500004529953
5679.68994140625,0.4781000018119812
5679.9599609375,0.4796999990940094
5680.2099609375,0.4812999963760376
5680.47998046875,0.4828999936580658
5680.740234375,0.484499990940094
5681.0,0.4860999882221222
5681.259765625,0.4876999855041504
5681.52001953125,0.48919999599456787
5681.77978515625,0.49079999327659607
5682.0400390625,0.49239999055862427
5682.2998046875,0.49399998784065247
5682.56005859375,0.49559998512268066
5682.81982421875,0.49720001220703125
5683.080078125,0.49880000948905945
5683.33984375,0.5004000067710876
5683.60009765625,0.5019999742507935
5683.85986328125,0.503600001335144
5684.1201171875,0.5052000284194946
5684.39013671875,0.5067999958992004
5684.64990234375,0.5083000063896179
5684.91015625,0.5098999738693237
5685.169921875,0.5115000009536743
5685.43017578125,0.5131000280380249
5685.68994140625,0.5146999955177307
5685.9501953125,0.5163000226020813
5686.2099609375,0.5178999900817871
5686.47021484375,0.5195000171661377
5686.72998046875,0.5210000276565552
5686.990234375,0.522599995136261
5687.25,0.5242000222206116
5687.509765625,0.5257999897003174
5687.77001953125,0.527400016784668
5688.02978515625,0.5289999842643738
5688.2998046875,0.5306000113487244
5688.56005859375,0.5321999788284302
5688.81982421875,0.5338000059127808
5689.080078125,0.5353999733924866
5689.33984375,0.5370000004768372
5689.60009765625,0.5386000275611877
5689.85986328125,0.5401999950408936
5690.1201171875,0.5418000221252441
5690.3798828125,0.5432999730110168
5690.64990234375,0.5449000000953674
5690.89990234375,0.546500027179718
5691.16015625,0.5480999946594238
5691.43017578125,0.5497000217437744
5691.68994140625,0.5512999892234802
5691.9501953125,0.5529000163078308
5692.2099609375,0.5544999837875366
5692.47021484375,0.5561000108718872
5692.72998046875,0.557699978351593
5692.990234375,0.5593000054359436
5693.25,0.5608999729156494
5693.509765625,0.5623999834060669
5693.77978515625,0.5641000270843506
5694.0400390625,0.5655999779701233
5694.2998046875,0.5672000050544739
5694.56005859375,0.5687999725341797
5694.81982421875,0.5703999996185303
5695.080078125,0.5720000267028809
5695.33984375,0.5735999941825867
5695.60986328125,0.5752000212669373
5695.85986328125,0.5767999887466431
5696.1298828125,0.5784000158309937
5696.39013671875,0.5799999833106995
5696.64990234375,0.58160001039505
5696.91015625,0.5831999778747559
5697.169921875,0.5848000049591064
5697.43994140625,0.5863999724388123
5697.68994140625,0.5878999829292297
5697.9599609375,0.5895000100135803
5698.22021484375,0.5910999774932861
5698.47998046875,0.5927000045776367
5698.740234375,0.5942999720573425
5699.0,0.5958999991416931
5699.27001953125,0.5975000262260437
5699.52001953125,0.5990999937057495
5699.7900390625,0.6007000207901001
5700.0498046875,0.6021999716758728
5700.31005859375,0.603600025177002
5700.56982421875,0.6050000190734863
5700.830078125,0.6064000129699707
5701.10009765625,0.6078000068664551
5701.35986328125,0.6090999841690063
5701.6201171875,0.6104999780654907
5701.8798828125,0.6118999719619751
5702.14013671875,0.6132000088691711
5702.39990234375,0.6146000027656555
5702.66015625,0.6159999966621399
5702.919921875,0.6173999905586243
5703.18994140625,0.6187999844551086
5703.4501953125,0.6201000213623047
5703.7099609375,0.6215000152587891
5703.97021484375,0.6229000091552734
5704.22998046875,0.6243000030517578
5704.490234375,0.6255999803543091
5704.759765625,0.6269999742507935
5705.02001953125,0.6284000277519226
5705.27978515625,0.629800021648407
5705.5400390625,0.6310999989509583
5705.7998046875,0.6324999928474426
5706.06005859375,0.633899986743927
5706.31982421875,0.6352999806404114
5706.58984375,0.6366999745368958
5706.85009765625,0.6380000114440918
5707.10986328125,0.6394000053405762
5707.3701171875,0.6407999992370605
5707.6298828125,0.6420999765396118
5707.89990234375,0.6434999704360962
5708.16015625,0.6449000239372253
5708.419921875,0.6463000178337097
5708.68017578125,0.6477000117301941
5708.93994140625,0.6489999890327454
5709.2001953125,0.6503999829292297
5709.4599609375,0.6517999768257141
5709.72998046875,0.6531999707221985
5709.990234375,0.6545000076293945
5710.25,0.6559000015258789
5710.509765625,0.6572999954223633
5710.77978515625,0.6586999893188477
5711.0400390625,0.660099983215332
5711.2998046875,0.6614000201225281
5711.56005859375,0.6628000140190125
5711.81982421875,0.6642000079154968
5712.08984375,0.6656000018119812
5712.35009765625,0.6668999791145325
5712.60986328125,0.6682999730110168
5712.8701171875,0.669700026512146
5713.1298828125,0.6711000204086304
5713.39990234375,0.6725000143051147
5713.66015625,0.673799991607666
5713.919921875,0.6751999855041504
5714.18017578125,0.6765999794006348
5714.43994140625,0.6779999732971191
5714.7001953125,0.6793000102043152
5714.9599609375,0.6807000041007996
5715.22998046875,0.6820999979972839
5715.490234375,0.6834999918937683
5715.759765625,0.6848999857902527
5716.02001953125,0.6862000226974487
5716.27978515625,0.6876000165939331
5716.5400390625,0.6890000104904175
5716.7998046875,0.6904000043869019
5717.06005859375,0.6917999982833862
5717.330078125,0.6930999755859375
5717.58984375,0.6945000290870667
5717.85009765625,0.695900022983551
5718.1201171875,0.6973000168800354
5718.3798828125,0.6987000107765198
5718.64013671875,0.699999988079071
5718.89990234375,0.7013999819755554
5719.16015625,0.7027999758720398
5719.419921875,0.704200029373169
5719.68994140625,0.7055000066757202
5719.9501953125,0.7069000005722046
5720.2099609375,0.708299994468689
5720.47998046875,0.7096999883651733
5720.740234375,0.7110999822616577
5721.0,0.7124999761581421
5721.259765625,0.7138000130653381
5721.52001953125,0.7152000069618225
5721.7900390625,0.7166000008583069
5722.0498046875,0.7179999947547913
5722.31005859375,0.7193999886512756
5722.56982421875,0.7207000255584717
5722.83984375,0.722100019454956
5723.10009765625,0.7235000133514404
5723.35986328125,0.7249000072479248
5723.6201171875,0.7263000011444092
5723.89013671875,0.7275999784469604
5724.14990234375,0.7289999723434448
5724.41015625,0.730400025844574
5724.669921875,0.7318000197410583
5724.93994140625,0.7332000136375427
5725.2001953125,0.734499990940094
5725.4599609375,0.7358999848365784
5725.72021484375,0.7372999787330627
5725.990234375,0.7386999726295471
5726.25,0.7401000261306763
5726.509765625,0.7414000034332275
5726.77978515625,0.7427999973297119
5727.0400390625,0.7441999912261963
5727.2998046875,0.7455999851226807
5727.56005859375,0.746999979019165
5727.830078125,0.7483999729156494
5728.08984375,0.7497000098228455
5728.35009765625,0.7511000037193298
5728.60986328125,0.7524999976158142
5728.8701171875,0.7538999915122986
5729.14013671875,0.755299985408783
5729.39990234375,0.756600022315979
5729.669921875,0.7580000162124634
5729.93017578125,0.7594000101089478
5730.18994140625,0.7608000040054321
5730.4501953125,0.7621999979019165
5730.7099609375,0.7635999917984009
5730.97998046875,0.7649000287055969
5731.240234375,0.7663000226020813
5731.509765625,0.7677000164985657
5731.77001953125,0.76910001039505
5732.02978515625,0.7705000042915344
5732.2900390625,0.7718999981880188
5732.56005859375,0.7731999754905701
5732.81982421875,0.7746000289916992
5733.080078125,0.7760000228881836
5733.33984375,0.777400016784668
5733.60986328125,0.7788000106811523
5733.8701171875,0.7802000045776367
5734.1298828125,0.781499981880188
5734.39990234375,0.7828999757766724
5734.66015625,0.7843000292778015
5734.919921875,0.7857000231742859
5735.18994140625,0.7871000170707703
5735.4501953125,0.7885000109672546
5735.7099609375,0.7897999882698059
5735.97021484375,0.7911999821662903
5736.22998046875,0.7925999760627747
5736.5,0.7940000295639038
5736.759765625,0.7954000234603882
5737.02978515625,0.7968000173568726
5737.2900390625,0.7980999946594238
5737.5498046875,0.7994999885559082
5737.81982421875,0.8008999824523926
5738.080078125,0.802299976348877
5738.33984375,0.8036999702453613
5738.60009765625,0.8051000237464905
5738.8701171875,0.8064000010490417
5739.1298828125,0.8077999949455261
5739.39990234375,0.8091999888420105
5739.66015625,0.8105999827384949
5739.919921875,0.8119999766349792
5740.18994140625,0.8133999705314636
5740.4501953125,0.8148000240325928
5740.7099609375,0.816100001335144
5740.97021484375,0.8174999952316284
5741.240234375,0.8188999891281128
5741.5,0.8202999830245972
5741.759765625,0.8216999769210815
5742.02978515625,0.8230999708175659
5742.2900390625,0.824400007724762
5742.56005859375,0.8258000016212463
5742.81982421875,0.8271999955177307
5743.080078125,0.8285999894142151
5743.33984375,0.8299999833106995
5743.60986328125,0.8313999772071838
5743.8701171875,0.8327999711036682
5744.14013671875,0.8342000246047974
5744.39990234375,0.8355000019073486
5744.66015625,0.836899995803833
5744.93017578125,0.8382999897003174
5745.18994140625,0.8396999835968018
5745.4501953125,0.8410999774932861
5745.72021484375,0.8424999713897705
5745.97998046875,0.8439000248908997
5746.25,0.8452000021934509
5746.509765625,0.8465999960899353
5746.77001953125,0.8479999899864197
5747.02978515625,0.849399983882904
5747.2998046875,0.8507999777793884
5747.56005859375,0.8521999716758728
5747.81982421875,0.8535000085830688
5748.08984375,0.8549000024795532
5748.35009765625,0.8562999963760376
5748.6201171875,0.857699990272522
5748.8798828125,0.8590999841690063
5749.14013671875,0.8604999780654907
5749.41015625,0.8618999719619751
5749.669921875,0.8633000254631042
5749.93017578125,0.8647000193595886
5750.2001953125,0.8651999831199646
5750.4599609375,0.8655999898910522
5750.72998046875,0.8658999800682068
5750.990234375,0.8661999702453613
5751.25,0.866599977016449
5751.52001953125,0.8669000267982483
5751.77978515625,0.8672000169754028
5752.0400390625,0.8675000071525574
5752.31005859375,0.867900013923645
5752.56982421875,0.8682000041007996
5752.83984375,0.8684999942779541
5753.10009765625,0.8687999844551086
5753.35986328125,0.8691999912261963
5753.6298828125,0.8694999814033508
5753.89013671875,0.8697999715805054
5754.16015625,0.870199978351593
5754.419921875,0.8705000281333923
5754.68017578125,0.8708000183105469
5754.9501953125,0.8711000084877014
5755.2099609375,0.8715000152587891
5755.47998046875,0.8718000054359436
5755.740234375,0.8720999956130981
5756.0,0.8723999857902527
5756.27001953125,0.8727999925613403
5756.52978515625,0.8730999827384949
5756.7900390625,0.8733999729156494
5757.06005859375,0.8737999796867371
5757.31982421875,0.8741000294685364
5757.580078125,0.8744000196456909
5757.85009765625,0.8747000098228455
5758.1201171875,0.8751000165939331
5758.3798828125,0.8754000067710876
5758.64013671875,0.8756999969482422
5758.91015625,0.8759999871253967
5759.169921875,0.8763999938964844
5759.43017578125,0.8766999840736389
5759.7001953125,0.8769999742507935
5759.9599609375,0.8773999810218811
5760.22998046875,0.8776999711990356
5760.490234375,0.878000020980835
5760.759765625,0.8783000111579895
5761.02001953125,0.8787000179290771
5761.27978515625,0.8790000081062317
5761.5498046875,0.8792999982833862
5761.81005859375,0.8795999884605408
5762.06982421875,0.8799999952316284
5762.33984375,0.880299985408783
5762.60009765625,0.8805999755859375
5762.8701171875,0.8809999823570251
5763.1298828125,0.8812999725341797
5763.39990234375,0.881600022315979
5763.66015625,0.8819000124931335
5763.93017578125,0.8823000192642212
5764.18994140625,0.8826000094413757
5764.4501953125,0.8828999996185303
5764.72021484375,0.8833000063896179
5764.990234375,0.8835999965667725
5765.25,0.883899986743927
5765.509765625,0.8841999769210815
5765.77978515625,0.8845999836921692
5766.0400390625,0.8848999738693237
5766.31005859375,0.885200023651123
5766.56982421875,0.8855000138282776
5766.830078125,0.8859000205993652
5767.10009765625,0.8862000107765198
5767.35986328125,0.8865000009536743
5767.6298828125,0.886900007724762
5767.89013671875,0.8871999979019165
5768.16015625,0.887499988079071
5768.419921875,0.8877999782562256
5768.68994140625,0.8881999850273132
5768.9501953125,0.8884999752044678
5769.22021484375,0.8888000249862671
5769.47998046875,0.88919997215271
5769.75,0.8895000219345093
5770.009765625,0.8898000121116638
5770.27978515625,0.8901000022888184
5770.5400390625,0.890500009059906
5770.81005859375,0.8907999992370605
5771.06982421875,0.8910999894142151
5771.330078125,0.8914999961853027
5771.60009765625,0.8917999863624573
5771.85986328125,0.8920999765396118
5772.1298828125,0.8924000263214111
5772.39013671875,0.892799973487854
5772.66015625,0.8931000232696533
5772.919921875,0.8934000134468079
5773.18994140625,0.8938000202178955
5773.4501953125,0.89410001039505
5773.7099609375,0.8944000005722046
5773.97998046875,0.8946999907493591
5774.240234375,0.8950999975204468
5774.509765625,0.8953999876976013
5774.77978515625,0.8956999778747559
5775.0400390625,0.8960000276565552
5775.31005859375,0.896399974822998
5775.56982421875,0.8967000246047974
5775.83984375,0.8970000147819519
5776.10009765625,0.8974000215530396
5776.35986328125,0.8977000117301941
5776.6298828125,0.8980000019073486
5776.89013671875,0.8982999920845032
5777.16015625,0.8986999988555908
5777.43017578125,0.8989999890327454
5777.68994140625,0.8992999792098999
5777.9501953125,0.8996999859809875
5778.22021484375,0.8999999761581421
5778.47998046875,0.9003000259399414
5778.75,0.900600016117096
5779.009765625,0.9010000228881836
5779.27978515625,0.9013000130653381
5779.5498046875,0.9016000032424927
5779.81005859375,0.9020000100135803
5780.080078125,0.9023000001907349
5780.33984375,0.9025999903678894
5780.60986328125,0.902999997138977
5780.8701171875,0.9032999873161316
5781.1298828125,0.9035999774932861
5781.39990234375,0.9039000272750854
5781.66015625,0.9042999744415283
5781.93017578125,0.9046000242233276
5782.2001953125,0.9049000144004822
5782.4599609375,0.9053000211715698
5782.72998046875,0.9056000113487244
5782.990234375,0.9059000015258789
5783.259765625,0.9061999917030334
5783.52001953125,0.9065999984741211
5783.7900390625,0.9068999886512756
5784.0498046875,0.9071999788284302
5784.31982421875,0.9075999855995178
5784.580078125,0.9078999757766724
5784.85009765625,0.9082000255584717
5785.10986328125,0.9085000157356262
5785.3798828125,0.9089000225067139
5785.64013671875,0.9092000126838684
5785.91015625,0.909500002861023
5786.169921875,0.9099000096321106
5786.43994140625,0.9101999998092651
5786.7099609375,0.9104999899864197
5786.97021484375,0.9107999801635742
5787.240234375,0.9111999869346619
5787.5,0.9114999771118164
5787.77001953125,0.9118000268936157
5788.02978515625,0.9121999740600586
5788.2998046875,0.9125000238418579
5788.56005859375,0.9128000140190125
5788.830078125,0.9132000207901001
5789.08984375,0.9135000109672546
5789.35986328125,0.9138000011444092
5789.6298828125,0.9140999913215637
5789.89013671875,0.9144999980926514
5790.16015625,0.9147999882698059
5790.419921875,0.9150999784469604
5790.68994140625,0.9154999852180481
5790.9501953125,0.9157999753952026
5791.22021484375,0.916100025177002
5791.47998046875,0.9164000153541565
5791.75,0.9168000221252441
5792.02001953125,0.9171000123023987
5792.27978515625,0.9174000024795532
5792.5498046875,0.9178000092506409
5792.81005859375,0.9180999994277954
5793.080078125,0.91839998960495
5793.33984375,0.9186999797821045
5793.60986328125,0.9190999865531921
5793.8798828125,0.9193999767303467
5794.14013671875,0.919700026512146
5794.41015625,0.9200999736785889
5794.669921875,0.9204000234603882
5794.93994140625,0.9207000136375427
5795.2001953125,0.9211000204086304
5795.47021484375,0.9214000105857849
5795.72998046875,0.9217000007629395
5796.0,0.921999990940094
5796.27001953125,0.9223999977111816
5796.52978515625,0.9226999878883362
5796.7998046875,0.9229999780654907
5797.06005859375,0.9233999848365784
5797.330078125,0.9236999750137329
5797.60009765625,0.9240000247955322
5797.85986328125,0.9243999719619751
5798.1298828125,0.9247000217437744
5798.39990234375,0.925000011920929
5798.66015625,0.9253000020980835
5798.93017578125,0.9257000088691711
5799.18994140625,0.9259999990463257
5799.4599609375,0.9262999892234802
5799.72998046875,0.9266999959945679
5799.990234375,0.9269999861717224
5800.25,0.9272000193595886
5800.52001953125,0.9273999929428101
5800.7900390625,0.9276000261306763
5801.0498046875,0.9277999997138977
5801.31982421875,0.9279999732971191
5801.58984375,0.9280999898910522
5801.85009765625,0.9283000230789185
5802.1201171875,0.9284999966621399
5802.39013671875,0.9286999702453613
5802.64990234375,0.9289000034332275
5802.919921875,0.929099977016449
5803.18017578125,0.9293000102043152
5803.4501953125,0.9294999837875366
5803.72021484375,0.9297000169754028
5803.97998046875,0.9298999905586243
5804.25,0.9301000237464905
5804.509765625,0.9301999807357788
5804.77978515625,0.930400013923645
5805.0498046875,0.9305999875068665
5805.31005859375,0.9308000206947327
5805.580078125,0.9309999942779541
5805.85009765625,0.9312000274658203
5806.10986328125,0.9314000010490417
5806.3798828125,0.9315999746322632
5806.64990234375,0.9318000078201294
5806.91015625,0.9319999814033508
5807.18017578125,0.932200014591217
5807.43994140625,0.9323999881744385
5807.7099609375,0.9326000213623047
5807.97998046875,0.932699978351593
5808.240234375,0.9329000115394592
5808.509765625,0.9330999851226807
5808.77978515625,0.9333000183105469
5809.0400390625,0.9334999918937683
5809.31005859375,0.9337000250816345
5809.56982421875,0.933899998664856
5809.83984375,0.9340999722480774
5810.10986328125,0.9343000054359436
5810.3701171875,0.934499979019165
5810.64013671875,0.9347000122070312
5810.91015625,0.9348999857902527
5811.169921875,0.9350000023841858
5811.43994140625,0.9351999759674072
5811.7099609375,0.9354000091552734
5811.97021484375,0.9355999827384949
5812.240234375,0.9358000159263611
5812.5,0.9359999895095825
5812.77001953125,0.9362000226974487
5813.0400390625,0.9363999962806702
5813.31005859375,0.9366000294685364
5813.56982421875,0.9368000030517578
5813.83984375,0.9369999766349792
5814.10986328125,0.9372000098228455
5814.3701171875,0.9373000264167786
5814.64013671875,0.9375
5814.89990234375,0.9376999735832214
5815.169921875,0.9379000067710876
5815.43994140625,0.9380999803543091
5815.7099609375,0.9383000135421753
5815.97021484375,0.9384999871253967
5816.240234375,0.9387000203132629
5816.509765625,0.9388999938964844
5816.77001953125,0.9391000270843506
5817.0400390625,0.939300000667572
5817.31005859375,0.9394999742507935
5817.56982421875,0.9397000074386597
5817.83984375,0.9398000240325928
5818.10986328125,0.9399999976158142
5818.3798828125,0.9401999711990356
5818.64013671875,0.9404000043869019
5818.91015625,0.9405999779701233
5819.169921875,0.9408000111579895
5819.43994140625,0.9409999847412109
5819.7099609375,0.9412000179290771
5819.97021484375,0.9413999915122986
5820.240234375,0.9416000247001648
5820.509765625,0.9417999982833862
5820.77001953125,0.9419999718666077
5821.0400390625,0.9422000050544739
5821.31005859375,0.942300021648407
5821.580078125,0.9424999952316284
5821.83984375,0.9427000284194946
5822.10986328125,0.9429000020027161
5822.3798828125,0.9430999755859375
5822.64013671875,0.9433000087738037
5822.91015625,0.9434999823570251
5823.18017578125,0.9437000155448914
5823.4501953125,0.9438999891281128
5823.7099609375,0.944100022315979
5823.97998046875,0.9442999958992004
5824.25,0.9445000290870667
5824.509765625,0.9447000026702881
5824.77978515625,0.9448000192642212
5825.0498046875,0.9449999928474426
5825.31005859375,0.9452000260353088
5825.580078125,0.9453999996185303
5825.85009765625,0.9455999732017517
5826.1201171875,0.9458000063896179
5826.39013671875,0.9459999799728394
5826.64990234375,0.9462000131607056
5826.919921875,0.946399986743927
5827.18994140625,0.9466000199317932
5827.4501953125,0.9467999935150146
5827.72021484375,0.9470000267028809
5827.990234375,0.9472000002861023
5828.259765625,0.9473000168800354
5828.52001953125,0.9474999904632568
5828.7900390625,0.947700023651123
5829.06005859375,0.9478999972343445
5829.31982421875,0.9480999708175659
5829.58984375,0.9483000040054321
5829.85986328125,0.9484999775886536
5830.1298828125,0.9487000107765198
5830.39013671875,0.9488999843597412
5830.66015625,0.9491000175476074
5830.93017578125,0.9492999911308289
5831.18994140625,0.9495000243186951
5831.4599609375,0.9496999979019165
5831.72998046875,0.9498000144958496
5832.0,0.949999988079071
5832.27001953125,0.9502000212669373
5832.52978515625,0.9503999948501587
5832.7998046875,0.9506000280380249
5833.06982421875,0.9508000016212463
5833.33984375,0.9509999752044678
5833.60009765625,0.951200008392334
5833.8701171875,0.9513999819755554
5834.14013671875,0.9516000151634216
5834.41015625,0.9517999887466431
5834.669921875,0.9520000219345093
5834.93994140625,0.9521999955177307
5835.2099609375,0.9524000287055969
5835.47998046875,0.9524999856948853
5835.75,0.9527000188827515
5836.009765625,0.9528999924659729
5836.27978515625,0.9531000256538391
5836.5498046875,0.9532999992370605
5836.81982421875,0.953499972820282
5837.080078125,0.9537000060081482
5837.35009765625,0.9538999795913696
5837.6201171875,0.9541000127792358
5837.89013671875,0.9542999863624573
5838.14990234375,0.9545000195503235
5838.419921875,0.9546999931335449
5838.68994140625,0.9549000263214111
5838.9599609375,0.9549999833106995
5839.22021484375,0.9552000164985657
5839.490234375,0.9553999900817871
5839.759765625,0.9556000232696533
5840.02978515625,0.9557999968528748
5840.2998046875,0.9559999704360962
5840.56005859375,0.9562000036239624
5840.830078125,0.9563999772071838
5841.10009765625,0.95660001039505
5841.3701171875,0.9567999839782715
5841.6298828125,0.9570000171661377
5841.91015625,0.9571999907493591
5842.169921875,0.9574000239372253
5842.43994140625,0.9575999975204468
5842.7099609375,0.9577999711036682
5842.97021484375,0.9578999876976013
5843.240234375,0.9581000208854675
5843.509765625,0.958299994468689
5843.77978515625,0.9585000276565552
5844.0498046875,0.9587000012397766
5844.31005859375,0.958899974822998
5844.580078125,0.9591000080108643
5844.85009765625,0.9592999815940857
5845.1201171875,0.9595000147819519
5845.39013671875,0.9596999883651733
5845.66015625,0.9599000215530396
5845.919921875,0.960099995136261
5846.18994140625,0.9603000283241272
5846.4599609375,0.9603999853134155
5846.72998046875,0.9606000185012817
5847.0,0.9607999920845032
5847.259765625,0.9610000252723694
5847.52978515625,0.9611999988555908
5847.7998046875,0.9613999724388123
5848.06982421875,0.9616000056266785
5848.33984375,0.9617999792098999
5848.60009765625,0.9620000123977661
5848.8701171875,0.9621999859809875
5849.14013671875,0.9624000191688538
5849.41015625,0.9625999927520752
5849.68017578125,0.9628000259399414
5849.9501953125,0.9629999995231628
5850.22021484375,0.9631999731063843
5850.47998046875,0.9634000062942505
5850.75,0.9635999798774719
5851.02001953125,0.9638000130653381
5851.2900390625,0.9639999866485596
5851.56005859375,0.9642000198364258
5851.81982421875,0.9643999934196472
5852.08984375,0.9646000266075134
5852.35986328125,0.9646999835968018
5852.6298828125,0.964900016784668
5852.89990234375,0.9650999903678894
5853.169921875,0.9653000235557556
5853.43017578125,0.965499997138977
5853.7001953125,0.9656999707221985
5853.97021484375,0.9659000039100647
5854.240234375,0.9660999774932861
5854.509765625,0.9663000106811523
5854.77978515625,0.9664999842643738
5855.0498046875,0.96670001745224
5855.31005859375,0.9668999910354614
5855.580078125,0.9671000242233276
5855.85009765625,0.9672999978065491
5856.1201171875,0.9674999713897705
5856.39013671875,0.9677000045776367
5856.66015625,0.9678999781608582
5856.93017578125,0.9681000113487244
5857.2001953125,0.9682999849319458
5857.47021484375,0.968500018119812
5857.72998046875,0.9686999917030334
5858.0,0.9689000248908997
5858.27001953125,0.9690999984741211
5858.5400390625,0.9692999720573425
5858.7998046875,0.9695000052452087
5859.06982421875,0.9696999788284302
5859.33984375,0.9699000120162964
5859.60986328125,0.9700999855995178
5859.8798828125,0.970300018787384
5860.14990234375,0.9704999923706055
5860.419921875,0.9707000255584717
5860.68994140625,0.9708999991416931
5860.9599609375,0.9710999727249146
5861.22998046875,0.9713000059127808
5861.5,0.9714999794960022
5861.759765625,0.9717000126838684
5862.02978515625,0.9718999862670898
5862.2998046875,0.972100019454956
5862.56982421875,0.9722999930381775
5862.83984375,0.9725000262260437
5863.10986328125,0.9726999998092651
5863.3798828125,0.9728999733924866
5863.64013671875,0.9731000065803528
5863.91015625,0.9732999801635742
5864.18017578125,0.9735000133514404
5864.4501953125,0.9736999869346619
5864.72021484375,0.9739000201225281
5864.990234375,0.9740999937057495
5865.259765625,0.9743000268936157
5865.52978515625,0.9745000004768372
5865.7998046875,0.9746999740600586
5866.06982421875,0.9749000072479248
5866.33984375,0.9750999808311462
5866.60009765625,0.9753000140190125
5866.8701171875,0.9754999876022339
5867.14013671875,0.9757000207901001
5867.41015625,0.9758999943733215
5867.68017578125,0.9761000275611877
5867.9501953125,0.9763000011444092
5868.22021484375,0.9764999747276306
5868.490234375,0.9767000079154968
5868.759765625,0.9768999814987183
5869.02978515625,0.9771000146865845
5869.2900390625,0.9772999882698059
5869.56982421875,0.9775000214576721
5869.830078125,0.9776999950408936
5870.10009765625,0.9779000282287598
5870.3701171875,0.9781000018119812
5870.64013671875,0.9782999753952026
5870.91015625,0.9785000085830688
5871.18017578125,0.9786999821662903
5871.4501953125,0.9789000153541565
5871.72021484375,0.9790999889373779
5871.990234375,0.9793000221252441
5872.259765625,0.9794999957084656
5872.52978515625,0.9797000288963318
5872.7900390625,0.9799000024795532
5873.06005859375,0.9800999760627747
5873.330078125,0.9803000092506409
5873.60009765625,0.9804999828338623
5873.8701171875,0.9807000160217285
5874.14013671875,0.98089998960495
5874.41015625,0.9811000227928162
5874.68017578125,0.9812999963760376
5874.9501953125,0.9815000295639038
5875.22021484375,0.9817000031471252
5875.490234375,0.9818999767303467
5875.759765625,0.9821000099182129
5876.02978515625,0.9822999835014343
5876.2998046875,0.9825000166893005
5876.56982421875,0.982699990272522
5876.83984375,0.9829000234603882
5877.10986328125,0.9830999970436096
5877.3798828125,0.983299970626831
5877.64990234375,0.9835000038146973
5877.91015625,0.9836999773979187
5878.18994140625,0.9839000105857849
5878.4501953125,0.9840999841690063
5878.72021484375,0.9843000173568726
5879.0,0.984499990940094
5879.259765625,0.9847000241279602
5879.52978515625,0.9848999977111816
5879.7998046875,0.9850999712944031
5880.06982421875,0.9853000044822693
5880.33984375,0.9854999780654907
5880.60986328125,0.9857000112533569
5880.8798828125,0.9858999848365784
5881.14990234375,0.9861000180244446
5881.419921875,0.986299991607666
5881.68994140625,0.9865000247955322
5881.9599609375,0.9865999817848206
5882.22998046875,0.9868000149726868
5882.5,0.9869999885559082
5882.77001953125,0.9872000217437744
5883.0400390625,0.9873999953269958
5883.31005859375,0.9876000285148621
5883.580078125,0.9878000020980835
5883.85009765625,0.9879999756813049
5884.1201171875,0.9882000088691711
5884.39013671875,0.9883999824523926
5884.66015625,0.9886000156402588
5884.93017578125,0.9887999892234802
5885.2001953125,0.9890000224113464
5885.47021484375,0.9891999959945679
5885.740234375,0.9894000291824341
5886.009765625,0.9896000027656555
5886.27978515625,0.989799976348877
5886.5498046875,0.9900000095367432
5886.81982421875,0.9901999831199646
5887.08984375,0.9904000163078308
5887.35986328125,0.9905999898910522
5887.6298828125,0.9908000230789185
5887.89990234375,0.9909999966621399
5888.16015625,0.9911999702453613
5888.43994140625,0.9914000034332275
5888.7099609375,0.991599977016449
5888.97998046875,0.9918000102043152
5889.25,0.9919999837875366
5889.52001953125,0.9922000169754028
5889.7900390625,0.9923999905586243
5890.06005859375,0.9926000237464905
5890.330078125,0.9927999973297119
5890.60009765625,0.9929999709129333
5890.8701171875,0.9932000041007996
5891.14013671875,0.993399977684021
5891.41015625,0.9936000108718872
5891.68017578125,0.9937999844551086
5891.9501953125,0.9940000176429749
5892.22021484375,0.9941999912261963
5892.490234375,0.9944000244140625
5892.759765625,0.9945999979972839
5893.02978515625,0.9947999715805054
5893.2998046875,0.9950000047683716
5893.56982421875,0.995199978351593
5893.83984375,0.9954000115394592
5894.10986328125,0.9955999851226807
5894.3798828125,0.9958000183105469
5894.64990234375,0.9959999918937683
5894.919921875,0.9962000250816345
5895.18994140625,0.996399998664856
5895.4599609375,0.9965999722480774
5895.740234375,0.9968000054359436
5896.009765625,0.996999979019165
5896.27978515625,0.9972000122070312
5896.5498046875,0.9973999857902527
5896.81005859375,0.9976000189781189
5897.08984375,0.9977999925613403
5897.35986328125,0.9980000257492065
5897.6298828125,0.998199999332428
5897.89990234375,0.9983999729156494
5898.169921875,0.9986000061035156
5898.43994140625,0.9987999796867371
5898.7099609375,0.9990000128746033
5898.97998046875,0.9991999864578247
5899.25,0.9994000196456909
5899.52001953125,0.9995999932289124
5899.7900390625,0.9998000264167786
5900.06005859375,1.0
5900.330078125,1.0
5900.60009765625,1.0
5900.8701171875,1.0
5901.14013671875,1.0
5901.41015625,1.0
5901.68994140625,1.0
5901.9599609375,1.0
5902.22998046875,1.0
5902.5,1.0
5902.77001953125,1.0
5903.0400390625,1.0
5903.31005859375,1.0
5903.580078125,1.0
5903.85009765625,1.0
5904.1201171875,1.0
5904.39013671875,1.0
5904.66015625,1.0
5904.93017578125,1.0
5905.2099609375,1.0
5905.47998046875,1.0
5905.75,1.0
5906.02001953125,1.0
5906.2900390625,1.0
5906.56005859375,1.0
5906.830078125,1.0
5907.10009765625,1.0
5907.3701171875,1.0
5907.64013671875,1.0
5907.91015625,1.0
5908.18994140625,1.0
5908.4599609375,1.0
5908.72998046875,1.0
5909.0,1.0
5909.27001953125,1.0
5909.5400390625,1.0
5909.81005859375,1.0
5910.080078125,1.0
5910.35986328125,1.0
5910.6201171875,1.0
5910.89990234375,1.0
5911.169921875,1.0
5911.43994140625,1.0
5911.7099609375,1.0
5911.97998046875,1.0
5912.25,1.0
5912.52001953125,1.0
5912.7900390625,1.0
5913.06982421875,1.0
5913.330078125,1.0
5913.60986328125,1.0
5913.8798828125,1.0
5914.14990234375,1.0
5914.419921875,1.0
5914.68994140625,1.0
5914.9599609375,1.0
5915.22998046875,1.0
5915.509765625,1.0
5915.77978515625,1.0
5916.0498046875,1.0
5916.31982421875,1.0
5916.58984375,1.0
5916.85986328125,1.0
5917.1298828125,1.0
5917.39990234375,1.0
5917.669921875,1.0
5917.9501953125,1.0
5918.22021484375,1.0
5918.490234375,1.0
5918.759765625,1.0
5919.02978515625,1.0
5919.2998046875,1.0
5919.56982421875,1.0
5919.85009765625,1.0
5920.1201171875,1.0
5920.39013671875,1.0
5920.66015625,1.0
5920.93994140625,1.0
5921.2099609375,1.0
5921.47998046875,1.0
5921.75,1.0
5922.02001953125,1.0
5922.2900390625,1.0
5922.56005859375,1.0
5922.830078125,1.0
5923.10986328125,1.0
5923.3798828125,1.0
5923.64990234375,1.0
5923.919921875,1.0
5924.18994140625,1.0
5924.4599609375,1.0
5924.740234375,1.0
5925.009765625,1.0
5925.27978515625,1.0
5925.5498046875,1.0
5925.81982421875,1.0
5926.10009765625,1.0
5926.3701171875,1.0
5926.64013671875,1.0
5926.91015625,1.0
5927.18017578125,1.0
5927.4501953125,1.0
5927.72998046875,1.0
5928.0,1.0
5928.27001953125,1.0
5928.5400390625,1.0
5928.81005859375,1.0
5929.080078125,1.0
5929.35986328125,1.0
5929.6298828125,1.0
5929.89990234375,1.0
5930.169921875,1.0
5930.43994140625,1.0
5930.72021484375,1.0
5930.990234375,1.0
5931.259765625,1.0
5931.52978515625,1.0
5931.81005859375,1.0
5932.080078125,1.0
5932.35009765625,1.0
5932.6201171875,1.0
5932.89013671875,1.0
5933.169921875,1.0
5933.43994140625,1.0
5933.7099609375,1.0
5933.97998046875,1.0
5934.25,1.0
5934.52978515625,1.0
5934.7998046875,1.0
5935.06982421875,1.0
5935.33984375,1.0
5935.6201171875,1.0
5935.89013671875,1.0
5936.16015625,1.0
5936.43017578125,1.0
5936.7001953125,1.0
5936.97998046875,1.0
5937.25,1.0
5937.52001953125,1.0
5937.7900390625,1.0
5938.06982421875,1.0
5938.33984375,1.0
5938.60986328125,1.0
5938.8798828125,1.0
5939.14990234375,1.0
5939.43017578125,1.0
5939.7001953125,1.0
5939.97998046875,1.0
5940.25,1.0
5940.52001953125,1.0
5940.7900390625,1.0
5941.06005859375,1.0
5941.33984375,1.0
5941.60986328125,1.0
5941.8798828125,1.0
5942.14990234375,1.0
5942.419921875,1.0
5942.7001953125,1.0
5942.97021484375,1.0
5943.240234375,1.0
5943.509765625,1.0
5943.7900390625,1.0
5944.06005859375,1.0
5944.330078125,1.0
5944.60986328125,1.0
5944.8798828125,1.0
5945.14990234375,1.0
5945.419921875,1.0
5945.7001953125,1.0
5945.97021484375,1.0
5946.240234375,1.0
5946.509765625,1.0
5946.77978515625,1.0
5947.06005859375,1.0
5947.330078125,1.0
5947.60986328125,1.0
5947.8798828125,1.0
5948.14990234375,1.0
5948.419921875,1.0
5948.68994140625,1.0
5948.97021484375,1.0
5949.240234375,1.0
5949.52001953125,1.0
5949.7900390625,1.0
5950.06005859375,1.0
5950.330078125,1.0
5950.60986328125,0.9998999834060669
5950.8798828125,0.9998999834060669
5951.14990234375,0.9998999834060669
5951.43017578125,0.9998999834060669
5951.7001953125,0.9998000264167786
5951.97021484375,0.9998000264167786
5952.240234375,0.9998000264167786
5952.52001953125,0.9997000098228455
5952.7900390625,0.9997000098228455
5953.06005859375,0.9997000098228455
5953.33984375,0.9997000098228455
5953.60986328125,0.9995999932289124
5953.8798828125,0.9995999932289124
5954.14990234375,0.9995999932289124
5954.43017578125,0.9995999932289124
5954.7001953125,0.9994999766349792
5954.97998046875,0.9994999766349792
5955.25,0.9994999766349792
5955.52001953125,0.9994000196456909
5955.7900390625,0.9994000196456909
5956.06982421875,0.9994000196456909
5956.33984375,0.9994000196456909
5956.60986328125,0.9993000030517578
5956.8798828125,0.9993000030517578
5957.16015625,0.9993000030517578
5957.43017578125,0.9993000030517578
5957.7099609375,0.9991999864578247
5957.97998046875,0.9991999864578247
5958.25,0.9991999864578247
5958.52978515625,0.9991000294685364
5958.7998046875,0.9991000294685364
5959.06982421875,0.9991000294685364
5959.35009765625,0.9991000294685364
5959.6201171875,0.9990000128746033
5959.89013671875,0.9990000128746033
5960.169921875,0.9990000128746033
5960.43994140625,0.9990000128746033
5960.7099609375,0.9988999962806702
5960.990234375,0.9988999962806702
5961.259765625,0.9988999962806702
5961.52978515625,0.9987999796867371
5961.7998046875,0.9987999796867371
5962.080078125,0.9987999796867371
5962.35009765625,0.9987999796867371
5962.6298828125,0.9987000226974487
5962.89990234375,0.9987000226974487
5963.169921875,0.9987000226974487
5963.4501953125,0.9987000226974487
5963.72021484375,0.9986000061035156
5963.990234375,0.9986000061035156
5964.27001953125,0.9986000061035156
5964.5400390625,0.9984999895095825
5964.81982421875,0.9984999895095825
5965.08984375,0.9984999895095825
5965.35986328125,0.9984999895095825
5965.64013671875,0.9983999729156494
5965.91015625,0.9983999729156494
5966.18017578125,0.9983999729156494
5966.4501953125,0.9983999729156494
5966.72998046875,0.9983000159263611
5967.0,0.9983000159263611
5967.27978515625,0.9983000159263611
5967.5498046875,0.998199999332428
5967.81982421875,0.998199999332428
5968.10009765625,0.998199999332428
5968.3701171875,0.998199999332428
5968.64990234375,0.9980999827384949
5968.919921875,0.9980999827384949
5969.2001953125,0.9980999827384949
5969.47021484375,0.9980999827384949
5969.740234375,0.9980000257492065
5970.02001953125,0.9980000257492065
5970.2900390625,0.9980000257492065
5970.56005859375,0.9979000091552734
5970.830078125,0.9979000091552734
5971.10986328125,0.9979000091552734
5971.3798828125,0.9979000091552734
5971.66015625,0.9977999925613403
5971.93017578125,0.9977999925613403
5972.2099609375,0.9977999925613403
5972.47998046875,0.9977999925613403
5972.75,0.9976999759674072
5973.02978515625,0.9976999759674072
5973.2998046875,0.9976999759674072
5973.56982421875,0.9976000189781189
5973.85009765625,0.9976000189781189
5974.1201171875,0.9976000189781189
5974.39990234375,0.9976000189781189
5974.669921875,0.9975000023841858
5974.9501953125,0.9975000023841858
5975.22021484375,0.9975000023841858
5975.490234375,0.9975000023841858
5975.77001953125,0.9973999857902527
5976.0400390625,0.9973999857902527
5976.31005859375,0.9973999857902527
5976.58984375,0.9973000288009644
5976.85986328125,0.9973000288009644
5977.14013671875,0.9973000288009644
5977.41015625,0.9973000288009644
5977.68994140625,0.9972000122070312
5977.9599609375,0.9972000122070312
5978.22998046875,0.9972000122070312
5978.509765625,0.9970999956130981
5978.77978515625,0.9970999956130981
5979.06005859375,0.9970999956130981
5979.330078125,0.9970999956130981
5979.60986328125,0.996999979019165
5979.8798828125,0.996999979019165
5980.14990234375,0.996999979019165
5980.43017578125,0.996999979019165
5980.7001953125,0.9969000220298767
5980.97998046875,0.9969000220298767
5981.25,0.9969000220298767
5981.52001953125,0.9968000054359436
5981.7998046875,0.9968000054359436
5982.080078125,0.9968000054359436
5982.35009765625,0.9968000054359436
5982.6201171875,0.9966999888420105
5982.89990234375,0.9966999888420105
5983.169921875,0.9966999888420105
5983.4501953125,0.9966999888420105
5983.72021484375,0.9965999722480774
5984.0,0.9965999722480774
5984.27001953125,0.9965999722480774
5984.5498046875,0.9965000152587891
5984.81982421875,0.9965000152587891
5985.08984375,0.9965000152587891
5985.3701171875,0.9965000152587891
5985.64013671875,0.996399998664856
5985.919921875,0.996399998664856
5986.18994140625,0.996399998664856
5986.4599609375,0.996399998664856
5986.740234375,0.9962999820709229
5987.02001953125,0.9962999820709229
5987.2900390625,0.9962999820709229
5987.56982421875,0.9962000250816345
5987.83984375,0.9962000250816345
5988.10986328125,0.9962000250816345
5988.39013671875,0.9962000250816345
5988.66015625,0.9961000084877014
5988.93994140625,0.9961000084877014
5989.2099609375,0.9961000084877014
5989.490234375,0.9961000084877014
5989.759765625,0.9959999918937683
5990.02978515625,0.9959999918937683
5990.31005859375,0.9959999918937683
5990.580078125,0.9958999752998352
5990.85986328125,0.9958999752998352
5991.1298828125,0.9958999752998352
5991.41015625,0.9958999752998352
5991.68017578125,0.9958000183105469
5991.9599609375,0.9958000183105469
5992.22998046875,0.9958000183105469
5992.509765625,0.9957000017166138
5992.77978515625,0.9957000017166138
5993.06005859375,0.9957000017166138
5993.330078125,0.9957000017166138
5993.60986328125,0.9955999851226807
5993.8798828125,0.9955999851226807
5994.16015625,0.9955999851226807
5994.43017578125,0.9955999851226807
5994.7099609375,0.9955000281333923
5994.97998046875,0.9955000281333923
5995.259765625,0.9955000281333923
5995.52978515625,0.9954000115394592
5995.81005859375,0.9954000115394592
5996.080078125,0.9954000115394592
5996.35009765625,0.9954000115394592
5996.6298828125,0.9952999949455261
5996.89990234375,0.9952999949455261
5997.18017578125,0.9952999949455261
5997.4599609375,0.9952999949455261
5997.72998046875,0.995199978351593
5998.009765625,0.995199978351593
5998.27978515625,0.995199978351593
5998.56005859375,0.9951000213623047
5998.830078125,0.9951000213623047
5999.10986328125,0.9951000213623047
5999.3798828125,0.9951000213623047
5999.66015625,0.9950000047683716
5999.93017578125,0.9950000047683716
6000.2099609375,0.9950000047683716
6000.47998046875,0.9948999881744385
6000.759765625,0.9947999715805054
6001.02978515625,0.9947999715805054
6001.31005859375,0.994700014591217
6001.580078125,0.994700014591217
6001.85986328125,0.9945999979972839
6002.14013671875,0.9944999814033508
6002.41015625,0.9944999814033508
6002.68994140625,0.9944000244140625
6002.9599609375,0.9943000078201294
6003.240234375,0.9943000078201294
6003.509765625,0.9941999912261963
6003.7900390625,0.9941999912261963
6004.06005859375,0.9940999746322632
6004.33984375,0.9940000176429749
6004.60986328125,0.9940000176429749
6004.89013671875,0.9939000010490417
6005.16015625,0.9939000010490417
6005.43994140625,0.9937999844551086
6005.7099609375,0.9937000274658203
6005.990234375,0.9937000274658203
6006.27001953125,0.9936000108718872
6006.5400390625,0.9936000108718872
6006.81982421875,0.9934999942779541
6007.08984375,0.993399977684021
6007.3701171875,0.993399977684021
6007.64013671875,0.9933000206947327
6007.919921875,0.9933000206947327
6008.18994140625,0.9932000041007996
6008.47021484375,0.9930999875068665
6008.75,0.9930999875068665
6009.02001953125,0.9929999709129333
6009.2998046875,0.9929999709129333
6009.56982421875,0.992900013923645
6009.85009765625,0.9927999973297119
6010.1201171875,0.9927999973297119
6010.39990234375,0.9926999807357788
6010.669921875,0.9926999807357788
6010.9501953125,0.9926000237464905
6011.22021484375,0.9925000071525574
6011.5,0.9925000071525574
6011.77978515625,0.9923999905586243
6012.0498046875,0.9922999739646912
6012.330078125,0.9922999739646912
6012.60009765625,0.9922000169754028
6012.8798828125,0.9922000169754028
6013.14990234375,0.9921000003814697
6013.43017578125,0.9919999837875366
6013.7099609375,0.9919999837875366
6013.990234375,0.9919000267982483
6014.259765625,0.9919000267982483
6014.5400390625,0.9918000102043152
6014.81005859375,0.9916999936103821
6015.08984375,0.9916999936103821
6015.35986328125,0.991599977016449
6015.64013671875,0.991599977016449
6015.91015625,0.9915000200271606
6016.18994140625,0.9914000034332275
6016.47021484375,0.9914000034332275
6016.740234375,0.9912999868392944
6017.02001953125,0.9912999868392944
6017.2900390625,0.9911999702453613
6017.56982421875,0.991100013256073
6017.85009765625,0.991100013256073
6018.1201171875,0.9909999966621399
6018.39990234375,0.9909999966621399
6018.669921875,0.9908999800682068
6018.9501953125,0.9908000230789185
6019.22998046875,0.9908000230789185
6019.5,0.9907000064849854
6019.77978515625,0.9905999898910522
6020.0498046875,0.9905999898910522
6020.330078125,0.9904999732971191
6020.60986328125,0.9904999732971191
6020.8798828125,0.9904000163078308
6021.16015625,0.9902999997138977
6021.43017578125,0.9902999997138977
6021.7099609375,0.9901999831199646
6021.990234375,0.9901999831199646
6022.27001953125,0.9901000261306763
6022.5400390625,0.9900000095367432
6022.81005859375,0.9900000095367432
6023.08984375,0.9898999929428101
6023.3701171875,0.9898999929428101
6023.64013671875,0.989799976348877
6023.919921875,0.9897000193595886
6024.2001953125,0.9897000193595886
6024.47021484375,0.9896000027656555
6024.75,0.9896000027656555
6025.02978515625,0.9894999861717224
6025.2998046875,0.9894000291824341
6025.580078125,0.9894000291824341
6025.85009765625,0.989300012588501
6026.1298828125,0.989300012588501
6026.41015625,0.9891999959945679
6026.68017578125,0.9890999794006348
6026.9599609375,0.9890999794006348
6027.240234375,0.9890000224113464
6027.509765625,0.9889000058174133
6027.7900390625,0.9889000058174133
6028.06982421875,0.9887999892234802
6028.33984375,0.9887999892234802
6028.6201171875,0.9886999726295471
6028.89990234375,0.9886000156402588
6029.169921875,0.9886000156402588
6029.4501953125,0.9884999990463257
6029.72998046875,0.9884999990463257
6030.0,0.9883999824523926
6030.27978515625,0.9883000254631042
6030.56005859375,0.9883000254631042
6030.830078125,0.9882000088691711
6031.10986328125,0.9882000088691711
6031.3798828125,0.988099992275238
6031.66015625,0.9879999756813049
6031.93994140625,0.9879999756813049
6032.2099609375,0.9879000186920166
6032.490234375,0.9879000186920166
6032.77001953125,0.9878000020980835
6033.0498046875,0.9876999855041504
6033.31982421875,0.9876999855041504
6033.60009765625,0.9876000285148621
6033.8798828125,0.987500011920929
6034.14990234375,0.987500011920929
6034.43017578125,0.9873999953269958
6034.7099609375,0.9873999953269958
6034.97998046875,0.9872999787330627
6035.259765625,0.9872000217437744
6035.52978515625,0.9872000217437744
6035.81005859375,0.9871000051498413
6036.08984375,0.9871000051498413
6036.3701171875,0.9869999885559082
6036.64013671875,0.9868999719619751
6036.919921875,0.9868999719619751
6037.2001953125,0.9868000149726868
6037.47021484375,0.9868000149726868
6037.75,0.9866999983787537
6038.02978515625,0.9865999817848206
6038.2998046875,0.9865999817848206
6038.580078125,0.9865000247955322
6038.85986328125,0.9865000247955322
6039.14013671875,0.9864000082015991
6039.41015625,0.986299991607666
6039.68994140625,0.986299991607666
6039.97021484375,0.9861999750137329
6040.240234375,0.9861000180244446
6040.52001953125,0.9861000180244446
6040.7900390625,0.9860000014305115
6041.06982421875,0.9860000014305115
6041.35009765625,0.9858999848365784
6041.6298828125,0.98580002784729
6041.91015625,0.98580002784729
6042.18017578125,0.9857000112533569
6042.4599609375,0.9857000112533569
6042.72998046875,0.9855999946594238
6043.009765625,0.9854999780654907
6043.2900390625,0.9854999780654907
6043.56982421875,0.9854000210762024
6043.85009765625,0.9854000210762024
6044.1201171875,0.9853000044822693
6044.39990234375,0.9851999878883362
6044.68017578125,0.9851999878883362
6044.9501953125,0.9850999712944031
6045.22998046875,0.9850000143051147
6045.509765625,0.9850000143051147
6045.77978515625,0.9848999977111816
6046.06005859375,0.9848999977111816
6046.33984375,0.9847999811172485
6046.6201171875,0.9847000241279602
6046.89990234375,0.9847000241279602
6047.169921875,0.9846000075340271
6047.4501953125,0.9846000075340271
6047.72998046875,0.984499990940094
6048.009765625,0.9843999743461609
6048.27978515625,0.9843999743461609
6048.56005859375,0.9843000173568726
6048.83984375,0.9843000173568726
6049.10986328125,0.9842000007629395
6049.39013671875,0.9840999841690063
6049.669921875,0.9840999841690063
6049.9501953125,0.984000027179718
6050.22021484375,0.9839000105857849
6050.5,0.9839000105857849
6050.77978515625,0.9837999939918518
6051.0498046875,0.9836999773979187
6051.330078125,0.9836000204086304
6051.60986328125,0.9836000204086304
6051.89013671875,0.9835000038146973
6052.169921875,0.9833999872207642
6052.4501953125,0.983299970626831
6052.72021484375,0.9832000136375427
6053.0,0.9832000136375427
6053.27978515625,0.9830999970436096
6053.5498046875,0.9829999804496765
6053.830078125,0.9829000234603882
6054.10986328125,0.9828000068664551
6054.39013671875,0.9828000068664551
6054.669921875,0.982699990272522
6054.9501953125,0.9825999736785889
6055.22021484375,0.9825000166893005
6055.5,0.9825000166893005
6055.77978515625,0.9824000000953674
6056.0498046875,0.9822999835014343
6056.330078125,0.982200026512146
6056.60986328125,0.982200026512146
6056.8798828125,0.9821000099182129
6057.169921875,0.9819999933242798
6057.43994140625,0.9818999767303467
6057.72021484375,0.9818000197410583
6058.0,0.9818000197410583
6058.27001953125,0.9817000031471252
6058.5498046875,0.9815999865531921
6058.830078125,0.9815000295639038
6059.10986328125,0.9814000129699707
6059.39013671875,0.9814000129699707
6059.669921875,0.9812999963760376
6059.93994140625,0.9811999797821045
6060.22021484375,0.9811000227928162
6060.5,0.9811000227928162
6060.77001953125,0.9810000061988831
6061.0498046875,0.98089998960495
6061.330078125,0.9807999730110168
6061.60986328125,0.9807000160217285
6061.89013671875,0.9807000160217285
6062.169921875,0.9805999994277954
6062.4501953125,0.9804999828338623
6062.72021484375,0.980400025844574
6063.0,0.980400025844574
6063.27978515625,0.9803000092506409
6063.56005859375,0.9801999926567078
6063.83984375,0.9800999760627747
6064.1201171875,0.9800000190734863
6064.39013671875,0.9800000190734863
6064.669921875,0.9799000024795532
6064.9501953125,0.9797999858856201
6065.22998046875,0.9797000288963318
6065.5,0.9797000288963318
6065.77978515625,0.9796000123023987
6066.06005859375,0.9794999957084656
6066.33984375,0.9793999791145325
6066.60986328125,0.9793000221252441
6066.89013671875,0.9793000221252441
6067.169921875,0.979200005531311
6067.4501953125,0.9790999889373779
6067.72998046875,0.9789999723434448
6068.009765625,0.9789999723434448
6068.2900390625,0.9789000153541565
6068.56005859375,0.9787999987602234
6068.83984375,0.9786999821662903
6069.1201171875,0.978600025177002
6069.39990234375,0.978600025177002
6069.68017578125,0.9785000085830688
6069.9599609375,0.9783999919891357
6070.22998046875,0.9782999753952026
6070.52001953125,0.9782999753952026
6070.7900390625,0.9782000184059143
6071.06982421875,0.9781000018119812
6071.35009765625,0.9779999852180481
6071.6201171875,0.9779000282287598
6071.89990234375,0.9779000282287598
6072.18994140625,0.9778000116348267
6072.4599609375,0.9776999950408936
6072.740234375,0.9775999784469604
6073.02001953125,0.9775999784469604
6073.2998046875,0.9775000214576721
6073.580078125,0.977400004863739
6073.85009765625,0.9772999882698059
6074.14013671875,0.9771999716758728
6074.419921875,0.9771999716758728
6074.68994140625,0.9771000146865845
6074.97021484375,0.9769999980926514
6075.25,0.9768999814987183
6075.52978515625,0.9768999814987183
6075.81005859375,0.9768000245094299
6076.080078125,0.9767000079154968
6076.35986328125,0.9765999913215637
6076.64013671875,0.9764999747276306
6076.919921875,0.9764999747276306
6077.2001953125,0.9764000177383423
6077.47998046875,0.9763000011444092
6077.75,0.9761999845504761
6078.02978515625,0.9761999845504761
6078.31005859375,0.9761000275611877
6078.58984375,0.9760000109672546
6078.8701171875,0.9758999943733215
6079.14990234375,0.9757999777793884
6079.43017578125,0.9757999777793884
6079.7099609375,0.9757000207901001
6079.990234375,0.975600004196167
6080.259765625,0.9754999876022339
6080.5400390625,0.9753999710083008
6080.81982421875,0.9753999710083008
6081.10009765625,0.9753000140190125
6081.3798828125,0.9751999974250793
6081.66015625,0.9750999808311462
6081.93994140625,0.9750999808311462
6082.22021484375,0.9750000238418579
6082.5,0.9749000072479248
6082.77001953125,0.9747999906539917
6083.06005859375,0.9746999740600586
6083.330078125,0.9746999740600586
6083.60986328125,0.9746000170707703
6083.89013671875,0.9745000004768372
6084.169921875,0.974399983882904
6084.4501953125,0.974399983882904
6084.72998046875,0.9743000268936157
6085.009765625,0.9742000102996826
6085.2900390625,0.9740999937057495
6085.56982421875,0.9739999771118164
6085.83984375,0.9739999771118164
6086.1201171875,0.9739000201225281
6086.39990234375,0.973800003528595
6086.68017578125,0.9736999869346619
6086.9599609375,0.9736999869346619
6087.240234375,0.9735999703407288
6087.52001953125,0.9735000133514404
6087.7998046875,0.9733999967575073
6088.080078125,0.9732999801635742
6088.35986328125,0.9732999801635742
6088.64013671875,0.9732000231742859
6088.919921875,0.9731000065803528
6089.2001953125,0.9729999899864197
6089.47998046875,0.9728999733924866
6089.75,0.9728999733924866
6090.0400390625,0.9728000164031982
6090.31005859375,0.9726999998092651
6090.58984375,0.972599983215332
6090.8701171875,0.972599983215332
6091.14990234375,0.9725000262260437
6091.43017578125,0.9724000096321106
6091.7099609375,0.9722999930381775
6091.990234375,0.9721999764442444
6092.27001953125,0.9721999764442444
6092.5498046875,0.972100019454956
6092.830078125,0.972000002861023
6093.10009765625,0.9718999862670898
6093.39013671875,0.9718999862670898
6093.66015625,0.9718000292778015
6093.93994140625,0.9717000126838684
6094.22998046875,0.9715999960899353
6094.5,0.9714999794960022
6094.77978515625,0.9714999794960022
6095.06005859375,0.9714000225067139
6095.33984375,0.9713000059127808
6095.6201171875,0.9711999893188477
6095.89990234375,0.9710999727249146
6096.18017578125,0.9710999727249146
6096.4599609375,0.9710000157356262
6096.740234375,0.9708999991416931
6097.02001953125,0.97079998254776
6097.2998046875,0.97079998254776
6097.580078125,0.9707000255584717
6097.85986328125,0.9706000089645386
6098.14013671875,0.9704999923706055
6098.419921875,0.9703999757766724
6098.7001953125,0.9703999757766724
6098.97998046875,0.970300018787384
6099.259765625,0.9702000021934509
6099.5400390625,0.9700999855995178
6099.81982421875,0.9700999855995178
6100.10009765625,0.9700000286102295
6100.3798828125,0.9699000120162964
6100.66015625,0.9697999954223633
6100.93017578125,0.9697999954223633
6101.22021484375,0.9696999788284302
6101.490234375,0.9696000218391418
6101.77001953125,0.9695000052452087
6102.0498046875,0.9695000052452087
6102.330078125,0.9693999886512756
6102.6201171875,0.9692999720573425
6102.89013671875,0.9692000150680542
6103.18017578125,0.9692000150680542
6103.4501953125,0.9690999984741211
6103.72998046875,0.968999981880188
6104.009765625,0.968999981880188
6104.2900390625,0.9689000248908997
6104.580078125,0.9688000082969666
6104.85009765625,0.9686999917030334
6105.14013671875,0.9686999917030334
6105.41015625,0.9685999751091003
6105.7001953125,0.968500018119812
6105.97021484375,0.9684000015258789
6106.25,0.9684000015258789
6106.52978515625,0.9682999849319458
6106.81005859375,0.9682000279426575
6107.08984375,0.9682000279426575
6107.3798828125,0.9681000113487244
6107.66015625,0.9679999947547913
6107.93994140625,0.9678999781608582
6108.2099609375,0.9678999781608582
6108.490234375,0.9678000211715698
6108.77001953125,0.9677000045776367
6109.0498046875,0.9675999879837036
6109.33984375,0.9675999879837036
6109.6201171875,0.9674999713897705
6109.89990234375,0.9674000144004822
6110.18017578125,0.9674000144004822
6110.4599609375,0.9672999978065491
6110.740234375,0.967199981212616
6111.02001953125,0.9671000242233276
6111.2998046875,0.9671000242233276
6111.580078125,0.9670000076293945
6111.85986328125,0.9668999910354614
6112.14013671875,0.9667999744415283
6112.419921875,0.9667999744415283
6112.7001953125,0.96670001745224
6112.97998046875,0.9666000008583069
6113.259765625,0.9666000008583069
6113.5400390625,0.9664999842643738
6113.81982421875,0.9664000272750854
6114.10009765625,0.9663000106811523
6114.3798828125,0.9663000106811523
6114.66015625,0.9661999940872192
6114.93994140625,0.9660999774932861
6115.22021484375,0.9660000205039978
6115.5,0.9660000205039978
6115.77978515625,0.9659000039100647
6116.06005859375,0.9657999873161316
6116.33984375,0.9657999873161316
6116.6201171875,0.9656999707221985
6116.89990234375,0.9656000137329102
6117.18017578125,0.965499997138977
6117.47021484375,0.965499997138977
6117.75,0.965399980545044
6118.02978515625,0.9653000235557556
6118.31005859375,0.9652000069618225
6118.58984375,0.9652000069618225
6118.8701171875,0.9650999903678894
6119.14990234375,0.9649999737739563
6119.43017578125,0.964900016784668
6119.7099609375,0.964900016784668
6119.990234375,0.9648000001907349
6120.27001953125,0.9646999835968018
6120.56005859375,0.9646999835968018
6120.830078125,0.9646000266075134
6121.10986328125,0.9645000100135803
6121.39990234375,0.9643999934196472
6121.669921875,0.9643999934196472
6121.9501953125,0.9642999768257141
6122.240234375,0.9642000198364258
6122.509765625,0.9641000032424927
6122.7998046875,0.9641000032424927
6123.080078125,0.9639999866485596
6123.35986328125,0.9639000296592712
6123.64013671875,0.9639000296592712
6123.919921875,0.9638000130653381
6124.2001953125,0.963699996471405
6124.47998046875,0.9635999798774719
6124.77001953125,0.9635999798774719
6125.0498046875,0.9635000228881836
6125.330078125,0.9634000062942505
6125.60986328125,0.9632999897003174
6125.89013671875,0.9632999897003174
6126.169921875,0.9631999731063843
6126.4501953125,0.963100016117096
6126.72998046875,0.9629999995231628
6127.009765625,0.9629999995231628
6127.2900390625,0.9628999829292297
6127.56982421875,0.9628000259399414
6127.85009765625,0.9628000259399414
6128.14013671875,0.9627000093460083
6128.419921875,0.9625999927520752
6128.7001953125,0.9624999761581421
6128.97998046875,0.9624999761581421
6129.259765625,0.9624000191688538
6129.5400390625,0.9623000025749207
6129.830078125,0.9621999859809875
6130.10986328125,0.9621999859809875
6130.3798828125,0.9621000289916992
6130.669921875,0.9620000123977661
6130.9501953125,0.9620000123977661
6131.22998046875,0.961899995803833
6131.509765625,0.9617999792098999
6131.7900390625,0.9617000222206116
6132.06982421875,0.9617000222206116
6132.35009765625,0.9616000056266785
6132.6298828125,0.9614999890327454
6132.919921875,0.9613999724388123
6133.2001953125,0.9613999724388123
6133.47998046875,0.9613000154495239
6133.759765625,0.9611999988555908
6134.0400390625,0.9610999822616577
6134.31982421875,0.9610999822616577
6134.60009765625,0.9610000252723694
6134.89013671875,0.9609000086784363
6135.169921875,0.9609000086784363
6135.4501953125,0.9607999920845032
6135.72998046875,0.9606999754905701
6136.009765625,0.9606000185012817
6136.2900390625,0.9606000185012817
6136.56982421875,0.9605000019073486
6136.85009765625,0.9603999853134155
6137.14013671875,0.9603000283241272
6137.419921875,0.9603000283241272
6137.7001953125,0.9602000117301941
6137.97998046875,0.960099995136261
6138.27001953125,0.960099995136261
6138.5400390625,0.9599999785423279
6138.830078125,0.9599000215530396
6139.10986328125,0.9598000049591064
6139.39013671875,0.9598000049591064
6139.669921875,0.9596999883651733
6139.9501953125,0.9595999717712402
6140.240234375,0.9595000147819519
6140.52001953125,0.9595000147819519
6140.7998046875,0.9593999981880188
6141.080078125,0.9592999815940857
6141.35986328125,0.9592000246047974
6141.64013671875,0.9592000246047974
6141.919921875,0.9591000080108643
6142.2099609375,0.9589999914169312
6142.490234375,0.9589999914169312
6142.77001953125,0.958899974822998
6143.0498046875,0.9588000178337097
6143.330078125,0.9587000012397766
6143.60986328125,0.9587000012397766
6143.89990234375,0.9585999846458435
6144.18017578125,0.9585000276565552
6144.4599609375,0.9584000110626221
6144.740234375,0.9584000110626221
6145.02978515625,0.958299994468689
6145.31005859375,0.9581999778747559
6145.58984375,0.9581000208854675
6145.8701171875,0.9581000208854675
6146.14990234375,0.9580000042915344
6146.43017578125,0.9578999876976013
6146.72021484375,0.9578999876976013
6147.0,0.9577999711036682
6147.27978515625,0.9577000141143799
6147.56005859375,0.9575999975204468
6147.83984375,0.9575999975204468
6148.1298828125,0.9574999809265137
6148.41015625,0.9574000239372253
6148.68994140625,0.9573000073432922
6148.97021484375,0.9573000073432922
6149.25,0.9571999907493591
6149.52978515625,0.957099974155426
6149.81005859375,0.9570000171661377
6150.10009765625,0.9570000171661377
6150.3798828125,0.9569000005722046
6150.66015625,0.9567999839782715
6150.9501953125,0.9567999839782715
6151.22998046875,0.9567000269889832
6151.509765625,0.95660001039505
6151.7900390625,0.95660001039505
6152.06982421875,0.9564999938011169
6152.35009765625,0.9563999772071838
6152.6298828125,0.9563999772071838
6152.919921875,0.9563000202178955
6153.2001953125,0.9562000036239624
6153.47998046875,0.9562000036239624
6153.77001953125,0.9560999870300293
6154.0498046875,0.9559999704360962
6154.330078125,0.9559999704360962
6154.60986328125,0.9559000134468079
6154.89013671875,0.9557999968528748
6155.18017578125,0.9557999968528748
6155.4599609375,0.9556999802589417
6155.740234375,0.9556000232696533
6156.02978515625,0.9556000232696533
6156.31005859375,0.9555000066757202
6156.58984375,0.9553999900817871
6156.8701171875,0.9553999900817871
6157.14990234375,0.955299973487854
6157.43994140625,0.9552000164985657
6157.72021484375,0.9550999999046326
6158.0,0.9550999999046326
6158.27978515625,0.9549999833106995
6158.56005859375,0.9549000263214111
6158.85009765625,0.9549000263214111
6159.1298828125,0.954800009727478
6159.41015625,0.9546999931335449
6159.68994140625,0.9546999931335449
6159.97998046875,0.9545999765396118
6160.259765625,0.9545000195503235
6160.5498046875,0.9545000195503235
6160.830078125,0.9544000029563904
6161.10986328125,0.9542999863624573
6161.39013671875,0.9542999863624573
6161.669921875,0.954200029373169
6161.9599609375,0.9541000127792358
6162.240234375,0.9541000127792358
6162.52001953125,0.9539999961853027
6162.7998046875,0.9538999795913696
6163.080078125,0.9538999795913696
6163.3701171875,0.9538000226020813
6163.64990234375,0.9537000060081482
6163.93994140625,0.9537000060081482
6164.22021484375,0.9535999894142151
6164.5,0.953499972820282
6164.77978515625,0.953499972820282
6165.06005859375,0.9534000158309937
6165.35009765625,0.9532999992370605
6165.6298828125,0.9531999826431274
6165.91015625,0.9531999826431274
6166.2001953125,0.9531000256538391
6166.47998046875,0.953000009059906
6166.759765625,0.953000009059906
6167.0498046875,0.9528999924659729
6167.330078125,0.9527999758720398
6167.60986328125,0.9527999758720398
6167.89013671875,0.9527000188827515
6168.169921875,0.9526000022888184
6168.4599609375,0.9526000022888184
6168.740234375,0.9524999856948853
6169.02001953125,0.9524000287055969
6169.31005859375,0.9524000287055969
6169.58984375,0.9523000121116638
6169.8701171875,0.9521999955177307
6170.16015625,0.9521999955177307
6170.43994140625,0.9520999789237976
6170.72021484375,0.9520000219345093
6171.009765625,0.9520000219345093
6171.2900390625,0.9519000053405762
6171.56982421875,0.9517999887466431
6171.85986328125,0.9517999887466431
6172.14013671875,0.95169997215271
6172.419921875,0.9516000151634216
6172.7001953125,0.9516000151634216
6172.97998046875,0.9514999985694885
6173.27001953125,0.9513999819755554
6173.5498046875,0.9513000249862671
6173.830078125,0.9513000249862671
6174.1201171875,0.951200008392334
6174.39990234375,0.9510999917984009
6174.68994140625,0.9510999917984009
6174.97021484375,0.9509999752044678
6175.25,0.9509000182151794
6175.5400390625,0.9509000182151794
6175.81982421875,0.9508000016212463
6176.10009765625,0.9506999850273132
6176.39013671875,0.9506999850273132
6176.669921875,0.9506000280380249
6176.9501953125,0.9505000114440918
6177.240234375,0.9505000114440918
6177.52001953125,0.9503999948501587
6177.7998046875,0.9502999782562256
6178.080078125,0.9502999782562256
6178.3701171875,0.9502000212669373
6178.64990234375,0.9501000046730042
6178.93017578125,0.9501000046730042
6179.22021484375,0.949999988079071
6179.5,0.9498999714851379
6179.7900390625,0.9498999714851379
6180.06982421875,0.9498000144958496
6180.35009765625,0.9496999979019165
6180.64013671875,0.9495999813079834
6180.919921875,0.9495999813079834
6181.2001953125,0.9495000243186951
6181.490234375,0.949400007724762
6181.77001953125,0.949400007724762
6182.0498046875,0.9492999911308289
6182.33984375,0.9491999745368958
6182.6201171875,0.9491999745368958
6182.89990234375,0.9491000175476074
6183.18994140625,0.9490000009536743
6183.47021484375,0.9490000009536743
6183.75,0.9488999843597412
6184.02978515625,0.9488000273704529
6184.31982421875,0.9488000273704529
6184.60009765625,0.9487000107765198
6184.89013671875,0.9485999941825867
6185.169921875,0.9485999941825867
6185.4599609375,0.9484999775886536
6185.740234375,0.9484000205993652
6186.02001953125,0.9484000205993652
6186.31005859375,0.9483000040054321
6186.58984375,0.948199987411499
6186.8701171875,0.948199987411499
6187.16015625,0.9480999708175659
6187.43994140625,0.9480000138282776
6187.72998046875,0.9478999972343445
6188.009765625,0.9478999972343445
6188.2900390625,0.9477999806404114
6188.580078125,0.947700023651123
6188.85986328125,0.947700023651123
6189.14013671875,0.9476000070571899
6189.43017578125,0.9474999904632568
6189.7099609375,0.9474999904632568
6190.0,0.9473999738693237
6190.27978515625,0.9473000168800354
6190.56982421875,0.9473000168800354
6190.85009765625,0.9472000002861023
6191.1298828125,0.9470999836921692
6191.419921875,0.9470999836921692
6191.7001953125,0.9470000267028809
6191.97998046875,0.9469000101089478
6192.27001953125,0.9469000101089478
6192.5498046875,0.9467999935150146
6192.830078125,0.9466999769210815
6193.1201171875,0.9466999769210815
6193.39990234375,0.9466000199317932
6193.68994140625,0.9465000033378601
6193.97021484375,0.946399986743927
6194.25,0.946399986743927
6194.5400390625,0.9463000297546387
6194.81982421875,0.9462000131607056
6195.10986328125,0.9462000131607056
6195.39013671875,0.9460999965667725
6195.68017578125,0.9459999799728394
6195.9599609375,0.9459999799728394
6196.25,0.945900022983551
6196.52978515625,0.9458000063896179
6196.81982421875,0.9458000063896179
6197.10009765625,0.9456999897956848
6197.3798828125,0.9455999732017517
6197.669921875,0.9455999732017517
6197.9501953125,0.9455000162124634
6198.22998046875,0.9453999996185303
6198.52001953125,0.9453999996185303
6198.7998046875,0.9452999830245972
6199.08984375,0.9452000260353088
6199.3701171875,0.9452000260353088
6199.66015625,0.9451000094413757
6199.93994140625,0.9449999928474426
6200.22998046875,0.9448999762535095
6200.509765625,0.9448000192642212
6200.7900390625,0.9447000026702881
6201.080078125,0.944599986076355
6201.35986328125,0.9445000290870667
6201.64990234375,0.9444000124931335
6201.93994140625,0.9442999958992004
6202.2099609375,0.9441999793052673
6202.5,0.944100022315979
6202.7900390625,0.9440000057220459
6203.06982421875,0.9438999891281128
6203.35009765625,0.9437999725341797
6203.64013671875,0.9437000155448914
6203.919921875,0.9435999989509583
6204.2099609375,0.9434999823570251
6204.490234375,0.9434000253677368
6204.77001953125,0.9433000087738037
6205.06005859375,0.9431999921798706
6205.35009765625,0.9430999755859375
6205.6298828125,0.9430000185966492
6205.91015625,0.9429000020027161
6206.2001953125,0.942799985408783
6206.490234375,0.9427000284194946
6206.77001953125,0.9426000118255615
6207.0498046875,0.9424999952316284
6207.33984375,0.9423999786376953
6207.6201171875,0.942300021648407
6207.91015625,0.9422000050544739
6208.18994140625,0.9420999884605408
6208.47998046875,0.9419000148773193
6208.759765625,0.9417999982833862
6209.0400390625,0.9416999816894531
6209.330078125,0.9416000247001648
6209.60986328125,0.9415000081062317
6209.89990234375,0.9413999915122986
6210.18994140625,0.9412999749183655
6210.47021484375,0.9412000179290771
6210.759765625,0.941100001335144
6211.0400390625,0.9409999847412109
6211.330078125,0.9409000277519226
6211.60986328125,0.9408000111579895
6211.89990234375,0.9406999945640564
6212.18017578125,0.9405999779701233
6212.4599609375,0.940500020980835
6212.75,0.9404000043869019
6213.02978515625,0.9402999877929688
6213.31982421875,0.9401999711990356
6213.60009765625,0.9401000142097473
6213.89013671875,0.9399999976158142
6214.169921875,0.9398999810218811
6214.4599609375,0.9398000240325928
6214.740234375,0.9397000074386597
6215.02978515625,0.9395999908447266
6215.31005859375,0.9394999742507935
6215.60009765625,0.9394000172615051
6215.8798828125,0.939300000667572
6216.169921875,0.9391999840736389
6216.4599609375,0.9391000270843506
6216.740234375,0.9390000104904175
6217.02978515625,0.9388999938964844
6217.31005859375,0.9387999773025513
6217.60009765625,0.9387000203132629
6217.8798828125,0.9386000037193298
6218.169921875,0.9384999871253967
6218.4501953125,0.9383999705314636
6218.740234375,0.9383000135421753
6219.02001953125,0.9381999969482422
6219.31005859375,0.9380000233650208
6219.58984375,0.9379000067710876
6219.8798828125,0.9377999901771545
6220.16015625,0.9376999735832214
6220.4501953125,0.9376000165939331
6220.72998046875,0.9375
6221.02001953125,0.9373999834060669
6221.2998046875,0.9373000264167786
6221.58984375,0.9372000098228455
6221.8701171875,0.9370999932289124
6222.16015625,0.9369999766349792
6222.43994140625,0.9369000196456909
6222.72998046875,0.9368000030517578
6223.02001953125,0.9366999864578247
6223.2998046875,0.9366000294685364
6223.58984375,0.9365000128746033
6223.8701171875,0.9363999962806702
6224.16015625,0.9362999796867371
6224.43994140625,0.9362000226974487
6224.72998046875,0.9361000061035156
6225.009765625,0.9359999895095825
6225.2998046875,0.9358999729156494
6225.580078125,0.9358000159263611
6225.8701171875,0.935699999332428
6226.16015625,0.9355999827384949
6226.43994140625,0.9355000257492065
6226.72998046875,0.9354000091552734
6227.009765625,0.9352999925613403
6227.2998046875,0.9351999759674072
6227.580078125,0.9351000189781189
6227.8701171875,0.9350000023841858
6228.16015625,0.9348999857902527
6228.43994140625,0.9348000288009644
6228.72998046875,0.9347000122070312
6229.009765625,0.9345999956130981
6229.2998046875,0.934499979019165
6229.580078125,0.9344000220298767
6229.8701171875,0.9341999888420105
6230.14990234375,0.9340999722480774
6230.43994140625,0.9340000152587891
6230.72998046875,0.933899998664856
6231.009765625,0.9337999820709229
6231.2998046875,0.9337000250816345
6231.580078125,0.9336000084877014
6231.8701171875,0.9334999918937683
6232.16015625,0.9333999752998352
6232.43994140625,0.9333000183105469
6232.72998046875,0.9332000017166138
6233.009765625,0.9330999851226807
6233.2998046875,0.9330000281333923
6233.580078125,0.9329000115394592
6233.8701171875,0.9327999949455261
6234.16015625,0.932699978351593
6234.43994140625,0.9326000213623047
6234.72998046875,0.9325000047683716
6235.009765625,0.9323999881744385
6235.2998046875,0.9322999715805054
6235.580078125,0.932200014591217
6235.8701171875,0.9320999979972839
6236.16015625,0.9319999814033508
6236.43994140625,0.9319000244140625
6236.72998046875,0.9318000078201294
6237.02001953125,0.9316999912261963
6237.2998046875,0.9315999746322632
6237.58984375,0.9315000176429749
6237.8701171875,0.9314000010490417
6238.16015625,0.9312999844551086
6238.4501953125,0.9312000274658203
6238.72998046875,0.9311000108718872
6239.02001953125,0.9309999942779541
6239.31005859375,0.9308000206947327
6239.58984375,0.9307000041007996
6239.8701171875,0.9305999875068665
6240.16015625,0.9304999709129333
6240.4501953125,0.930400013923645
6240.72998046875,0.9302999973297119
6241.02001953125,0.9301999807357788
6241.31005859375,0.9301000237464905
6241.58984375,0.9300000071525574
6241.8798828125,0.9298999905586243
6242.169921875,0.9297999739646912
6242.4501953125,0.9297000169754028
6242.740234375,0.9296000003814697
6243.02978515625,0.9294999837875366
6243.31005859375,0.9294000267982483
6243.60009765625,0.9293000102043152
6243.8798828125,0.9291999936103821
6244.169921875,0.929099977016449
6244.4599609375,0.9290000200271606
6244.740234375,0.9289000034332275
6245.02978515625,0.9287999868392944
6245.31982421875,0.9286999702453613
6245.60009765625,0.928600013256073
6245.89013671875,0.9284999966621399
6246.18017578125,0.9283999800682068
6246.4599609375,0.9283000230789185
6246.75,0.9282000064849854
6247.02978515625,0.9280999898910522
6247.31982421875,0.9279999732971191
6247.60986328125,0.9279000163078308
6247.89990234375,0.9277999997138977
6248.18017578125,0.9276999831199646
6248.47021484375,0.9276000261306763
6248.75,0.9273999929428101
6249.0400390625,0.927299976348877
6249.330078125,0.9272000193595886
6249.60986328125,0.9271000027656555
6249.89990234375,0.9269999861717224
6250.18994140625,0.9269000291824341
6250.47021484375,0.926800012588501
6250.759765625,0.926800012588501
6251.0400390625,0.9266999959945679
6251.33984375,0.9265999794006348
6251.6201171875,0.9265000224113464
6251.91015625,0.9264000058174133
6252.18994140625,0.9262999892234802
6252.47998046875,0.9261999726295471
6252.77001953125,0.9261000156402588
6253.06005859375,0.9259999990463257
6253.33984375,0.9258999824523926
6253.6298828125,0.9258000254631042
6253.91015625,0.9257000088691711
6254.2001953125,0.9257000088691711
6254.490234375,0.925599992275238
6254.77978515625,0.9254999756813049
6255.06005859375,0.9254000186920166
6255.35009765625,0.9253000020980835
6255.6298828125,0.9251999855041504
6255.919921875,0.9251000285148621
6256.2099609375,0.925000011920929
6256.5,0.9248999953269958
6256.77978515625,0.9247999787330627
6257.06982421875,0.9247000217437744
6257.35986328125,0.9246000051498413
6257.64990234375,0.9246000051498413
6257.93994140625,0.9244999885559082
6258.22021484375,0.9243999719619751
6258.509765625,0.9243000149726868
6258.7900390625,0.9241999983787537
6259.080078125,0.9240999817848206
6259.3701171875,0.9240000247955322
6259.64990234375,0.9239000082015991
6259.93994140625,0.923799991607666
6260.22998046875,0.9236999750137329
6260.509765625,0.9236000180244446
6260.7998046875,0.9235000014305115
6261.08984375,0.9235000014305115
6261.3798828125,0.9233999848365784
6261.66015625,0.92330002784729
6261.9501953125,0.9232000112533569
6262.240234375,0.9230999946594238
6262.52978515625,0.9229999780654907
6262.81982421875,0.9229000210762024
6263.10009765625,0.9228000044822693
6263.39013671875,0.9226999878883362
6263.68017578125,0.9225999712944031
6263.9599609375,0.9225000143051147
6264.25,0.9223999977111816
6264.5400390625,0.9222999811172485
6264.81982421875,0.9222999811172485
6265.10986328125,0.9222000241279602
6265.39990234375,0.9221000075340271
6265.68017578125,0.921999990940094
6265.97021484375,0.9218999743461609
6266.259765625,0.9218000173568726
6266.5400390625,0.9217000007629395
6266.83984375,0.9215999841690063
6267.1201171875,0.921500027179718
6267.41015625,0.9214000105857849
6267.7001953125,0.9212999939918518
6267.990234375,0.9211999773979187
6268.27001953125,0.9211999773979187
6268.56005859375,0.9211000204086304
6268.85009765625,0.9210000038146973
6269.14013671875,0.9208999872207642
6269.419921875,0.920799970626831
6269.7099609375,0.9207000136375427
6270.0,0.9205999970436096
6270.27978515625,0.9204999804496765
6270.56982421875,0.9204000234603882
6270.85986328125,0.9203000068664551
6271.14990234375,0.920199990272522
6271.43017578125,0.9200999736785889
6271.72021484375,0.9200000166893005
6272.009765625,0.9200000166893005
6272.2998046875,0.9199000000953674
6272.58984375,0.9197999835014343
6272.8701171875,0.919700026512146
6273.16015625,0.9196000099182129
6273.4501953125,0.9194999933242798
6273.740234375,0.9193999767303467
6274.02978515625,0.9193000197410583
6274.31005859375,0.9192000031471252
6274.60009765625,0.9190999865531921
6274.89013671875,0.9190000295639038
6275.169921875,0.9189000129699707
6275.4599609375,0.9189000129699707
6275.75,0.9187999963760376
6276.0400390625,0.9186999797821045
6276.31982421875,0.9186000227928162
6276.60986328125,0.9185000061988831
6276.89990234375,0.91839998960495
6277.18994140625,0.9182999730110168
6277.47998046875,0.9182000160217285
6277.77001953125,0.9180999994277954
6278.0498046875,0.9179999828338623
6278.33984375,0.917900025844574
6278.6298828125,0.9178000092506409
6278.919921875,0.9176999926567078
6279.2099609375,0.9176999926567078
6279.5,0.9175999760627747
6279.77978515625,0.9175000190734863
6280.06982421875,0.9174000024795532
6280.35986328125,0.9172999858856201
6280.64990234375,0.9172000288963318
6280.93017578125,0.9171000123023987
6281.22021484375,0.9169999957084656
6281.509765625,0.9168999791145325
6281.7998046875,0.9168000221252441
6282.080078125,0.916700005531311
6282.3701171875,0.9165999889373779
6282.66015625,0.9164999723434448
6282.9501953125,0.9164999723434448
6283.240234375,0.9164000153541565
6283.52978515625,0.9162999987602234
6283.81982421875,0.9161999821662903
6284.10009765625,0.916100025177002
6284.39013671875,0.9160000085830688
6284.68017578125,0.9158999919891357
6284.97021484375,0.9157999753952026
6285.259765625,0.9157000184059143
6285.5400390625,0.9156000018119812
6285.830078125,0.9154999852180481
6286.1201171875,0.9154000282287598
6286.41015625,0.9154000282287598
6286.7001953125,0.9153000116348267
6286.97998046875,0.9151999950408936
6287.27001953125,0.9150999784469604
6287.56005859375,0.9150000214576721
6287.85009765625,0.914900004863739
6288.14013671875,0.9147999882698059
6288.43017578125,0.9146999716758728
6288.72021484375,0.9146000146865845
6289.009765625,0.9144999980926514
6289.2900390625,0.9143999814987183
6289.580078125,0.9143000245094299
6289.8701171875,0.9142000079154968
6290.16015625,0.9140999913215637
6290.4501953125,0.9140999913215637
6290.72998046875,0.9139999747276306
6291.02001953125,0.9139000177383423
6291.31005859375,0.9138000011444092
6291.60009765625,0.9136999845504761
6291.89013671875,0.9136000275611877
6292.18017578125,0.9135000109672546
6292.4599609375,0.9133999943733215
6292.75,0.9132999777793884
6293.0400390625,0.9132000207901001
6293.330078125,0.913100004196167
6293.6201171875,0.9129999876022339
6293.91015625,0.9128999710083008
6294.2001953125,0.9128999710083008
6294.490234375,0.9128000140190125
6294.77978515625,0.9126999974250793
6295.06982421875,0.9125999808311462
6295.35009765625,0.9125000238418579
6295.64013671875,0.9124000072479248
6295.93017578125,0.9122999906539917
6296.22021484375,0.9121999740600586
6296.509765625,0.9121000170707703
6296.7998046875,0.9120000004768372
6297.080078125,0.911899983882904
6297.3701171875,0.9118000268936157
6297.66015625,0.9117000102996826
6297.9501953125,0.9117000102996826
6298.240234375,0.9115999937057495
6298.52978515625,0.9114999771118164
6298.81982421875,0.9114000201225281
6299.10986328125,0.911300003528595
6299.39990234375,0.9111999869346619
6299.68994140625,0.9110999703407288
6299.97998046875,0.9110000133514404
6300.27001953125,0.9108999967575073
6300.5498046875,0.9107999801635742
6300.83984375,0.9106000065803528
6301.1298828125,0.9104999899864197
6301.419921875,0.9103999733924866
6301.7099609375,0.9103000164031982
6302.0,0.9101999998092651
6302.2900390625,0.9100000262260437
6302.56982421875,0.9099000096321106
6302.85986328125,0.9097999930381775
6303.14990234375,0.9096999764442444
6303.43994140625,0.909600019454956
6303.72998046875,0.9093999862670898
6304.02001953125,0.9093000292778015
6304.31005859375,0.9092000126838684
6304.60009765625,0.9090999960899353
6304.89013671875,0.9089000225067139
6305.18017578125,0.9088000059127808
6305.47021484375,0.9086999893188477
6305.759765625,0.9085999727249146
6306.0400390625,0.9085000157356262
6306.330078125,0.90829998254776
6306.6298828125,0.9082000255584717
6306.91015625,0.9081000089645386
6307.2001953125,0.9079999923706055
6307.490234375,0.9078999757766724
6307.77978515625,0.9077000021934509
6308.06982421875,0.9075999855995178
6308.35986328125,0.9075000286102295
6308.64990234375,0.9074000120162964
6308.93994140625,0.9071999788284302
6309.22998046875,0.9071000218391418
6309.52001953125,0.9070000052452087
6309.7998046875,0.9068999886512756
6310.10009765625,0.9067999720573425
6310.39013671875,0.9065999984741211
6310.669921875,0.906499981880188
6310.97021484375,0.9064000248908997
6311.25,0.9063000082969666
6311.5400390625,0.9061999917030334
6311.830078125,0.906000018119812
6312.1201171875,0.9059000015258789
6312.41015625,0.9057999849319458
6312.7001953125,0.9057000279426575
6312.990234375,0.9054999947547913
6313.27978515625,0.9053999781608582
6313.56982421875,0.9053000211715698
6313.85986328125,0.9052000045776367
6314.14990234375,0.9050999879837036
6314.43994140625,0.9049000144004822
6314.72998046875,0.9047999978065491
6315.02001953125,0.904699981212616
6315.31005859375,0.9046000242233276
6315.60009765625,0.9043999910354614
6315.89013671875,0.9042999744415283
6316.18017578125,0.90420001745224
6316.4599609375,0.9041000008583069
6316.75,0.9039999842643738
6317.0498046875,0.9038000106811523
6317.330078125,0.9036999940872192
6317.6201171875,0.9035999774932861
6317.91015625,0.9035000205039978
6318.2001953125,0.9034000039100647
6318.490234375,0.9031999707221985
6318.77978515625,0.9031000137329102
6319.06982421875,0.902999997138977
6319.35986328125,0.902899980545044
6319.64990234375,0.9027000069618225
6319.93994140625,0.9025999903678894
6320.22998046875,0.9024999737739563
6320.52001953125,0.902400016784668
6320.81005859375,0.9023000001907349
6321.10009765625,0.9021000266075134
6321.39013671875,0.9020000100135803
6321.68017578125,0.9018999934196472
6321.97021484375,0.9017999768257141
6322.259765625,0.9016000032424927
6322.5498046875,0.9014999866485596
6322.83984375,0.9014000296592712
6323.1298828125,0.9013000130653381
6323.419921875,0.901199996471405
6323.7099609375,0.9010000228881836
6324.0,0.9009000062942505
6324.2900390625,0.9007999897003174
6324.580078125,0.9006999731063843
6324.8701171875,0.900600016117096
6325.16015625,0.9003999829292297
6325.4501953125,0.9003000259399414
6325.75,0.9002000093460083
6326.02978515625,0.9000999927520752
6326.31982421875,0.8999000191688538
6326.60986328125,0.8998000025749207
6326.89990234375,0.8996999859809875
6327.18994140625,0.8996000289916992
6327.47998046875,0.8995000123977661
6327.77001953125,0.8992999792098999
6328.06005859375,0.8992000222206116
6328.35009765625,0.8991000056266785
6328.64013671875,0.8989999890327454
6328.93017578125,0.8988000154495239
6329.22021484375,0.8986999988555908
6329.509765625,0.8985999822616577
6329.7998046875,0.8985000252723694
6330.08984375,0.8984000086784363
6330.39013671875,0.8981999754905701
6330.669921875,0.8981000185012817
6330.97021484375,0.8980000019073486
6331.259765625,0.8978999853134155
6331.5498046875,0.8978000283241272
6331.83984375,0.897599995136261
6332.1298828125,0.8974999785423279
6332.419921875,0.8974000215530396
6332.7099609375,0.8973000049591064
6333.0,0.8970999717712402
6333.2900390625,0.8970000147819519
6333.580078125,0.8968999981880188
6333.8701171875,0.8967999815940857
6334.16015625,0.8967000246047974
6334.4501953125,0.8964999914169312
6334.740234375,0.896399974822998
6335.02978515625,0.8963000178337097
6335.31982421875,0.8962000012397766
6335.6201171875,0.8960000276565552
6335.89990234375,0.8959000110626221
6336.2001953125,0.895799994468689
6336.47998046875,0.8956999778747559
6336.77978515625,0.8956000208854675
6337.06982421875,0.8953999876976013
6337.35986328125,0.8952999711036682
6337.64990234375,0.8952000141143799
6337.93994140625,0.8950999975204468
6338.22998046875,0.8949000239372253
6338.52001953125,0.8948000073432922
6338.81005859375,0.8946999907493591
6339.10009765625,0.894599974155426
6339.39013671875,0.8945000171661377
6339.68017578125,0.8942999839782715
6339.97998046875,0.8942000269889832
6340.259765625,0.89410001039505
6340.56005859375,0.8939999938011169
6340.85009765625,0.8938000202178955
6341.14013671875,0.8937000036239624
6341.43017578125,0.8935999870300293
6341.72021484375,0.8934999704360962
6342.009765625,0.8934000134468079
6342.2998046875,0.8931999802589417
6342.58984375,0.8931000232696533
6342.8798828125,0.8930000066757202
6343.169921875,0.8928999900817871
6343.4599609375,0.8927000164985657
6343.759765625,0.8925999999046326
6344.0400390625,0.8924999833106995
6344.330078125,0.8924000263214111
6344.6298828125,0.892300009727478
6344.919921875,0.8920999765396118
6345.2099609375,0.8920000195503235
6345.5,0.8919000029563904
6345.7900390625,0.8917999863624573
6346.080078125,0.8916000127792358
6346.3701171875,0.8914999961853027
6346.66015625,0.8913999795913696
6346.9599609375,0.8913000226020813
6347.25,0.8912000060081482
6347.5400390625,0.890999972820282
6347.830078125,0.8909000158309937
6348.1201171875,0.8907999992370605
6348.41015625,0.8906999826431274
6348.7001953125,0.890500009059906
6348.990234375,0.8903999924659729
6349.27978515625,0.8902999758720398
6349.56982421875,0.8902000188827515
6349.85986328125,0.8901000022888184
6350.16015625,0.8899000287055969
6350.4501953125,0.8898000121116638
6350.740234375,0.8896999955177307
6351.02978515625,0.8895999789237976
6351.31982421875,0.8895000219345093
6351.60986328125,0.8894000053405762
6351.91015625,0.88919997215271
6352.2001953125,0.8891000151634216
6352.490234375,0.8889999985694885
6352.77978515625,0.8888999819755554
6353.06982421875,0.8888000249862671
6353.35986328125,0.888700008392334
6353.64990234375,0.8884999752044678
6353.93994140625,0.8884000182151794
6354.240234375,0.8883000016212463
6354.52978515625,0.8881999850273132
6354.81982421875,0.8881000280380249
6355.10986328125,0.8880000114440918
6355.39990234375,0.8877999782562256
6355.68994140625,0.8877000212669373
6355.97998046875,0.8876000046730042
6356.27978515625,0.887499988079071
6356.56982421875,0.8873999714851379
6356.85986328125,0.8873000144958496
6357.14990234375,0.8870999813079834
6357.43994140625,0.8870000243186951
6357.740234375,0.886900007724762
6358.02978515625,0.8867999911308289
6358.31982421875,0.8866999745368958
6358.60986328125,0.8866000175476074
6358.89990234375,0.8863999843597412
6359.18994140625,0.8863000273704529
6359.490234375,0.8862000107765198
6359.77978515625,0.8860999941825867
6360.06005859375,0.8859999775886536
6360.35986328125,0.8859000205993652
6360.64990234375,0.885699987411499
6360.93994140625,0.8855999708175659
6361.22998046875,0.8855000138282776
6361.52978515625,0.8853999972343445
6361.81982421875,0.8852999806404114
6362.10986328125,0.885200023651123
6362.39990234375,0.8849999904632568
6362.68994140625,0.8848999738693237
6362.990234375,0.8848000168800354
6363.27978515625,0.8847000002861023
6363.56982421875,0.8845999836921692
6363.85986328125,0.8845000267028809
6364.14990234375,0.8842999935150146
6364.43994140625,0.8841999769210815
6364.740234375,0.8841000199317932
6365.02978515625,0.8840000033378601
6365.31982421875,0.883899986743927
6365.60986328125,0.8838000297546387
6365.89990234375,0.8835999965667725
6366.2001953125,0.8834999799728394
6366.490234375,0.883400022983551
6366.77978515625,0.8833000063896179
6367.06982421875,0.8831999897956848
6367.35986328125,0.8830999732017517
6367.66015625,0.8828999996185303
6367.9501953125,0.8827999830245972
6368.240234375,0.8827000260353088
6368.52978515625,0.8826000094413757
6368.81982421875,0.8824999928474426
6369.1201171875,0.8823999762535095
6369.41015625,0.8822000026702881
6369.7001953125,0.882099986076355
6369.990234375,0.8820000290870667
6370.27978515625,0.8819000124931335
6370.580078125,0.8817999958992004
6370.8701171875,0.8816999793052673
6371.16015625,0.8815000057220459
6371.4501953125,0.8813999891281128
6371.740234375,0.8812999725341797
6372.0400390625,0.8812000155448914
6372.330078125,0.8810999989509583
6372.6201171875,0.8809999823570251
6372.919921875,0.8808000087738037
6373.2099609375,0.8806999921798706
6373.5,0.8805999755859375
6373.7900390625,0.8805000185966492
6374.080078125,0.8804000020027161
6374.3798828125,0.8802000284194946
6374.669921875,0.8801000118255615
6374.9599609375,0.8799999952316284
6375.25,0.8798999786376953
6375.5400390625,0.879800021648407
6375.830078125,0.8797000050544739
6376.1298828125,0.8794999718666077
6376.419921875,0.8794000148773193
6376.7099609375,0.8792999982833862
6377.009765625,0.8791999816894531
6377.2998046875,0.8791000247001648
6377.58984375,0.8790000081062317
6377.89013671875,0.8787999749183655
6378.18017578125,0.8787000179290771
6378.47021484375,0.878600001335144
6378.77001953125,0.8784999847412109
6379.06005859375,0.8784000277519226
6379.35009765625,0.8783000111579895
6379.64013671875,0.8780999779701233
6379.93017578125,0.878000020980835
6380.22998046875,0.8779000043869019
6380.52001953125,0.8777999877929688
6380.81005859375,0.8776999711990356
6381.10009765625,0.8776000142097473
6381.39990234375,0.8773999810218811
6381.68994140625,0.8773000240325928
6381.97998046875,0.8772000074386597
6382.27001953125,0.8770999908447266
6382.56982421875,0.8769999742507935
6382.85986328125,0.8769000172615051
6383.14990234375,0.8766999840736389
6383.4501953125,0.8766000270843506
6383.740234375,0.8765000104904175
6384.02978515625,0.8763999938964844
6384.330078125,0.8762999773025513
6384.6201171875,0.8762000203132629
6384.91015625,0.8759999871253967
6385.2001953125,0.8758999705314636
6385.5,0.8758000135421753
6385.7900390625,0.8756999969482422
6386.080078125,0.8755999803543091
6386.3701171875,0.8755000233650208
6386.66015625,0.8752999901771545
6386.9599609375,0.8751999735832214
6387.25,0.8751000165939331
6387.5498046875,0.875
6387.83984375,0.8748999834060669
6388.1298828125,0.8747000098228455
6388.419921875,0.8745999932289124
6388.72021484375,0.8744999766349792
6389.009765625,0.8744000196456909
6389.2998046875,0.8743000030517578
6389.60009765625,0.8741999864578247
6389.89013671875,0.8740000128746033
6390.18017578125,0.8738999962806702
6390.47998046875,0.8737999796867371
6390.77001953125,0.8737000226974487
6391.06005859375,0.8736000061035156
6391.35009765625,0.8734999895095825
6391.64990234375,0.8733000159263611
6391.93994140625,0.873199999332428
6392.22998046875,0.8730999827384949
6392.52001953125,0.8730000257492065
6392.81982421875,0.8729000091552734
6393.10986328125,0.8727999925613403
6393.41015625,0.8726000189781189
6393.7001953125,0.8725000023841858
6394.0,0.8723999857902527
6394.2900390625,0.8723000288009644
6394.580078125,0.8722000122070312
6394.8701171875,0.8720999956130981
6395.169921875,0.8719000220298767
6395.4599609375,0.8718000054359436
6395.75,0.8716999888420105
6396.0498046875,0.8715999722480774
6396.33984375,0.8715000152587891
6396.6298828125,0.8712999820709229
6396.919921875,0.8712000250816345
6397.22021484375,0.8711000084877014
6397.509765625,0.8709999918937683
6397.7998046875,0.8708999752998352
6398.10009765625,0.8708000183105469
6398.39013671875,0.8705999851226807
6398.68994140625,0.8705000281333923
6398.97998046875,0.8704000115394592
6399.27001953125,0.8702999949455261
6399.56982421875,0.870199978351593
6399.85986328125,0.8701000213623047
6400.14990234375,0.8698999881744385
6400.4501953125,0.8697999715805054
6400.740234375,0.869700014591217
6401.0400390625,0.8694999814033508
6401.330078125,0.8694000244140625
6401.6201171875,0.8693000078201294
6401.919921875,0.8690999746322632
6402.2099609375,0.8690000176429749
6402.5,0.8687999844551086
6402.7900390625,0.8687000274658203
6403.08984375,0.8686000108718872
6403.3798828125,0.868399977684021
6403.68017578125,0.8683000206947327
6403.97021484375,0.8682000041007996
6404.27001953125,0.8679999709129333
6404.56005859375,0.867900013923645
6404.85009765625,0.8677999973297119
6405.14990234375,0.8676000237464905
6405.43994140625,0.8675000071525574
6405.740234375,0.8673999905586243
6406.02978515625,0.8672000169754028
6406.31982421875,0.8671000003814697
6406.6201171875,0.8669999837875366
6406.91015625,0.8668000102043152
6407.2001953125,0.8666999936103821
6407.5,0.866599977016449
6407.7900390625,0.8664000034332275
6408.080078125,0.8662999868392944
6408.3798828125,0.866100013256073
6408.669921875,0.8659999966621399
6408.97021484375,0.8658999800682068
6409.259765625,0.8657000064849854
6409.5498046875,0.8655999898910522
6409.85009765625,0.8654999732971191
6410.14013671875,0.8652999997138977
6410.43994140625,0.8651999831199646
6410.72998046875,0.8651000261306763
6411.02978515625,0.8648999929428101
6411.31982421875,0.864799976348877
6411.60986328125,0.8647000193595886
6411.89990234375,0.8644999861717224
6412.2001953125,0.8644000291824341
6412.5,0.864300012588501
6412.7900390625,0.8640999794006348
6413.080078125,0.8640000224113464
6413.3798828125,0.8637999892234802
6413.669921875,0.8636999726295471
6413.9599609375,0.8636000156402588
6414.259765625,0.8633999824523926
6414.5498046875,0.8633000254631042
6414.85009765625,0.8632000088691711
6415.14013671875,0.8629999756813049
6415.43994140625,0.8629000186920166
6415.72998046875,0.8628000020980835
6416.02001953125,0.8626000285148621
6416.31982421875,0.862500011920929
6416.60986328125,0.8623999953269958
6416.91015625,0.8622000217437744
6417.2001953125,0.8621000051498413
6417.5,0.8619999885559082
6417.7900390625,0.8618000149726868
6418.080078125,0.8616999983787537
6418.3798828125,0.8615000247955322
6418.669921875,0.8614000082015991
6418.97021484375,0.861299991607666
6419.259765625,0.8611000180244446
6419.5498046875,0.8610000014305115
6419.85009765625,0.8608999848365784
6420.14990234375,0.8607000112533569
6420.43994140625,0.8605999946594238
6420.740234375,0.8604999780654907
6421.02978515625,0.8603000044822693
6421.31982421875,0.8601999878883362
6421.6201171875,0.8600999712944031
6421.91015625,0.8598999977111816
6422.2099609375,0.8597999811172485
6422.5,0.8596000075340271
6422.7900390625,0.859499990940094
6423.08984375,0.8593999743461609
6423.3798828125,0.8592000007629395
6423.68017578125,0.8590999841690063
6423.97021484375,0.859000027179718
6424.27001953125,0.8587999939918518
6424.56005859375,0.8586999773979187
6424.85986328125,0.8586000204086304
6425.14990234375,0.8583999872207642
6425.4501953125,0.858299970626831
6425.740234375,0.8582000136375427
6426.0400390625,0.8579999804496765
6426.330078125,0.8579000234603882
6426.6298828125,0.8578000068664551
6426.919921875,0.8575999736785889
6427.22021484375,0.8575000166893005
6427.509765625,0.8572999835014343
6427.7998046875,0.857200026512146
6428.10009765625,0.8571000099182129
6428.39990234375,0.8568999767303467
6428.68994140625,0.8568000197410583
6428.990234375,0.8567000031471252
6429.27978515625,0.8565000295639038
6429.56982421875,0.8564000129699707
6429.8701171875,0.8562999963760376
6430.16015625,0.8561000227928162
6430.4599609375,0.8560000061988831
6430.75,0.85589998960495
6431.0498046875,0.8557000160217285
6431.35009765625,0.8555999994277954
6431.64013671875,0.855400025844574
6431.93994140625,0.8553000092506409
6432.22998046875,0.8551999926567078
6432.52978515625,0.8550000190734863
6432.81982421875,0.8549000024795532
6433.10986328125,0.8547999858856201
6433.41015625,0.8546000123023987
6433.7099609375,0.8544999957084656
6434.0,0.8543999791145325
6434.2900390625,0.854200005531311
6434.580078125,0.8540999889373779
6434.8798828125,0.8539999723434448
6435.18017578125,0.8537999987602234
6435.47998046875,0.8536999821662903
6435.77001953125,0.8535000085830688
6436.06982421875,0.8533999919891357
6436.35986328125,0.8532999753952026
6436.66015625,0.8531000018119812
6436.9501953125,0.8529999852180481
6437.25,0.8529000282287598
6437.5400390625,0.8526999950408936
6437.83984375,0.8525999784469604
6438.1298828125,0.8525000214576721
6438.43017578125,0.8522999882698059
6438.72021484375,0.8521999716758728
6439.02001953125,0.8521000146865845
6439.31005859375,0.8518999814987183
6439.60986328125,0.8518000245094299
6439.89990234375,0.8515999913215637
6440.2001953125,0.8514999747276306
6440.490234375,0.8514000177383423
6440.7900390625,0.8511999845504761
6441.080078125,0.8511000275611877
6441.3798828125,0.8510000109672546
6441.68017578125,0.8507999777793884
6441.97021484375,0.8507000207901001
6442.27001953125,0.850600004196167
6442.56005859375,0.8503999710083008
6442.85986328125,0.8503000140190125
6443.14990234375,0.8501999974250793
6443.4501953125,0.8500000238418579
6443.740234375,0.8499000072479248
6444.0400390625,0.8496999740600586
6444.330078125,0.8496000170707703
6444.6298828125,0.8495000004768372
6444.93017578125,0.8493000268936157
6445.22021484375,0.8492000102996826
6445.52001953125,0.8490999937057495
6445.81005859375,0.8489000201225281
6446.10986328125,0.848800003528595
6446.39990234375,0.8486999869346619
6446.7001953125,0.8485000133514404
6447.0,0.8483999967575073
6447.2900390625,0.8482000231742859
6447.58984375,0.8481000065803528
6447.8798828125,0.8479999899864197
6448.18017578125,0.8478000164031982
6448.47998046875,0.8476999998092651
6448.77001953125,0.847599983215332
6449.06982421875,0.8474000096321106
6449.35986328125,0.8472999930381775
6449.66015625,0.8471999764442444
6449.9501953125,0.847000002861023
6450.25,0.8468999862670898
6450.5400390625,0.8467000126838684
6450.83984375,0.8465999960899353
6451.1298828125,0.8464000225067139
6451.43017578125,0.8463000059127808
6451.72998046875,0.8460999727249146
6452.02001953125,0.8458999991416931
6452.31982421875,0.84579998254776
6452.6201171875,0.8456000089645386
6452.91015625,0.8454999923706055
6453.2099609375,0.845300018787384
6453.5,0.8452000021934509
6453.7998046875,0.8450000286102295
6454.10009765625,0.8449000120162964
6454.39013671875,0.8446999788284302
6454.68994140625,0.8446000218391418
6454.97998046875,0.8443999886512756
6455.27978515625,0.8442999720573425
6455.56982421875,0.8440999984741211
6455.8701171875,0.8439000248908997
6456.169921875,0.8438000082969666
6456.4599609375,0.8435999751091003
6456.759765625,0.843500018119812
6457.06005859375,0.8432999849319458
6457.35009765625,0.8432000279426575
6457.64990234375,0.8429999947547913
6457.9501953125,0.8428999781608582
6458.240234375,0.8427000045776367
6458.5400390625,0.8425999879837036
6458.830078125,0.8424000144004822
6459.1298828125,0.8422999978065491
6459.419921875,0.8421000242233276
6459.72021484375,0.8418999910354614
6460.02001953125,0.8417999744415283
6460.31005859375,0.8416000008583069
6460.60986328125,0.8414999842643738
6460.91015625,0.8413000106811523
6461.2001953125,0.8411999940872192
6461.5,0.8410000205039978
6461.7900390625,0.8409000039100647
6462.08984375,0.8406999707221985
6462.39013671875,0.8406000137329102
6462.68017578125,0.840399980545044
6462.97998046875,0.8402000069618225
6463.27978515625,0.8400999903678894
6463.580078125,0.839900016784668
6463.8701171875,0.8398000001907349
6464.169921875,0.8396000266075134
6464.4599609375,0.8395000100135803
6464.759765625,0.8392999768257141
6465.06005859375,0.8392000198364258
6465.35009765625,0.8389999866485596
6465.64990234375,0.8389000296592712
6465.93994140625,0.838699996471405
6466.240234375,0.8385999798774719
6466.5400390625,0.8384000062942505
6466.83984375,0.8381999731063843
6467.1298828125,0.838100016117096
6467.43017578125,0.8378999829292297
6467.72998046875,0.8378000259399414
6468.02001953125,0.8375999927520752
6468.31982421875,0.8374999761581421
6468.60986328125,0.8373000025749207
6468.91015625,0.8371999859809875
6469.2099609375,0.8370000123977661
6469.509765625,0.836899995803833
6469.7998046875,0.8367000222206116
6470.10009765625,0.8364999890327454
6470.39990234375,0.8363999724388123
6470.68994140625,0.8361999988555908
6470.990234375,0.8360999822616577
6471.2900390625,0.8359000086784363
6471.580078125,0.8357999920845032
6471.8798828125,0.8356000185012817
6472.169921875,0.8355000019073486
6472.47021484375,0.8353000283241272
6472.77001953125,0.8352000117301941
6473.06982421875,0.8349999785423279
6473.35986328125,0.8349000215530396
6473.66015625,0.8346999883651733
6473.9599609375,0.8345000147819519
6474.259765625,0.8343999981880188
6474.5498046875,0.8342000246047974
6474.85009765625,0.8341000080108643
6475.14990234375,0.833899974822998
6475.43994140625,0.8338000178337097
6475.740234375,0.8335999846458435
6476.0400390625,0.8335000276565552
6476.330078125,0.833299994468689
6476.6298828125,0.8331999778747559
6476.93017578125,0.8330000042915344
6477.22021484375,0.8327999711036682
6477.52001953125,0.8327000141143799
6477.81005859375,0.8324999809265137
6478.1201171875,0.8324000239372253
6478.41015625,0.8321999907493591
6478.7099609375,0.832099974155426
6479.009765625,0.8319000005722046
6479.31005859375,0.8317999839782715
6479.60009765625,0.83160001039505
6479.89990234375,0.8314999938011169
6480.2001953125,0.8313000202178955
6480.5,0.8310999870300293
6480.7900390625,0.8309999704360962
6481.08984375,0.8307999968528748
6481.39013671875,0.8306999802589417
6481.68017578125,0.8305000066757202
6481.97998046875,0.8303999900817871
6482.27978515625,0.8302000164985657
6482.56982421875,0.8300999999046326
6482.8701171875,0.8299000263214111
6483.169921875,0.829800009727478
6483.4599609375,0.8295999765396118
6483.759765625,0.8294000029563904
6484.06005859375,0.8292999863624573
6484.35986328125,0.8291000127792358
6484.64990234375,0.8289999961853027
6484.9599609375,0.8288000226020813
6485.25,0.8287000060081482
6485.5498046875,0.828499972820282
6485.85009765625,0.8284000158309937
6486.14013671875,0.8281999826431274
6486.43994140625,0.8281000256538391
6486.740234375,0.8278999924659729
6487.0400390625,0.8277000188827515
6487.330078125,0.8276000022888184
6487.6298828125,0.8274000287055969
6487.93017578125,0.8273000121116638
6488.22998046875,0.8270999789237976
6488.52001953125,0.8270000219345093
6488.81982421875,0.8267999887466431
6489.1201171875,0.82669997215271
6489.419921875,0.8264999985694885
6489.7099609375,0.8263000249862671
6490.009765625,0.826200008392334
6490.31005859375,0.8259999752044678
6490.60986328125,0.8259000182151794
6490.89990234375,0.8256999850273132
6491.2001953125,0.8256000280380249
6491.5,0.8253999948501587
6491.7998046875,0.8252999782562256
6492.08984375,0.8251000046730042
6492.39013671875,0.824999988079071
6492.68994140625,0.8248000144958496
6492.990234375,0.8245999813079834
6493.2900390625,0.8245000243186951
6493.580078125,0.8242999911308289
6493.8798828125,0.8241999745368958
6494.18017578125,0.8240000009536743
6494.47998046875,0.8238999843597412
6494.77978515625,0.8237000107765198
6495.06982421875,0.8235999941825867
6495.3701171875,0.8234000205993652
6495.669921875,0.8233000040054321
6495.97021484375,0.8230999708175659
6496.27001953125,0.8228999972343445
6496.56982421875,0.8227999806404114
6496.85986328125,0.8226000070571899
6497.16015625,0.8224999904632568
6497.4599609375,0.8223000168800354
6497.75,0.8222000002861023
6498.0498046875,0.8220000267028809
6498.35009765625,0.8219000101089478
6498.64990234375,0.8216999769210815
6498.93994140625,0.8215000033378601
6499.240234375,0.821399986743927
6499.5400390625,0.8212000131607056
6499.83984375,0.8210999965667725
6500.14013671875,0.820900022983551
6500.43994140625,0.8208000063896179
6500.72998046875,0.8205999732017517
6501.0400390625,0.8205000162124634
6501.330078125,0.8203999996185303
6501.6298828125,0.8202000260353088
6501.93017578125,0.8201000094413757
6502.22998046875,0.8198999762535095
6502.52001953125,0.8198000192642212
6502.81982421875,0.819599986076355
6503.1201171875,0.8195000290870667
6503.419921875,0.8194000124931335
6503.72021484375,0.8191999793052673
6504.009765625,0.819100022315979
6504.31005859375,0.8188999891281128
6504.60986328125,0.8187999725341797
6504.91015625,0.8185999989509583
6505.2099609375,0.8184999823570251
6505.509765625,0.8184000253677368
6505.81005859375,0.8181999921798706
6506.10009765625,0.8180999755859375
6506.39990234375,0.8179000020027161
6506.7001953125,0.817799985408783
6507.0,0.8176000118255615
6507.2998046875,0.8174999952316284
6507.60009765625,0.8173999786376953
6507.89990234375,0.8172000050544739
6508.18994140625,0.8170999884605408
6508.490234375,0.8169000148773193
6508.7900390625,0.8167999982833862
6509.080078125,0.8166000247001648
6509.39013671875,0.8165000081062317
6509.68017578125,0.8163999915122986
6509.97998046875,0.8162000179290771
6510.27978515625,0.816100001335144
6510.580078125,0.8159000277519226
6510.8798828125,0.8158000111579895
6511.18017578125,0.8155999779701233
6511.47998046875,0.815500020980835
6511.77978515625,0.8152999877929688
6512.080078125,0.8151999711990356
6512.3701171875,0.8151000142097473
6512.669921875,0.8148999810218811
6512.97021484375,0.8148000240325928
6513.27001953125,0.8145999908447266
6513.56982421875,0.8144999742507935
6513.8701171875,0.814300000667572
6514.169921875,0.8141999840736389
6514.4599609375,0.8141000270843506
6514.759765625,0.8138999938964844
6515.06005859375,0.8137999773025513
6515.35986328125,0.8136000037193298
6515.66015625,0.8134999871253967
6515.9599609375,0.8133000135421753
6516.259765625,0.8131999969482422
6516.5498046875,0.8130999803543091
6516.85009765625,0.8129000067710876
6517.16015625,0.8127999901771545
6517.4501953125,0.8126000165939331
6517.75,0.8125
6518.0498046875,0.8123000264167786
6518.35009765625,0.8122000098228455
6518.64990234375,0.8119999766349792
6518.9501953125,0.8119000196456909
6519.25,0.8118000030517578
6519.5498046875,0.8116000294685364
6519.83984375,0.8115000128746033
6520.14013671875,0.8112999796867371
6520.43994140625,0.8112000226974487
6520.740234375,0.8109999895095825
6521.0400390625,0.8108999729156494
6521.33984375,0.8108000159263611
6521.64013671875,0.8105999827384949
6521.93994140625,0.8105000257492065
6522.240234375,0.8102999925613403
6522.52978515625,0.8101999759674072
6522.83984375,0.8100000023841858
6523.14013671875,0.8098999857902527
6523.43017578125,0.8098000288009644
6523.72998046875,0.8095999956130981
6524.02978515625,0.809499979019165
6524.330078125,0.8093000054359436
6524.6298828125,0.8091999888420105
6524.93017578125,0.8090000152587891
6525.22998046875,0.808899998664856
6525.52978515625,0.8087000250816345
6525.81982421875,0.8086000084877014
6526.1201171875,0.8084999918937683
6526.419921875,0.8083000183105469
6526.72998046875,0.8082000017166138
6527.02001953125,0.8080000281333923
6527.31982421875,0.8079000115394592
6527.6201171875,0.807699978351593
6527.919921875,0.8076000213623047
6528.22021484375,0.8075000047683716
6528.52001953125,0.8072999715805054
6528.81982421875,0.807200014591217
6529.1201171875,0.8069999814033508
6529.419921875,0.8069000244140625
6529.72021484375,0.8066999912261963
6530.02001953125,0.8065999746322632
6530.31982421875,0.8064000010490417
6530.6201171875,0.8062999844551086
6530.919921875,0.8062000274658203
6531.2099609375,0.8059999942779541
6531.509765625,0.805899977684021
6531.81005859375,0.8057000041007996
6532.1201171875,0.8055999875068665
6532.41015625,0.805400013923645
6532.7099609375,0.8052999973297119
6533.009765625,0.8051999807357788
6533.31005859375,0.8050000071525574
6533.6201171875,0.8048999905586243
6533.91015625,0.8047000169754028
6534.2099609375,0.8046000003814697
6534.509765625,0.8044000267982483
6534.81005859375,0.8043000102043152
6535.10986328125,0.804099977016449
6535.41015625,0.8040000200271606
6535.7099609375,0.8039000034332275
6536.009765625,0.8036999702453613
6536.31005859375,0.803600013256073
6536.60986328125,0.8033999800682068
6536.91015625,0.8033000230789185
6537.2099609375,0.8030999898910522
6537.509765625,0.8029999732971191
6537.81005859375,0.8029000163078308
6538.10986328125,0.8026999831199646
6538.41015625,0.8026000261306763
6538.7099609375,0.8023999929428101
6539.009765625,0.802299976348877
6539.31005859375,0.8021000027656555
6539.60986328125,0.8019999861717224
6539.91015625,0.801800012588501
6540.2099609375,0.8016999959945679
6540.509765625,0.8015999794006348
6540.81005859375,0.8014000058174133
6541.10986328125,0.8012999892234802
6541.41015625,0.8011000156402588
6541.7099609375,0.8009999990463257
6542.009765625,0.8008000254631042
6542.31005859375,0.8007000088691711
6542.60986328125,0.8004999756813049
6542.91015625,0.8004000186920166
6543.2099609375,0.8003000020980835
6543.509765625,0.8001000285148621
6543.81005859375,0.800000011920929
6544.10986328125,0.7997999787330627
6544.41015625,0.7997000217437744
6544.7099609375,0.7994999885559082
6545.009765625,0.7993999719619751
6545.31005859375,0.7991999983787537
6545.60986328125,0.7990999817848206
6545.91015625,0.7990000247955322
6546.2099609375,0.798799991607666
6546.509765625,0.7986999750137329
6546.81005859375,0.7985000014305115
6547.10986328125,0.7983999848365784
6547.41015625,0.7982000112533569
6547.7099609375,0.7980999946594238
6548.009765625,0.7979999780654907
6548.31005859375,0.7978000044822693
6548.60986328125,0.7976999878883362
6548.91015625,0.7975000143051147
6549.22021484375,0.7973999977111816
6549.509765625,0.7972000241279602
6549.81982421875,0.7971000075340271
6550.10986328125,0.7968999743461609
6550.419921875,0.7968000173568726
6550.72021484375,0.7965999841690063
6551.009765625,0.796500027179718
6551.31982421875,0.7962999939918518
6551.6201171875,0.7961999773979187
6551.919921875,0.7960000038146973
6552.22021484375,0.7958999872207642
6552.52001953125,0.7957000136375427
6552.81982421875,0.7955999970436096
6553.1201171875,0.7954000234603882
6553.419921875,0.7953000068664551
6553.72021484375,0.7950999736785889
6554.02001953125,0.7950000166893005
6554.31982421875,0.7947999835014343
6554.6201171875,0.794700026512146
6554.919921875,0.7944999933242798
6555.22998046875,0.7943999767303467
6555.52001953125,0.7942000031471252
6555.830078125,0.7940999865531921
6556.1298828125,0.7939000129699707
6556.419921875,0.7937999963760376
6556.72998046875,0.7936000227928162
6557.02978515625,0.7935000061988831
6557.330078125,0.7932999730110168
6557.6298828125,0.7932000160217285
6557.93017578125,0.7929999828338623
6558.22998046875,0.792900025844574
6558.52978515625,0.7926999926567078
6558.830078125,0.7925999760627747
6559.1298828125,0.7924000024795532
6559.43017578125,0.7922999858856201
6559.72998046875,0.7921000123023987
6560.0400390625,0.7919999957084656
6560.330078125,0.7918000221252441
6560.64013671875,0.791700005531311
6560.93994140625,0.7914999723434448
6561.240234375,0.7914000153541565
6561.5400390625,0.7911999821662903
6561.83984375,0.791100025177002
6562.14013671875,0.7908999919891357
6562.43994140625,0.7907999753952026
6562.740234375,0.7906000018119812
6563.0400390625,0.7904999852180481
6563.33984375,0.7903000116348267
6563.64990234375,0.7901999950408936
6563.93994140625,0.7900000214576721
6564.25,0.789900004863739
6564.5498046875,0.7896999716758728
6564.85009765625,0.7896000146865845
6565.14990234375,0.7893999814987183
6565.4501953125,0.7893000245094299
6565.75,0.7890999913215637
6566.06005859375,0.7889999747276306
6566.35986328125,0.7888000011444092
6566.66015625,0.7886999845504761
6566.9599609375,0.7885000109672546
6567.259765625,0.7883999943733215
6567.56005859375,0.7882000207901001
6567.85986328125,0.788100004196167
6568.16015625,0.7878999710083008
6568.4599609375,0.7878000140190125
6568.759765625,0.7875999808311462
6569.06982421875,0.7875000238418579
6569.3701171875,0.7872999906539917
6569.669921875,0.7871999740600586
6569.97021484375,0.7870000004768372
6570.27001953125,0.786899983882904
6570.56982421875,0.7867000102996826
6570.8701171875,0.7865999937057495
6571.18017578125,0.7864000201225281
6571.47998046875,0.786300003528595
6571.77978515625,0.7860999703407288
6572.080078125,0.7860000133514404
6572.39013671875,0.7857999801635742
6572.68994140625,0.7857000231742859
6572.97998046875,0.7854999899864197
6573.27978515625,0.7853999733924866
6573.58984375,0.7851999998092651
6573.89013671875,0.785099983215332
6574.18994140625,0.7849000096321106
6574.490234375,0.7847999930381775
6574.7900390625,0.784600019454956
6575.08984375,0.784500002861023
6575.39990234375,0.7843000292778015
6575.7001953125,0.7842000126838684
6576.0,0.7839999794960022
6576.2998046875,0.7838000059127808
6576.60009765625,0.7836999893188477
6576.89990234375,0.7835000157356262
6577.2099609375,0.7833999991416931
6577.509765625,0.7832000255584717
6577.81005859375,0.7831000089645386
6578.10986328125,0.7828999757766724
6578.41015625,0.782800018787384
6578.7099609375,0.7825999855995178
6579.02001953125,0.7825000286102295
6579.31982421875,0.7822999954223633
6579.6201171875,0.7821999788284302
6579.919921875,0.7820000052452087
6580.22021484375,0.7818999886512756
6580.52001953125,0.7817000150680542
6580.830078125,0.7815999984741211
6581.1298828125,0.7814000248908997
6581.43017578125,0.7813000082969666
6581.72998046875,0.7810999751091003
6582.02978515625,0.781000018119812
6582.33984375,0.7807999849319458
6582.64013671875,0.7807000279426575
6582.93994140625,0.7804999947547913
6583.240234375,0.7803999781608582
6583.5400390625,0.7802000045776367
6583.83984375,0.7800999879837036
6584.14990234375,0.7799000144004822
6584.4501953125,0.7797999978065491
6584.75,0.7796000242233276
6585.0498046875,0.7795000076293945
6585.35009765625,0.7792999744415283
6585.66015625,0.77920001745224
6585.9599609375,0.7789999842643738
6586.259765625,0.7789000272750854
6586.56005859375,0.7786999940872192
6586.8701171875,0.7785999774932861
6587.169921875,0.7784000039100647
6587.47021484375,0.7782999873161316
6587.77001953125,0.7781000137329102
6588.06982421875,0.777999997138977
6588.3798828125,0.7778000235557556
6588.68017578125,0.7777000069618225
6588.97998046875,0.7774999737739563
6589.27978515625,0.777400016784668
6589.58984375,0.7771999835968018
6589.89013671875,0.7771000266075134
6590.18994140625,0.7768999934196472
6590.490234375,0.7767999768257141
6590.7900390625,0.7766000032424927
6591.08984375,0.7764999866485596
6591.39990234375,0.7763000130653381
6591.7001953125,0.776199996471405
6592.0,0.7760000228881836
6592.31005859375,0.7757999897003174
6592.60986328125,0.7756999731063843
6592.91015625,0.7754999995231628
6593.2099609375,0.7753999829292297
6593.52001953125,0.7752000093460083
6593.81982421875,0.7750999927520752
6594.1201171875,0.7749000191688538
6594.419921875,0.7748000025749207
6594.72998046875,0.7746000289916992
6595.02978515625,0.7745000123977661
6595.330078125,0.7742999792098999
6595.6298828125,0.7742000222206116
6595.93017578125,0.7739999890327454
6596.22998046875,0.7738999724388123
6596.5400390625,0.7736999988555908
6596.83984375,0.7735999822616577
6597.14013671875,0.7734000086784363
6597.4501953125,0.7732999920845032
6597.75,0.7731000185012817
6598.0498046875,0.7730000019073486
6598.35009765625,0.7728000283241272
6598.66015625,0.7727000117301941
6598.9599609375,0.7724999785423279
6599.27001953125,0.7724000215530396
6599.56982421875,0.7721999883651733
6599.8701171875,0.7720999717712402
6600.169921875,0.7718999981880188
6600.47021484375,0.7717000246047974
6600.77978515625,0.7714999914169312
6601.080078125,0.7713000178337097
6601.3798828125,0.7710999846458435
6601.68017578125,0.7710000276565552
6601.97998046875,0.770799994468689
6602.2900390625,0.7706000208854675
6602.58984375,0.7703999876976013
6602.89990234375,0.7702000141143799
6603.2001953125,0.7699999809265137
6603.5,0.7698000073432922
6603.7998046875,0.769599974155426
6604.10986328125,0.7695000171661377
6604.41015625,0.7692999839782715
6604.7099609375,0.76910001039505
6605.02001953125,0.7688999772071838
6605.31982421875,0.7687000036239624
6605.6201171875,0.7684999704360962
6605.93017578125,0.7682999968528748
6606.22998046875,0.7681000232696533
6606.52978515625,0.7680000066757202
6606.830078125,0.767799973487854
6607.1298828125,0.7675999999046326
6607.43994140625,0.7674000263214111
6607.740234375,0.7671999931335449
6608.0400390625,0.7670000195503235
6608.35009765625,0.7667999863624573
6608.64990234375,0.7666000127792358
6608.9501953125,0.7663999795913696
6609.259765625,0.7663000226020813
6609.56005859375,0.7660999894142151
6609.8701171875,0.7659000158309937
6610.169921875,0.7656999826431274
6610.47021484375,0.765500009059906
6610.77978515625,0.7652999758720398
6611.080078125,0.7651000022888184
6611.3798828125,0.7649000287055969
6611.68017578125,0.7648000121116638
6611.990234375,0.7645999789237976
6612.2900390625,0.7644000053405762
6612.58984375,0.76419997215271
6612.89990234375,0.7639999985694885
6613.2001953125,0.7638000249862671
6613.5,0.7635999917984009
6613.81005859375,0.7634000182151794
6614.10986328125,0.7633000016212463
6614.41015625,0.7631000280380249
6614.72021484375,0.7628999948501587
6615.02001953125,0.7627000212669373
6615.31982421875,0.762499988079071
6615.6298828125,0.7623000144958496
6615.93017578125,0.7620999813079834
6616.240234375,0.761900007724762
6616.5400390625,0.7616999745368958
6616.83984375,0.7616000175476074
6617.14013671875,0.7613999843597412
6617.4501953125,0.7612000107765198
6617.75,0.7609999775886536
6618.0498046875,0.7608000040054321
6618.35986328125,0.7605999708175659
6618.66015625,0.7603999972343445
6618.9599609375,0.760200023651123
6619.27001953125,0.7601000070571899
6619.56982421875,0.7598999738693237
6619.8798828125,0.7597000002861023
6620.18017578125,0.7595000267028809
6620.47998046875,0.7592999935150146
6620.7900390625,0.7591000199317932
6621.08984375,0.758899986743927
6621.39990234375,0.7587000131607056
6621.7001953125,0.7584999799728394
6622.0,0.758400022983551
6622.2998046875,0.7581999897956848
6622.60986328125,0.7580000162124634
6622.91015625,0.7577999830245972
6623.22021484375,0.7576000094413757
6623.52001953125,0.7573999762535095
6623.81982421875,0.7572000026702881
6624.1298828125,0.7570000290870667
6624.43017578125,0.7569000124931335
6624.72998046875,0.7566999793052673
6625.0400390625,0.7565000057220459
6625.33984375,0.7562999725341797
6625.64990234375,0.7560999989509583
6625.9501953125,0.7559000253677368
6626.259765625,0.7556999921798706
6626.56005859375,0.7555000185966492
6626.8701171875,0.755299985408783
6627.169921875,0.7552000284194946
6627.47021484375,0.7549999952316284
6627.77001953125,0.754800021648407
6628.080078125,0.7545999884605408
6628.3798828125,0.7544000148773193
6628.68994140625,0.7541999816894531
6628.990234375,0.7540000081062317
6629.2900390625,0.7537999749183655
6629.60009765625,0.753600001335144
6629.89990234375,0.7534999847412109
6630.2099609375,0.7533000111579895
6630.509765625,0.7530999779701233
6630.81005859375,0.7529000043869019
6631.1201171875,0.7526999711990356
6631.419921875,0.7524999976158142
6631.72998046875,0.7523000240325928
6632.02978515625,0.7520999908447266
6632.33984375,0.7519999742507935
6632.64013671875,0.751800000667572
6632.9501953125,0.7516000270843506
6633.25,0.7513999938964844
6633.5498046875,0.7512000203132629
6633.85009765625,0.7509999871253967
6634.16015625,0.7508000135421753
6634.4599609375,0.7505999803543091
6634.77001953125,0.7504000067710876
6635.06982421875,0.7502999901771545
6635.3798828125,0.7501000165939331
6635.68017578125,0.7498999834060669
6635.97998046875,0.7497000098228455
6636.2900390625,0.7494999766349792
6636.60009765625,0.7493000030517578
6636.89990234375,0.7491000294685364
6637.2099609375,0.7488999962806702
6637.509765625,0.7487000226974487
6637.81005859375,0.7486000061035156
6638.1201171875,0.7483999729156494
6638.419921875,0.748199999332428
6638.72021484375,0.7480000257492065
6639.02978515625,0.7477999925613403
6639.330078125,0.7476000189781189
6639.64013671875,0.7473999857902527
6639.93994140625,0.7472000122070312
6640.25,0.746999979019165
6640.5498046875,0.7469000220298767
6640.85009765625,0.7466999888420105
6641.16015625,0.7465000152587891
6641.47021484375,0.7462999820709229
6641.77001953125,0.7461000084877014
6642.06982421875,0.7458999752998352
6642.3798828125,0.7457000017166138
6642.68994140625,0.7455000281333923
6642.990234375,0.7452999949455261
6643.2998046875,0.745199978351593
6643.60009765625,0.7450000047683716
6643.91015625,0.7447999715805054
6644.2099609375,0.7445999979972839
6644.509765625,0.7444000244140625
6644.81982421875,0.7441999912261963
6645.1201171875,0.7440000176429749
6645.43017578125,0.7437999844551086
6645.72998046875,0.7436000108718872
6646.0400390625,0.7434999942779541
6646.33984375,0.7433000206947327
6646.64990234375,0.7430999875068665
6646.9501953125,0.742900013923645
6647.259765625,0.7426999807357788
6647.56005859375,0.7425000071525574
6647.85986328125,0.7422999739646912
6648.169921875,0.7421000003814697
6648.47998046875,0.7419000267982483
6648.77978515625,0.7418000102043152
6649.08984375,0.741599977016449
6649.39013671875,0.7414000034332275
6649.7001953125,0.7411999702453613
6650.0,0.7409999966621399
6650.31005859375,0.7408000230789185
6650.60986328125,0.7405999898910522
6650.919921875,0.7404999732971191
6651.22021484375,0.7402999997138977
6651.52001953125,0.7401000261306763
6651.830078125,0.7398999929428101
6652.14013671875,0.739799976348877
6652.43994140625,0.7396000027656555
6652.75,0.7394000291824341
6653.0498046875,0.7391999959945679
6653.35986328125,0.7390999794006348
6653.66015625,0.7389000058174133
6653.97021484375,0.7386999726295471
6654.27001953125,0.7384999990463257
6654.580078125,0.7383000254631042
6654.8798828125,0.7382000088691711
6655.18994140625,0.7379999756813049
6655.490234375,0.7378000020980835
6655.7998046875,0.7376000285148621
6656.10009765625,0.737500011920929
6656.41015625,0.7372999787330627
6656.7099609375,0.7371000051498413
6657.02001953125,0.7368999719619751
6657.31982421875,0.7368000149726868
6657.6298828125,0.7365999817848206
6657.93017578125,0.7364000082015991
6658.240234375,0.7361999750137329
6658.5400390625,0.7360000014305115
6658.85009765625,0.7358999848365784
6659.16015625,0.7357000112533569
6659.4599609375,0.7354999780654907
6659.77001953125,0.7353000044822693
6660.080078125,0.7351999878883362
6660.3798828125,0.7350000143051147
6660.68017578125,0.7347999811172485
6660.990234375,0.7346000075340271
6661.2900390625,0.7343999743461609
6661.60009765625,0.7343000173568726
6661.89990234375,0.7340999841690063
6662.2099609375,0.7339000105857849
6662.52001953125,0.7336999773979187
6662.81982421875,0.7336000204086304
6663.1298828125,0.7333999872207642
6663.43017578125,0.7332000136375427
6663.740234375,0.7329999804496765
6664.0400390625,0.7329000234603882
6664.35009765625,0.732699990272522
6664.66015625,0.7325000166893005
6664.9599609375,0.7322999835014343
6665.27001953125,0.7321000099182129
6665.56982421875,0.7319999933242798
6665.8798828125,0.7318000197410583
6666.18017578125,0.7315999865531921
6666.490234375,0.7314000129699707
6666.7998046875,0.7312999963760376
6667.10009765625,0.7311000227928162
6667.41015625,0.73089998960495
6667.7099609375,0.7307000160217285
6668.02001953125,0.7305999994277954
6668.31982421875,0.730400025844574
6668.6298828125,0.7301999926567078
6668.93994140625,0.7300000190734863
6669.240234375,0.7297999858856201
6669.5498046875,0.7297000288963318
6669.85009765625,0.7294999957084656
6670.16015625,0.7293000221252441
6670.47021484375,0.7290999889373779
6670.77978515625,0.7289999723434448
6671.080078125,0.7287999987602234
6671.3798828125,0.728600025177002
6671.68994140625,0.7283999919891357
6672.0,0.7282000184059143
6672.2998046875,0.7281000018119812
6672.60986328125,0.7279000282287598
6672.91015625,0.7276999950408936
6673.22021484375,0.7275000214576721
6673.52001953125,0.727400004863739
6673.830078125,0.7271999716758728
6674.14013671875,0.7269999980926514
6674.4501953125,0.7268000245094299
6674.75,0.7265999913215637
6675.0498046875,0.7264999747276306
6675.35986328125,0.7263000011444092
6675.669921875,0.7261000275611877
6675.97998046875,0.7258999943733215
6676.27978515625,0.7257999777793884
6676.58984375,0.725600004196167
6676.89013671875,0.7253999710083008
6677.2001953125,0.7251999974250793
6677.509765625,0.7250000238418579
6677.81005859375,0.7249000072479248
6678.1201171875,0.7246999740600586
6678.419921875,0.7245000004768372
6678.72998046875,0.7243000268936157
6679.02978515625,0.7242000102996826
6679.33984375,0.7239999771118164
6679.64990234375,0.723800003528595
6679.9599609375,0.7235999703407288
6680.259765625,0.7233999967575073
6680.56982421875,0.7232999801635742
6680.8798828125,0.7231000065803528
6681.18017578125,0.7228999733924866
6681.490234375,0.7226999998092651
6681.7998046875,0.722599983215332
6682.10009765625,0.7224000096321106
6682.41015625,0.7221999764442444
6682.7099609375,0.722000002861023
6683.02001953125,0.7218000292778015
6683.330078125,0.7217000126838684
6683.6298828125,0.7214999794960022
6683.93994140625,0.7213000059127808
6684.240234375,0.7210999727249146
6684.5498046875,0.7210000157356262
6684.85986328125,0.72079998254776
6685.16015625,0.7206000089645386
6685.47021484375,0.7203999757766724
6685.77978515625,0.7202000021934509
6686.08984375,0.7200999855995178
6686.39013671875,0.7199000120162964
6686.7001953125,0.7196999788284302
6687.009765625,0.7195000052452087
6687.31982421875,0.7193999886512756
6687.6201171875,0.7192000150680542
6687.93017578125,0.718999981880188
6688.22998046875,0.7188000082969666
6688.5400390625,0.7185999751091003
6688.85009765625,0.718500018119812
6689.14990234375,0.7182999849319458
6689.4599609375,0.7181000113487244
6689.759765625,0.7178999781608582
6690.06982421875,0.7178000211715698
6690.3798828125,0.7175999879837036
6690.68994140625,0.7174000144004822
6691.0,0.717199981212616
6691.2998046875,0.7170000076293945
6691.60986328125,0.7168999910354614
6691.919921875,0.71670001745224
6692.22021484375,0.7164999842643738
6692.52978515625,0.7163000106811523
6692.83984375,0.7161999940872192
6693.14013671875,0.7160000205039978
6693.4501953125,0.7157999873161316
6693.759765625,0.7156000137329102
6694.06005859375,0.715399980545044
6694.3701171875,0.7153000235557556
6694.68017578125,0.7150999903678894
6694.990234375,0.714900016784668
6695.2900390625,0.7146999835968018
6695.60009765625,0.7146000266075134
6695.89990234375,0.7143999934196472
6696.2099609375,0.7142000198364258
6696.52001953125,0.7139999866485596
6696.830078125,0.7138000130653381
6697.14013671875,0.713699996471405
6697.43994140625,0.7135000228881836
6697.75,0.7132999897003174
6698.06005859375,0.713100016117096
6698.35986328125,0.7128999829292297
6698.669921875,0.7128000259399414
6698.97998046875,0.7125999927520752
6699.2900390625,0.7124000191688538
6699.58984375,0.7121999859809875
6699.89990234375,0.7121000289916992
6700.2099609375,0.711899995803833
6700.52001953125,0.7117000222206116
6700.81982421875,0.7114999890327454
6701.1298828125,0.7113000154495239
6701.43994140625,0.7110999822616577
6701.740234375,0.7109000086784363
6702.0498046875,0.7106000185012817
6702.35986328125,0.7103999853134155
6702.66015625,0.7102000117301941
6702.97021484375,0.7099999785423279
6703.27978515625,0.7098000049591064
6703.58984375,0.7095999717712402
6703.89990234375,0.7093999981880188
6704.2001953125,0.7092000246047974
6704.509765625,0.7089999914169312
6704.81982421875,0.7088000178337097
6705.1298828125,0.7085999846458435
6705.43017578125,0.7084000110626221
6705.740234375,0.7081999778747559
6706.0498046875,0.7080000042915344
6706.35009765625,0.7077999711036682
6706.66015625,0.7075999975204468
6706.97021484375,0.7074000239372253
6707.27978515625,0.7071999907493591
6707.58984375,0.7070000171661377
6707.89013671875,0.7067999839782715
6708.2001953125,0.70660001039505
6708.509765625,0.7063999772071838
6708.81982421875,0.7062000036239624
6709.1201171875,0.7059999704360962
6709.43017578125,0.7057999968528748
6709.740234375,0.7056000232696533
6710.0498046875,0.7053999900817871
6710.35009765625,0.7052000164985657
6710.66015625,0.7049999833106995
6710.97021484375,0.704800009727478
6711.27978515625,0.7045999765396118
6711.58984375,0.7044000029563904
6711.89013671875,0.704200029373169
6712.2001953125,0.7038999795913696
6712.509765625,0.7037000060081482
6712.81005859375,0.703499972820282
6713.1201171875,0.7032999992370605
6713.43017578125,0.7031000256538391
6713.740234375,0.7028999924659729
6714.0498046875,0.7027000188827515
6714.35986328125,0.7024999856948853
6714.669921875,0.7023000121116638
6714.97021484375,0.7020999789237976
6715.27978515625,0.7019000053405762
6715.58984375,0.70169997215271
6715.89990234375,0.7014999985694885
6716.2001953125,0.7013000249862671
6716.509765625,0.7010999917984009
6716.81982421875,0.7009000182151794
6717.1298828125,0.7006999850273132
6717.43994140625,0.7005000114440918
6717.75,0.7002999782562256
6718.0498046875,0.7001000046730042
6718.35986328125,0.6998999714851379
6718.669921875,0.6996999979019165
6718.97998046875,0.6995000243186951
6719.2900390625,0.6992999911308289
6719.58984375,0.6991000175476074
6719.89990234375,0.6988999843597412
6720.2099609375,0.6987000107765198
6720.52001953125,0.6984999775886536
6720.830078125,0.6983000040054321
6721.14013671875,0.6980999708175659
6721.4501953125,0.6977999806404114
6721.75,0.6976000070571899
6722.06005859375,0.6973999738693237
6722.3701171875,0.6972000002861023
6722.68017578125,0.6970000267028809
6722.97998046875,0.6967999935150146
6723.2900390625,0.6966000199317932
6723.60009765625,0.696399986743927
6723.91015625,0.6962000131607056
6724.22021484375,0.6959999799728394
6724.52978515625,0.6958000063896179
6724.830078125,0.6955999732017517
6725.14013671875,0.6953999996185303
6725.4501953125,0.6952000260353088
6725.759765625,0.6949999928474426
6726.06982421875,0.6948000192642212
6726.3798828125,0.694599986076355
6726.68994140625,0.6944000124931335
6726.990234375,0.6941999793052673
6727.2998046875,0.6940000057220459
6727.60986328125,0.6937999725341797
6727.919921875,0.6935999989509583
6728.22998046875,0.6934000253677368
6728.5400390625,0.6931999921798706
6728.83984375,0.6930000185966492
6729.14990234375,0.692799985408783
6729.4599609375,0.6926000118255615
6729.77001953125,0.6923999786376953
6730.080078125,0.6920999884605408
6730.39013671875,0.6919000148773193
6730.68994140625,0.6916999816894531
6731.009765625,0.6915000081062317
6731.31982421875,0.6912999749183655
6731.6201171875,0.691100001335144
6731.93017578125,0.6909000277519226
6732.240234375,0.6906999945640564
6732.5498046875,0.690500020980835
6732.85986328125,0.6902999877929688
6733.169921875,0.6901000142097473
6733.47021484375,0.6898999810218811
6733.77978515625,0.6897000074386597
6734.08984375,0.6894999742507935
6734.39990234375,0.689300000667572
6734.7099609375,0.6891000270843506
6735.02001953125,0.6888999938964844
6735.330078125,0.6887000203132629
6735.64013671875,0.6884999871253967
6735.9501953125,0.6883000135421753
6736.25,0.6880999803543091
6736.56982421875,0.6879000067710876
6736.8798828125,0.6876999735832214
6737.18017578125,0.6875
6737.490234375,0.6873000264167786
6737.7998046875,0.6870999932289124
6738.10986328125,0.6868000030517578
6738.419921875,0.6866000294685364
6738.72998046875,0.6863999962806702
6739.0400390625,0.6862000226974487
6739.35009765625,0.6859999895095825
6739.64990234375,0.6858000159263611
6739.9599609375,0.6855999827384949
6740.27001953125,0.6854000091552734
6740.580078125,0.6851999759674072
6740.89013671875,0.6850000023841858
6741.2001953125,0.6848000288009644
6741.509765625,0.6845999956130981
6741.81982421875,0.6844000220298767
6742.1298828125,0.6841999888420105
6742.43994140625,0.6840000152587891
6742.75,0.6837999820709229
6743.06005859375,0.6836000084877014
6743.3701171875,0.6833999752998352
6743.68017578125,0.6832000017166138
6743.97998046875,0.6830000281333923
6744.2900390625,0.6827999949455261
6744.60009765625,0.6826000213623047
6744.91015625,0.6823999881744385
6745.22021484375,0.682200014591217
6745.52978515625,0.6819999814033508
6745.83984375,0.6816999912261963
6746.14990234375,0.6815000176429749
6746.4599609375,0.6812999844551086
6746.77001953125,0.6811000108718872
6747.080078125,0.680899977684021
6747.3798828125,0.6807000041007996
6747.68994140625,0.6804999709129333
6748.009765625,0.6802999973297119
6748.31982421875,0.6801000237464905
6748.6298828125,0.6798999905586243
6748.93994140625,0.6797000169754028
6749.240234375,0.6794999837875366
6749.5498046875,0.6793000102043152
6749.85986328125,0.679099977016449
6750.169921875,0.6789000034332275
6750.47998046875,0.6786999702453613
6750.7900390625,0.678600013256073
6751.10009765625,0.6783999800682068
6751.41015625,0.6782000064849854
6751.72021484375,0.6780999898910522
6752.02978515625,0.6779000163078308
6752.33984375,0.6776999831199646
6752.64990234375,0.6776000261306763
6752.9599609375,0.6773999929428101
6753.27001953125,0.6772000193595886
6753.580078125,0.6771000027656555
6753.89013671875,0.6769000291824341
6754.2001953125,0.6766999959945679
6754.509765625,0.6765999794006348
6754.81982421875,0.6764000058174133
6755.1298828125,0.6761999726295471
6755.43994140625,0.6761000156402588
6755.75,0.6758999824523926
6756.06005859375,0.6757000088691711
6756.3701171875,0.675599992275238
6756.669921875,0.6754000186920166
6756.97998046875,0.6751999855041504
6757.2998046875,0.6751000285148621
6757.60009765625,0.6748999953269958
6757.919921875,0.6747000217437744
6758.22998046875,0.6746000051498413
6758.5400390625,0.6743999719619751
6758.85009765625,0.6741999983787537
6759.14990234375,0.6740999817848206
6759.47021484375,0.6739000082015991
6759.77978515625,0.6736999750137329
6760.08984375,0.6736000180244446
6760.39990234375,0.6733999848365784
6760.7099609375,0.6732000112533569
6761.02001953125,0.6729999780654907
6761.330078125,0.6729000210762024
6761.6298828125,0.6726999878883362
6761.9501953125,0.6725000143051147
6762.25,0.6723999977111816
6762.56982421875,0.6722000241279602
6762.8701171875,0.671999990940094
6763.18994140625,0.6718999743461609
6763.490234375,0.6717000007629395
6763.81005859375,0.671500027179718
6764.1201171875,0.6714000105857849
6764.43017578125,0.6711999773979187
6764.740234375,0.6710000038146973
6765.0498046875,0.6708999872207642
6765.35986328125,0.6707000136375427
6765.669921875,0.6704999804496765
6765.97998046875,0.6704000234603882
6766.2900390625,0.670199990272522
6766.60009765625,0.6700000166893005
6766.91015625,0.6699000000953674
6767.22021484375,0.669700026512146
6767.52978515625,0.6694999933242798
6767.83984375,0.6693999767303467
6768.14990234375,0.6692000031471252
6768.4599609375,0.6690000295639038
6768.77001953125,0.6689000129699707
6769.080078125,0.6686999797821045
6769.39013671875,0.6685000061988831
6769.7099609375,0.66839998960495
6770.009765625,0.6682000160217285
6770.330078125,0.6679999828338623
6770.64013671875,0.667900025844574
6770.9501953125,0.6676999926567078
6771.259765625,0.6675000190734863
6771.56982421875,0.6674000024795532
6771.8798828125,0.6672000288963318
6772.18994140625,0.6669999957084656
6772.5,0.6668000221252441
6772.81005859375,0.666700005531311
6773.1201171875,0.6664999723434448
6773.43017578125,0.6664000153541565
6773.740234375,0.6661999821662903
6774.0498046875,0.6660000085830688
6774.35986328125,0.6657999753952026
6774.669921875,0.6657000184059143
6774.97998046875,0.6654999852180481
6775.2900390625,0.6653000116348267
6775.60986328125,0.6651999950408936
6775.91015625,0.6650000214576721
6776.22998046875,0.6647999882698059
6776.5400390625,0.6646999716758728
6776.85009765625,0.6644999980926514
6777.16015625,0.6643000245094299
6777.47021484375,0.6642000079154968
6777.77978515625,0.6639999747276306
6778.08984375,0.6638000011444092
6778.39990234375,0.6636999845504761
6778.7099609375,0.6635000109672546
6779.02001953125,0.6632999777793884
6779.330078125,0.6632000207901001
6779.64990234375,0.6629999876022339
6779.9599609375,0.6628000140190125
6780.27001953125,0.6626999974250793
6780.580078125,0.6625000238418579
6780.89013671875,0.6622999906539917
6781.2001953125,0.6621999740600586
6781.509765625,0.6620000004768372
6781.81982421875,0.6618000268936157
6782.14013671875,0.6615999937057495
6782.4501953125,0.6614999771118164
6782.759765625,0.661300003528595
6783.06982421875,0.6610999703407288
6783.3798828125,0.6610000133514404
6783.68994140625,0.6607999801635742
6784.0,0.6606000065803528
6784.31005859375,0.6604999899864197
6784.6201171875,0.6603000164031982
6784.93017578125,0.660099983215332
6785.240234375,0.6600000262260437
6785.56005859375,0.6597999930381775
6785.85986328125,0.659600019454956
6786.18017578125,0.659500002861023
6786.490234375,0.6593000292778015
6786.7998046875,0.6590999960899353
6787.10986328125,0.6589999794960022
6787.43017578125,0.6588000059127808
6787.72998046875,0.6585999727249146
6788.0498046875,0.6585000157356262
6788.35986328125,0.65829998254776
6788.669921875,0.6581000089645386
6788.97998046875,0.6579999923706055
6789.2900390625,0.657800018787384
6789.60009765625,0.6575999855995178
6789.919921875,0.6574000120162964
6790.22021484375,0.6572999954223633
6790.5400390625,0.6571000218391418
6790.85009765625,0.6568999886512756
6791.16015625,0.6567999720573425
6791.47021484375,0.6565999984741211
6791.77978515625,0.6564000248908997
6792.10009765625,0.6563000082969666
6792.41015625,0.6560999751091003
6792.72021484375,0.6559000015258789
6793.02978515625,0.6557999849319458
6793.33984375,0.6556000113487244
6793.66015625,0.6553999781608582
6793.9599609375,0.6553000211715698
6794.27978515625,0.6550999879837036
6794.58984375,0.6549000144004822
6794.89990234375,0.6547999978065491
6795.2099609375,0.6546000242233276
6795.52001953125,0.6543999910354614
6795.830078125,0.6542999744415283
6796.14013671875,0.6541000008583069
6796.4599609375,0.6539000272750854
6796.77001953125,0.6536999940872192
6797.080078125,0.6535999774932861
6797.39013671875,0.6534000039100647
6797.7001953125,0.6531999707221985
6798.02001953125,0.6531000137329102
6798.330078125,0.652899980545044
6798.64013671875,0.6527000069618225
6798.9501953125,0.6525999903678894
6799.27001953125,0.652400016784668
6799.580078125,0.6521999835968018
6799.89013671875,0.6521000266075134
6800.2001953125,0.6518999934196472
6800.509765625,0.6517000198364258
6800.81982421875,0.6514999866485596
6801.1298828125,0.6513000130653381
6801.4501953125,0.6510999798774719
6801.759765625,0.6509000062942505
6802.06982421875,0.6506999731063843
6802.3798828125,0.6504999995231628
6802.68994140625,0.6503000259399414
6803.0,0.6500999927520752
6803.31982421875,0.6499000191688538
6803.6298828125,0.6496999859809875
6803.93994140625,0.6496000289916992
6804.259765625,0.649399995803833
6804.56982421875,0.6492000222206116
6804.8798828125,0.6489999890327454
6805.18994140625,0.6488000154495239
6805.5,0.6485999822616577
6805.81005859375,0.6484000086784363
6806.1298828125,0.6481999754905701
6806.43994140625,0.6480000019073486
6806.75,0.6478000283241272
6807.06005859375,0.647599995136261
6807.3798828125,0.6474000215530396
6807.68994140625,0.6471999883651733
6808.0,0.6470000147819519
6808.31005859375,0.6467999815940857
6808.6201171875,0.6467000246047974
6808.93994140625,0.6464999914169312
6809.25,0.6463000178337097
6809.56005859375,0.6460999846458435
6809.8798828125,0.6459000110626221
6810.18994140625,0.6456999778747559
6810.5,0.6455000042915344
6810.81005859375,0.6452999711036682
6811.1201171875,0.6450999975204468
6811.43017578125,0.6449000239372253
6811.75,0.6446999907493591
6812.06005859375,0.6445000171661377
6812.3701171875,0.6442999839782715
6812.68017578125,0.64410001039505
6812.990234375,0.6438999772071838
6813.31005859375,0.6437000036239624
6813.6201171875,0.6435999870300293
6813.93017578125,0.6434000134468079
6814.25,0.6431999802589417
6814.56005859375,0.6430000066757202
6814.8701171875,0.642799973487854
6815.18017578125,0.6425999999046326
6815.5,0.6424000263214111
6815.81005859375,0.6421999931335449
6816.1298828125,0.6420000195503235
6816.43994140625,0.6417999863624573
6816.75,0.6416000127792358
6817.06005859375,0.6413999795913696
6817.3701171875,0.6412000060081482
6817.68994140625,0.640999972820282
6818.0,0.6407999992370605
6818.31005859375,0.6406000256538391
6818.6201171875,0.640500009059906
6818.93017578125,0.6402999758720398
6819.25,0.6401000022888184
6819.56005859375,0.6399000287055969
6819.8798828125,0.6396999955177307
6820.18994140625,0.6395000219345093
6820.5,0.6392999887466431
6820.81005859375,0.6391000151634216
6821.1298828125,0.6388999819755554
6821.43994140625,0.638700008392334
6821.759765625,0.6384999752044678
6822.06982421875,0.6383000016212463
6822.3798828125,0.6381000280380249
6822.68994140625,0.6378999948501587
6823.0,0.6377000212669373
6823.31982421875,0.637499988079071
6823.6298828125,0.6373999714851379
6823.93994140625,0.6371999979019165
6824.25,0.6370000243186951
6824.56005859375,0.6367999911308289
6824.8798828125,0.6366000175476074
6825.18994140625,0.6363999843597412
6825.509765625,0.6362000107765198
6825.81982421875,0.6359999775886536
6826.1298828125,0.6358000040054321
6826.4501953125,0.6355999708175659
6826.759765625,0.6353999972343445
6827.080078125,0.635200023651123
6827.39013671875,0.6349999904632568
6827.7001953125,0.6348000168800354
6828.009765625,0.6345999836921692
6828.31982421875,0.6344000101089478
6828.64013671875,0.6341999769210815
6828.9501953125,0.6340000033378601
6829.259765625,0.633899986743927
6829.580078125,0.6337000131607056
6829.89013671875,0.6334999799728394
6830.2001953125,0.6333000063896179
6830.52001953125,0.6330999732017517
6830.830078125,0.6328999996185303
6831.14013671875,0.6327000260353088
6831.4599609375,0.6324999928474426
6831.77001953125,0.6323000192642212
6832.080078125,0.632099986076355
6832.39990234375,0.6319000124931335
6832.7099609375,0.6316999793052673
6833.02978515625,0.6315000057220459
6833.33984375,0.6312999725341797
6833.64990234375,0.6310999989509583
6833.97021484375,0.6309000253677368
6834.27978515625,0.6306999921798706
6834.58984375,0.6305999755859375
6834.91015625,0.6304000020027161
6835.22021484375,0.6302000284194946
6835.52978515625,0.6299999952316284
6835.83984375,0.629800021648407
6836.16015625,0.6295999884605408
6836.47021484375,0.6294000148773193
6836.77978515625,0.6291999816894531
6837.10009765625,0.6290000081062317
6837.41015625,0.6287999749183655
6837.72998046875,0.628600001335144
6838.0400390625,0.6284000277519226
6838.35009765625,0.6281999945640564
6838.669921875,0.628000020980835
6838.97998046875,0.6277999877929688
6839.2998046875,0.6276000142097473
6839.60986328125,0.6273999810218811
6839.919921875,0.6272000074386597
6840.240234375,0.6270999908447266
6840.5498046875,0.6269000172615051
6840.85986328125,0.6266999840736389
6841.169921875,0.6265000104904175
6841.490234375,0.6262999773025513
6841.7998046875,0.6261000037193298
6842.1201171875,0.6258999705314636
6842.43017578125,0.6256999969482422
6842.75,0.6255000233650208
6843.06005859375,0.6252999901771545
6843.3701171875,0.6251000165939331
6843.68994140625,0.6248999834060669
6844.0,0.6247000098228455
6844.31982421875,0.6244999766349792
6844.6298828125,0.6243000030517578
6844.93994140625,0.6241000294685364
6845.259765625,0.6238999962806702
6845.56982421875,0.6237000226974487
6845.89013671875,0.6236000061035156
6846.2001953125,0.6233999729156494
6846.509765625,0.623199999332428
6846.81982421875,0.6230000257492065
6847.14013671875,0.6227999925613403
6847.4501953125,0.6226000189781189
6847.77001953125,0.6223999857902527
6848.080078125,0.6222000122070312
6848.39990234375,0.621999979019165
6848.7099609375,0.6218000054359436
6849.02001953125,0.6215999722480774
6849.33984375,0.621399998664856
6849.66015625,0.6212000250816345
6849.97021484375,0.6209999918937683
6850.27978515625,0.6208000183105469
6850.60009765625,0.6207000017166138
6850.91015625,0.6205000281333923
6851.22998046875,0.6202999949455261
6851.5400390625,0.6201000213623047
6851.85009765625,0.6200000047683716
6852.169921875,0.6197999715805054
6852.47998046875,0.6195999979972839
6852.7900390625,0.6194000244140625
6853.10986328125,0.6193000078201294
6853.419921875,0.6190999746322632
6853.740234375,0.6189000010490417
6854.0498046875,0.6187000274658203
6854.3701171875,0.6186000108718872
6854.68017578125,0.618399977684021
6854.990234375,0.6182000041007996
6855.31005859375,0.6179999709129333
6855.6298828125,0.6177999973297119
6855.93994140625,0.6176999807357788
6856.259765625,0.6175000071525574
6856.56982421875,0.6172999739646912
6856.8798828125,0.6171000003814697
6857.2001953125,0.6169999837875366
6857.509765625,0.6168000102043152
6857.830078125,0.616599977016449
6858.14013671875,0.6164000034332275
6858.4501953125,0.6162999868392944
6858.77001953125,0.616100013256073
6859.080078125,0.6158999800682068
6859.39990234375,0.6157000064849854
6859.7099609375,0.6155999898910522
6860.02978515625,0.6154000163078308
6860.33984375,0.6151999831199646
6860.66015625,0.6150000095367432
6860.97021484375,0.6148999929428101
6861.2900390625,0.6147000193595886
6861.60009765625,0.6144999861717224
6861.919921875,0.614300012588501
6862.22998046875,0.6141999959945679
6862.5400390625,0.6140000224113464
6862.85986328125,0.6137999892234802
6863.169921875,0.6136000156402588
6863.490234375,0.6133999824523926
6863.7998046875,0.6133000254631042
6864.1201171875,0.613099992275238
6864.43017578125,0.6129000186920166
6864.740234375,0.6126999855041504
6865.06005859375,0.6126000285148621
6865.3798828125,0.6123999953269958
6865.68994140625,0.6122000217437744
6866.009765625,0.6119999885559082
6866.31982421875,0.6118999719619751
6866.64013671875,0.6116999983787537
6866.9501953125,0.6115000247955322
6867.27001953125,0.611299991607666
6867.58984375,0.6111999750137329
6867.89990234375,0.6110000014305115
6868.2099609375,0.61080002784729
6868.52978515625,0.6105999946594238
6868.83984375,0.6104000210762024
6869.16015625,0.6103000044822693
6869.47021484375,0.6100999712944031
6869.7900390625,0.6098999977111816
6870.10009765625,0.6097000241279602
6870.419921875,0.6096000075340271
6870.72998046875,0.6093999743461609
6871.0498046875,0.6092000007629395
6871.35986328125,0.609000027179718
6871.68017578125,0.6089000105857849
6871.990234375,0.6086999773979187
6872.31005859375,0.6085000038146973
6872.6298828125,0.608299970626831
6872.93994140625,0.6082000136375427
6873.259765625,0.6079999804496765
6873.56982421875,0.6078000068664551
6873.89013671875,0.6075999736785889
6874.2001953125,0.6074000000953674
6874.52001953125,0.6072999835014343
6874.830078125,0.6071000099182129
6875.14990234375,0.6068999767303467
6875.4599609375,0.6067000031471252
6875.77001953125,0.6065999865531921
6876.08984375,0.6064000129699707
6876.41015625,0.6061999797821045
6876.72021484375,0.6060000061988831
6877.0400390625,0.60589998960495
6877.35009765625,0.6057000160217285
6877.669921875,0.6054999828338623
6877.990234375,0.6053000092506409
6878.2998046875,0.6051999926567078
6878.6201171875,0.6050000190734863
6878.93017578125,0.6047999858856201
6879.25,0.6046000123023987
6879.56005859375,0.6043999791145325
6879.8798828125,0.6043000221252441
6880.18994140625,0.6040999889373779
6880.509765625,0.6039000153541565
6880.81982421875,0.6036999821662903
6881.14013671875,0.603600025177002
6881.4501953125,0.6033999919891357
6881.77001953125,0.6032000184059143
6882.08984375,0.6029999852180481
6882.39990234375,0.6029000282287598
6882.72021484375,0.6026999950408936
6883.02978515625,0.6025000214576721
6883.35009765625,0.6022999882698059
6883.669921875,0.6021000146865845
6883.97998046875,0.6019999980926514
6884.2998046875,0.6018000245094299
6884.60986328125,0.6015999913215637
6884.93017578125,0.6014000177383423
6885.240234375,0.6013000011444092
6885.56005859375,0.6011000275611877
6885.8701171875,0.6008999943733215
6886.18994140625,0.6007000207901001
6886.5,0.600600004196167
6886.81982421875,0.6003999710083008
6887.14013671875,0.6001999974250793
6887.4501953125,0.6000000238418579
6887.77001953125,0.5997999906539917
6888.08984375,0.5996999740600586
6888.39990234375,0.5995000004768372
6888.72021484375,0.5993000268936157
6889.02978515625,0.5990999937057495
6889.35009765625,0.5989999771118164
6889.669921875,0.598800003528595
6889.97998046875,0.5985999703407288
6890.2998046875,0.5983999967575073
6890.6201171875,0.5982999801635742
6890.93017578125,0.5981000065803528
6891.240234375,0.5978999733924866
6891.56005859375,0.5976999998092651
6891.8798828125,0.5975000262260437
6892.18994140625,0.5974000096321106
6892.509765625,0.5971999764442444
6892.81982421875,0.597000002861023
6893.14013671875,0.5968000292778015
6893.4599609375,0.5967000126838684
6893.77001953125,0.5964999794960022
6894.08984375,0.5963000059127808
6894.41015625,0.5960999727249146
6894.72021484375,0.5960000157356262
6895.0400390625,0.59579998254776
6895.35986328125,0.5956000089645386
6895.68017578125,0.5953999757766724
6895.990234375,0.5952000021934509
6896.2998046875,0.5950999855995178
6896.6201171875,0.5949000120162964
6896.93994140625,0.5946999788284302
6897.25,0.5945000052452087
6897.56982421875,0.5943999886512756
6897.89013671875,0.5942000150680542
6898.2001953125,0.593999981880188
6898.52001953125,0.5938000082969666
6898.830078125,0.5936999917030334
6899.14990234375,0.593500018119812
6899.47021484375,0.5932999849319458
6899.77978515625,0.5931000113487244
6900.10009765625,0.5928999781608582
6900.419921875,0.5928000211715698
6900.72998046875,0.5925999879837036
6901.0498046875,0.5924000144004822
6901.3701171875,0.592199981212616
6901.68994140625,0.5920000076293945
6902.0,0.5917999744415283
6902.31982421875,0.59170001745224
6902.6298828125,0.5914999842643738
6902.9501953125,0.5913000106811523
6903.27001953125,0.5910999774932861
6903.580078125,0.5909000039100647
6903.89013671875,0.5906999707221985
6904.2099609375,0.5906000137329102
6904.52978515625,0.590399980545044
6904.85009765625,0.5902000069618225
6905.16015625,0.5899999737739563
6905.47998046875,0.5898000001907349
6905.7998046875,0.5896000266075134
6906.1201171875,0.5895000100135803
6906.43017578125,0.5892999768257141
6906.75,0.5891000032424927
6907.06982421875,0.5889000296592712
6907.3798828125,0.588699996471405
6907.7001953125,0.5885000228881836
6908.02001953125,0.5882999897003174
6908.330078125,0.5881999731063843
6908.64990234375,0.5879999995231628
6908.97021484375,0.5878000259399414
6909.27978515625,0.5875999927520752
6909.60009765625,0.5874000191688538
6909.919921875,0.5871999859809875
6910.22998046875,0.5871000289916992
6910.5498046875,0.586899995803833
6910.85986328125,0.5867000222206116
6911.18017578125,0.5864999890327454
6911.5,0.5863000154495239
6911.81982421875,0.5860999822616577
6912.14013671875,0.5860000252723694
6912.4501953125,0.5857999920845032
6912.77001953125,0.5856000185012817
6913.08984375,0.5853999853134155
6913.41015625,0.5852000117301941
6913.72998046875,0.5849999785423279
6914.0400390625,0.5849000215530396
6914.35986328125,0.5846999883651733
6914.669921875,0.5845000147819519
6914.990234375,0.5842999815940857
6915.2998046875,0.5841000080108643
6915.6201171875,0.583899974822998
6915.93994140625,0.5838000178337097
6916.259765625,0.5835999846458435
6916.56982421875,0.5834000110626221
6916.89013671875,0.5831999778747559
6917.2099609375,0.5830000042915344
6917.52978515625,0.5827999711036682
6917.85009765625,0.5825999975204468
6918.16015625,0.5824999809265137
6918.47998046875,0.5823000073432922
6918.7998046875,0.582099974155426
6919.10986328125,0.5819000005722046
6919.43017578125,0.5817000269889832
6919.75,0.5814999938011169
6920.06982421875,0.5813999772071838
6920.3798828125,0.5812000036239624
6920.7001953125,0.5809999704360962
6921.02001953125,0.5807999968528748
6921.33984375,0.5806000232696533
6921.64990234375,0.5803999900817871
6921.97021484375,0.580299973487854
6922.2900390625,0.5800999999046326
6922.60009765625,0.5799000263214111
6922.919921875,0.5796999931335449
6923.240234375,0.5795000195503235
6923.56005859375,0.5792999863624573
6923.8701171875,0.579200029373169
6924.18994140625,0.5789999961853027
6924.509765625,0.5788000226020813
6924.830078125,0.5785999894142151
6925.14013671875,0.5784000158309937
6925.4599609375,0.5781999826431274
6925.77978515625,0.578000009059906
6926.10009765625,0.5778999924659729
6926.41015625,0.5777000188827515
6926.72998046875,0.5774999856948853
6927.0498046875,0.5773000121116638
6927.3701171875,0.5770999789237976
6927.68994140625,0.5769000053405762
6928.0,0.5767999887466431
6928.31982421875,0.5766000151634216
6928.64013671875,0.5763999819755554
6928.9599609375,0.576200008392334
6929.27001953125,0.5759999752044678
6929.58984375,0.5758000016212463
6929.91015625,0.5756999850273132
6930.22998046875,0.5755000114440918
6930.5400390625,0.5752999782562256
6930.85986328125,0.5751000046730042
6931.18017578125,0.5748999714851379
6931.5,0.5746999979019165
6931.81982421875,0.5745000243186951
6932.14013671875,0.574400007724762
6932.4599609375,0.5741999745368958
6932.77001953125,0.5740000009536743
6933.08984375,0.5738000273704529
6933.41015625,0.5735999941825867
6933.72998046875,0.5734000205993652
6934.0400390625,0.5733000040054321
6934.35986328125,0.5730999708175659
6934.68017578125,0.5728999972343445
6935.0,0.572700023651123
6935.31005859375,0.5724999904632568
6935.6298828125,0.5723000168800354
6935.9501953125,0.5720999836921692
6936.27001953125,0.5720000267028809
6936.58984375,0.5717999935150146
6936.91015625,0.5716000199317932
6937.22998046875,0.571399986743927
6937.5400390625,0.5712000131607056
6937.85986328125,0.5709999799728394
6938.18017578125,0.570900022983551
6938.5,0.5706999897956848
6938.81982421875,0.5705000162124634
6939.1298828125,0.5702999830245972
6939.4501953125,0.5701000094413757
6939.77001953125,0.5698999762535095
6940.08984375,0.5697000026702881
6940.41015625,0.569599986076355
6940.72998046875,0.5694000124931335
6941.0400390625,0.5691999793052673
6941.35986328125,0.5690000057220459
6941.68017578125,0.5687999725341797
6942.0,0.5685999989509583
6942.31982421875,0.5684999823570251
6942.64013671875,0.5683000087738037
6942.9501953125,0.5680999755859375
6943.27001953125,0.5679000020027161
6943.58984375,0.5677000284194946
6943.91015625,0.5674999952316284
6944.22998046875,0.567300021648407
6944.5498046875,0.5672000050544739
6944.8701171875,0.5669999718666077
6945.18994140625,0.5667999982833862
6945.5,0.5666000247001648
6945.81982421875,0.5663999915122986
6946.14013671875,0.5662000179290771
6946.4599609375,0.566100001335144
6946.77978515625,0.5659000277519226
6947.08984375,0.5656999945640564
6947.41015625,0.565500020980835
6947.72998046875,0.5652999877929688
6948.0498046875,0.5651000142097473
6948.3701171875,0.5648999810218811
6948.68994140625,0.5648000240325928
6949.009765625,0.5645999908447266
6949.330078125,0.5644000172615051
6949.64013671875,0.5641999840736389
6949.9599609375,0.5640000104904175
6950.27978515625,0.5637999773025513
6950.60009765625,0.5636000037193298
6950.919921875,0.5633999705314636
6951.240234375,0.5633000135421753
6951.56005859375,0.5630999803543091
6951.8798828125,0.5629000067710876
6952.18994140625,0.5626999735832214
6952.509765625,0.5625
6952.830078125,0.5623000264167786
6953.14990234375,0.5620999932289124
6953.47021484375,0.5619000196456909
6953.7900390625,0.5616999864578247
6954.10986328125,0.5615000128746033
6954.43017578125,0.5612999796867371
6954.75,0.5612000226974487
6955.06005859375,0.5609999895095825
6955.3798828125,0.5608000159263611
6955.7001953125,0.5605999827384949
6956.02001953125,0.5604000091552734
6956.33984375,0.5601999759674072
6956.66015625,0.5600000023841858
6956.97998046875,0.5598000288009644
6957.2998046875,0.5595999956130981
6957.6201171875,0.5594000220298767
6957.93994140625,0.5591999888420105
6958.25,0.5590000152587891
6958.56982421875,0.558899998664856
6958.89013671875,0.5587000250816345
6959.2099609375,0.5584999918937683
6959.52978515625,0.5583000183105469
6959.85009765625,0.5580999851226807
6960.169921875,0.5579000115394592
6960.490234375,0.557699978351593
6960.81005859375,0.5575000047683716
6961.1298828125,0.5572999715805054
6961.4501953125,0.5570999979972839
6961.759765625,0.5569000244140625
6962.08984375,0.5566999912261963
6962.41015625,0.5565999746322632
6962.72021484375,0.5564000010490417
6963.0400390625,0.5562000274658203
6963.3701171875,0.5559999942779541
6963.68017578125,0.5558000206947327
6964.0,0.5555999875068665
6964.31982421875,0.555400013923645
6964.64013671875,0.5551999807357788
6964.9599609375,0.5550000071525574
6965.27978515625,0.5547999739646912
6965.60009765625,0.5546000003814697
6965.919921875,0.5544000267982483
6966.240234375,0.5543000102043152
6966.56005859375,0.554099977016449
6966.8798828125,0.5539000034332275
6967.2001953125,0.5536999702453613
6967.509765625,0.5534999966621399
6967.830078125,0.5533000230789185
6968.14990234375,0.5530999898910522
6968.47998046875,0.5529000163078308
6968.7900390625,0.5526999831199646
6969.10986328125,0.5525000095367432
6969.43017578125,0.552299976348877
6969.75,0.5521000027656555
6970.06982421875,0.5519999861717224
6970.39013671875,0.551800012588501
6970.7099609375,0.5515999794006348
6971.02978515625,0.5514000058174133
6971.35009765625,0.5511999726295471
6971.669921875,0.5509999990463257
6971.990234375,0.5508000254631042
6972.31005859375,0.550599992275238
6972.6298828125,0.5504000186920166
6972.9501953125,0.5501999855041504
6973.27001953125,0.550000011920929
6973.58984375,0.5497999787330627
6973.91015625,0.5497000217437744
6974.22998046875,0.5494999885559082
6974.5498046875,0.5493000149726868
6974.8701171875,0.5490999817848206
6975.18994140625,0.5489000082015991
6975.509765625,0.5486999750137329
6975.830078125,0.5485000014305115
6976.14990234375,0.54830002784729
6976.47021484375,0.5480999946594238
6976.7900390625,0.5479000210762024
6977.10986328125,0.5476999878883362
6977.43017578125,0.5475000143051147
6977.75,0.5473999977111816
6978.06982421875,0.5472000241279602
6978.39013671875,0.546999990940094
6978.7099609375,0.5468000173568726
6979.02978515625,0.5465999841690063
6979.35009765625,0.5464000105857849
6979.669921875,0.5461999773979187
6979.990234375,0.5460000038146973
6980.31005859375,0.545799970626831
6980.6298828125,0.5455999970436096
6980.9501953125,0.5454000234603882
6981.27001953125,0.545199990272522
6981.58984375,0.5450000166893005
6981.91015625,0.5449000000953674
6982.22998046875,0.544700026512146
6982.5498046875,0.5444999933242798
6982.8701171875,0.5443000197410583
6983.18994140625,0.5440999865531921
6983.509765625,0.5439000129699707
6983.830078125,0.5436999797821045
6984.14990234375,0.5435000061988831
6984.47021484375,0.5432999730110168
6984.7900390625,0.5430999994277954
6985.10986328125,0.542900025844574
6985.43017578125,0.5426999926567078
6985.75,0.5425000190734863
6986.06982421875,0.5424000024795532
6986.39013671875,0.5422000288963318
6986.72021484375,0.5419999957084656
6987.02978515625,0.5418000221252441
6987.35986328125,0.5415999889373779
6987.669921875,0.5414000153541565
6988.0,0.5411999821662903
6988.31982421875,0.5410000085830688
6988.64013671875,0.5407999753952026
6988.9599609375,0.5406000018119812
6989.27978515625,0.5404000282287598
6989.60009765625,0.5401999950408936
6989.919921875,0.5400000214576721
6990.240234375,0.539900004863739
6990.56005859375,0.5396999716758728
6990.8798828125,0.5394999980926514
6991.2001953125,0.5393000245094299
6991.52001953125,0.5390999913215637
6991.85009765625,0.5389000177383423
6992.16015625,0.5386999845504761
6992.47998046875,0.5385000109672546
6992.7998046875,0.5382999777793884
6993.1201171875,0.538100004196167
6993.4501953125,0.5378999710083008
6993.77001953125,0.5376999974250793
6994.08984375,0.5375000238418579
6994.41015625,0.5374000072479248
6994.72998046875,0.5371999740600586
6995.0498046875,0.5370000004768372
6995.3701171875,0.5368000268936157
6995.68994140625,0.5365999937057495
6996.02001953125,0.5364000201225281
6996.330078125,0.5361999869346619
6996.64990234375,0.5360000133514404
6996.97998046875,0.5357999801635742
6997.2900390625,0.5356000065803528
6997.6201171875,0.5353999733924866
6997.93994140625,0.5351999998092651
6998.259765625,0.5350000262260437
6998.580078125,0.5349000096321106
6998.89990234375,0.5346999764442444
6999.22021484375,0.534500002861023
6999.5498046875,0.5343000292778015
6999.85986328125,0.5340999960899353
7000.18017578125,0.5339000225067139
7000.509765625,0.5336999893188477
7000.830078125,0.5335000157356262
7001.14990234375,0.53329998254776
7001.47021484375,0.5331000089645386
7001.7900390625,0.5328999757766724
7002.10986328125,0.5327000021934509
7002.43017578125,0.5325000286102295
7002.759765625,0.5322999954223633
7003.080078125,0.5321000218391418
7003.39013671875,0.5318999886512756
7003.72021484375,0.5317000150680542
7004.0400390625,0.531499981880188
7004.35986328125,0.5313000082969666
7004.68017578125,0.5310999751091003
7005.0,0.5309000015258789
7005.31982421875,0.5307000279426575
7005.64990234375,0.5304999947547913
7005.97021484375,0.5303000211715698
7006.2900390625,0.5300999879837036
7006.60986328125,0.5299000144004822
7006.93017578125,0.529699981212616
7007.25,0.5295000076293945
7007.56982421875,0.5292999744415283
7007.89013671875,0.5291000008583069
7008.22021484375,0.5289000272750854
7008.5400390625,0.5286999940872192
7008.85986328125,0.5285000205039978
7009.18017578125,0.5282999873161316
7009.5,0.5281000137329102
7009.830078125,0.527899980545044
7010.14990234375,0.5277000069618225
7010.4599609375,0.5274999737739563
7010.7900390625,0.5273000001907349
7011.10986328125,0.5271000266075134
7011.43017578125,0.5268999934196472
7011.75,0.5267000198364258
7012.06982421875,0.5264999866485596
7012.39990234375,0.5263000130653381
7012.72021484375,0.5260999798774719
7013.0400390625,0.5259000062942505
7013.35986328125,0.5256999731063843
7013.68017578125,0.5254999995231628
7014.009765625,0.5253000259399414
7014.330078125,0.5250999927520752
7014.64013671875,0.5249000191688538
7014.97021484375,0.5246999859809875
7015.2900390625,0.5245000123977661
7015.60986328125,0.5242999792098999
7015.93994140625,0.5241000056266785
7016.25,0.5238999724388123
7016.580078125,0.5236999988555908
7016.89990234375,0.5235000252723694
7017.22021484375,0.5232999920845032
7017.5400390625,0.5231000185012817
7017.85986328125,0.5228999853134155
7018.18017578125,0.5227000117301941
7018.509765625,0.5224999785423279
7018.830078125,0.5223000049591064
7019.14990234375,0.5220999717712402
7019.47998046875,0.5218999981880188
7019.7998046875,0.5217000246047974
7020.1201171875,0.5214999914169312
7020.43994140625,0.5213000178337097
7020.759765625,0.5210999846458435
7021.08984375,0.5209000110626221
7021.41015625,0.5206999778747559
7021.72998046875,0.5205000042915344
7022.0498046875,0.5202999711036682
7022.3701171875,0.5200999975204468
7022.68994140625,0.5199000239372253
7023.02001953125,0.5196999907493591
7023.33984375,0.5195000171661377
7023.66015625,0.5192999839782715
7023.990234375,0.51910001039505
7024.31005859375,0.5188999772071838
7024.6298828125,0.5187000036239624
7024.9501953125,0.5184999704360962
7025.27001953125,0.5182999968528748
7025.58984375,0.5181000232696533
7025.91015625,0.5178999900817871
7026.240234375,0.5177000164985657
7026.56005859375,0.5174999833106995
7026.8798828125,0.517300009727478
7027.2099609375,0.5170999765396118
7027.52978515625,0.5169000029563904
7027.85009765625,0.516700029373169
7028.169921875,0.5164999961853027
7028.490234375,0.5163000226020813
7028.81005859375,0.5160999894142151
7029.14013671875,0.5159000158309937
7029.4599609375,0.5156999826431274
7029.77978515625,0.515500009059906
7030.10986328125,0.5152999758720398
7030.43017578125,0.5151000022888184
7030.75,0.5149000287055969
7031.06982421875,0.5146999955177307
7031.39990234375,0.5145000219345093
7031.72021484375,0.5142999887466431
7032.0400390625,0.5141000151634216
7032.35986328125,0.5138999819755554
7032.68994140625,0.513700008392334
7033.009765625,0.5134999752044678
7033.330078125,0.5133000016212463
7033.64990234375,0.5131000280380249
7033.97998046875,0.5128999948501587
7034.2998046875,0.5127000212669373
7034.6201171875,0.512499988079071
7034.9501953125,0.5123000144958496
7035.27001953125,0.5120999813079834
7035.58984375,0.511900007724762
7035.91015625,0.5116999745368958
7036.240234375,0.5115000009536743
7036.56005859375,0.5113000273704529
7036.8798828125,0.5110999941825867
7037.2001953125,0.5109000205993652
7037.52978515625,0.510699987411499
7037.85009765625,0.5105000138282776
7038.169921875,0.5102999806404114
7038.5,0.5101000070571899
7038.81982421875,0.5098999738693237
7039.14013671875,0.5097000002861023
7039.4599609375,0.5095000267028809
7039.77978515625,0.5092999935150146
7040.10986328125,0.5091000199317932
7040.43017578125,0.508899986743927
7040.75,0.5087000131607056
7041.080078125,0.5084999799728394
7041.39990234375,0.5083000063896179
7041.72021484375,0.5080999732017517
7042.0498046875,0.5078999996185303
7042.3701171875,0.5077000260353088
7042.68994140625,0.5074999928474426
7043.009765625,0.5073000192642212
7043.330078125,0.507099986076355
7043.66015625,0.5069000124931335
7043.97998046875,0.5066999793052673
7044.31005859375,0.5065000057220459
7044.6298828125,0.5062999725341797
7044.9599609375,0.5060999989509583
7045.27978515625,0.5059000253677368
7045.60009765625,0.5056999921798706
7045.919921875,0.5055000185966492
7046.25,0.505299985408783
7046.56982421875,0.5051000118255615
7046.89013671875,0.5048999786376953
7047.2099609375,0.5047000050544739
7047.5400390625,0.5044999718666077
7047.85986328125,0.5042999982833862
7048.18994140625,0.5041000247001648
7048.509765625,0.5038999915122986
7048.830078125,0.5037000179290771
7049.16015625,0.5034999847412109
7049.47998046875,0.5033000111579895
7049.7998046875,0.5030999779701233
7050.1201171875,0.5029000043869019
7050.4501953125,0.5026999711990356
7050.77001953125,0.5026000142097473
7051.10009765625,0.5023999810218811
7051.419921875,0.5022000074386597
7051.740234375,0.5019999742507935
7052.06005859375,0.501800000667572
7052.39013671875,0.5016000270843506
7052.7099609375,0.5013999938964844
7053.0400390625,0.5012000203132629
7053.35986328125,0.5011000037193298
7053.68994140625,0.5008999705314636
7054.0,0.5006999969482422
7054.330078125,0.5005000233650208
7054.64990234375,0.5002999901771545
7054.97998046875,0.5001000165939331
7055.2998046875,0.4999000132083893
7055.6201171875,0.49970000982284546
7055.9501953125,0.49959999322891235
7056.27001953125,0.49939998984336853
7056.58984375,0.4991999864578247
7056.919921875,0.49900001287460327
7057.240234375,0.49880000948905945
7057.56005859375,0.4986000061035156
7057.89013671875,0.4984000027179718
7058.2099609375,0.498199999332428
7058.5400390625,0.49799999594688416
7058.85986328125,0.49790000915527344
7059.18017578125,0.4977000057697296
7059.509765625,0.4975000023841858
7059.830078125,0.49729999899864197
7060.16015625,0.49709999561309814
7060.47998046875,0.4968999922275543
7060.7998046875,0.4966999888420105
7061.1201171875,0.4964999854564667
7061.4501953125,0.49639999866485596
7061.77001953125,0.49619999527931213
7062.10009765625,0.4959999918937683
7062.419921875,0.4957999885082245
7062.740234375,0.49559998512268066
7063.06982421875,0.49540001153945923
7063.39013671875,0.4952000081539154
7063.72021484375,0.4950000047683716
7064.0400390625,0.4948999881744385
7064.3701171875,0.49470001459121704
7064.68994140625,0.4945000112056732
7065.009765625,0.4943000078201294
7065.33984375,0.49410000443458557
7065.66015625,0.49390000104904175
7065.97998046875,0.4936999976634979
7066.31005859375,0.4934999942779541
7066.6298828125,0.4934000074863434
7066.9599609375,0.49320000410079956
7067.27978515625,0.49300000071525574
7067.60986328125,0.4927999973297119
7067.93017578125,0.4925999939441681
7068.25,0.49239999055862427
7068.580078125,0.49219998717308044
7068.89990234375,0.492000013589859
7069.22998046875,0.4918000102043152
7069.5498046875,0.4916999936103821
7069.8798828125,0.49149999022483826
7070.2001953125,0.49129998683929443
7070.52001953125,0.491100013256073
7070.85009765625,0.4909000098705292
7071.18017578125,0.49070000648498535
7071.5,0.49050000309944153
7071.81982421875,0.4902999997138977
7072.14013671875,0.490200012922287
7072.47021484375,0.49000000953674316
7072.7900390625,0.48980000615119934
7073.1201171875,0.4896000027656555
7073.43994140625,0.4893999993801117
7073.77001953125,0.48919999599456787
7074.08984375,0.48899999260902405
7074.419921875,0.4887999892234802
7074.740234375,0.4887000024318695
7075.06982421875,0.4884999990463257
7075.39013671875,0.48829999566078186
7075.7099609375,0.48809999227523804
7076.0400390625,0.4878999888896942
7076.35986328125,0.4876999855041504
7076.68994140625,0.48750001192092896
7077.009765625,0.48730000853538513
7077.33984375,0.4871000051498413
7077.66015625,0.4869999885559082
7077.990234375,0.4867999851703644
7078.31005859375,0.48660001158714294
7078.64013671875,0.4864000082015991
7078.9599609375,0.4862000048160553
7079.27978515625,0.4860000014305115
7079.60986328125,0.48579999804496765
7079.93017578125,0.48559999465942383
7080.259765625,0.4855000078678131
7080.580078125,0.4853000044822693
7080.91015625,0.48510000109672546
7081.22998046875,0.48489999771118164
7081.56005859375,0.4846999943256378
7081.8798828125,0.484499990940094
7082.2099609375,0.48429998755455017
7082.5400390625,0.48410001397132874
7082.85009765625,0.4839000105857849
7083.18017578125,0.4837999939918518
7083.509765625,0.483599990606308
7083.830078125,0.48339998722076416
7084.16015625,0.4832000136375427
7084.47998046875,0.4830000102519989
7084.81005859375,0.4828000068664551
7085.1298828125,0.48260000348091125
7085.4599609375,0.48240000009536743
7085.77978515625,0.4821999967098236
7086.10986328125,0.4821000099182129
7086.43017578125,0.48190000653266907
7086.75,0.48170000314712524
7087.080078125,0.4814999997615814
7087.39990234375,0.4812999963760376
7087.72998046875,0.4810999929904938
7088.0498046875,0.48089998960494995
7088.3798828125,0.48069998621940613
7088.7099609375,0.4805000126361847
7089.02978515625,0.4803999960422516
7089.35986328125,0.48019999265670776
7089.68017578125,0.47999998927116394
7090.009765625,0.4797999858856201
7090.330078125,0.4796000123023987
7090.64990234375,0.47940000891685486
7090.97998046875,0.47920000553131104
7091.31005859375,0.4790000021457672
7091.6298828125,0.4788999855518341
7091.9599609375,0.47870001196861267
7092.2900390625,0.47850000858306885
7092.60986328125,0.478300005197525
7092.93994140625,0.4781000018119812
7093.259765625,0.4778999984264374
7093.580078125,0.47769999504089355
7093.91015625,0.47749999165534973
7094.22998046875,0.4772999882698059
7094.56005859375,0.4772000014781952
7094.89013671875,0.47699999809265137
7095.2099609375,0.47679999470710754
7095.5400390625,0.4765999913215637
7095.85986328125,0.4763999879360199
7096.18994140625,0.47620001435279846
7096.52001953125,0.47600001096725464
7096.83984375,0.4758000075817108
7097.169921875,0.475600004196167
7097.490234375,0.4754999876022339
7097.81005859375,0.47530001401901245
7098.14013671875,0.47510001063346863
7098.4599609375,0.4749000072479248
7098.7900390625,0.474700003862381
7099.1201171875,0.47450000047683716
7099.43994140625,0.47429999709129333
7099.77001953125,0.4740999937057495
7100.10009765625,0.4738999903202057
7100.419921875,0.47380000352859497
7100.75,0.47360000014305115
7101.06982421875,0.4733999967575073
7101.39013671875,0.4731999933719635
7101.72021484375,0.4729999899864197
7102.0498046875,0.47290000319480896
7102.3701171875,0.47269999980926514
7102.7001953125,0.4724999964237213
7103.02001953125,0.4722999930381775
7103.35009765625,0.47209998965263367
7103.68017578125,0.47189998626708984
7104.0,0.4717999994754791
7104.330078125,0.4715999960899353
7104.64990234375,0.4713999927043915
7104.97998046875,0.47119998931884766
7105.31005859375,0.47099998593330383
7105.6298828125,0.4708000123500824
7105.9599609375,0.4706999957561493
7106.27978515625,0.47049999237060547
7106.60986328125,0.47029998898506165
7106.93994140625,0.4700999855995178
7107.259765625,0.4699000120162964
7107.58984375,0.4697999954223633
7107.919921875,0.46959999203681946
7108.240234375,0.46939998865127563
7108.56005859375,0.4691999852657318
7108.89013671875,0.4690000116825104
7109.22021484375,0.46880000829696655
7109.5400390625,0.46869999170303345
7109.8701171875,0.4684999883174896
7110.18994140625,0.4683000147342682
7110.52001953125,0.46810001134872437
7110.85009765625,0.46790000796318054
7111.169921875,0.4677000045776367
7111.5,0.4675999879837036
7111.830078125,0.4674000144004822
7112.14990234375,0.46720001101493835
7112.47998046875,0.46700000762939453
7112.7998046875,0.4668000042438507
7113.1298828125,0.4666000008583069
7113.4599609375,0.46650001406669617
7113.77978515625,0.46630001068115234
7114.10986328125,0.4661000072956085
7114.43994140625,0.4659000039100647
7114.759765625,0.4657000005245209
7115.08984375,0.46549999713897705
7115.419921875,0.46540001034736633
7115.740234375,0.4652000069618225
7116.06005859375,0.4650000035762787
7116.39013671875,0.46480000019073486
7116.72021484375,0.46459999680519104
7117.0400390625,0.4645000100135803
7117.3701171875,0.4643000066280365
7117.7001953125,0.4641000032424927
7118.02978515625,0.46389999985694885
7118.35009765625,0.46369999647140503
7118.68017578125,0.4634999930858612
7119.009765625,0.4634000062942505
7119.330078125,0.46320000290870667
7119.66015625,0.46299999952316284
7119.97998046875,0.462799996137619
7120.31005859375,0.4625999927520752
7120.64013671875,0.46239998936653137
7120.9599609375,0.46230000257492065
7121.2900390625,0.46209999918937683
7121.6201171875,0.461899995803833
7121.9501953125,0.4616999924182892
7122.27001953125,0.46149998903274536
7122.60009765625,0.46129998564720154
7122.919921875,0.4611999988555908
7123.25,0.460999995470047
7123.580078125,0.4607999920845032
7123.89990234375,0.46059998869895935
7124.22998046875,0.4603999853134155
7124.56005859375,0.4602000117301941
7124.89013671875,0.460099995136261
7125.2099609375,0.45989999175071716
7125.5400390625,0.45969998836517334
7125.85986328125,0.4595000147819519
7126.18994140625,0.4593000113964081
7126.52001953125,0.459199994802475
7126.83984375,0.45899999141693115
7127.169921875,0.45879998803138733
7127.5,0.4586000144481659
7127.81982421875,0.45840001106262207
7128.14990234375,0.45820000767707825
7128.47998046875,0.45809999108314514
7128.81005859375,0.4578999876976013
7129.14013671875,0.4577000141143799
7129.4599609375,0.45750001072883606
7129.7900390625,0.45730000734329224
7130.1201171875,0.4571000039577484
7130.43994140625,0.4569999873638153
7130.77001953125,0.45680001378059387
7131.08984375,0.45660001039505005
7131.419921875,0.4564000070095062
7131.75,0.4562000036239624
7132.080078125,0.4560000002384186
7132.39990234375,0.45590001344680786
7132.72998046875,0.45570001006126404
7133.06005859375,0.4555000066757202
7133.39013671875,0.4553000032901764
7133.72021484375,0.45509999990463257
7134.0400390625,0.45489999651908875
7134.3701171875,0.454800009727478
7134.68994140625,0.4546000063419342
7135.02001953125,0.4544000029563904
7135.35009765625,0.45419999957084656
7135.669921875,0.45399999618530273
7136.0,0.4537999927997589
7136.330078125,0.4537000060081482
7136.66015625,0.45350000262260437
7136.990234375,0.45329999923706055
7137.31005859375,0.4530999958515167
7137.64013671875,0.4528999924659729
7137.97021484375,0.4526999890804291
7138.2900390625,0.45260000228881836
7138.6201171875,0.45239999890327454
7138.9501953125,0.4521999955177307
7139.27978515625,0.4519999921321869
7139.60009765625,0.45179998874664307
7139.93017578125,0.45159998536109924
7140.259765625,0.4514999985694885
7140.58984375,0.4512999951839447
7140.91015625,0.4510999917984009
7141.240234375,0.45089998841285706
7141.56982421875,0.4507000148296356
7141.89013671875,0.4505000114440918
7142.22021484375,0.4503999948501587
7142.5498046875,0.45019999146461487
7142.8798828125,0.44999998807907104
7143.2099609375,0.4498000144958496
7143.52978515625,0.4496000111103058
7143.85986328125,0.44940000772476196
7144.18994140625,0.44929999113082886
7144.52001953125,0.44909998774528503
7144.83984375,0.4489000141620636
7145.169921875,0.4487000107765198
7145.5,0.44850000739097595
7145.830078125,0.44830000400543213
7146.14990234375,0.448199987411499
7146.47998046875,0.4480000138282776
7146.81005859375,0.44780001044273376
7147.14013671875,0.44760000705718994
7147.47021484375,0.4474000036716461
7147.7998046875,0.4472000002861023
7148.1201171875,0.4471000134944916
7148.4501953125,0.44690001010894775
7148.77001953125,0.44670000672340393
7149.10009765625,0.4465000033378601
7149.43017578125,0.4462999999523163
7149.759765625,0.44609999656677246
7150.08984375,0.44600000977516174
7150.419921875,0.4458000063896179
7150.740234375,0.4456000030040741
7151.06982421875,0.4453999996185303
7151.39990234375,0.44530001282691956
7151.72998046875,0.44510000944137573
7152.06005859375,0.4449000060558319
7152.3798828125,0.4447999894618988
7152.7099609375,0.444599986076355
7153.0400390625,0.44440001249313354
7153.3701171875,0.4442000091075897
7153.7001953125,0.4440999925136566
7154.02978515625,0.4438999891281128
7154.35009765625,0.44369998574256897
7154.68017578125,0.44359999895095825
7155.009765625,0.44339999556541443
7155.33984375,0.4431999921798706
7155.669921875,0.4431000053882599
7155.990234375,0.44290000200271606
7156.31982421875,0.44269999861717224
7156.64990234375,0.4424999952316284
7156.97998046875,0.4424000084400177
7157.31005859375,0.4422000050544739
7157.64013671875,0.44200000166893005
7157.9599609375,0.44190001487731934
7158.2900390625,0.4417000114917755
7158.6201171875,0.4415000081062317
7158.9501953125,0.44130000472068787
7159.27978515625,0.44119998812675476
7159.60009765625,0.4410000145435333
7159.93017578125,0.4408000111579895
7160.259765625,0.4406999945640564
7160.58984375,0.4404999911785126
7160.919921875,0.44029998779296875
7161.25,0.44020000100135803
7161.580078125,0.4399999976158142
7161.91015625,0.4397999942302704
7162.22998046875,0.43959999084472656
7162.56005859375,0.43950000405311584
7162.89013671875,0.439300000667572
7163.22021484375,0.4390999972820282
7163.5498046875,0.4390000104904175
7163.8701171875,0.43880000710487366
7164.2001953125,0.43860000371932983
7164.52978515625,0.438400000333786
7164.85986328125,0.4383000135421753
7165.18994140625,0.43810001015663147
7165.52001953125,0.43790000677108765
7165.85009765625,0.43779999017715454
7166.18017578125,0.4375999867916107
7166.509765625,0.4374000132083893
7166.830078125,0.43720000982284546
7167.16015625,0.43709999322891235
7167.490234375,0.43689998984336853
7167.81982421875,0.4366999864578247
7168.14990234375,0.436599999666214
7168.47998046875,0.43639999628067017
7168.81005859375,0.43619999289512634
7169.14013671875,0.4359999895095825
7169.4599609375,0.4359000027179718
7169.7900390625,0.435699999332428
7170.1201171875,0.43549999594688416
7170.4501953125,0.43540000915527344
7170.77978515625,0.4352000057697296
7171.10009765625,0.4350000023841858
7171.43994140625,0.4348999857902527
7171.77001953125,0.43470001220703125
7172.08984375,0.4345000088214874
7172.419921875,0.4343000054359436
7172.75,0.4341999888420105
7173.080078125,0.4339999854564667
7173.41015625,0.43380001187324524
7173.740234375,0.43369999527931213
7174.06982421875,0.4334999918937683
7174.39990234375,0.4332999885082245
7174.72021484375,0.43309998512268066
7175.0498046875,0.43299999833106995
7175.39013671875,0.4327999949455261
7175.7099609375,0.4325999915599823
7176.0400390625,0.4325000047683716
7176.3701171875,0.43230000138282776
7176.7001953125,0.43209999799728394
7177.02978515625,0.4318999946117401
7177.35986328125,0.4318000078201294
7177.68994140625,0.43160000443458557
7178.02001953125,0.43140000104904175
7178.33984375,0.43130001425743103
7178.669921875,0.4311000108718872
7179.0,0.4309000074863434
7179.330078125,0.43070000410079956
7179.66015625,0.43059998750686646
7179.990234375,0.430400013923645
7180.31982421875,0.4302000105381012
7180.64990234375,0.4300999939441681
7180.97998046875,0.42989999055862427
7181.31005859375,0.42969998717308044
7181.64013671875,0.429500013589859
7181.97021484375,0.4293999969959259
7182.2998046875,0.4291999936103821
7182.6201171875,0.42899999022483826
7182.9599609375,0.42890000343322754
7183.2900390625,0.4287000000476837
7183.60986328125,0.4284999966621399
7183.9501953125,0.42829999327659607
7184.27978515625,0.42820000648498535
7184.60009765625,0.42800000309944153
7184.93994140625,0.4277999997138977
7185.259765625,0.427700012922287
7185.58984375,0.42750000953674316
7185.919921875,0.42730000615119934
7186.25,0.42719998955726624
7186.580078125,0.4269999861717224
7186.91015625,0.426800012588501
7187.240234375,0.42660000920295715
7187.56982421875,0.42649999260902405
7187.89990234375,0.4262999892234802
7188.22998046875,0.4260999858379364
7188.56005859375,0.42590001225471497
7188.89013671875,0.42579999566078186
7189.22021484375,0.42559999227523804
7189.5498046875,0.4253999888896942
7189.8798828125,0.4253000020980835
7190.2099609375,0.4250999987125397
7190.5400390625,0.42489999532699585
7190.8701171875,0.424699991941452
7191.2001953125,0.4246000051498413
7191.52978515625,0.4244000017642975
7191.85986328125,0.42419999837875366
7192.18994140625,0.42410001158714294
7192.52001953125,0.4239000082015991
7192.83984375,0.4237000048160553
7193.18017578125,0.4235000014305115
7193.5,0.42340001463890076
7193.83984375,0.42320001125335693
7194.16015625,0.4230000078678131
7194.5,0.42289999127388
7194.830078125,0.4226999878883362
7195.16015625,0.42250001430511475
7195.490234375,0.4223000109195709
7195.81982421875,0.4221999943256378
7196.14990234375,0.421999990940094
7196.47021484375,0.42179998755455017
7196.7998046875,0.42170000076293945
7197.1298828125,0.42149999737739563
7197.47021484375,0.4212999939918518
7197.7900390625,0.421099990606308
7198.1298828125,0.42100000381469727
7198.4599609375,0.42080000042915344
7198.7900390625,0.4205999970436096
7199.1201171875,0.4205000102519989
7199.4501953125,0.4203000068664551
7199.77978515625,0.42010000348091125
7200.10986328125,0.41990000009536743
7200.43017578125,0.4198000133037567
7200.77001953125,0.4196000099182129
7201.10009765625,0.41940000653266907
7201.43017578125,0.41929998993873596
7201.759765625,0.41909998655319214
7202.08984375,0.4189000129699707
7202.419921875,0.4187000095844269
7202.75,0.4185999929904938
7203.080078125,0.41839998960494995
7203.41015625,0.41819998621940613
7203.740234375,0.4180999994277954
7204.06982421875,0.4178999960422516
7204.39990234375,0.41769999265670776
7204.72998046875,0.41749998927116394
7205.06005859375,0.4174000024795532
7205.39013671875,0.4171999990940094
7205.72021484375,0.4169999957084656
7206.0498046875,0.41690000891685486
7206.39013671875,0.41670000553131104
7206.7099609375,0.4165000021457672
7207.0498046875,0.4162999987602234
7207.3798828125,0.41620001196861267
7207.7001953125,0.41600000858306885
7208.0400390625,0.415800005197525
7208.3701171875,0.4156000018119812
7208.7001953125,0.4154999852180481
7209.02978515625,0.41530001163482666
7209.35986328125,0.41510000824928284
7209.68994140625,0.41499999165534973
7210.02001953125,0.4147999882698059
7210.35009765625,0.4146000146865845
7210.68017578125,0.41440001130104065
7211.02001953125,0.41429999470710754
7211.33984375,0.4140999913215637
7211.669921875,0.4138999879360199
7212.0,0.4138000011444092
7212.330078125,0.41359999775886536
7212.669921875,0.41339999437332153
7213.0,0.4131999909877777
7213.330078125,0.413100004196167
7213.66015625,0.41290000081062317
7213.990234375,0.41269999742507935
7214.31982421875,0.41260001063346863
7214.64990234375,0.4124000072479248
7214.97998046875,0.412200003862381
7215.31005859375,0.41200000047683716
7215.64013671875,0.41190001368522644
7215.97021484375,0.4117000102996826
7216.31005859375,0.4115000069141388
7216.64013671875,0.41130000352859497
7216.97021484375,0.41119998693466187
7217.2998046875,0.41100001335144043
7217.6298828125,0.4108000099658966
7217.9599609375,0.4106999933719635
7218.2900390625,0.4104999899864197
7218.6201171875,0.41029998660087585
7218.9501953125,0.4101000130176544
7219.27978515625,0.4099999964237213
7219.6201171875,0.4097999930381775
7219.9501953125,0.40959998965263367
7220.27978515625,0.40950000286102295
7220.60986328125,0.4092999994754791
7220.93994140625,0.4090999960899353
7221.27001953125,0.4088999927043915
7221.60986328125,0.40880000591278076
7221.93017578125,0.40860000252723694
7222.27001953125,0.4083999991416931
7222.60009765625,0.4081999957561493
7222.93017578125,0.4081000089645386
7223.259765625,0.40790000557899475
7223.58984375,0.4077000021934509
7223.919921875,0.4075999855995178
7224.25,0.4074000120162964
7224.580078125,0.40720000863075256
7224.919921875,0.40700000524520874
7225.25,0.40689998865127563
7225.580078125,0.4066999852657318
7225.91015625,0.4065000116825104
7226.240234375,0.40639999508857727
7226.56982421875,0.40619999170303345
7226.89990234375,0.4059999883174896
7227.22998046875,0.4058000147342682
7227.56982421875,0.4056999981403351
7227.89990234375,0.40549999475479126
7228.22998046875,0.40529999136924744
7228.56005859375,0.4050999879837036
7228.89990234375,0.4050000011920929
7229.22998046875,0.4047999978065491
7229.56005859375,0.40459999442100525
7229.8798828125,0.40450000762939453
7230.22021484375,0.4043000042438507
7230.5498046875,0.4041000008583069
7230.8798828125,0.40389999747276306
7231.2099609375,0.40380001068115234
7231.5498046875,0.4036000072956085
7231.8798828125,0.4034000039100647
7232.2099609375,0.4032999873161316
7232.5400390625,0.40310001373291016
7232.8701171875,0.40290001034736633
7233.2099609375,0.4027000069618225
7233.52978515625,0.4025999903678894
7233.8701171875,0.4023999869823456
7234.2001953125,0.40220001339912415
7234.52978515625,0.4020000100135803
7234.85986328125,0.4018999934196472
7235.2001953125,0.4016999900341034
7235.52978515625,0.40149998664855957
7235.85986328125,0.40139999985694885
7236.18994140625,0.40119999647140503
7236.52001953125,0.4009999930858612
7236.85986328125,0.4007999897003174
7237.18017578125,0.40070000290870667
7237.52001953125,0.40049999952316284
7237.85009765625,0.400299996137619
7238.18017578125,0.4000999927520752
7238.509765625,0.4000000059604645
7238.83984375,0.39980000257492065
7239.18017578125,0.39959999918937683
7239.509765625,0.3995000123977661
7239.83984375,0.3993000090122223
7240.18017578125,0.39910000562667847
7240.509765625,0.39890000224113464
7240.83984375,0.39879998564720154
7241.169921875,0.3986000120639801
7241.5,0.3984000086784363
7241.830078125,0.39820000529289246
7242.169921875,0.39809998869895935
7242.5,0.3978999853134155
7242.830078125,0.3977000117301941
7243.169921875,0.397599995136261
7243.5,0.39739999175071716
7243.830078125,0.39719998836517334
7244.16015625,0.3970000147819519
7244.490234375,0.3968999981880188
7244.81982421875,0.396699994802475
7245.14990234375,0.39649999141693115
7245.490234375,0.39629998803138733
7245.81982421875,0.3962000012397766
7246.14990234375,0.3959999978542328
7246.490234375,0.39579999446868896
7246.81982421875,0.39570000767707825
7247.14990234375,0.3955000042915344
7247.47998046875,0.3953000009059906
7247.81005859375,0.3950999975204468
7248.14990234375,0.39500001072883606
7248.47998046875,0.39480000734329224
7248.81005859375,0.3946000039577484
7249.14013671875,0.3944000005722046
7249.47998046875,0.39430001378059387
7249.81005859375,0.39410001039505005
7250.14013671875,0.3939000070095062
7250.47998046875,0.3937999904155731
7250.81005859375,0.3935999870300293
7251.14013671875,0.3935000002384186
7251.47021484375,0.39329999685287476
7251.81005859375,0.39309999346733093
7252.14013671875,0.3930000066757202
7252.47021484375,0.3928000032901764
7252.7998046875,0.3926999866962433
7253.14013671875,0.39250001311302185
7253.47021484375,0.392300009727478
7253.7998046875,0.3921999931335449
7254.1298828125,0.3919999897480011
7254.47021484375,0.3919000029563904
7254.7998046875,0.39169999957084656
7255.1298828125,0.39149999618530273
7255.47021484375,0.391400009393692
7255.7998046875,0.3912000060081482
7256.1298828125,0.3910999894142151
7256.4599609375,0.39089998602867126
7256.7998046875,0.39070001244544983
7257.1298828125,0.3905999958515167
7257.4599609375,0.3903999924659729
7257.7900390625,0.3903000056743622
7258.1298828125,0.39010000228881836
7258.4599609375,0.38989999890327454
7258.7900390625,0.3898000121116638
7259.1298828125,0.38960000872612
7259.4599609375,0.3894999921321869
7259.7900390625,0.38929998874664307
7260.1201171875,0.38909998536109924
7260.4501953125,0.3889999985694885
7260.7900390625,0.3887999951839447
7261.1201171875,0.388700008392334
7261.4599609375,0.38850000500679016
7261.7900390625,0.38830000162124634
7262.1201171875,0.3882000148296356
7262.4599609375,0.3880000114440918
7262.7900390625,0.3878999948501587
7263.1201171875,0.38769999146461487
7263.4501953125,0.38749998807907104
7263.7900390625,0.3874000012874603
7264.1201171875,0.3871999979019165
7264.4501953125,0.3871000111103058
7264.7900390625,0.38690000772476196
7265.1201171875,0.38670000433921814
7265.4501953125,0.38659998774528503
7265.7900390625,0.3864000141620636
7266.1201171875,0.3862999975681305
7266.4599609375,0.38609999418258667
7266.7900390625,0.38589999079704285
7267.1201171875,0.38580000400543213
7267.4501953125,0.3856000006198883
7267.77978515625,0.3855000138282776
7268.1201171875,0.38530001044273376
7268.4501953125,0.38510000705718994
7268.7900390625,0.38499999046325684
7269.1201171875,0.384799987077713
7269.4501953125,0.3847000002861023
7269.7900390625,0.38449999690055847
7270.1201171875,0.38429999351501465
7270.4501953125,0.38420000672340393
7270.7900390625,0.3840000033378601
7271.1201171875,0.383899986743927
7271.4501953125,0.38370001316070557
7271.7900390625,0.38350000977516174
7272.1201171875,0.38339999318122864
7272.4501953125,0.3831999897956848
7272.7900390625,0.3831000030040741
7273.1201171875,0.3828999996185303
7273.4599609375,0.38269999623298645
7273.7900390625,0.38260000944137573
7274.1201171875,0.3824000060558319
7274.4599609375,0.3822999894618988
7274.7900390625,0.382099986076355
7275.1201171875,0.38190001249313354
7275.4599609375,0.38179999589920044
7275.7900390625,0.3815999925136566
7276.1201171875,0.3815000057220459
7276.4599609375,0.3813000023365021
7276.7900390625,0.38109999895095825
7277.1298828125,0.38100001215934753
7277.4599609375,0.3808000087738037
7277.7900390625,0.3806999921798706
7278.1298828125,0.3804999887943268
7278.4599609375,0.38029998540878296
7278.7900390625,0.38019999861717224
7279.1298828125,0.3799999952316284
7279.4599609375,0.3799000084400177
7279.7998046875,0.3797000050544739
7280.1298828125,0.37950000166893005
7280.4599609375,0.37940001487731934
7280.7998046875,0.3792000114917755
7281.1298828125,0.3790999948978424
7281.47021484375,0.3788999915122986
7281.7998046875,0.37869998812675476
7282.1298828125,0.37860000133514404
7282.47021484375,0.3783999979496002
7282.7998046875,0.3783000111579895
7283.1298828125,0.3781000077724457
7283.47021484375,0.37790000438690186
7283.81005859375,0.37779998779296875
7284.14013671875,0.3776000142097473
7284.47021484375,0.3774999976158142
7284.81005859375,0.3772999942302704
7285.14013671875,0.37709999084472656
7285.47998046875,0.37700000405311584
7285.81005859375,0.376800000667572
7286.14013671875,0.3767000138759613
7286.47998046875,0.3765000104904175
7286.81005859375,0.37630000710487366
7287.14990234375,0.37619999051094055
7287.47998046875,0.37599998712539673
7287.81005859375,0.3758000135421753
7288.14990234375,0.3756999969482422
7288.47998046875,0.37549999356269836
7288.81982421875,0.37540000677108765
7289.14990234375,0.3752000033855438
7289.47998046875,0.375
7289.81982421875,0.3749000132083893
7290.14990234375,0.37470000982284546
7290.490234375,0.37459999322891235
7290.81982421875,0.37439998984336853
7291.14990234375,0.3741999864578247
7291.490234375,0.374099999666214
7291.830078125,0.37389999628067017
7292.16015625,0.37380000948905945
7292.5,0.3736000061035156
7292.830078125,0.3734000027179718
7293.16015625,0.3732999861240387
7293.5,0.37310001254081726
7293.830078125,0.37299999594688416
7294.169921875,0.37279999256134033
7294.5,0.3725999891757965
7294.830078125,0.3725000023841858
7295.169921875,0.37229999899864197
7295.509765625,0.37220001220703125
7295.83984375,0.3720000088214874
7296.18017578125,0.3718000054359436
7296.509765625,0.3716999888420105
7296.83984375,0.3714999854564667
7297.18017578125,0.37139999866485596
7297.509765625,0.37119999527931213
7297.85009765625,0.3709999918937683
7298.18017578125,0.3709000051021576
7298.52001953125,0.37070000171661377
7298.85009765625,0.37059998512268066
7299.18994140625,0.37040001153945923
7299.52001953125,0.3702000081539154
7299.85986328125,0.3700999915599823
7300.18994140625,0.3698999881744385
7300.52978515625,0.36970001459121704
7300.85986328125,0.36959999799728394
7301.18994140625,0.3693999946117401
7301.52978515625,0.3691999912261963
7301.8701171875,0.36899998784065247
7302.2001953125,0.36890000104904175
7302.5400390625,0.3686999976634979
7302.8701171875,0.3684999942779541
7303.2001953125,0.3682999908924103
7303.5400390625,0.36820000410079956
7303.8701171875,0.36800000071525574
7304.2099609375,0.3677999973297119
7304.5400390625,0.3675999939441681
7304.8798828125,0.3675000071525574
7305.2099609375,0.36730000376701355
7305.5498046875,0.3671000003814697
7305.8798828125,0.3668999969959259
7306.22021484375,0.3668000102043152
7306.5498046875,0.36660000681877136
7306.89013671875,0.36640000343322754
7307.22998046875,0.3662000000476837
7307.56005859375,0.366100013256073
7307.89990234375,0.3659000098705292
7308.22998046875,0.36570000648498535
7308.56005859375,0.36550000309944153
7308.89990234375,0.3653999865055084
7309.22998046875,0.365200012922287
7309.56982421875,0.36500000953674316
7309.91015625,0.36480000615119934
7310.240234375,0.36469998955726624
7310.580078125,0.3644999861717224
7310.91015625,0.364300012588501
7311.25,0.36419999599456787
7311.580078125,0.36399999260902405
7311.91015625,0.3637999892234802
7312.25,0.3635999858379364
7312.58984375,0.3634999990463257
7312.919921875,0.36329999566078186
7313.259765625,0.36309999227523804
7313.60009765625,0.3628999888896942
7313.93017578125,0.3628000020980835
7314.27001953125,0.3625999987125397
7314.60009765625,0.36239999532699585
7314.93994140625,0.362199991941452
7315.27001953125,0.3621000051498413
7315.60009765625,0.3619000017642975
7315.93994140625,0.36169999837875366
7316.27978515625,0.36149999499320984
7316.60986328125,0.3614000082015991
7316.9501953125,0.3612000048160553
7317.2900390625,0.3610000014305115
7317.6201171875,0.36079999804496765
7317.9599609375,0.36070001125335693
7318.2900390625,0.3605000078678131
7318.6298828125,0.3603000044822693
7318.97021484375,0.36010000109672546
7319.2998046875,0.36000001430511475
7319.6298828125,0.3598000109195709
7319.97021484375,0.3596000075340271
7320.2998046875,0.3594000041484833
7320.64013671875,0.35929998755455017
7320.97998046875,0.35910001397132874
7321.31005859375,0.3589000105857849
7321.64990234375,0.3587000072002411
7321.97998046875,0.358599990606308
7322.31982421875,0.35839998722076416
7322.66015625,0.3582000136375427
7322.990234375,0.3580000102519989
7323.330078125,0.3578999936580658
7323.66015625,0.357699990272522
7324.0,0.35749998688697815
7324.33984375,0.3573000133037567
7324.669921875,0.3571999967098236
7325.009765625,0.3569999933242798
7325.35009765625,0.35679998993873596
7325.68017578125,0.35659998655319214
7326.02001953125,0.3564999997615814
7326.35009765625,0.3562999963760376
7326.68994140625,0.3560999929904938
7327.02001953125,0.35589998960494995
7327.35986328125,0.35580000281333923
7327.68994140625,0.3555999994277954
7328.02978515625,0.3553999960422516
7328.3701171875,0.35519999265670776
7328.7001953125,0.35510000586509705
7329.0400390625,0.3549000024795532
7329.3798828125,0.3546999990940094
7329.7099609375,0.3544999957084656
7330.0498046875,0.35440000891685486
7330.39013671875,0.35420000553131104
7330.72021484375,0.3540000021457672
7331.0498046875,0.3538999855518341
7331.39013671875,0.35370001196861267
7331.72998046875,0.35350000858306885
7332.06005859375,0.353300005197525
7332.39990234375,0.3531999886035919
7332.740234375,0.3529999852180481
7333.06982421875,0.35280001163482666
7333.41015625,0.35260000824928284
7333.75,0.35249999165534973
7334.08984375,0.3522999882698059
7334.419921875,0.3521000146865845
7334.75,0.35190001130104065
7335.08984375,0.35179999470710754
7335.43017578125,0.3515999913215637
7335.759765625,0.3513999879360199
7336.10009765625,0.35120001435279846
7336.43994140625,0.35109999775886536
7336.77978515625,0.35089999437332153
7337.10986328125,0.3506999909877777
7337.4501953125,0.3504999876022339
7337.7900390625,0.35040000081062317
7338.1201171875,0.35019999742507935
7338.4599609375,0.3499999940395355
7338.7900390625,0.3497999906539917
7339.1298828125,0.349700003862381
7339.47021484375,0.34950000047683716
7339.7998046875,0.34929999709129333
7340.14013671875,0.3490999937057495
7340.47998046875,0.3490000069141388
7340.81982421875,0.34880000352859497
7341.14990234375,0.34860000014305115
7341.490234375,0.3483999967575073
7341.830078125,0.3481999933719635
7342.16015625,0.3481000065803528
7342.5,0.34790000319480896
7342.830078125,0.34769999980926514
7343.169921875,0.3476000130176544
7343.509765625,0.3474000096321106
7343.83984375,0.3472000062465668
7344.18017578125,0.34700000286102295
7344.52001953125,0.3467999994754791
7344.85986328125,0.3467000126838684
7345.18994140625,0.3465000092983246
7345.52978515625,0.34630000591278076
7345.85986328125,0.34619998931884766
7346.2001953125,0.34599998593330383
7346.5400390625,0.3458000123500824
7346.8798828125,0.3456000089645386
7347.2099609375,0.34540000557899475
7347.5498046875,0.34529998898506165
7347.89013671875,0.3450999855995178
7348.22021484375,0.3449000120162964
7348.56005859375,0.34470000863075256
7348.89990234375,0.34459999203681946
7349.240234375,0.34439998865127563
7349.56982421875,0.3441999852657318
7349.91015625,0.3440000116825104
7350.240234375,0.34389999508857727
7350.580078125,0.34369999170303345
7350.919921875,0.34360000491142273
7351.259765625,0.3434000015258789
7351.60009765625,0.3433000147342682
7351.93017578125,0.34310001134872437
7352.27001953125,0.34299999475479126
7352.60986328125,0.34279999136924744
7352.93994140625,0.3425999879837036
7353.27978515625,0.3425000011920929
7353.6201171875,0.3422999978065491
7353.9501953125,0.34220001101493835
7354.2900390625,0.34200000762939453
7354.6298828125,0.3418999910354614
7354.97021484375,0.3416999876499176
7355.31005859375,0.3416000008583069
7355.64013671875,0.34139999747276306
7355.97998046875,0.34119999408721924
7356.31982421875,0.3411000072956085
7356.64990234375,0.3409000039100647
7356.990234375,0.3407999873161316
7357.330078125,0.34060001373291016
7357.66015625,0.34049999713897705
7358.0,0.3402999937534332
7358.33984375,0.3402000069618225
7358.68017578125,0.3400000035762787
7359.02001953125,0.3398999869823456
7359.35009765625,0.33970001339912415
7359.68994140625,0.3395000100135803
7360.02978515625,0.3393999934196472
7360.3701171875,0.3391999900341034
7360.7099609375,0.3391000032424927
7361.0400390625,0.33889999985694885
7361.3798828125,0.33880001306533813
7361.72021484375,0.3386000096797943
7362.0498046875,0.3384999930858612
7362.39013671875,0.3382999897003174
7362.72998046875,0.33809998631477356
7363.06982421875,0.33799999952316284
7363.41015625,0.337799996137619
7363.740234375,0.3377000093460083
7364.080078125,0.3375000059604645
7364.419921875,0.33739998936653137
7364.75,0.33719998598098755
7365.08984375,0.33709999918937683
7365.43017578125,0.336899995803833
7365.77001953125,0.3366999924182892
7366.10986328125,0.33660000562667847
7366.43994140625,0.33640000224113464
7366.77978515625,0.33629998564720154
7367.1201171875,0.3361000120639801
7367.4599609375,0.335999995470047
7367.7998046875,0.3357999920845032
7368.14013671875,0.33570000529289246
7368.47021484375,0.33550000190734863
7368.81005859375,0.3352999985218048
7369.14990234375,0.3352000117301941
7369.47998046875,0.33500000834465027
7369.81982421875,0.33489999175071716
7370.16015625,0.33469998836517334
7370.5,0.3346000015735626
7370.83984375,0.3343999981880188
7371.18017578125,0.3343000113964081
7371.52001953125,0.33410000801086426
7371.85986328125,0.33390000462532043
7372.18994140625,0.33379998803138733
7372.52978515625,0.3336000144481659
7372.85986328125,0.3334999978542328
7373.2001953125,0.33329999446868896
7373.5400390625,0.33320000767707825
7373.8798828125,0.3330000042915344
7374.22021484375,0.3328999876976013
7374.56005859375,0.3327000141143799
7374.89990234375,0.33250001072883606
7375.240234375,0.33239999413490295
7375.580078125,0.33219999074935913
7375.91015625,0.3321000039577484
7376.25,0.3319000005722046
7376.580078125,0.33180001378059387
7376.919921875,0.33160001039505005
7377.259765625,0.33149999380111694
7377.60009765625,0.3312999904155731
7377.93994140625,0.3310999870300293
7378.27978515625,0.3310000002384186
7378.6201171875,0.33079999685287476
7378.9599609375,0.33070001006126404
7379.2900390625,0.3305000066757202
7379.6298828125,0.3303999900817871
7379.97021484375,0.3301999866962433
7380.31005859375,0.33009999990463257
7380.64990234375,0.32989999651908875
7380.990234375,0.3296999931335449
7381.31982421875,0.3296000063419342
7381.66015625,0.3294000029563904
7382.0,0.3292999863624573
7382.33984375,0.32910001277923584
7382.68017578125,0.32899999618530273
7383.02001953125,0.3287999927997589
7383.35986328125,0.3287000060081482
7383.68994140625,0.32850000262260437
7384.02978515625,0.32829999923706055
7384.3701171875,0.32820001244544983
7384.7099609375,0.328000009059906
7385.0498046875,0.3278999924659729
7385.39013671875,0.3276999890804291
7385.72998046875,0.32760000228881836
7386.06982421875,0.32739999890327454
7386.41015625,0.3273000121116638
7386.740234375,0.32710000872612
7387.080078125,0.32690000534057617
7387.419921875,0.32679998874664307
7387.759765625,0.32659998536109924
7388.10009765625,0.3264999985694885
7388.43994140625,0.3262999951839447
7388.77978515625,0.326200008392334
7389.1201171875,0.32600000500679016
7389.4501953125,0.32589998841285706
7389.7900390625,0.3257000148296356
7390.1298828125,0.3255000114440918
7390.47021484375,0.3253999948501587
7390.81005859375,0.32519999146461487
7391.14990234375,0.32510000467300415
7391.490234375,0.3249000012874603
7391.830078125,0.3248000144958496
7392.16015625,0.3246000111103058
7392.5,0.32440000772476196
7392.85009765625,0.32429999113082886
7393.18017578125,0.32409998774528503
7393.52001953125,0.3240000009536743
7393.85986328125,0.3237999975681305
7394.2001953125,0.3237000107765198
7394.5400390625,0.32350000739097595
7394.8798828125,0.32339999079704285
7395.22021484375,0.323199987411499
7395.56005859375,0.3230000138282776
7395.89013671875,0.3228999972343445
7396.22998046875,0.32269999384880066
7396.580078125,0.32260000705718994
7396.91015625,0.3224000036716461
7397.25,0.322299987077713
7397.58984375,0.3221000134944916
7397.93017578125,0.32199999690055847
7398.27001953125,0.32179999351501465
7398.60986328125,0.3215999901294708
7398.9501953125,0.3215000033378601
7399.2900390625,0.3212999999523163
7399.6298828125,0.32120001316070557
7399.97021484375,0.32100000977516174
7400.2998046875,0.32089999318122864
7400.64990234375,0.3206999897956848
7400.990234375,0.3206000030040741
7401.31982421875,0.3203999996185303
7401.669921875,0.32030001282691956
7402.009765625,0.32019999623298645
7402.33984375,0.3199999928474426
7402.68017578125,0.3199000060558319
7403.02001953125,0.3197000026702881
7403.35986328125,0.319599986076355
7403.7001953125,0.31940001249313354
7404.0400390625,0.31929999589920044
7404.3798828125,0.3192000091075897
7404.72021484375,0.3190000057220459
7405.06005859375,0.3188999891281128
7405.39990234375,0.31869998574256897
7405.740234375,0.31859999895095825
7406.080078125,0.31839999556541443
7406.419921875,0.3183000087738037
7406.75,0.3181999921798706
7407.10009765625,0.3179999887943268
7407.43994140625,0.31790000200271606
7407.77978515625,0.31769999861717224
7408.1201171875,0.3176000118255615
7408.4599609375,0.3174000084400177
7408.7998046875,0.3172999918460846
7409.14013671875,0.3172000050544739
7409.47998046875,0.31700000166893005
7409.81982421875,0.31690001487731934
7410.14990234375,0.3167000114917755
7410.490234375,0.3165999948978424
7410.830078125,0.3163999915122986
7411.18017578125,0.31630000472068787
7411.509765625,0.31619998812675476
7411.85986328125,0.3160000145435333
7412.2001953125,0.3158999979496002
7412.52978515625,0.3156999945640564
7412.8798828125,0.3156000077724457
7413.2099609375,0.3154999911785126
7413.56005859375,0.31529998779296875
7413.89990234375,0.31520000100135803
7414.22998046875,0.3149999976158142
7414.56982421875,0.3149000108242035
7414.919921875,0.31470000743865967
7415.25,0.31459999084472656
7415.60009765625,0.31439998745918274
7415.93017578125,0.314300000667572
7416.27978515625,0.3142000138759613
7416.6201171875,0.3140000104904175
7416.9599609375,0.3138999938964844
7417.2998046875,0.31369999051094055
7417.64013671875,0.31360000371932983
7417.97021484375,0.31349998712539673
7418.31982421875,0.3133000135421753
7418.66015625,0.3131999969482422
7419.0,0.31299999356269836
7419.33984375,0.31290000677108765
7419.68017578125,0.3127000033855438
7420.02001953125,0.3125999867916107
7420.35986328125,0.3124000132083893
7420.7001953125,0.3122999966144562
7421.0400390625,0.31220000982284546
7421.3798828125,0.31200000643730164
7421.72021484375,0.31189998984336853
7422.06005859375,0.3116999864578247
7422.39990234375,0.311599999666214
7422.740234375,0.31139999628067017
7423.080078125,0.31130000948905945
7423.419921875,0.31119999289512634
7423.759765625,0.3109999895095825
7424.10009765625,0.3109000027179718
7424.43994140625,0.310699999332428
7424.7900390625,0.31060001254081726
7425.1201171875,0.31040000915527344
7425.4599609375,0.31029999256134033
7425.7998046875,0.3102000057697296
7426.14013671875,0.3100000023841858
7426.490234375,0.3098999857902527
7426.830078125,0.30970001220703125
7427.169921875,0.30959999561309814
7427.509765625,0.3093999922275543
7427.85009765625,0.3093000054359436
7428.18994140625,0.3091999888420105
7428.52978515625,0.3089999854564667
7428.8701171875,0.30889999866485596
7429.2099609375,0.30869999527931213
7429.5498046875,0.3086000084877014
7429.89013671875,0.3084000051021576
7430.22998046875,0.3082999885082245
7430.580078125,0.30820000171661377
7430.91015625,0.30799999833106995
7431.259765625,0.30790001153945923
7431.60009765625,0.3077000081539154
7431.93994140625,0.3075999915599823
7432.27978515625,0.3073999881744385
7432.6201171875,0.30730000138282776
7432.9599609375,0.30720001459121704
7433.2998046875,0.3070000112056732
7433.64013671875,0.3068999946117401
7433.97998046875,0.3066999912261963
7434.31982421875,0.30660000443458557
7434.66015625,0.30640000104904175
7435.009765625,0.30630001425743103
7435.35009765625,0.3061999976634979
7435.68994140625,0.3059999942779541
7436.02978515625,0.3059000074863434
7436.3701171875,0.30570000410079956
7436.7099609375,0.30559998750686646
7437.0498046875,0.305400013923645
7437.39013671875,0.3052999973297119
7437.72998046875,0.3052000105381012
7438.06982421875,0.3050000071525574
7438.419921875,0.30489999055862427
7438.759765625,0.30469998717308044
7439.10009765625,0.3046000003814697
7439.43994140625,0.3043999969959259
7439.77978515625,0.3043000102043152
7440.1201171875,0.30410000681877136
7440.47021484375,0.30399999022483826
7440.7998046875,0.30390000343322754
7441.14013671875,0.3037000000476837
7441.490234375,0.303600013256073
7441.830078125,0.3034000098705292
7442.169921875,0.30329999327659607
7442.509765625,0.30309998989105225
7442.85009765625,0.30300000309944153
7443.2001953125,0.3028999865055084
7443.52978515625,0.302700012922287
7443.8798828125,0.3025999963283539
7444.22021484375,0.30239999294281006
7444.56005859375,0.30230000615119934
7444.89990234375,0.3021000027656555
7445.240234375,0.3019999861717224
7445.580078125,0.3018999993801117
7445.93017578125,0.30169999599456787
7446.27001953125,0.30160000920295715
7446.60986328125,0.30140000581741333
7446.9501953125,0.3012999892234802
7447.2900390625,0.3010999858379364
7447.6298828125,0.3009999990463257
7447.97998046875,0.30079999566078186
7448.31982421875,0.30070000886917114
7448.66015625,0.30059999227523804
7449.0,0.3003999888896942
7449.33984375,0.3003000020980835
7449.68017578125,0.3000999987125397
7450.02001953125,0.30000001192092896
7450.3701171875,0.29989999532699585
7450.7099609375,0.299699991941452
7451.0498046875,0.2996000051498413
7451.39013671875,0.2994000017642975
7451.740234375,0.2992999851703644
7452.06982421875,0.29919999837875366
7452.419921875,0.29899999499320984
7452.759765625,0.2989000082015991
7453.10009765625,0.298799991607666
7453.43994140625,0.2985999882221222
7453.77978515625,0.2985000014305115
7454.1298828125,0.29840001463890076
7454.47021484375,0.29820001125335693
7454.81005859375,0.29809999465942383
7455.14990234375,0.29789999127388
7455.5,0.2978000044822693
7455.83984375,0.2976999878883362
7456.18017578125,0.29750001430511475
7456.52001953125,0.29739999771118164
7456.85986328125,0.2973000109195709
7457.2001953125,0.2971000075340271
7457.5400390625,0.296999990940094
7457.89013671875,0.29679998755455017
7458.22998046875,0.29670000076293945
7458.56982421875,0.29660001397132874
7458.919921875,0.2964000105857849
7459.25,0.2962999939918518
7459.60009765625,0.2962000072002411
7459.93994140625,0.29600000381469727
7460.27978515625,0.29589998722076416
7460.6201171875,0.29580000042915344
7460.97021484375,0.2955999970436096
7461.31005859375,0.2955000102519989
7461.64990234375,0.2953000068664551
7462.0,0.295199990272522
7462.330078125,0.29510000348091125
7462.68017578125,0.29490000009536743
7463.02001953125,0.2948000133037567
7463.35986328125,0.2946999967098236
7463.7001953125,0.2944999933242798
7464.0400390625,0.29440000653266907
7464.39013671875,0.29420000314712524
7464.72998046875,0.29409998655319214
7465.06982421875,0.2939999997615814
7465.419921875,0.2937999963760376
7465.759765625,0.2937000095844269
7466.10009765625,0.2935999929904938
7466.43994140625,0.29339998960494995
7466.7900390625,0.29330000281333923
7467.1298828125,0.2930999994277954
7467.47021484375,0.2930000126361847
7467.81005859375,0.2928999960422516
7468.14990234375,0.29269999265670776
7468.490234375,0.29260000586509705
7468.83984375,0.29249998927116394
7469.18017578125,0.2922999858856201
7469.52001953125,0.2921999990940094
7469.8701171875,0.2921000123023987
7470.2099609375,0.29190000891685486
7470.5498046875,0.29179999232292175
7470.89990234375,0.29159998893737793
7471.240234375,0.2915000021457672
7471.580078125,0.2913999855518341
7471.919921875,0.29120001196861267
7472.259765625,0.29109999537467957
7472.60986328125,0.29100000858306885
7472.9501953125,0.290800005197525
7473.2900390625,0.2906999886035919
7473.64013671875,0.2904999852180481
7473.97998046875,0.2903999984264374
7474.31982421875,0.29030001163482666
7474.669921875,0.29010000824928284
7475.009765625,0.28999999165534973
7475.35009765625,0.289900004863739
7475.68994140625,0.2897000014781952
7476.02978515625,0.2896000146865845
7476.3798828125,0.28940001130104065
7476.72021484375,0.28929999470710754
7477.06005859375,0.2892000079154968
7477.41015625,0.289000004529953
7477.75,0.2888999879360199
7478.10009765625,0.2888000011444092
7478.43994140625,0.28859999775886536
7478.77978515625,0.28850001096725464
7479.1201171875,0.28839999437332153
7479.47021484375,0.2881999909877777
7479.81005859375,0.288100004196167
7480.14990234375,0.28790000081062317
7480.5,0.28780001401901245
7480.83984375,0.28769999742507935
7481.18017578125,0.2874999940395355
7481.52001953125,0.2874000072479248
7481.8701171875,0.2872999906539917
7482.2099609375,0.2870999872684479
7482.5498046875,0.28700000047683716
7482.89990234375,0.28679999709129333
7483.240234375,0.2867000102996826
7483.580078125,0.2865999937057495
7483.93017578125,0.2863999903202057
7484.27001953125,0.28630000352859497
7484.60986328125,0.28619998693466187
7484.9599609375,0.28600001335144043
7485.2998046875,0.2858999967575073
7485.64013671875,0.2856999933719635
7485.990234375,0.2856000065803528
7486.330078125,0.2854999899864197
7486.669921875,0.28529998660087585
7487.02001953125,0.28519999980926514
7487.35986328125,0.2851000130176544
7487.7001953125,0.2849000096321106
7488.0400390625,0.2847999930381775
7488.39013671875,0.28459998965263367
7488.740234375,0.28450000286102295
7489.080078125,0.28439998626708984
7489.419921875,0.2842000126838684
7489.77001953125,0.2840999960899353
7490.10986328125,0.2840000092983246
7490.4501953125,0.28380000591278076
7490.7900390625,0.28369998931884766
7491.14013671875,0.28349998593330383
7491.47998046875,0.2833999991416931
7491.81982421875,0.2833000123500824
7492.169921875,0.2831000089645386
7492.509765625,0.28299999237060547
7492.85986328125,0.28290000557899475
7493.2001953125,0.2827000021934509
7493.5400390625,0.2825999855995178
7493.89013671875,0.2824000120162964
7494.22998046875,0.2822999954223633
7494.56982421875,0.28220000863075256
7494.919921875,0.28200000524520874
7495.259765625,0.28189998865127563
7495.60009765625,0.2818000018596649
7495.9501953125,0.2815999984741211
7496.2998046875,0.2815000116825104
7496.64013671875,0.28130000829696655
7496.97998046875,0.28119999170303345
7497.31982421875,0.28110000491142273
7497.669921875,0.2809000015258789
7498.02001953125,0.2808000147342682
7498.35009765625,0.2806999981403351
7498.7001953125,0.28049999475479126
7499.0400390625,0.28040000796318054
7499.39013671875,0.2802000045776367
7499.72998046875,0.2800999879837036
7500.06982421875,0.2800000011920929
7500.419921875,0.2797999978065491
7500.77001953125,0.27970001101493835
7501.10986328125,0.27950000762939453
7501.4501953125,0.2793999910354614
7501.7998046875,0.2791999876499176
7502.14013671875,0.2791000008583069
7502.47998046875,0.27889999747276306
7502.830078125,0.27880001068115234
7503.169921875,0.2786000072956085
7503.52001953125,0.2784999907016754
7503.85986328125,0.2782999873161316
7504.2099609375,0.2782000005245209
7504.5498046875,0.27799999713897705
7504.89013671875,0.2777999937534332
7505.240234375,0.2777000069618225
7505.58984375,0.2775000035762787
7505.919921875,0.2773999869823456
7506.27001953125,0.27720001339912415
7506.60986328125,0.27709999680519104
7506.9599609375,0.2768999934196472
7507.2998046875,0.2768000066280365
7507.64990234375,0.2766000032424927
7507.990234375,0.27649998664855957
7508.33984375,0.27630001306533813
7508.68017578125,0.27619999647140503
7509.02978515625,0.2759999930858612
7509.3701171875,0.2759000062942505
7509.72021484375,0.27570000290870667
7510.06005859375,0.27559998631477356
7510.39990234375,0.2754000127315521
7510.75,0.275299996137619
7511.08984375,0.2750999927520752
7511.43017578125,0.2750000059604645
7511.77978515625,0.27480000257492065
7512.1201171875,0.27469998598098755
7512.47021484375,0.2745000123977661
7512.81982421875,0.274399995803833
7513.16015625,0.2741999924182892
7513.5,0.27410000562667847
7513.85009765625,0.27390000224113464
7514.18994140625,0.27379998564720154
7514.5400390625,0.2736000120639801
7514.8798828125,0.273499995470047
7515.22998046875,0.2732999920845032
7515.56982421875,0.27309998869895935
7515.91015625,0.27300000190734863
7516.259765625,0.2727999985218048
7516.60986328125,0.2727000117301941
7516.9501953125,0.27250000834465027
7517.2998046875,0.27239999175071716
7517.64013671875,0.27219998836517334
7517.97998046875,0.2721000015735626
7518.330078125,0.2718999981880188
7518.669921875,0.2718000113964081
7519.02001953125,0.27160000801086426
7519.35986328125,0.27149999141693115
7519.7099609375,0.27129998803138733
7520.0498046875,0.2712000012397766
7520.39990234375,0.2709999978542328
7520.740234375,0.27090001106262207
7521.08984375,0.27070000767707825
7521.43017578125,0.27059999108314514
7521.77978515625,0.2703999876976013
7522.1201171875,0.2703000009059906
7522.4599609375,0.2700999975204468
7522.81005859375,0.27000001072883606
7523.16015625,0.26980000734329224
7523.5,0.26969999074935913
7523.85009765625,0.2694999873638153
7524.2001953125,0.2694000005722046
7524.5400390625,0.26919999718666077
7524.89013671875,0.26899999380111694
7525.22021484375,0.2689000070095062
7525.56982421875,0.2687000036239624
7525.919921875,0.2685999870300293
7526.259765625,0.26840001344680786
7526.60986328125,0.26829999685287476
7526.9599609375,0.26809999346733093
7527.2998046875,0.2680000066757202
7527.64990234375,0.2678000032901764
7527.990234375,0.2676999866962433
7528.33984375,0.26750001311302185
7528.68017578125,0.26739999651908875
7529.02978515625,0.2671999931335449
7529.3701171875,0.2671000063419342
7529.72021484375,0.2669000029563904
7530.06005859375,0.2667999863624573
7530.41015625,0.26660001277923584
7530.75,0.26649999618530273
7531.10009765625,0.2662999927997589
7531.43994140625,0.2662000060081482
7531.7900390625,0.26600000262260437
7532.1298828125,0.26589998602867126
7532.47998046875,0.26570001244544983
7532.81982421875,0.2655999958515167
7533.169921875,0.2653999924659729
7533.52001953125,0.2653000056743622
7533.85986328125,0.26510000228881836
7534.2099609375,0.26489999890327454
7534.5498046875,0.2648000121116638
7534.89990234375,0.26460000872612
7535.240234375,0.2644999921321869
7535.58984375,0.26429998874664307
7535.93994140625,0.26420000195503235
7536.27978515625,0.2639999985694885
7536.6298828125,0.2639000117778778
7536.97021484375,0.263700008392334
7537.31005859375,0.2635999917984009
7537.66015625,0.26339998841285706
7538.009765625,0.26330000162124634
7538.35009765625,0.2630999982357025
7538.7001953125,0.2630000114440918
7539.0498046875,0.262800008058548
7539.39013671875,0.26269999146461487
7539.740234375,0.26249998807907104
7540.08984375,0.2624000012874603
7540.43017578125,0.2621999979019165
7540.77001953125,0.2621000111103058
7541.1201171875,0.26190000772476196
7541.4599609375,0.26179999113082886
7541.81005859375,0.26159998774528503
7542.16015625,0.2615000009536743
7542.5,0.2612999975681305
7542.85009765625,0.26109999418258667
7543.2001953125,0.26100000739097595
7543.5400390625,0.26080000400543213
7543.89013671875,0.260699987411499
7544.22998046875,0.2605000138282776
7544.580078125,0.2603999972343445
7544.919921875,0.26019999384880066
7545.27001953125,0.26010000705718994
7545.6201171875,0.2599000036716461
7545.9599609375,0.259799987077713
7546.31005859375,0.2596000134944916
7546.64990234375,0.25949999690055847
7547.0,0.25929999351501465
7547.35009765625,0.25920000672340393
7547.68994140625,0.2590000033378601
7548.0400390625,0.258899986743927
7548.39013671875,0.25870001316070557
7548.72998046875,0.25859999656677246
7549.080078125,0.25839999318122864
7549.43017578125,0.2583000063896179
7549.77001953125,0.2581000030040741
7550.1201171875,0.257999986410141
7550.4599609375,0.25780001282691956
7550.81005859375,0.25769999623298645
7551.16015625,0.25760000944137573
7551.5,0.2574000060558319
7551.85009765625,0.2572999894618988
7552.2001953125,0.2572000026702881
7552.5400390625,0.25699999928474426
7552.89013671875,0.25690001249313354
7553.22998046875,0.25679999589920044
7553.580078125,0.2565999925136566
7553.93017578125,0.2565000057220459
7554.27001953125,0.2563999891281128
7554.6201171875,0.25619998574256897
7554.97021484375,0.25609999895095825
7555.31005859375,0.25600001215934753
7555.66015625,0.2558000087738037
7556.009765625,0.2556999921798706
7556.35009765625,0.2556000053882599
7556.7001953125,0.2554999887943268
7557.0400390625,0.25529998540878296
7557.39013671875,0.25519999861717224
7557.740234375,0.2551000118255615
7558.080078125,0.2549000084400177
7558.43017578125,0.2547999918460846
7558.77978515625,0.2547000050544739
7559.1298828125,0.25450000166893005
7559.47998046875,0.25440001487731934
7559.81982421875,0.25429999828338623
7560.16015625,0.2540999948978424
7560.509765625,0.2540000081062317
7560.85986328125,0.2538999915122986
7561.2099609375,0.25369998812675476
7561.5498046875,0.25360000133514404
7561.89990234375,0.2535000145435333
7562.25,0.2533000111579895
7562.58984375,0.2531999945640564
7562.93994140625,0.2531000077724457
7563.2900390625,0.2529999911785126
7563.6298828125,0.25279998779296875
7563.97998046875,0.25270000100135803
7564.330078125,0.2526000142097473
7564.669921875,0.2524000108242035
7565.02001953125,0.2522999942302704
7565.3701171875,0.25220000743865967
7565.72021484375,0.25200000405311584
7566.06005859375,0.25189998745918274
7566.41015625,0.251800000667572
7566.759765625,0.2515999972820282
7567.10986328125,0.2515000104904175
7567.4501953125,0.2513999938964844
7567.7998046875,0.25119999051094055
7568.14990234375,0.25110000371932983
7568.490234375,0.25099998712539673
7568.83984375,0.2508000135421753
7569.18017578125,0.2506999969482422
7569.52978515625,0.25060001015663147
7569.8798828125,0.25040000677108765
7570.22998046875,0.25029999017715454
7570.580078125,0.2502000033855438
7570.93017578125,0.25
7571.27001953125,0.2498999983072281
7571.6201171875,0.24979999661445618
7571.9599609375,0.24969999492168427
7572.31005859375,0.24950000643730164
7572.66015625,0.24940000474452972
7573.0,0.2493000030517578
7573.35009765625,0.249099999666214
7573.7001953125,0.24899999797344208
7574.0498046875,0.24889999628067017
7574.39990234375,0.24869999289512634
7574.75,0.24860000610351562
7575.08984375,0.2485000044107437
7575.43994140625,0.2483000010251999
7575.77978515625,0.24819999933242798
7576.1298828125,0.24809999763965607
7576.47998046875,0.24789999425411224
7576.830078125,0.24779999256134033
7577.169921875,0.24770000576972961
7577.52001953125,0.2475000023841858
7577.8701171875,0.24740000069141388
7578.22021484375,0.24729999899864197
7578.56005859375,0.24709999561309814
7578.91015625,0.24699999392032623
7579.259765625,0.24690000712871552
7579.60009765625,0.2468000054359436
7579.9501953125,0.24660000205039978
7580.2998046875,0.24650000035762787
7580.64990234375,0.24639999866485596
7581.0,0.24619999527931213
7581.33984375,0.24609999358654022
7581.68994140625,0.2460000067949295
7582.0400390625,0.24580000340938568
7582.39013671875,0.24570000171661377
7582.740234375,0.24560000002384186
7583.08984375,0.24539999663829803
7583.43017578125,0.24529999494552612
7583.77978515625,0.2451999932527542
7584.1298828125,0.24500000476837158
7584.47021484375,0.24490000307559967
7584.81982421875,0.24480000138282776
7585.169921875,0.24459999799728394
7585.52001953125,0.24449999630451202
7585.8701171875,0.2443999946117401
7586.2099609375,0.24420000612735748
7586.56005859375,0.24410000443458557
7586.91015625,0.24400000274181366
7587.259765625,0.24379999935626984
7587.60986328125,0.24369999766349792
7587.9501953125,0.243599995970726
7588.2998046875,0.2433999925851822
7588.64990234375,0.24330000579357147
7589.0,0.24320000410079956
7589.35009765625,0.24300000071525574
7589.7001953125,0.24289999902248383
7590.0400390625,0.24279999732971191
7590.39013671875,0.2425999939441681
7590.740234375,0.24250000715255737
7591.08984375,0.24240000545978546
7591.43994140625,0.24230000376701355
7591.77978515625,0.24210000038146973
7592.1298828125,0.24199999868869781
7592.47998046875,0.2418999969959259
7592.830078125,0.24169999361038208
7593.18017578125,0.24160000681877136
7593.52978515625,0.24150000512599945
7593.8701171875,0.24130000174045563
7594.22021484375,0.24120000004768372
7594.56982421875,0.2410999983549118
7594.919921875,0.24089999496936798
7595.27001953125,0.24079999327659607
7595.60986328125,0.24070000648498535
7595.9599609375,0.24050000309944153
7596.31005859375,0.24040000140666962
7596.66015625,0.2402999997138977
7597.009765625,0.24009999632835388
7597.35986328125,0.23999999463558197
7597.7099609375,0.23989999294281006
7598.06005859375,0.23970000445842743
7598.39990234375,0.23960000276565552
7598.75,0.2395000010728836
7599.10009765625,0.23929999768733978
7599.4501953125,0.23919999599456787
7599.7998046875,0.23909999430179596
7600.14013671875,0.23899999260902405
7600.490234375,0.23880000412464142
7600.83984375,0.2387000024318695
7601.18994140625,0.2386000007390976
7601.5400390625,0.23849999904632568
7601.89013671875,0.23839999735355377
7602.240234375,0.23819999396800995
7602.58984375,0.23810000717639923
7602.93017578125,0.23800000548362732
7603.27978515625,0.2379000037908554
7603.6298828125,0.2378000020980835
7603.97998046875,0.23759999871253967
7604.330078125,0.23749999701976776
7604.68017578125,0.23739999532699585
7605.02978515625,0.23729999363422394
7605.3798828125,0.23720000684261322
7605.72998046875,0.2371000051498413
7606.06982421875,0.23690000176429749
7606.419921875,0.23680000007152557
7606.77001953125,0.23669999837875366
7607.1201171875,0.23659999668598175
7607.47021484375,0.23649999499320984
7607.81005859375,0.2363000065088272
7608.169921875,0.2362000048160553
7608.52001953125,0.2361000031232834
7608.85986328125,0.23600000143051147
7609.2099609375,0.23589999973773956
7609.56005859375,0.23569999635219574
7609.91015625,0.23559999465942383
7610.259765625,0.23549999296665192
7610.60986328125,0.2354000061750412
7610.9599609375,0.2353000044822693
7611.31005859375,0.23520000278949738
7611.64990234375,0.23499999940395355
7612.0,0.23489999771118164
7612.35986328125,0.23479999601840973
7612.7001953125,0.23469999432563782
7613.0498046875,0.2345999926328659
7613.39990234375,0.23440000414848328
7613.75,0.23430000245571136
7614.10009765625,0.23420000076293945
7614.4501953125,0.23409999907016754
7614.7998046875,0.23399999737739563
7615.14990234375,0.2337999939918518
7615.5,0.2337000072002411
7615.85009765625,0.23360000550746918
7616.18994140625,0.23350000381469727
7616.5400390625,0.23340000212192535
7616.89990234375,0.23330000042915344
7617.240234375,0.23309999704360962
7617.58984375,0.2329999953508377
7617.9501953125,0.2328999936580658
7618.2900390625,0.23280000686645508
7618.64013671875,0.23270000517368317
7618.990234375,0.23250000178813934
7619.33984375,0.23240000009536743
7619.68994140625,0.23229999840259552
7620.0400390625,0.2321999967098236
7620.39013671875,0.2320999950170517
7620.740234375,0.23190000653266907
7621.08984375,0.23180000483989716
7621.43994140625,0.23170000314712524
7621.7900390625,0.23160000145435333
7622.14013671875,0.23149999976158142
7622.47998046875,0.2313999980688095
7622.830078125,0.23119999468326569
7623.18017578125,0.23109999299049377
7623.52978515625,0.23100000619888306
7623.8798828125,0.23090000450611115
7624.22998046875,0.23080000281333923
7624.580078125,0.2305999994277954
7624.93017578125,0.2304999977350235
7625.27978515625,0.2303999960422516
7625.6298828125,0.23029999434947968
7625.97998046875,0.23019999265670776
7626.330078125,0.23000000417232513
7626.68017578125,0.22990000247955322
7627.02978515625,0.2298000007867813
7627.3798828125,0.2296999990940094
7627.72998046875,0.2295999974012375
7628.080078125,0.22949999570846558
7628.43017578125,0.22930000722408295
7628.77978515625,0.22920000553131104
7629.1298828125,0.22910000383853912
7629.47998046875,0.2290000021457672
7629.830078125,0.2289000004529953
7630.18017578125,0.22869999706745148
7630.52978515625,0.22859999537467957
7630.8798828125,0.22849999368190765
7631.22998046875,0.22840000689029694
7631.580078125,0.22830000519752502
7631.93017578125,0.2281000018119812
7632.27978515625,0.2280000001192093
7632.6298828125,0.22789999842643738
7632.97998046875,0.22779999673366547
7633.330078125,0.22769999504089355
7633.68017578125,0.22750000655651093
7634.02978515625,0.227400004863739
7634.3798828125,0.2273000031709671
7634.72998046875,0.2272000014781952
7635.080078125,0.22709999978542328
7635.43017578125,0.22699999809265137
7635.77978515625,0.22679999470710754
7636.1298828125,0.22669999301433563
7636.47998046875,0.22660000622272491
7636.830078125,0.226500004529953
7637.18017578125,0.2264000028371811
7637.52978515625,0.22619999945163727
7637.89013671875,0.22609999775886536
7638.22998046875,0.22599999606609344
7638.580078125,0.22589999437332153
7638.93017578125,0.22579999268054962
7639.27978515625,0.225600004196167
7639.64013671875,0.22550000250339508
7639.97998046875,0.22540000081062317
7640.33984375,0.22529999911785126
7640.68994140625,0.22519999742507935
7641.0400390625,0.22499999403953552
7641.39013671875,0.2249000072479248
7641.740234375,0.2248000055551529
7642.080078125,0.22470000386238098
7642.43994140625,0.22460000216960907
7642.7900390625,0.22450000047683716
7643.14013671875,0.22429999709129333
7643.490234375,0.22419999539852142
7643.83984375,0.2240999937057495
7644.18994140625,0.2240000069141388
7644.5400390625,0.22390000522136688
7644.89013671875,0.22370000183582306
7645.240234375,0.22360000014305115
7645.58984375,0.22349999845027924
7645.93994140625,0.22339999675750732
7646.2900390625,0.2232999950647354
7646.64013671875,0.22310000658035278
7647.0,0.22300000488758087
7647.35009765625,0.22290000319480896
7647.7001953125,0.22280000150203705
7648.0498046875,0.22269999980926514
7648.39990234375,0.2224999964237213
7648.75,0.2223999947309494
7649.10009765625,0.2222999930381775
7649.4501953125,0.22220000624656677
7649.7998046875,0.22210000455379486
7650.14990234375,0.22190000116825104
7650.5,0.22179999947547913
7650.85009765625,0.22169999778270721
7651.2001953125,0.2215999960899353
7651.56005859375,0.2214999943971634
7651.91015625,0.22139999270439148
7652.259765625,0.22120000422000885
7652.60986328125,0.22110000252723694
7652.9599609375,0.22100000083446503
7653.31005859375,0.22089999914169312
7653.66015625,0.2207999974489212
7654.009765625,0.22059999406337738
7654.35986328125,0.22050000727176666
7654.7099609375,0.22040000557899475
7655.06005859375,0.22030000388622284
7655.419921875,0.22020000219345093
7655.77001953125,0.2199999988079071
7656.1201171875,0.2198999971151352
7656.47021484375,0.21979999542236328
7656.81982421875,0.21969999372959137
7657.169921875,0.21960000693798065
7657.52978515625,0.21940000355243683
7657.8701171875,0.21930000185966492
7658.22021484375,0.219200000166893
7658.580078125,0.2190999984741211
7658.93017578125,0.21899999678134918
7659.27978515625,0.21879999339580536
7659.6298828125,0.21870000660419464
7659.97998046875,0.21860000491142273
7660.33984375,0.21850000321865082
7660.68017578125,0.2184000015258789
7661.0400390625,0.21819999814033508
7661.39013671875,0.21809999644756317
7661.740234375,0.21799999475479126
7662.08984375,0.21789999306201935
7662.43994140625,0.21780000627040863
7662.7900390625,0.21770000457763672
7663.14990234375,0.2175000011920929
7663.5,0.21739999949932098
7663.85009765625,0.21729999780654907
7664.2001953125,0.21719999611377716
7664.5498046875,0.21709999442100525
7664.89990234375,0.21690000593662262
7665.259765625,0.2168000042438507
7665.60009765625,0.2167000025510788
7665.9599609375,0.21660000085830688
7666.31005859375,0.21649999916553497
7666.66015625,0.21629999577999115
7667.009765625,0.21619999408721924
7667.35986328125,0.21610000729560852
7667.7099609375,0.2160000056028366
7668.06982421875,0.2159000039100647
7668.419921875,0.21570000052452087
7668.77001953125,0.21559999883174896
7669.1298828125,0.21549999713897705
7669.47021484375,0.21539999544620514
7669.81982421875,0.21529999375343323
7670.169921875,0.2151000052690506
7670.52978515625,0.2150000035762787
7670.8798828125,0.21490000188350677
7671.22998046875,0.21480000019073486
7671.580078125,0.21469999849796295
7671.93994140625,0.21449999511241913
7672.2900390625,0.21439999341964722
7672.64013671875,0.2143000066280365
7673.0,0.2142000049352646
7673.35009765625,0.21410000324249268
7673.68994140625,0.21389999985694885
7674.0400390625,0.21379999816417694
7674.39990234375,0.21369999647140503
7674.75,0.21359999477863312
7675.10009765625,0.2134999930858612
7675.4599609375,0.21330000460147858
7675.81005859375,0.21320000290870667
7676.16015625,0.21310000121593475
7676.509765625,0.21299999952316284
7676.85986328125,0.21289999783039093
7677.22021484375,0.2126999944448471
7677.56982421875,0.2125999927520752
7677.919921875,0.21250000596046448
7678.27001953125,0.21240000426769257
7678.6201171875,0.21230000257492065
7678.97998046875,0.21209999918937683
7679.330078125,0.21199999749660492
7679.68017578125,0.211899995803833
7680.02978515625,0.2117999941110611
7680.39013671875,0.21170000731945038
7680.740234375,0.21150000393390656
7681.08984375,0.21140000224113464
7681.43994140625,0.21130000054836273
7681.7900390625,0.21119999885559082
7682.14990234375,0.2110999971628189
7682.5,0.210999995470047
7682.85009765625,0.21080000698566437
7683.2001953125,0.21070000529289246
7683.5498046875,0.21060000360012054
7683.91015625,0.21050000190734863
7684.259765625,0.21040000021457672
7684.60986328125,0.2101999968290329
7684.97021484375,0.210099995136261
7685.31982421875,0.20999999344348907
7685.669921875,0.20990000665187836
7686.02001953125,0.20980000495910645
7686.3701171875,0.20960000157356262
7686.72998046875,0.2094999998807907
7687.080078125,0.2093999981880188
7687.43017578125,0.2092999964952469
7687.7900390625,0.20919999480247498
7688.14013671875,0.20900000631809235
7688.490234375,0.20890000462532043
7688.85009765625,0.20880000293254852
7689.2001953125,0.2087000012397766
7689.5498046875,0.2085999995470047
7689.89990234375,0.20839999616146088
7690.25,0.20829999446868896
7690.60986328125,0.20819999277591705
7690.9599609375,0.20810000598430634
7691.31005859375,0.20800000429153442
7691.669921875,0.2078000009059906
7692.02001953125,0.2076999992132187
7692.3701171875,0.20759999752044678
7692.72998046875,0.20749999582767487
7693.080078125,0.20739999413490295
7693.43017578125,0.20720000565052032
7693.77978515625,0.2071000039577484
7694.1298828125,0.2070000022649765
7694.490234375,0.2069000005722046
7694.83984375,0.20679999887943268
7695.18994140625,0.20659999549388885
7695.5498046875,0.20649999380111694
7695.89990234375,0.20640000700950623
7696.25,0.20630000531673431
7696.60986328125,0.2062000036239624
7696.9599609375,0.20600000023841858
7697.31005859375,0.20589999854564667
7697.66015625,0.20579999685287476
7698.02001953125,0.20569999516010284
7698.3701171875,0.20559999346733093
7698.72998046875,0.2054000049829483
7699.080078125,0.2053000032901764
7699.43017578125,0.20520000159740448
7699.77978515625,0.20509999990463257
7700.14013671875,0.20499999821186066
7700.490234375,0.20479999482631683
7700.83984375,0.20469999313354492
7701.18994140625,0.2046000063419342
7701.5498046875,0.2045000046491623
7701.89990234375,0.20440000295639038
7702.25,0.20430000126361847
7702.60986328125,0.20419999957084656
7702.9599609375,0.20409999787807465
7703.31982421875,0.20389999449253082
7703.669921875,0.2037999927997589
7704.02001953125,0.2037000060081482
7704.3798828125,0.20360000431537628
7704.72998046875,0.20350000262260437
7705.080078125,0.20340000092983246
7705.43017578125,0.20329999923706055
7705.7900390625,0.20309999585151672
7706.14013671875,0.2029999941587448
7706.490234375,0.2029000073671341
7706.85009765625,0.20280000567436218
7707.2001953125,0.20270000398159027
7707.56005859375,0.20260000228881836
7707.91015625,0.20250000059604645
7708.27001953125,0.20239999890327454
7708.6201171875,0.2021999955177307
7708.97021484375,0.2020999938249588
7709.31982421875,0.20200000703334808
7709.68017578125,0.20190000534057617
7710.02978515625,0.20180000364780426
7710.3798828125,0.20170000195503235
7710.740234375,0.20160000026226044
7711.08984375,0.2013999968767166
7711.43994140625,0.2012999951839447
7711.7998046875,0.2011999934911728
7712.14990234375,0.20110000669956207
7712.509765625,0.20100000500679016
7712.85986328125,0.20090000331401825
7713.2099609375,0.20080000162124634
7713.56982421875,0.20069999992847443
7713.919921875,0.2004999965429306
7714.27001953125,0.2003999948501587
7714.6298828125,0.20029999315738678
7714.97998046875,0.20020000636577606
7715.33984375,0.20010000467300415
7715.68994140625,0.20000000298023224
7716.0400390625,0.19990000128746033
7716.39990234375,0.19979999959468842
7716.759765625,0.1995999962091446
7717.10009765625,0.19949999451637268
7717.4599609375,0.19939999282360077
7717.81005859375,0.19930000603199005
7718.169921875,0.19920000433921814
7718.52001953125,0.19910000264644623
7718.8701171875,0.19900000095367432
7719.22998046875,0.1987999975681305
7719.58984375,0.19869999587535858
7719.93994140625,0.19859999418258667
7720.2900390625,0.19850000739097595
7720.64990234375,0.19840000569820404
7721.0,0.19830000400543213
7721.35009765625,0.19820000231266022
7721.7001953125,0.1981000006198883
7722.06005859375,0.19789999723434448
7722.419921875,0.19779999554157257
7722.77001953125,0.19769999384880066
7723.1201171875,0.19760000705718994
7723.47998046875,0.19750000536441803
7723.830078125,0.19740000367164612
7724.18994140625,0.1973000019788742
7724.5498046875,0.19709999859333038
7724.89990234375,0.19699999690055847
7725.25,0.19689999520778656
7725.60009765625,0.19679999351501465
7725.9599609375,0.19670000672340393
7726.31005859375,0.19660000503063202
7726.669921875,0.1965000033378601
7727.02001953125,0.1964000016450882
7727.3798828125,0.19619999825954437
7727.72998046875,0.19609999656677246
7728.08984375,0.19599999487400055
7728.43994140625,0.19589999318122864
7728.7900390625,0.19580000638961792
7729.14990234375,0.195700004696846
7729.5,0.1956000030040741
7729.85986328125,0.19539999961853027
7730.2099609375,0.19529999792575836
7730.56982421875,0.19519999623298645
7730.919921875,0.19509999454021454
7731.27001953125,0.19499999284744263
7731.6298828125,0.1949000060558319
7731.990234375,0.19480000436306
7732.33984375,0.19470000267028809
7732.7001953125,0.19449999928474426
7733.0498046875,0.19439999759197235
7733.39990234375,0.19429999589920044
7733.759765625,0.19419999420642853
7734.10986328125,0.1941000074148178
7734.47021484375,0.1940000057220459
7734.81982421875,0.193900004029274
7735.18017578125,0.19370000064373016
7735.52978515625,0.19359999895095825
7735.89013671875,0.19349999725818634
7736.240234375,0.19339999556541443
7736.60009765625,0.19329999387264252
7736.9501953125,0.1932000070810318
7737.2998046875,0.1931000053882599
7737.66015625,0.19290000200271606
7738.009765625,0.19280000030994415
7738.3701171875,0.19269999861717224
7738.72998046875,0.19259999692440033
7739.080078125,0.19249999523162842
7739.43994140625,0.1923999935388565
7739.7900390625,0.1923000067472458
7740.14990234375,0.19220000505447388
7740.5,0.19200000166893005
7740.85009765625,0.19189999997615814
7741.2099609375,0.19179999828338623
7741.56005859375,0.19169999659061432
7741.919921875,0.1915999948978424
7742.27001953125,0.1914999932050705
7742.6298828125,0.19140000641345978
7742.97998046875,0.19120000302791595
7743.33984375,0.19110000133514404
7743.7001953125,0.19099999964237213
7744.0498046875,0.19089999794960022
7744.41015625,0.1907999962568283
7744.759765625,0.1906999945640564
7745.10986328125,0.19059999287128448
7745.47021484375,0.19040000438690186
7745.81982421875,0.19030000269412994
7746.18017578125,0.19020000100135803
7746.5400390625,0.19009999930858612
7746.89013671875,0.1899999976158142
7747.25,0.1898999959230423
7747.60009765625,0.18979999423027039
7747.9599609375,0.18970000743865967
7748.31982421875,0.18950000405311584
7748.669921875,0.18940000236034393
7749.02001953125,0.18930000066757202
7749.3798828125,0.1891999989748001
7749.72998046875,0.1890999972820282
7750.08984375,0.1889999955892563
7750.43994140625,0.18889999389648438
7750.7998046875,0.18880000710487366
7751.16015625,0.18870000541210175
7751.509765625,0.18860000371932983
7751.8701171875,0.18850000202655792
7752.22998046875,0.188400000333786
7752.580078125,0.1882999986410141
7752.93017578125,0.1881999969482422
7753.2900390625,0.18809999525547028
7753.64013671875,0.18799999356269836
7754.0,0.18790000677108765
7754.35009765625,0.18780000507831573
7754.7099609375,0.18770000338554382
7755.06982421875,0.1876000016927719
7755.419921875,0.1875
7755.77978515625,0.1873999983072281
7756.14013671875,0.18729999661445618
7756.490234375,0.18719999492168427
7756.85009765625,0.18709999322891235
7757.2001953125,0.18700000643730164
7757.56005859375,0.18690000474452972
7757.91015625,0.1868000030517578
7758.27001953125,0.1867000013589859
7758.6298828125,0.186599999666214
7758.97998046875,0.18649999797344208
7759.33984375,0.18639999628067017
7759.7001953125,0.18629999458789825
7760.0498046875,0.18619999289512634
7760.41015625,0.18610000610351562
7760.759765625,0.1860000044107437
7761.10986328125,0.1859000027179718
7761.47021484375,0.1858000010251999
7761.830078125,0.18569999933242798
7762.18017578125,0.18559999763965607
7762.5400390625,0.18549999594688416
7762.89990234375,0.18539999425411224
7763.25,0.18529999256134033
7763.60986328125,0.18520000576972961
7763.9599609375,0.1851000040769577
7764.31982421875,0.1850000023841858
7764.68017578125,0.18490000069141388
7765.02978515625,0.18479999899864197
7765.39013671875,0.18469999730587006
7765.75,0.18459999561309814
7766.10009765625,0.18449999392032623
7766.4599609375,0.18440000712871552
7766.81005859375,0.1843000054359436
7767.169921875,0.1842000037431717
7767.52978515625,0.18410000205039978
7767.8798828125,0.18400000035762787
7768.240234375,0.18389999866485596
7768.58984375,0.18379999697208405
7768.9501953125,0.18369999527931213
7769.31005859375,0.18359999358654022
7769.669921875,0.1835000067949295
7770.02001953125,0.1834000051021576
7770.3798828125,0.18330000340938568
7770.72998046875,0.18320000171661377
7771.08984375,0.18310000002384186
7771.4501953125,0.18299999833106995
7771.7998046875,0.18289999663829803
7772.16015625,0.18279999494552612
7772.52001953125,0.1826999932527542
7772.8701171875,0.1826000064611435
7773.22998046875,0.18250000476837158
7773.580078125,0.18240000307559967
7773.93994140625,0.18230000138282776
7774.2998046875,0.18219999969005585
7774.64990234375,0.18209999799728394
7775.009765625,0.18199999630451202
7775.3701171875,0.1818999946117401
7775.72021484375,0.1817999929189682
7776.080078125,0.18170000612735748
7776.43994140625,0.18160000443458557
7776.7900390625,0.18150000274181366
7777.14990234375,0.18140000104904175
7777.5,0.18129999935626984
7777.85986328125,0.18119999766349792
7778.22021484375,0.181099995970726
7778.580078125,0.1809999942779541
7778.93994140625,0.1808999925851822
7779.2900390625,0.18080000579357147
7779.64990234375,0.18070000410079956
7780.009765625,0.18060000240802765
7780.35986328125,0.18050000071525574
7780.72021484375,0.18039999902248383
7781.080078125,0.18029999732971191
7781.43017578125,0.18019999563694
7781.7900390625,0.1800999939441681
7782.14990234375,0.18000000715255737
7782.5,0.17990000545978546
7782.85986328125,0.17980000376701355
7783.22021484375,0.17970000207424164
7783.56982421875,0.17960000038146973
7783.93017578125,0.17949999868869781
7784.2900390625,0.1793999969959259
7784.64013671875,0.179299995303154
7785.0,0.17919999361038208
7785.35986328125,0.17910000681877136
7785.72021484375,0.17900000512599945
7786.06982421875,0.17890000343322754
7786.43017578125,0.17880000174045563
7786.7900390625,0.17870000004768372
7787.14013671875,0.1785999983549118
7787.5,0.1784999966621399
7787.85986328125,0.17839999496936798
7788.22021484375,0.17829999327659607
7788.580078125,0.17820000648498535
7788.93017578125,0.17810000479221344
7789.2900390625,0.17800000309944153
7789.64013671875,0.17790000140666962
7790.0,0.1777999997138977
7790.35986328125,0.1776999980211258
7790.72021484375,0.17759999632835388
7791.06982421875,0.17749999463558197
7791.43017578125,0.17739999294281006
7791.7900390625,0.17730000615119934
7792.14990234375,0.17720000445842743
7792.509765625,0.17710000276565552
7792.85986328125,0.1770000010728836
7793.22021484375,0.1768999993801117
7793.580078125,0.17679999768733978
7793.93017578125,0.17669999599456787
7794.2900390625,0.17659999430179596
7794.64990234375,0.17649999260902405
7795.0,0.17640000581741333
7795.35986328125,0.17630000412464142
7795.72021484375,0.1762000024318695
7796.080078125,0.1761000007390976
7796.43994140625,0.17599999904632568
7796.7900390625,0.17589999735355377
7797.14990234375,0.17579999566078186
7797.509765625,0.17569999396800995
7797.85986328125,0.17560000717639923
7798.22021484375,0.17550000548362732
7798.580078125,0.1754000037908554
7798.93994140625,0.1753000020980835
7799.2998046875,0.17520000040531158
7799.64990234375,0.17509999871253967
7800.009765625,0.17499999701976776
7800.3701171875,0.17489999532699585
7800.72021484375,0.17479999363422394
7801.080078125,0.17470000684261322
7801.43994140625,0.1746000051498413
7801.7998046875,0.1745000034570694
7802.16015625,0.17440000176429749
7802.509765625,0.17419999837875366
7802.8701171875,0.17409999668598175
7803.22998046875,0.17399999499320984
7803.58984375,0.17389999330043793
7803.9501953125,0.1738000065088272
7804.31005859375,0.1737000048160553
7804.66015625,0.1736000031232834
7805.02001953125,0.17350000143051147
7805.3798828125,0.17339999973773956
7805.740234375,0.17329999804496765
7806.10009765625,0.17319999635219574
7806.4501953125,0.17309999465942383
7806.81005859375,0.17299999296665192
7807.169921875,0.1728000044822693
7807.52978515625,0.17270000278949738
7807.89013671875,0.17260000109672546
7808.25,0.17249999940395355
7808.60009765625,0.17239999771118164
7808.9599609375,0.17229999601840973
7809.31005859375,0.17219999432563782
7809.669921875,0.1720999926328659
7810.0400390625,0.1720000058412552
7810.39013671875,0.17190000414848328
7810.75,0.17180000245571136
7811.10986328125,0.17170000076293945
7811.47021484375,0.17159999907016754
7811.830078125,0.17149999737739563
7812.18017578125,0.1712999939918518
7812.5400390625,0.1712000072002411
7812.89990234375,0.17110000550746918
7813.259765625,0.17100000381469727
7813.6201171875,0.17090000212192535
7813.97998046875,0.17080000042915344
7814.330078125,0.17069999873638153
7814.68994140625,0.17059999704360962
7815.0498046875,0.1704999953508377
7815.41015625,0.1703999936580658
7815.77001953125,0.17030000686645508
7816.1298828125,0.17020000517368317
7816.490234375,0.17010000348091125
7816.83984375,0.16990000009536743
7817.2001953125,0.16979999840259552
7817.56005859375,0.1696999967098236
7817.919921875,0.1695999950170517
7818.27978515625,0.16949999332427979
7818.64013671875,0.16940000653266907
7818.990234375,0.16930000483989716
7819.35009765625,0.16920000314712524
7819.7099609375,0.16910000145435333
7820.06982421875,0.16899999976158142
7820.43017578125,0.1688999980688095
7820.7900390625,0.1687999963760376
7821.14013671875,0.16869999468326569
7821.5,0.16850000619888306
7821.85986328125,0.16840000450611115
7822.22021484375,0.16830000281333923
7822.580078125,0.16820000112056732
7822.93994140625,0.1680999994277954
7823.2998046875,0.1679999977350235
7823.66015625,0.1678999960422516
7824.02001953125,0.16779999434947968
7824.3798828125,0.16769999265670776
7824.72998046875,0.16760000586509705
7825.08984375,0.16750000417232513
7825.4501953125,0.16740000247955322
7825.81005859375,0.1673000007867813
7826.169921875,0.1670999974012375
7826.52978515625,0.16699999570846558
7826.89013671875,0.16689999401569366
7827.25,0.16680000722408295
7827.60986328125,0.16670000553131104
7827.9599609375,0.16660000383853912
7828.330078125,0.1665000021457672
7828.68017578125,0.1664000004529953
7829.0400390625,0.1662999987602234
7829.39990234375,0.16619999706745148
7829.759765625,0.16609999537467957
7830.1201171875,0.16599999368190765
7830.47998046875,0.16590000689029694
7830.83984375,0.1657000035047531
7831.2001953125,0.1656000018119812
7831.5498046875,0.1655000001192093
7831.919921875,0.16539999842643738
7832.27978515625,0.16529999673366547
7832.6298828125,0.16519999504089355
7832.990234375,0.16509999334812164
7833.35009765625,0.16500000655651093
7833.7099609375,0.164900004863739
7834.06982421875,0.1648000031709671
7834.43017578125,0.1647000014781952
7834.7900390625,0.16459999978542328
7835.14990234375,0.16449999809265137
7835.509765625,0.16429999470710754
7835.8701171875,0.16419999301433563
7836.22998046875,0.16410000622272491
7836.58984375,0.164000004529953
7836.93994140625,0.1639000028371811
7837.2998046875,0.16380000114440918
7837.66015625,0.16369999945163727
7838.02001953125,0.16359999775886536
7838.3798828125,0.16349999606609344
7838.740234375,0.16339999437332153
7839.10009765625,0.16329999268054962
7839.4599609375,0.1632000058889389
7839.81982421875,0.163100004196167
7840.18017578125,0.16290000081062317
7840.5400390625,0.16279999911785126
7840.89990234375,0.16269999742507935
7841.25,0.16259999573230743
7841.6201171875,0.16249999403953552
7841.97998046875,0.1624000072479248
7842.33984375,0.1623000055551529
7842.7001953125,0.16220000386238098
7843.06005859375,0.16210000216960907
7843.419921875,0.16200000047683716
7843.77978515625,0.16189999878406525
7844.14013671875,0.16179999709129333
7844.5,0.16169999539852142
7844.85986328125,0.1615000069141388
7845.2099609375,0.16140000522136688
7845.56982421875,0.16130000352859497
7845.93994140625,0.16120000183582306
7846.2900390625,0.16110000014305115
7846.64990234375,0.16099999845027924
7847.02001953125,0.16089999675750732
7847.3701171875,0.1607999950647354
7847.740234375,0.1606999933719635
7848.08984375,0.16060000658035278
7848.4599609375,0.16050000488758087
7848.81005859375,0.16040000319480896
7849.169921875,0.16019999980926514
7849.52978515625,0.16009999811649323
7849.89990234375,0.1599999964237213
7850.25,0.1598999947309494
7850.60986328125,0.1597999930381775
7850.97998046875,0.15970000624656677
7851.330078125,0.15970000624656677
7851.7001953125,0.15960000455379486
7852.0498046875,0.15950000286102295
7852.419921875,0.15940000116825104
7852.77978515625,0.15929999947547913
7853.1298828125,0.15919999778270721
7853.490234375,0.1590999960899353
7853.85986328125,0.1589999943971634
7854.2099609375,0.15889999270439148
7854.580078125,0.15880000591278076
7854.93017578125,0.15870000422000885
7855.2998046875,0.15860000252723694
7855.66015625,0.15850000083446503
7856.02001953125,0.15839999914169312
7856.3798828125,0.1582999974489212
7856.740234375,0.1581999957561493
7857.10009765625,0.1581999957561493
7857.4599609375,0.15809999406337738
7857.81982421875,0.15800000727176666
7858.18017578125,0.15790000557899475
7858.5400390625,0.15780000388622284
7858.89990234375,0.15770000219345093
7859.259765625,0.15760000050067902
7859.6201171875,0.1574999988079071
7859.97998046875,0.1573999971151352
7860.33984375,0.15729999542236328
7860.7099609375,0.15719999372959137
7861.06005859375,0.15710000693798065
7861.419921875,0.15700000524520874
7861.77978515625,0.15690000355243683
7862.14013671875,0.15680000185966492
7862.509765625,0.156700000166893
7862.85986328125,0.156700000166893
7863.22998046875,0.1565999984741211
7863.58984375,0.15649999678134918
7863.9501953125,0.15639999508857727
7864.31005859375,0.15629999339580536
7864.669921875,0.15620000660419464
7865.02978515625,0.15610000491142273
7865.39013671875,0.15600000321865082
7865.75,0.1559000015258789
7866.10986328125,0.155799999833107
7866.47021484375,0.15569999814033508
7866.830078125,0.15559999644756317
7867.18994140625,0.15549999475479126
7867.5498046875,0.15539999306201935
7867.919921875,0.15530000627040863
7868.27978515625,0.15520000457763672
7868.64013671875,0.15520000457763672
7869.0,0.1551000028848648
7869.35986328125,0.1550000011920929
7869.72021484375,0.15489999949932098
7870.080078125,0.15479999780654907
7870.43994140625,0.15469999611377716
7870.7998046875,0.15459999442100525
7871.169921875,0.15449999272823334
7871.52001953125,0.15440000593662262
7871.89013671875,0.1543000042438507
7872.25,0.1542000025510788
7872.60986328125,0.15410000085830688
7872.97021484375,0.15399999916553497
7873.330078125,0.15389999747276306
7873.68994140625,0.15379999577999115
7874.0498046875,0.15369999408721924
7874.41015625,0.15369999408721924
7874.77001953125,0.15360000729560852
7875.14013671875,0.1535000056028366
7875.5,0.1534000039100647
7875.85986328125,0.15330000221729279
7876.22021484375,0.15320000052452087
7876.580078125,0.15309999883174896
7876.93994140625,0.15299999713897705
7877.2998046875,0.15289999544620514
7877.66015625,0.15279999375343323
7878.02978515625,0.1527000069618225
7878.3798828125,0.1526000052690506
7878.75,0.1525000035762787
7879.10986328125,0.15240000188350677
7879.47021484375,0.15230000019073486
7879.830078125,0.15219999849796295
7880.2001953125,0.15209999680519104
7880.56005859375,0.15209999680519104
7880.919921875,0.15199999511241913
7881.27001953125,0.15189999341964722
7881.64013671875,0.1518000066280365
7882.0,0.1517000049352646
7882.35986328125,0.15160000324249268
7882.72021484375,0.15150000154972076
7883.08984375,0.15139999985694885
7883.4501953125,0.15129999816417694
7883.81005859375,0.15119999647140503
7884.169921875,0.15109999477863312
7884.52978515625,0.1509999930858612
7884.89990234375,0.1509000062942505
7885.25,0.15080000460147858
7885.60986328125,0.15070000290870667
7885.97998046875,0.15060000121593475
7886.33984375,0.15060000121593475
7886.7001953125,0.15049999952316284
7887.06982421875,0.15039999783039093
7887.419921875,0.15029999613761902
7887.7900390625,0.1501999944448471
7888.14990234375,0.1500999927520752
7888.509765625,0.15000000596046448
7888.8798828125,0.14990000426769257
7889.22998046875,0.14980000257492065
7889.58984375,0.14970000088214874
7889.9599609375,0.14959999918937683
7890.31982421875,0.14949999749660492
7890.68017578125,0.149399995803833
7891.0400390625,0.1492999941110611
7891.39990234375,0.14920000731945038
7891.77001953125,0.14910000562667847
7892.1298828125,0.14900000393390656
7892.490234375,0.14900000393390656
7892.85986328125,0.14890000224113464
7893.22021484375,0.14880000054836273
7893.580078125,0.14869999885559082
7893.93994140625,0.1485999971628189
7894.2998046875,0.148499995470047
7894.66015625,0.14839999377727509
7895.02001953125,0.14830000698566437
7895.39013671875,0.14820000529289246
7895.75,0.14810000360012054
7896.10986328125,0.14800000190734863
7896.47998046875,0.14790000021457672
7896.83984375,0.1477999985218048
7897.18994140625,0.1476999968290329
7897.56005859375,0.147599995136261
7897.919921875,0.14749999344348907
7898.27978515625,0.14740000665187836
7898.64990234375,0.14740000665187836
7899.009765625,0.14730000495910645
7899.3701171875,0.14720000326633453
7899.740234375,0.14710000157356262
7900.10009765625,0.1469999998807907
7900.4599609375,0.1468999981880188
7900.81982421875,0.1467999964952469
7901.18017578125,0.14669999480247498
7901.5400390625,0.14669999480247498
7901.89990234375,0.14659999310970306
7902.27001953125,0.14650000631809235
7902.6298828125,0.14640000462532043
7902.990234375,0.14630000293254852
7903.35986328125,0.14630000293254852
7903.72021484375,0.1462000012397766
7904.080078125,0.1460999995470047
7904.4501953125,0.1459999978542328
7904.81005859375,0.14589999616146088
7905.169921875,0.14589999616146088
7905.52978515625,0.14579999446868896
7905.89013671875,0.14569999277591705
7906.259765625,0.14560000598430634
7906.6201171875,0.14550000429153442
7906.97998046875,0.14550000429153442
7907.35009765625,0.1454000025987625
7907.7099609375,0.1453000009059906
7908.06982421875,0.1451999992132187
7908.43994140625,0.14509999752044678
7908.7998046875,0.14509999752044678
7909.16015625,0.14499999582767487
7909.52978515625,0.14489999413490295
7909.8798828125,0.14480000734329224
7910.25,0.14470000565052032
7910.60986328125,0.14470000565052032
7910.97021484375,0.1446000039577484
7911.33984375,0.1445000022649765
7911.7001953125,0.1444000005722046
7912.06005859375,0.14429999887943268
7912.43017578125,0.14429999887943268
7912.7900390625,0.14419999718666077
7913.14990234375,0.14409999549388885
7913.509765625,0.14399999380111694
7913.8701171875,0.14390000700950623
7914.240234375,0.14390000700950623
7914.60009765625,0.14380000531673431
7914.9599609375,0.1437000036239624
7915.330078125,0.1436000019311905
7915.68994140625,0.14350000023841858
7916.0498046875,0.14350000023841858
7916.419921875,0.14339999854564667
7916.77978515625,0.14329999685287476
7917.14990234375,0.14319999516010284
7917.509765625,0.14309999346733093
7917.8701171875,0.14309999346733093
7918.22998046875,0.14300000667572021
7918.58984375,0.1429000049829483
7918.9599609375,0.1428000032901764
7919.31982421875,0.14270000159740448
7919.68017578125,0.14270000159740448
7920.0498046875,0.14259999990463257
7920.41015625,0.14249999821186066
7920.77978515625,0.14239999651908875
7921.14013671875,0.14229999482631683
7921.5,0.14229999482631683
7921.85986328125,0.14219999313354492
7922.22998046875,0.1421000063419342
7922.58984375,0.1420000046491623
7922.9501953125,0.1420000046491623
7923.31982421875,0.14190000295639038
7923.68017578125,0.14180000126361847
7924.0498046875,0.14169999957084656
7924.41015625,0.14159999787807465
7924.77001953125,0.14159999787807465
7925.14013671875,0.14149999618530273
7925.5,0.14139999449253082
7925.85986328125,0.1412999927997589
7926.22998046875,0.1412000060081482
7926.58984375,0.1412000060081482
7926.9501953125,0.14110000431537628
7927.31005859375,0.14100000262260437
7927.68017578125,0.14090000092983246
7928.0400390625,0.14079999923706055
7928.41015625,0.14079999923706055
7928.77001953125,0.14069999754428864
7929.14013671875,0.14059999585151672
7929.5,0.1404999941587448
7929.85986328125,0.1404000073671341
7930.22021484375,0.1404000073671341
7930.58984375,0.14030000567436218
7930.9501953125,0.14020000398159027
7931.31005859375,0.14010000228881836
7931.68017578125,0.14000000059604645
7932.0498046875,0.14000000059604645
7932.41015625,0.13989999890327454
7932.77001953125,0.13979999721050262
7933.14013671875,0.1396999955177307
7933.5,0.1395999938249588
7933.85986328125,0.1395999938249588
7934.22021484375,0.13950000703334808
7934.58984375,0.13940000534057617
7934.9599609375,0.13930000364780426
7935.31982421875,0.13920000195503235
7935.68017578125,0.13910000026226044
7936.0498046875,0.13910000026226044
7936.41015625,0.13899999856948853
7936.77978515625,0.1388999968767166
7937.14013671875,0.1387999951839447
7937.5,0.1386999934911728
7937.8701171875,0.1386999934911728
7938.22998046875,0.13860000669956207
7938.58984375,0.13850000500679016
7938.9599609375,0.13840000331401825
7939.31982421875,0.13830000162124634
7939.68994140625,0.13830000162124634
7940.0498046875,0.13819999992847443
7940.419921875,0.13809999823570251
7940.77978515625,0.1379999965429306
7941.14013671875,0.1378999948501587
7941.509765625,0.1378999948501587
7941.8798828125,0.13779999315738678
7942.22998046875,0.13770000636577606
7942.60009765625,0.13760000467300415
7942.97021484375,0.13750000298023224
7943.330078125,0.13750000298023224
7943.68994140625,0.13740000128746033
7944.06005859375,0.13729999959468842
7944.419921875,0.1371999979019165
7944.7900390625,0.1370999962091446
7945.14990234375,0.1370999962091446
7945.52001953125,0.13699999451637268
7945.8798828125,0.13689999282360077
7946.25,0.13680000603199005
7946.60986328125,0.13670000433921814
7946.97021484375,0.13670000433921814
7947.33984375,0.13660000264644623
7947.7001953125,0.13650000095367432
7948.06005859375,0.1363999992609024
7948.43017578125,0.1362999975681305
7948.7998046875,0.1362999975681305
7949.16015625,0.13619999587535858
7949.52978515625,0.13609999418258667
7949.89013671875,0.13600000739097595
7950.25,0.13590000569820404
7950.6201171875,0.13580000400543213
7950.97998046875,0.13570000231266022
7951.35009765625,0.1356000006198883
7951.7099609375,0.1354999989271164
7952.080078125,0.13539999723434448
7952.43994140625,0.13529999554157257
7952.81005859375,0.13519999384880066
7953.169921875,0.13500000536441803
7953.5400390625,0.13490000367164612
7953.89990234375,0.1348000019788742
7954.27001953125,0.1347000002861023
7954.6298828125,0.13459999859333038
7954.990234375,0.13449999690055847
7955.35986328125,0.13439999520778656
7955.72998046875,0.13429999351501465
7956.08984375,0.13420000672340393
7956.4599609375,0.13410000503063202
7956.81982421875,0.1340000033378601
7957.18994140625,0.13379999995231628
7957.5498046875,0.13369999825954437
7957.91015625,0.13359999656677246
7958.27978515625,0.13349999487400055
7958.64013671875,0.13339999318122864
7959.009765625,0.13330000638961792
7959.3701171875,0.133200004696846
7959.740234375,0.1331000030040741
7960.10009765625,0.13300000131130219
7960.47021484375,0.13289999961853027
7960.830078125,0.13279999792575836
7961.2001953125,0.13259999454021454
7961.56982421875,0.13249999284744263
7961.93017578125,0.1324000060558319
7962.2998046875,0.13230000436306
7962.66015625,0.13220000267028809
7963.02001953125,0.13210000097751617
7963.39013671875,0.13199999928474426
7963.75,0.13189999759197235
7964.1201171875,0.13179999589920044
7964.490234375,0.13169999420642853
7964.85009765625,0.1315000057220459
7965.22021484375,0.131400004029274
7965.58984375,0.13130000233650208
7965.9501953125,0.13120000064373016
7966.31982421875,0.13109999895095825
7966.669921875,0.13099999725818634
7967.0400390625,0.13089999556541443
7967.41015625,0.13079999387264252
7967.77001953125,0.1307000070810318
7968.14013671875,0.1306000053882599
7968.509765625,0.13040000200271606
7968.8701171875,0.13030000030994415
7969.240234375,0.13019999861717224
7969.60009765625,0.13009999692440033
7969.97021484375,0.12999999523162842
7970.33984375,0.1298999935388565
7970.68994140625,0.1298000067472458
7971.06005859375,0.12970000505447388
7971.43017578125,0.12960000336170197
7971.7900390625,0.12950000166893005
7972.16015625,0.12939999997615814
7972.52978515625,0.12919999659061432
7972.89013671875,0.1290999948978424
7973.259765625,0.1289999932050705
7973.6201171875,0.12890000641345978
7973.990234375,0.12880000472068787
7974.35986328125,0.12870000302791595
7974.72021484375,0.12860000133514404
7975.080078125,0.12849999964237213
7975.4501953125,0.12839999794960022
7975.81982421875,0.1282999962568283
7976.18017578125,0.12809999287128448
7976.5498046875,0.12800000607967377
7976.919921875,0.12790000438690186
7977.27978515625,0.12780000269412994
7977.64990234375,0.12770000100135803
7978.009765625,0.12759999930858612
7978.3798828125,0.1274999976158142
7978.75,0.1273999959230423
7979.10986328125,0.12729999423027039
7979.47998046875,0.12720000743865967
7979.83984375,0.12700000405311584
7980.2099609375,0.12690000236034393
7980.56982421875,0.12680000066757202
7980.93994140625,0.1266999989748001
7981.31005859375,0.1265999972820282
7981.669921875,0.1264999955892563
7982.0400390625,0.12639999389648438
7982.41015625,0.12630000710487366
7982.77001953125,0.12620000541210175
7983.14013671875,0.12610000371932983
7983.5,0.125900000333786
7983.8701171875,0.1257999986410141
7984.240234375,0.1256999969482422
7984.60009765625,0.12559999525547028
7984.97021484375,0.12549999356269836
7985.33984375,0.12540000677108765
7985.7001953125,0.12530000507831573
7986.06982421875,0.12520000338554382
7986.43017578125,0.1251000016927719
7986.7998046875,0.125
7987.16015625,0.12489999830722809
7987.52978515625,0.12470000237226486
7987.89990234375,0.12460000067949295
7988.27001953125,0.12449999898672104
7988.6298828125,0.12439999729394913
7989.0,0.12430000305175781
7989.3701171875,0.1242000013589859
7989.72998046875,0.12409999966621399
7990.10009765625,0.12399999797344208
7990.4599609375,0.12389999628067017
7990.830078125,0.12380000203847885
7991.2001953125,0.12359999865293503
7991.56005859375,0.12349999696016312
7991.93017578125,0.1234000027179718
7992.2998046875,0.12330000102519989
7992.66015625,0.12319999933242798
7993.02978515625,0.12309999763965607
7993.39013671875,0.12300000339746475
7993.759765625,0.12290000170469284
7994.1298828125,0.12280000001192093
7994.490234375,0.12269999831914902
7994.85986328125,0.12250000238418579
7995.22998046875,0.12240000069141388
7995.58984375,0.12229999899864197
7995.9599609375,0.12219999730587006
7996.330078125,0.12210000306367874
7996.68994140625,0.12200000137090683
7997.06005859375,0.12189999967813492
7997.43017578125,0.121799997985363
7997.7998046875,0.1216999962925911
7998.16015625,0.12160000205039978
7998.52978515625,0.12139999866485596
7998.89990234375,0.12129999697208405
7999.27001953125,0.12120000272989273
7999.6298828125,0.12110000103712082
8000.0,0.12099999934434891
8000.35986328125,0.120899997651577
8000.72998046875,0.120899997651577
8001.10009765625,0.12080000340938568
8001.4599609375,0.12070000171661377
8001.830078125,0.12070000171661377
8002.2001953125,0.12060000002384186
8002.56982421875,0.12049999833106995
8002.93017578125,0.12049999833106995
8003.2998046875,0.12039999663829803
8003.66015625,0.12030000239610672
8004.02978515625,0.12030000239610672
8004.39990234375,0.12020000070333481
8004.77001953125,0.1200999990105629
8005.14013671875,0.1200999990105629
8005.5,0.11999999731779099
8005.8701171875,0.11990000307559967
8006.240234375,0.11990000307559967
8006.60009765625,0.11980000138282776
8006.97021484375,0.11969999969005585
8007.33984375,0.11969999969005585
8007.7001953125,0.11959999799728394
8008.06982421875,0.11949999630451202
8008.43994140625,0.11949999630451202
8008.81005859375,0.11940000206232071
8009.18017578125,0.1193000003695488
8009.5400390625,0.1193000003695488
8009.91015625,0.11919999867677689
8010.27001953125,0.11919999867677689
8010.64013671875,0.11909999698400497
8011.009765625,0.11900000274181366
8011.3798828125,0.11900000274181366
8011.75,0.11890000104904175
8012.10986328125,0.11879999935626984
8012.47998046875,0.11879999935626984
8012.85009765625,0.11869999766349792
8013.2099609375,0.11860000342130661
8013.580078125,0.11860000342130661
8013.9501953125,0.1185000017285347
8014.31982421875,0.11840000003576279
8014.68994140625,0.11840000003576279
8015.06005859375,0.11829999834299088
8015.419921875,0.11819999665021896
8015.7900390625,0.11819999665021896
8016.16015625,0.11810000240802765
8016.52001953125,0.11800000071525574
8016.89013671875,0.11800000071525574
8017.259765625,0.11789999902248383
8017.6298828125,0.11779999732971191
8018.0,0.11779999732971191
8018.35986328125,0.1177000030875206
8018.72998046875,0.11760000139474869
8019.10009765625,0.11760000139474869
8019.47021484375,0.11749999970197678
8019.83984375,0.11739999800920486
8020.2001953125,0.11739999800920486
8020.56982421875,0.11729999631643295
8020.93994140625,0.11720000207424164
8021.2998046875,0.11720000207424164
8021.669921875,0.11710000038146973
8022.0400390625,0.11699999868869781
8022.41015625,0.11699999868869781
8022.77978515625,0.1168999969959259
8023.14013671875,0.11680000275373459
8023.509765625,0.11680000275373459
8023.8798828125,0.11670000106096268
8024.240234375,0.11659999936819077
8024.60986328125,0.11659999936819077
8024.97998046875,0.11649999767541885
8025.35009765625,0.11640000343322754
8025.72021484375,0.11640000343322754
8026.08984375,0.11630000174045563
8026.4599609375,0.11620000004768372
8026.830078125,0.11620000004768372
8027.18994140625,0.1160999983549118
8027.56005859375,0.11599999666213989
8027.93017578125,0.11599999666213989
8028.2900390625,0.11590000241994858
8028.66015625,0.11580000072717667
8029.02978515625,0.11580000072717667
8029.39990234375,0.11569999903440475
8029.77001953125,0.11559999734163284
8030.14013671875,0.11559999734163284
8030.509765625,0.11550000309944153
8030.8798828125,0.11540000140666962
8031.240234375,0.11540000140666962
8031.60986328125,0.1152999997138977
8031.97998046875,0.1151999980211258
8032.35009765625,0.1151999980211258
8032.72021484375,0.11509999632835388
8033.080078125,0.11500000208616257
8033.4501953125,0.11500000208616257
8033.81982421875,0.11490000039339066
8034.18994140625,0.11479999870061874
8034.56005859375,0.11479999870061874
8034.93017578125,0.11469999700784683
8035.2998046875,0.11460000276565552
8035.669921875,0.11460000276565552
8036.0400390625,0.1145000010728836
8036.39990234375,0.1143999993801117
8036.77001953125,0.1143999993801117
8037.14013671875,0.11429999768733978
8037.509765625,0.11420000344514847
8037.8798828125,0.11420000344514847
8038.240234375,0.11410000175237656
8038.60986328125,0.11400000005960464
8038.97998046875,0.11400000005960464
8039.35009765625,0.11389999836683273
8039.72021484375,0.11379999667406082
8040.08984375,0.11379999667406082
8040.4599609375,0.1137000024318695
8040.830078125,0.1137000024318695
8041.18994140625,0.1136000007390976
8041.56005859375,0.11349999904632568
8041.93017578125,0.11349999904632568
8042.2998046875,0.11339999735355377
8042.669921875,0.11330000311136246
8043.0400390625,0.11330000311136246
8043.41015625,0.11320000141859055
8043.77978515625,0.11309999972581863
8044.14990234375,0.11309999972581863
8044.52001953125,0.11299999803304672
8044.8798828125,0.11289999634027481
8045.25,0.11289999634027481
8045.6201171875,0.1128000020980835
8045.990234375,0.11270000040531158
8046.35986328125,0.11270000040531158
8046.72998046875,0.11259999871253967
8047.10009765625,0.11249999701976776
8047.47021484375,0.11249999701976776
8047.83984375,0.11240000277757645
8048.2001953125,0.11230000108480453
8048.580078125,0.11230000108480453
8048.93994140625,0.11219999939203262
8049.31005859375,0.11209999769926071
8049.68017578125,0.11209999769926071
8050.0498046875,0.1120000034570694
8050.419921875,0.11190000176429749
8050.7900390625,0.11180000007152557
8051.16015625,0.11169999837875366
8051.52978515625,0.11169999837875366
8051.89990234375,0.11159999668598175
8052.27001953125,0.11150000244379044
8052.64013671875,0.11140000075101852
8053.0,0.11129999905824661
8053.3701171875,0.11129999905824661
8053.740234375,0.1111999973654747
8054.10986328125,0.11110000312328339
8054.47998046875,0.11100000143051147
8054.85009765625,0.11089999973773956
8055.22021484375,0.11089999973773956
8055.58984375,0.11079999804496765
8055.9599609375,0.11069999635219574
8056.330078125,0.11060000211000443
8056.7001953125,0.11050000041723251
8057.06005859375,0.1103999987244606
8057.43994140625,0.1103999987244606
8057.81005859375,0.11029999703168869
8058.169921875,0.11020000278949738
8058.5498046875,0.11010000109672546
8058.919921875,0.10999999940395355
8059.27978515625,0.10999999940395355
8059.66015625,0.10989999771118164
8060.02001953125,0.10980000346899033
8060.39990234375,0.10970000177621841
8060.77001953125,0.1096000000834465
8061.1298828125,0.1096000000834465
8061.5,0.10949999839067459
8061.8701171875,0.10939999669790268
8062.240234375,0.10930000245571136
8062.60986328125,0.10920000076293945
8062.97998046875,0.10909999907016754
8063.35009765625,0.10909999907016754
8063.72021484375,0.10899999737739563
8064.08984375,0.10890000313520432
8064.4599609375,0.1088000014424324
8064.830078125,0.10869999974966049
8065.2001953125,0.10869999974966049
8065.56982421875,0.10859999805688858
8065.93994140625,0.10849999636411667
8066.31005859375,0.10840000212192535
8066.68017578125,0.10830000042915344
8067.0498046875,0.10819999873638153
8067.419921875,0.10819999873638153
8067.7900390625,0.10809999704360962
8068.16015625,0.1080000028014183
8068.52978515625,0.10790000110864639
8068.89990234375,0.10779999941587448
8069.27001953125,0.10779999941587448
8069.64013671875,0.10769999772310257
8070.009765625,0.10760000348091125
8070.3798828125,0.10750000178813934
8070.75,0.10740000009536743
8071.1201171875,0.10740000009536743
8071.490234375,0.10729999840259552
8071.85986328125,0.10719999670982361
8072.22998046875,0.1071000024676323
8072.60009765625,0.10700000077486038
8072.97998046875,0.10689999908208847
8073.33984375,0.10689999908208847
8073.7099609375,0.10679999738931656
8074.080078125,0.10670000314712524
8074.4501953125,0.10660000145435333
8074.81982421875,0.10649999976158142
8075.18994140625,0.10649999976158142
8075.56005859375,0.10639999806880951
8075.93994140625,0.1062999963760376
8076.31005859375,0.10620000213384628
8076.68017578125,0.10610000044107437
8077.0498046875,0.10599999874830246
8077.419921875,0.10599999874830246
8077.7900390625,0.10589999705553055
8078.14990234375,0.10580000281333923
8078.52978515625,0.10570000112056732
8078.89990234375,0.10559999942779541
8079.27001953125,0.10559999942779541
8079.64013671875,0.1054999977350235
8080.009765625,0.10540000349283218
8080.3798828125,0.10530000180006027
8080.75,0.10520000010728836
8081.1201171875,0.10520000010728836
8081.490234375,0.10509999841451645
8081.8701171875,0.10499999672174454
8082.22998046875,0.10490000247955322
8082.60009765625,0.10480000078678131
8082.97998046875,0.1046999990940094
8083.33984375,0.1046999990940094
8083.72021484375,0.10459999740123749
8084.08984375,0.10450000315904617
8084.4599609375,0.10440000146627426
8084.830078125,0.10429999977350235
8085.2001953125,0.10429999977350235
8085.56982421875,0.10419999808073044
8085.9501953125,0.10409999638795853
8086.31005859375,0.10400000214576721
8086.68017578125,0.1039000004529953
8087.0498046875,0.10379999876022339
8087.419921875,0.10379999876022339
8087.7998046875,0.10369999706745148
8088.169921875,0.10360000282526016
8088.5400390625,0.10350000113248825
8088.91015625,0.10339999943971634
8089.27978515625,0.10339999943971634
8089.64990234375,0.10329999774694443
8090.02978515625,0.10320000350475311
8090.39013671875,0.1031000018119812
8090.759765625,0.10300000011920929
8091.1298828125,0.10300000011920929
8091.509765625,0.10289999842643738
8091.8798828125,0.10279999673366547
8092.25,0.10270000249147415
8092.6201171875,0.10260000079870224
8092.990234375,0.10249999910593033
8093.35986328125,0.10249999910593033
8093.740234375,0.10239999741315842
8094.10009765625,0.1023000031709671
8094.47021484375,0.10220000147819519
8094.85009765625,0.10209999978542328
8095.22021484375,0.10209999978542328
8095.58984375,0.10199999809265137
8095.9599609375,0.10189999639987946
8096.330078125,0.10180000215768814
8096.7001953125,0.10170000046491623
8097.06982421875,0.10159999877214432
8097.4501953125,0.10159999877214432
8097.81982421875,0.1014999970793724
8098.18994140625,0.10140000283718109
8098.56005859375,0.10130000114440918
8098.93017578125,0.10119999945163727
8099.2998046875,0.10119999945163727
8099.669921875,0.10109999775886536
8100.0498046875,0.10100000351667404
8100.419921875,0.10090000182390213
8100.7900390625,0.10090000182390213
8101.16015625,0.10080000013113022
8101.52978515625,0.1006999984383583
8101.91015625,0.1006999984383583
8102.27978515625,0.1005999967455864
8102.64990234375,0.10050000250339508
8103.02001953125,0.10050000250339508
8103.39013671875,0.10040000081062317
8103.759765625,0.10029999911785126
8104.1298828125,0.10029999911785126
8104.5,0.10019999742507935
8104.8798828125,0.10010000318288803
8105.25,0.10010000318288803
8105.6201171875,0.10000000149011612
8105.990234375,0.09989999979734421
8106.35986328125,0.09989999979734421
8106.740234375,0.0997999981045723
8107.10009765625,0.09969999641180038
8107.47998046875,0.09969999641180038
8107.85009765625,0.09960000216960907
8108.22021484375,0.09950000047683716
8108.58984375,0.09950000047683716
8108.97021484375,0.09939999878406525
8109.33984375,0.09929999709129333
8109.7099609375,0.09929999709129333
8110.08984375,0.09920000284910202
8110.4599609375,0.09910000115633011
8110.830078125,0.09910000115633011
8111.18994140625,0.0989999994635582
8111.56982421875,0.09889999777078629
8111.93994140625,0.09880000352859497
8112.31005859375,0.09880000352859497
8112.68994140625,0.09870000183582306
8113.06005859375,0.09860000014305115
8113.43017578125,0.09860000014305115
8113.7998046875,0.09849999845027924
8114.169921875,0.09839999675750732
8114.5498046875,0.09839999675750732
8114.919921875,0.09830000251531601
8115.2900390625,0.0982000008225441
8115.66015625,0.0982000008225441
8116.0400390625,0.09809999912977219
8116.41015625,0.09799999743700027
8116.77978515625,0.09799999743700027
8117.14990234375,0.09790000319480896
8117.52001953125,0.09780000150203705
8117.89990234375,0.09780000150203705
8118.27001953125,0.09769999980926514
8118.64013671875,0.09759999811649323
8119.02001953125,0.09759999811649323
8119.39013671875,0.09749999642372131
8119.759765625,0.09740000218153
8120.1298828125,0.09740000218153
8120.5,0.09730000048875809
8120.8798828125,0.09719999879598618
8121.25,0.09719999879598618
8121.6201171875,0.09709999710321426
8122.0,0.09700000286102295
8122.3701171875,0.09700000286102295
8122.740234375,0.09690000116825104
8123.10986328125,0.09679999947547913
8123.47998046875,0.09679999947547913
8123.85009765625,0.09669999778270721
8124.22021484375,0.0966000035405159
8124.60009765625,0.0966000035405159
8124.97021484375,0.09650000184774399
8125.33984375,0.09640000015497208
8125.72021484375,0.09640000015497208
8126.08984375,0.09629999846220016
8126.4599609375,0.09619999676942825
8126.83984375,0.09619999676942825
8127.2099609375,0.09610000252723694
8127.580078125,0.09600000083446503
8127.9501953125,0.09600000083446503
8128.31982421875,0.09589999914169312
8128.7001953125,0.0957999974489212
8129.06982421875,0.0957999974489212
8129.43994140625,0.09570000320672989
8129.81982421875,0.09560000151395798
8130.18994140625,0.09560000151395798
8130.56005859375,0.09549999982118607
8130.93994140625,0.09539999812841415
8131.31005859375,0.09539999812841415
8131.68994140625,0.09529999643564224
8132.06005859375,0.09520000219345093
8132.43017578125,0.09520000219345093
8132.7998046875,0.09510000050067902
8133.18017578125,0.0949999988079071
8133.5498046875,0.0949999988079071
8133.919921875,0.09489999711513519
8134.2900390625,0.09480000287294388
8134.669921875,0.09480000287294388
8135.0400390625,0.09470000118017197
8135.41015625,0.09459999948740005
8135.7900390625,0.09459999948740005
8136.16015625,0.09449999779462814
8136.52978515625,0.09440000355243683
8136.91015625,0.09440000355243683
8137.27978515625,0.09430000185966492
8137.64990234375,0.094200000166893
8138.02978515625,0.094200000166893
8138.39990234375,0.0940999984741211
8138.77001953125,0.09399999678134918
8139.14990234375,0.09399999678134918
8139.52001953125,0.09390000253915787
8139.89013671875,0.09380000084638596
8140.27001953125,0.09380000084638596
8140.64013671875,0.09369999915361404
8141.009765625,0.09359999746084213
8141.3798828125,0.09359999746084213
8141.759765625,0.09350000321865082
8142.1298828125,0.0934000015258789
8142.5,0.093299999833107
8142.8798828125,0.093299999833107
8143.259765625,0.09319999814033508
8143.6298828125,0.09309999644756317
8144.0,0.09309999644756317
8144.3701171875,0.09300000220537186
8144.740234375,0.09290000051259995
8145.1201171875,0.09290000051259995
8145.490234375,0.09279999881982803
8145.8701171875,0.09269999712705612
8146.240234375,0.09269999712705612
8146.60986328125,0.09260000288486481
8146.990234375,0.0925000011920929
8147.3701171875,0.0925000011920929
8147.740234375,0.09239999949932098
8148.10986328125,0.09229999780654907
8148.47998046875,0.09229999780654907
8148.85009765625,0.09220000356435776
8149.22998046875,0.09210000187158585
8149.60009765625,0.09210000187158585
8149.97998046875,0.09200000017881393
8150.35009765625,0.09189999848604202
8150.72021484375,0.09189999848604202
8151.10009765625,0.09179999679327011
8151.47021484375,0.09179999679327011
8151.85009765625,0.0917000025510788
8152.22021484375,0.09160000085830688
8152.60009765625,0.09160000085830688
8152.97021484375,0.09149999916553497
8153.33984375,0.09149999916553497
8153.7099609375,0.09139999747276306
8154.08984375,0.09130000323057175
8154.4599609375,0.09130000323057175
8154.83984375,0.09120000153779984
8155.2099609375,0.09120000153779984
8155.58984375,0.09109999984502792
8155.9599609375,0.09099999815225601
8156.33984375,0.09099999815225601
8156.7099609375,0.0908999964594841
8157.080078125,0.0908999964594841
8157.4599609375,0.09080000221729279
8157.830078125,0.09070000052452087
8158.2099609375,0.09070000052452087
8158.580078125,0.09059999883174896
8158.9501953125,0.09059999883174896
8159.330078125,0.09049999713897705
8159.7001953125,0.09040000289678574
8160.080078125,0.09040000289678574
8160.4501953125,0.09030000120401382
8160.830078125,0.09030000120401382
8161.2001953125,0.09019999951124191
8161.56982421875,0.09009999781847
8161.9501953125,0.09009999781847
8162.31982421875,0.09000000357627869
8162.68994140625,0.09000000357627869
8163.06982421875,0.08990000188350677
8163.4501953125,0.08980000019073486
8163.81982421875,0.08980000019073486
8164.2001953125,0.08969999849796295
8164.56982421875,0.08969999849796295
8164.93994140625,0.08959999680519104
8165.31982421875,0.08950000256299973
8165.68994140625,0.08950000256299973
8166.06005859375,0.08940000087022781
8166.43994140625,0.08940000087022781
8166.81005859375,0.0892999991774559
8167.18994140625,0.08919999748468399
8167.56982421875,0.08919999748468399
8167.93994140625,0.08910000324249268
8168.31982421875,0.08910000324249268
8168.68994140625,0.08900000154972076
8169.06005859375,0.08900000154972076
8169.43994140625,0.08889999985694885
8169.81005859375,0.08879999816417694
8170.18994140625,0.08879999816417694
8170.56005859375,0.08869999647140503
8170.93017578125,0.08869999647140503
8171.31005859375,0.08860000222921371
8171.68017578125,0.0885000005364418
8172.06005859375,0.0885000005364418
8172.43994140625,0.08839999884366989
8172.81005859375,0.08839999884366989
8173.18994140625,0.08829999715089798
8173.56005859375,0.08820000290870667
8173.93017578125,0.08820000290870667
8174.31005859375,0.08810000121593475
8174.68994140625,0.08799999952316284
8175.06005859375,0.08799999952316284
8175.43994140625,0.08789999783039093
8175.81005859375,0.08789999783039093
8176.18017578125,0.08780000358819962
8176.56005859375,0.08780000358819962
8176.93017578125,0.0877000018954277
8177.31005859375,0.08760000020265579
8177.68994140625,0.08760000020265579
8178.06005859375,0.08749999850988388
8178.43017578125,0.08749999850988388
8178.81005859375,0.08739999681711197
8179.18017578125,0.08730000257492065
8179.56005859375,0.08730000257492065
8179.93017578125,0.08720000088214874
8180.31005859375,0.08720000088214874
8180.68994140625,0.08709999918937683
8181.06005859375,0.08699999749660492
8181.43994140625,0.08699999749660492
8181.81005859375,0.0869000032544136
8182.18017578125,0.0869000032544136
8182.56005859375,0.0868000015616417
8182.93017578125,0.08669999986886978
8183.31005859375,0.08669999986886978
8183.68994140625,0.08659999817609787
8184.06005859375,0.08659999817609787
8184.43994140625,0.08649999648332596
8184.81982421875,0.08640000224113464
8185.18994140625,0.08640000224113464
8185.56982421875,0.08630000054836273
8185.93994140625,0.08619999885559082
8186.31982421875,0.08619999885559082
8186.68994140625,0.08609999716281891
8187.06005859375,0.08609999716281891
8187.43994140625,0.0860000029206276
8187.81982421875,0.08590000122785568
8188.18994140625,0.08590000122785568
8188.56982421875,0.08579999953508377
8188.93994140625,0.08579999953508377
8189.31982421875,0.08569999784231186
8189.7001953125,0.08560000360012054
8190.06982421875,0.08560000360012054
8190.4501953125,0.08550000190734863
8190.81982421875,0.08550000190734863
8191.18994140625,0.08540000021457672
8191.56982421875,0.08529999852180481
8191.9501953125,0.08529999852180481
8192.3203125,0.0851999968290329
8192.7001953125,0.0851999968290329
8193.0703125,0.08510000258684158
8193.4501953125,0.08500000089406967
8193.830078125,0.08500000089406967
8194.2001953125,0.08489999920129776
8194.580078125,0.08489999920129776
8194.9599609375,0.08479999750852585
8195.330078125,0.08470000326633453
8195.7099609375,0.08470000326633453
8196.080078125,0.08460000157356262
8196.4599609375,0.08460000157356262
8196.83984375,0.08449999988079071
8197.2099609375,0.0843999981880188
8197.58984375,0.0843999981880188
8197.9599609375,0.08429999649524689
8198.33984375,0.08429999649524689
8198.7197265625,0.08420000225305557
8199.08984375,0.08410000056028366
8199.4599609375,0.08410000056028366
8199.83984375,0.08399999886751175
8200.2197265625,0.08399999886751175
8200.58984375,0.08389999717473984
8200.9697265625,0.08380000293254852
8201.349609375,0.08380000293254852
8201.7197265625,0.08370000123977661
8202.099609375,0.08370000123977661
8202.48046875,0.0835999995470047
8202.849609375,0.08349999785423279
8203.23046875,0.08349999785423279
8203.599609375,0.08340000361204147
8203.98046875,0.08340000361204147
8204.349609375,0.08330000191926956
8204.73046875,0.08320000022649765
8205.1103515625,0.08320000022649765
8205.48046875,0.08309999853372574
8205.8603515625,0.08309999853372574
8206.240234375,0.08299999684095383
8206.6201171875,0.08290000259876251
8206.990234375,0.08290000259876251
8207.3701171875,0.0828000009059906
8207.740234375,0.0828000009059906
8208.1201171875,0.08269999921321869
8208.490234375,0.08259999752044678
8208.8701171875,0.08259999752044678
8209.25,0.08250000327825546
8209.6201171875,0.08250000327825546
8210.0,0.08240000158548355
8210.3798828125,0.08229999989271164
8210.759765625,0.08229999989271164
8211.1298828125,0.08219999819993973
8211.509765625,0.08219999819993973
8211.8798828125,0.08209999650716782
8212.259765625,0.0820000022649765
8212.6396484375,0.0820000022649765
8213.009765625,0.08190000057220459
8213.3896484375,0.08190000057220459
8213.76953125,0.08179999887943268
8214.150390625,0.08169999718666077
8214.51953125,0.08169999718666077
8214.900390625,0.08160000294446945
8215.2802734375,0.08160000294446945
8215.650390625,0.08150000125169754
8216.0302734375,0.08139999955892563
8216.400390625,0.08139999955892563
8216.7802734375,0.08129999786615372
8217.16015625,0.08129999786615372
8217.5302734375,0.0812000036239624
8217.91015625,0.08110000193119049
8218.2900390625,0.08110000193119049
8218.669921875,0.08100000023841858
8219.0498046875,0.08100000023841858
8219.419921875,0.08089999854564667
8219.7998046875,0.08079999685287476
8220.169921875,0.08079999685287476
8220.5498046875,0.08070000261068344
8220.9296875,0.08070000261068344
8221.3095703125,0.08060000091791153
8221.6796875,0.08049999922513962
8222.0595703125,0.08049999922513962
8222.4404296875,0.0803999975323677
8222.8095703125,0.08030000329017639
8223.1904296875,0.08030000329017639
8223.5703125,0.08020000159740448
8223.9501953125,0.08020000159740448
8224.330078125,0.08009999990463257
8224.7001953125,0.07999999821186066
8225.080078125,0.07999999821186066
8225.4599609375,0.07989999651908875
8225.830078125,0.07989999651908875
8226.2099609375,0.07980000227689743
8226.580078125,0.07970000058412552
8226.9599609375,0.07970000058412552
8227.33984375,0.07959999889135361
8227.7197265625,0.07959999889135361
8228.099609375,0.0794999971985817
8228.4697265625,0.07940000295639038
8228.849609375,0.07940000295639038
8229.23046875,0.07930000126361847
8229.599609375,0.07930000126361847
8229.98046875,0.07919999957084656
8230.3603515625,0.07909999787807465
8230.740234375,0.07909999787807465
8231.1201171875,0.07900000363588333
8231.5,0.07900000363588333
8231.8701171875,0.07890000194311142
8232.25,0.07880000025033951
8232.6298828125,0.07880000025033951
8233.0,0.0786999985575676
8233.3798828125,0.0786999985575676
8233.75,0.07859999686479568
8234.1298828125,0.07850000262260437
8234.509765625,0.07850000262260437
8234.8896484375,0.07840000092983246
8235.26953125,0.07840000092983246
8235.650390625,0.07829999923706055
8236.01953125,0.07819999754428864
8236.400390625,0.07819999754428864
8236.7802734375,0.07810000330209732
8237.150390625,0.07810000330209732
8237.5302734375,0.07800000160932541
8237.91015625,0.0778999999165535
8238.2900390625,0.0778999999165535
8238.669921875,0.07779999822378159
8239.0400390625,0.07779999822378159
8239.419921875,0.07769999653100967
8239.7998046875,0.07760000228881836
8240.1796875,0.07760000228881836
8240.5595703125,0.07750000059604645
8240.9404296875,0.07739999890327454
8241.3095703125,0.07739999890327454
8241.6904296875,0.07729999721050262
8242.0703125,0.07729999721050262
8242.4501953125,0.07720000296831131
8242.830078125,0.0771000012755394
8243.2001953125,0.0771000012755394
8243.580078125,0.07699999958276749
8243.9599609375,0.07699999958276749
8244.33984375,0.07689999788999557
8244.7197265625,0.07680000364780426
8245.08984375,0.07680000364780426
8245.4697265625,0.07670000195503235
8245.849609375,0.07670000195503235
8246.23046875,0.07660000026226044
8246.6103515625,0.07649999856948853
8246.98046875,0.07649999856948853
8247.3603515625,0.07639999687671661
8247.740234375,0.07639999687671661
8248.1201171875,0.0763000026345253
8248.5,0.07620000094175339
8248.8798828125,0.07620000094175339
8249.25,0.07609999924898148
8249.6298828125,0.07609999924898148
8250.009765625,0.07599999755620956
8250.3896484375,0.07590000331401825
8250.76953125,0.07590000331401825
8251.1396484375,0.07580000162124634
8251.51953125,0.07569999992847443
8251.91015625,0.07569999992847443
8252.2802734375,0.07559999823570251
8252.66015625,0.0754999965429306
8253.0400390625,0.0754999965429306
8253.419921875,0.07540000230073929
8253.7998046875,0.07530000060796738
8254.169921875,0.07519999891519547
8254.5498046875,0.07519999891519547
8254.9296875,0.07509999722242355
8255.3095703125,0.07500000298023224
8255.6904296875,0.07500000298023224
8256.0703125,0.07490000128746033
8256.4501953125,0.07479999959468842
8256.830078125,0.07479999959468842
8257.2001953125,0.0746999979019165
8257.580078125,0.07460000365972519
8257.9599609375,0.07460000365972519
8258.33984375,0.07450000196695328
8258.7197265625,0.07440000027418137
8259.099609375,0.07440000027418137
8259.4697265625,0.07429999858140945
8259.849609375,0.07419999688863754
8260.240234375,0.07419999688863754
8260.6103515625,0.07410000264644623
8260.990234375,0.07400000095367432
8261.3701171875,0.07400000095367432
8261.75,0.0738999992609024
8262.1298828125,0.0737999975681305
8262.5,0.07370000332593918
8262.8798828125,0.07370000332593918
8263.26953125,0.07360000163316727
8263.6396484375,0.07349999994039536
8264.01953125,0.07349999994039536
8264.400390625,0.07339999824762344
8264.7802734375,0.07329999655485153
8265.16015625,0.07329999655485153
8265.5400390625,0.07320000231266022
8265.919921875,0.0731000006198883
8266.2998046875,0.0731000006198883
8266.669921875,0.0729999989271164
8267.0498046875,0.07289999723434448
8267.4296875,0.07289999723434448
8267.8095703125,0.07280000299215317
8268.1904296875,0.07270000129938126
8268.5703125,0.07270000129938126
8268.9501953125,0.07259999960660934
8269.330078125,0.07249999791383743
8269.7099609375,0.07249999791383743
8270.08984375,0.07240000367164612
8270.4697265625,0.0723000019788742
8270.849609375,0.0722000002861023
8271.23046875,0.0722000002861023
8271.599609375,0.07209999859333038
8271.98046875,0.07199999690055847
8272.3701171875,0.07199999690055847
8272.740234375,0.07190000265836716
8273.1201171875,0.07180000096559525
8273.509765625,0.07180000096559525
8273.8798828125,0.07169999927282333
8274.259765625,0.07159999758005142
8274.6396484375,0.07159999758005142
8275.01953125,0.07150000333786011
8275.400390625,0.0714000016450882
8275.7802734375,0.0714000016450882
8276.16015625,0.07129999995231628
8276.5400390625,0.07119999825954437
8276.919921875,0.07119999825954437
8277.2998046875,0.07109999656677246
8277.6796875,0.07100000232458115
8278.0595703125,0.07100000232458115
8278.4404296875,0.07090000063180923
8278.8203125,0.07079999893903732
8279.2001953125,0.07069999724626541
8279.580078125,0.07069999724626541
8279.9501953125,0.0706000030040741
8280.330078125,0.07050000131130219
8280.7197265625,0.07050000131130219
8281.08984375,0.07039999961853027
8281.48046875,0.07029999792575836
8281.849609375,0.07029999792575836
8282.240234375,0.07020000368356705
8282.6201171875,0.07010000199079514
8283.0,0.07010000199079514
8283.3798828125,0.07000000029802322
8283.75,0.06989999860525131
8284.1298828125,0.06989999860525131
8284.509765625,0.0697999969124794
8284.8896484375,0.06970000267028809
8285.26953125,0.06970000267028809
8285.66015625,0.06960000097751617
8286.0302734375,0.06949999928474426
8286.419921875,0.06939999759197235
8286.7998046875,0.06939999759197235
8287.169921875,0.06930000334978104
8287.5595703125,0.06920000165700912
8287.9296875,0.06920000165700912
8288.3095703125,0.06909999996423721
8288.6904296875,0.0689999982714653
8289.0703125,0.0689999982714653
8289.4501953125,0.06889999657869339
8289.83984375,0.06880000233650208
8290.2099609375,0.06880000233650208
8290.599609375,0.06870000064373016
8290.98046875,0.06859999895095825
8291.3603515625,0.06859999895095825
8291.740234375,0.06849999725818634
8292.1201171875,0.06840000301599503
8292.490234375,0.06840000301599503
8292.8798828125,0.06830000132322311
8293.25,0.0681999996304512
8293.6396484375,0.06809999793767929
8294.01953125,0.06809999793767929
8294.400390625,0.06800000369548798
8294.7802734375,0.06790000200271606
8295.16015625,0.06790000200271606
8295.5400390625,0.06780000030994415
8295.919921875,0.06769999861717224
8296.2998046875,0.06769999861717224
8296.6796875,0.06759999692440033
8297.0595703125,0.06750000268220901
8297.4404296875,0.06750000268220901
8297.8203125,0.0674000009894371
8298.2099609375,0.06729999929666519
8298.580078125,0.06729999929666519
8298.9697265625,0.06719999760389328
8299.33984375,0.06710000336170197
8299.73046875,0.06700000166893005
8300.1103515625,0.06700000166893005
8300.490234375,0.06689999997615814
8300.8701171875,0.06679999828338623
8301.25,0.06679999828338623
8301.6298828125,0.06669999659061432
8302.009765625,0.066600002348423
8302.3896484375,0.066600002348423
8302.76953125,0.06650000065565109
8303.150390625,0.06639999896287918
8303.5302734375,0.06639999896287918
8303.919921875,0.06629999727010727
8304.2998046875,0.06620000302791595
8304.6796875,0.06620000302791595
8305.0498046875,0.06610000133514404
8305.4296875,0.06599999964237213
8305.8203125,0.06599999964237213
8306.2001953125,0.06589999794960022
8306.580078125,0.0658000037074089
8306.9599609375,0.065700002014637
8307.33984375,0.065700002014637
8307.7197265625,0.06560000032186508
8308.1103515625,0.06549999862909317
8308.490234375,0.06549999862909317
8308.8701171875,0.06539999693632126
8309.25,0.06530000269412994
8309.6201171875,0.06530000269412994
8310.009765625,0.06520000100135803
8310.3896484375,0.06509999930858612
8310.76953125,0.06509999930858612
8311.150390625,0.06499999761581421
8311.5400390625,0.0649000033736229
8311.919921875,0.0649000033736229
8312.2998046875,0.06480000168085098
8312.6796875,0.06469999998807907
8313.0595703125,0.06459999829530716
8313.4404296875,0.06459999829530716
8313.8203125,0.06449999660253525
8314.2001953125,0.06440000236034393
8314.580078125,0.06440000236034393
8314.9599609375,0.06430000066757202
8315.349609375,0.06419999897480011
8315.73046875,0.06419999897480011
8316.1103515625,0.0640999972820282
8316.490234375,0.06400000303983688
8316.8701171875,0.06400000303983688
8317.259765625,0.06390000134706497
8317.6298828125,0.06379999965429306
8318.009765625,0.06379999965429306
8318.400390625,0.06369999796152115
8318.7802734375,0.06360000371932983
8319.16015625,0.06360000371932983
8319.5400390625,0.06350000202655792
8319.919921875,0.06340000033378601
8320.3095703125,0.0632999986410141
8320.6904296875,0.0632999986410141
8321.0703125,0.06319999694824219
8321.4501953125,0.06310000270605087
8321.83984375,0.06310000270605087
8322.2099609375,0.06300000101327896
8322.58984375,0.06289999932050705
8322.9697265625,0.06289999932050705
8323.3603515625,0.06279999762773514
8323.740234375,0.06270000338554382
8324.1201171875,0.06270000338554382
8324.5,0.06260000169277191
8324.8896484375,0.0625
8325.26953125,0.0625
8325.650390625,0.06239999830722809
8326.0302734375,0.062300000339746475
8326.41015625,0.062199998646974564
8326.7900390625,0.062199998646974564
8327.169921875,0.06210000067949295
8327.5595703125,0.06199999898672104
8327.9404296875,0.06199999898672104
8328.3203125,0.061900001019239426
8328.7099609375,0.061799999326467514
8329.08984375,0.061799999326467514
8329.4697265625,0.0617000013589859
8329.849609375,0.06159999966621399
8330.23046875,0.06159999966621399
8330.6201171875,0.061500001698732376
8331.0,0.061400000005960464
8331.3798828125,0.061400000005960464
8331.759765625,0.06129999831318855
8332.1396484375,0.06120000034570694
8332.51953125,0.06109999865293503
8332.91015625,0.06109999865293503
8333.2900390625,0.061000000685453415
8333.669921875,0.0608999989926815
8334.0595703125,0.0608999989926815
8334.4404296875,0.06080000102519989
8334.8203125,0.06069999933242798
8335.2001953125,0.06069999933242798
8335.580078125,0.060600001364946365
8335.9599609375,0.060499999672174454
8336.349609375,0.060499999672174454
8336.73046875,0.06040000170469284
8337.1103515625,0.06030000001192093
8337.490234375,0.06030000001192093
8337.8798828125,0.06019999831914902
8338.259765625,0.060100000351667404
8338.6396484375,0.05999999865889549
8339.0302734375,0.05999999865889549
8339.41015625,0.05990000069141388
8339.7900390625,0.05979999899864197
8340.169921875,0.05979999899864197
8340.5498046875,0.059700001031160355
8340.9404296875,0.05959999933838844
8341.3203125,0.05959999933838844
8341.7001953125,0.05950000137090683
8342.08984375,0.05939999967813492
8342.4697265625,0.05939999967813492
8342.849609375,0.059300001710653305
8343.240234375,0.05920000001788139
8343.6103515625,0.05920000001788139
8344.0,0.05909999832510948
8344.3798828125,0.05900000035762787
8344.759765625,0.05889999866485596
8345.150390625,0.05889999866485596
8345.5302734375,0.058800000697374344
8345.91015625,0.05869999900460243
8346.2998046875,0.05869999900460243
8346.6796875,0.05860000103712082
8347.0595703125,0.05849999934434891
8347.4501953125,0.05849999934434891
8347.8203125,0.058400001376867294
8348.2099609375,0.05829999968409538
8348.58984375,0.05829999968409538
8348.9697265625,0.05820000171661377
8349.3603515625,0.05810000002384186
8349.740234375,0.057999998331069946
8350.1201171875,0.057999998331069946
8350.509765625,0.05790000036358833
8350.8896484375,0.05790000036358833
8351.26953125,0.05779999867081642
8351.66015625,0.05779999867081642
8352.0302734375,0.05770000070333481
8352.419921875,0.05770000070333481
8352.7998046875,0.0575999990105629
8353.1904296875,0.0575999990105629
8353.5703125,0.057500001043081284
8353.9501953125,0.05739999935030937
8354.33984375,0.05739999935030937
8354.7197265625,0.05730000138282776
8355.099609375,0.05730000138282776
8355.490234375,0.05719999969005585
8355.8701171875,0.05719999969005585
8356.25,0.057100001722574234
8356.6298828125,0.057100001722574234
8357.01953125,0.05700000002980232
8357.400390625,0.05700000002980232
8357.7900390625,0.05689999833703041
8358.169921875,0.05689999833703041
8358.5498046875,0.0568000003695488
8358.9404296875,0.056699998676776886
8359.3203125,0.056699998676776886
8359.7001953125,0.05660000070929527
8360.08984375,0.05660000070929527
8360.4697265625,0.05649999901652336
8360.849609375,0.05649999901652336
8361.23046875,0.05640000104904175
8361.6201171875,0.05640000104904175
8362.0,0.056299999356269836
8362.3798828125,0.056299999356269836
8362.76953125,0.05620000138878822
8363.16015625,0.05620000138878822
8363.5400390625,0.05609999969601631
8363.919921875,0.05609999969601631
8364.2998046875,0.0560000017285347
8364.6904296875,0.05590000003576279
8365.0703125,0.05590000003576279
8365.4501953125,0.055799998342990875
8365.83984375,0.055799998342990875
8366.2197265625,0.05570000037550926
8366.599609375,0.05570000037550926
8366.990234375,0.05559999868273735
8367.3798828125,0.05559999868273735
8367.759765625,0.05550000071525574
8368.1396484375,0.05550000071525574
8368.51953125,0.055399999022483826
8368.91015625,0.055399999022483826
8369.2900390625,0.05530000105500221
8369.669921875,0.0551999993622303
8370.0595703125,0.0551999993622303
8370.4501953125,0.05510000139474869
8370.830078125,0.05510000139474869
8371.2099609375,0.054999999701976776
8371.58984375,0.054999999701976776
8371.98046875,0.05490000173449516
8372.3701171875,0.05490000173449516
8372.75,0.05480000004172325
8373.1298828125,0.05480000004172325
8373.51953125,0.05469999834895134
8373.900390625,0.05469999834895134
8374.2802734375,0.05460000038146973
8374.669921875,0.054499998688697815
8375.0498046875,0.054499998688697815
8375.4404296875,0.0544000007212162
8375.8203125,0.0544000007212162
8376.2099609375,0.05429999902844429
8376.58984375,0.05429999902844429
8376.9697265625,0.05420000106096268
8377.3603515625,0.05420000106096268
8377.740234375,0.054099999368190765
8378.1201171875,0.054099999368190765
8378.509765625,0.05400000140070915
8378.8896484375,0.05400000140070915
8379.2802734375,0.05389999970793724
8379.66015625,0.05380000174045563
8380.0498046875,0.05380000174045563
8380.4296875,0.053700000047683716
8380.8203125,0.053700000047683716
8381.2001953125,0.053599998354911804
8381.58984375,0.053599998354911804
8381.9697265625,0.05350000038743019
8382.349609375,0.05350000038743019
8382.740234375,0.05339999869465828
8383.1201171875,0.05339999869465828
8383.509765625,0.053300000727176666
8383.8896484375,0.053300000727176666
8384.26953125,0.053199999034404755
8384.66015625,0.05310000106692314
8385.0498046875,0.05310000106692314
8385.4296875,0.05299999937415123
8385.8203125,0.05299999937415123
8386.2001953125,0.05290000140666962
8386.580078125,0.05290000140666962
8386.9697265625,0.052799999713897705
8387.349609375,0.052799999713897705
8387.740234375,0.05270000174641609
8388.1201171875,0.05270000174641609
8388.509765625,0.05260000005364418
8388.8896484375,0.05260000005364418
8389.26953125,0.05249999836087227
8389.66015625,0.052400000393390656
8390.0498046875,0.052400000393390656
8390.4296875,0.052299998700618744
8390.8095703125,0.052299998700618744
8391.2001953125,0.05220000073313713
8391.580078125,0.05220000073313713
8391.9697265625,0.05209999904036522
8392.349609375,0.05209999904036522
8392.740234375,0.052000001072883606
8393.1298828125,0.052000001072883606
8393.509765625,0.051899999380111694
8393.900390625,0.051899999380111694
8394.2802734375,0.05180000141263008
8394.669921875,0.05169999971985817
8395.0498046875,0.05169999971985817
8395.4296875,0.051600001752376556
8395.8203125,0.051600001752376556
8396.2001953125,0.051500000059604645
8396.58984375,0.051500000059604645
8396.9697265625,0.05139999836683273
8397.3603515625,0.05139999836683273
8397.740234375,0.05130000039935112
8398.1298828125,0.05130000039935112
8398.51953125,0.05119999870657921
8398.900390625,0.05119999870657921
8399.2900390625,0.051100000739097595
8399.669921875,0.050999999046325684
8400.0498046875,0.050999999046325684
8400.4404296875,0.05090000107884407
8400.8203125,0.05079999938607216
8401.2099609375,0.05079999938607216
8401.599609375,0.050700001418590546
8401.98046875,0.050599999725818634
8402.3701171875,0.05050000175833702
8402.75,0.05040000006556511
8403.1396484375,0.05040000006556511
8403.5302734375,0.0502999983727932
8403.91015625,0.050200000405311584
8404.2900390625,0.05009999871253967
8404.6796875,0.05009999871253967
8405.0595703125,0.05000000074505806
8405.4501953125,0.04989999905228615
8405.83984375,0.049800001084804535
8406.2197265625,0.049800001084804535
8406.6103515625,0.04969999939203262
8406.990234375,0.04960000142455101
8407.3798828125,0.0494999997317791
8407.76953125,0.049400001764297485
8408.150390625,0.049400001764297485
8408.5302734375,0.049300000071525574
8408.919921875,0.04919999837875366
8409.2998046875,0.04910000041127205
8409.6904296875,0.04910000041127205
8410.080078125,0.04899999871850014
8410.4599609375,0.048900000751018524
8410.849609375,0.04879999905824661
8411.240234375,0.04879999905824661
8411.6201171875,0.048700001090765
8412.009765625,0.04859999939799309
8412.3896484375,0.048500001430511475
8412.7802734375,0.04839999973773956
8413.16015625,0.04839999973773956
8413.5498046875,0.04830000177025795
8413.9404296875,0.04820000007748604
8414.3203125,0.04809999838471413
8414.7099609375,0.04809999838471413
8415.099609375,0.04800000041723251
8415.48046875,0.0478999987244606
8415.8701171875,0.04780000075697899
8416.259765625,0.04769999906420708
8416.6298828125,0.04769999906420708
8417.01953125,0.047600001096725464
8417.41015625,0.04749999940395355
8417.7900390625,0.04740000143647194
8418.1796875,0.04740000143647194
8418.5703125,0.04729999974370003
8418.9501953125,0.047200001776218414
8419.33984375,0.0471000000834465
8419.73046875,0.0471000000834465
8420.1103515625,0.04699999839067459
8420.5,0.04690000042319298
8420.8896484375,0.046799998730421066
8421.26953125,0.04670000076293945
8421.650390625,0.04670000076293945
8422.0400390625,0.04659999907016754
8422.4296875,0.04650000110268593
8422.8095703125,0.04639999940991402
8423.2001953125,0.04639999940991402
8423.58984375,0.046300001442432404
8423.98046875,0.04619999974966049
8424.3603515625,0.04610000178217888
8424.75,0.04600000008940697
8425.1298828125,0.04600000008940697
8425.51953125,0.045899998396635056
8425.900390625,0.04580000042915344
8426.2900390625,0.04569999873638153
8426.6796875,0.04569999873638153
8427.0703125,0.04560000076889992
8427.4501953125,0.045499999076128006
8427.83984375,0.04540000110864639
8428.23046875,0.04540000110864639
8428.6201171875,0.04529999941587448
8429.0,0.04520000144839287
8429.3896484375,0.045099999755620956
8429.76953125,0.04500000178813934
8430.16015625,0.04500000178813934
8430.5400390625,0.04490000009536743
8430.9296875,0.04479999840259552
8431.3203125,0.04470000043511391
8431.7099609375,0.04470000043511391
8432.08984375,0.044599998742341995
8432.48046875,0.04450000077486038
8432.8701171875,0.04439999908208847
8433.25,0.04430000111460686
8433.6396484375,0.04430000111460686
8434.0302734375,0.044199999421834946
8434.41015625,0.04410000145435333
8434.7998046875,0.04399999976158142
8435.1796875,0.04399999976158142
8435.5703125,0.04390000179409981
8435.9599609375,0.043800000101327896
8436.349609375,0.043699998408555984
8436.740234375,0.043699998408555984
8437.1201171875,0.04360000044107437
8437.509765625,0.04349999874830246
8437.900390625,0.04340000078082085
8438.2802734375,0.043299999088048935
8438.669921875,0.043299999088048935
8439.0595703125,0.04320000112056732
8439.4404296875,0.04309999942779541
8439.830078125,0.0430000014603138
8440.2197265625,0.0430000014603138
8440.599609375,0.042899999767541885
8440.990234375,0.04280000180006027
8441.3798828125,0.04270000010728836
8441.76953125,0.04259999841451645
8442.16015625,0.04259999841451645
8442.5400390625,0.042500000447034836
8442.919921875,0.042399998754262924
8443.3095703125,0.04230000078678131
8443.7001953125,0.04230000078678131
8444.08984375,0.0421999990940094
8444.48046875,0.042100001126527786
8444.8603515625,0.041999999433755875
8445.25,0.041999999433755875
8445.6396484375,0.04190000146627426
8446.0302734375,0.04179999977350235
8446.419921875,0.04170000180602074
8446.7998046875,0.041600000113248825
8447.1904296875,0.041600000113248825
8447.580078125,0.04149999842047691
8447.9599609375,0.0414000004529953
8448.349609375,0.04129999876022339
8448.73046875,0.04129999876022339
8449.1201171875,0.041200000792741776
8449.509765625,0.041099999099969864
8449.900390625,0.04100000113248825
8450.2900390625,0.04089999943971634
8450.6796875,0.040800001472234726
8451.0595703125,0.040699999779462814
8451.4501953125,0.040699999779462814
8451.830078125,0.0406000018119812
8452.2197265625,0.04050000011920929
8452.6103515625,0.04039999842643738
8453.0,0.040300000458955765
8453.3896484375,0.04019999876618385
8453.7802734375,0.04010000079870224
8454.16015625,0.03999999910593033
8454.5498046875,0.039900001138448715
8454.9404296875,0.039799999445676804
8455.330078125,0.03970000147819519
8455.7099609375,0.03959999978542328
8456.099609375,0.039500001817941666
8456.490234375,0.039400000125169754
8456.8798828125,0.03929999843239784
8457.259765625,0.03929999843239784
8457.650390625,0.03920000046491623
8458.0400390625,0.03909999877214432
8458.4296875,0.039000000804662704
8458.8203125,0.03889999911189079
8459.2099609375,0.03880000114440918
8459.58984375,0.03869999945163727
8459.98046875,0.038600001484155655
8460.3701171875,0.03849999979138374
8460.759765625,0.03840000182390213
8461.150390625,0.03830000013113022
8461.5302734375,0.03819999843835831
8461.919921875,0.038100000470876694
8462.3095703125,0.03799999877810478
8462.7001953125,0.03799999877810478
8463.08984375,0.03790000081062317
8463.4697265625,0.03779999911785126
8463.8603515625,0.037700001150369644
8464.25,0.03759999945759773
8464.6396484375,0.03750000149011612
8465.0302734375,0.03739999979734421
8465.419921875,0.037300001829862595
8465.7998046875,0.03720000013709068
8466.1904296875,0.03709999844431877
8466.580078125,0.03700000047683716
8466.9697265625,0.03689999878406525
8467.3603515625,0.03680000081658363
8467.75,0.03669999912381172
8468.1298828125,0.03660000115633011
8468.5302734375,0.03660000115633011
8468.91015625,0.0364999994635582
8469.2998046875,0.036400001496076584
8469.6796875,0.03629999980330467
8470.0703125,0.03620000183582306
8470.4599609375,0.03610000014305115
8470.849609375,0.035999998450279236
8471.240234375,0.03590000048279762
8471.6298828125,0.03579999879002571
8472.01953125,0.0357000008225441
8472.41015625,0.035599999129772186
8472.7998046875,0.03550000116229057
8473.1796875,0.03539999946951866
8473.5703125,0.03530000150203705
8473.9599609375,0.03519999980926514
8474.349609375,0.03519999980926514
8474.740234375,0.035100001841783524
8475.1201171875,0.03500000014901161
8475.51953125,0.0348999984562397
8475.91015625,0.03480000048875809
8476.2900390625,0.034699998795986176
8476.6796875,0.03460000082850456
8477.0703125,0.03449999913573265
8477.4599609375,0.03440000116825104
8477.849609375,0.034299999475479126
8478.23046875,0.03420000150799751
8478.6201171875,0.0340999998152256
8479.01953125,0.03400000184774399
8479.400390625,0.033900000154972076
8479.7900390625,0.033799998462200165
8480.1796875,0.033799998462200165
8480.5703125,0.03370000049471855
8480.9599609375,0.03359999880194664
8481.349609375,0.03350000083446503
8481.73046875,0.033399999141693115
8482.1298828125,0.0333000011742115
8482.509765625,0.03319999948143959
8482.900390625,0.03310000151395798
8483.2900390625,0.032999999821186066
8483.6796875,0.03290000185370445
8484.0703125,0.03280000016093254
8484.4599609375,0.03269999846816063
8484.849609375,0.032600000500679016
8485.240234375,0.032499998807907104
8485.6298828125,0.03240000084042549
8486.009765625,0.03240000084042549
8486.41015625,0.03229999914765358
8486.7900390625,0.03220000118017197
8487.1796875,0.032099999487400055
8487.5703125,0.03200000151991844
8487.9599609375,0.03189999982714653
8488.349609375,0.03180000185966492
8488.740234375,0.031700000166893005
8489.1298828125,0.031599998474121094
8489.51953125,0.03150000050663948
8489.91015625,0.03139999881386757
8490.2998046875,0.031300000846385956
8490.6796875,0.031199999153614044
8491.080078125,0.031099999323487282
8491.4697265625,0.03099999949336052
8491.849609375,0.03099999949336052
8492.25,0.030899999663233757
8492.6396484375,0.030799999833106995
8493.01953125,0.030700000002980232
8493.419921875,0.03060000017285347
8493.8095703125,0.030500000342726707
8494.1904296875,0.030400000512599945
8494.58984375,0.030300000682473183
8494.9697265625,0.03020000085234642
8495.3603515625,0.03009999915957451
8495.75,0.029999999329447746
8496.1396484375,0.029899999499320984
8496.5302734375,0.02979999966919422
8496.919921875,0.02969999983906746
8497.3095703125,0.029600000008940697
8497.7001953125,0.029600000008940697
8498.08984375,0.029500000178813934
8498.48046875,0.029400000348687172
8498.8701171875,0.02930000051856041
8499.259765625,0.029200000688433647
8499.650390625,0.029100000858306885
8500.0400390625,0.028999999165534973
8500.4296875,0.02889999933540821
8500.8203125,0.02879999950528145
8501.2099609375,0.02879999950528145
8501.599609375,0.028699999675154686
8501.990234375,0.028599999845027924
8502.3798828125,0.02850000001490116
8502.76953125,0.0284000001847744
8503.16015625,0.0284000001847744
8503.5400390625,0.028300000354647636
8503.9404296875,0.028200000524520874
8504.330078125,0.02810000069439411
8504.7197265625,0.02810000069439411
8505.1103515625,0.02800000086426735
8505.5,0.027899999171495438
8505.8896484375,0.027799999341368675
8506.2802734375,0.027699999511241913
8506.669921875,0.027699999511241913
8507.0595703125,0.02759999968111515
8507.4501953125,0.027499999850988388
8507.83984375,0.027400000020861626
8508.23046875,0.027400000020861626
8508.6201171875,0.027300000190734863
8509.009765625,0.0272000003606081
8509.400390625,0.02710000053048134
8509.7900390625,0.027000000700354576
8510.1796875,0.027000000700354576
8510.5703125,0.026900000870227814
8510.9599609375,0.026799999177455902
8511.349609375,0.02669999934732914
8511.75,0.02669999934732914
8512.1298828125,0.026599999517202377
8512.51953125,0.026499999687075615
8512.91015625,0.026399999856948853
8513.2998046875,0.02630000002682209
8513.7001953125,0.02630000002682209
8514.080078125,0.026200000196695328
8514.48046875,0.026100000366568565
8514.8701171875,0.026000000536441803
8515.259765625,0.02590000070631504
8515.650390625,0.02590000070631504
8516.0400390625,0.025800000876188278
8516.4296875,0.025699999183416367
8516.8203125,0.025599999353289604
8517.2099609375,0.025599999353289604
8517.599609375,0.025499999523162842
8517.990234375,0.02539999969303608
8518.3798828125,0.025299999862909317
8518.76953125,0.025200000032782555
8519.16015625,0.025200000032782555
8519.5498046875,0.025100000202655792
8519.9501953125,0.02500000037252903
8520.330078125,0.024900000542402267
8520.73046875,0.024900000542402267
8521.1201171875,0.024800000712275505
8521.5,0.024700000882148743
8521.900390625,0.02459999918937683
8522.2900390625,0.02449999935925007
8522.6796875,0.02449999935925007
8523.0703125,0.024399999529123306
8523.4599609375,0.024299999698996544
8523.849609375,0.02419999986886978
8524.25,0.02419999986886978
8524.6298828125,0.02410000003874302
8525.0302734375,0.024000000208616257
8525.419921875,0.023900000378489494
8525.7998046875,0.023800000548362732
8526.2001953125,0.023800000548362732
8526.58984375,0.02370000071823597
8526.98046875,0.023600000888109207
8527.3701171875,0.023499999195337296
8527.759765625,0.023399999365210533
8528.150390625,0.023399999365210533
8528.5498046875,0.02329999953508377
8528.9404296875,0.02319999970495701
8529.330078125,0.023099999874830246
8529.7197265625,0.023099999874830246
8530.1103515625,0.023000000044703484
8530.5,0.02290000021457672
8530.8896484375,0.02280000038444996
8531.2802734375,0.022700000554323196
8531.6796875,0.022700000554323196
8532.0595703125,0.022600000724196434
8532.4599609375,0.02250000089406967
8532.849609375,0.02239999920129776
8533.240234375,0.02239999920129776
8533.6298828125,0.022299999371170998
8534.01953125,0.022199999541044235
8534.41015625,0.022099999710917473
8534.7998046875,0.02199999988079071
8535.1904296875,0.02199999988079071
8535.58984375,0.021900000050663948
8535.98046875,0.021800000220537186
8536.3701171875,0.021700000390410423
8536.759765625,0.02160000056028366
8537.150390625,0.02160000056028366
8537.5498046875,0.0215000007301569
8537.9404296875,0.021400000900030136
8538.330078125,0.021299999207258224
8538.7197265625,0.021299999207258224
8539.1103515625,0.021199999377131462
8539.5,0.0210999995470047
8539.8896484375,0.020999999716877937
8540.2802734375,0.020899999886751175
8540.6796875,0.020899999886751175
8541.0703125,0.020800000056624413
8541.4599609375,0.02070000022649765
8541.849609375,0.020600000396370888
8542.25,0.020600000396370888
8542.6396484375,0.020500000566244125
8543.0302734375,0.020400000736117363
8543.419921875,0.0203000009059906
8543.8095703125,0.02019999921321869
8544.2001953125,0.02019999921321869
8544.58984375,0.020099999383091927
8544.990234375,0.019999999552965164
8545.3798828125,0.019899999722838402
8545.76953125,0.01979999989271164
8546.169921875,0.01979999989271164
8546.5595703125,0.019700000062584877
8546.9501953125,0.019600000232458115
8547.33984375,0.019500000402331352
8547.73046875,0.019500000402331352
8548.1201171875,0.01940000057220459
8548.51953125,0.019300000742077827
8548.91015625,0.019200000911951065
8549.2998046875,0.019099999219179153
8549.6904296875,0.019099999219179153
8550.080078125,0.01899999938905239
8550.48046875,0.01889999955892563
8550.8701171875,0.018799999728798866
8551.259765625,0.018699999898672104
8551.650390625,0.018699999898672104
8552.0400390625,0.01860000006854534
8552.4404296875,0.01850000023841858
8552.830078125,0.018400000408291817
8553.2197265625,0.018400000408291817
8553.6103515625,0.018300000578165054
8554.009765625,0.018200000748038292
8554.400390625,0.01810000091791153
8554.7900390625,0.017999999225139618
8555.1796875,0.017999999225139618
8555.580078125,0.017899999395012856
8555.9697265625,0.017799999564886093
8556.3603515625,0.01769999973475933
8556.75,0.01759999990463257
8557.150390625,0.01759999990463257
8557.5400390625,0.017500000074505806
8557.9296875,0.017400000244379044
8558.3203125,0.01730000041425228
8558.7099609375,0.01730000041425228
8559.1103515625,0.01720000058412552
8559.5,0.017100000753998756
8559.8896484375,0.017000000923871994
8560.2900390625,0.016899999231100082
8560.669921875,0.016899999231100082
8561.0703125,0.01679999940097332
8561.4599609375,0.016699999570846558
8561.849609375,0.016599999740719795
8562.25,0.016599999740719795
8562.6396484375,0.016499999910593033
8563.0302734375,0.01640000008046627
8563.4296875,0.016300000250339508
8563.8203125,0.016200000420212746
8564.2099609375,0.016200000420212746
8564.6103515625,0.016100000590085983
8565.0,0.01600000075995922
8565.3896484375,0.01590000092983246
8565.7802734375,0.015799999237060547
8566.169921875,0.015799999237060547
8566.5703125,0.015699999406933784
8566.9599609375,0.015599999576807022
8567.3603515625,0.01549999974668026
8567.75,0.015399999916553497
8568.1396484375,0.015399999916553497
8568.5400390625,0.015300000086426735
8568.9296875,0.015200000256299973
8569.3203125,0.01510000042617321
8569.7099609375,0.01510000042617321
8570.099609375,0.014999999664723873
8570.5,0.01489999983459711
8570.8896484375,0.014800000004470348
8571.2802734375,0.014700000174343586
8571.6796875,0.014700000174343586
8572.0703125,0.014600000344216824
8572.4599609375,0.014499999582767487
8572.8603515625,0.014399999752640724
8573.25,0.014399999752640724
8573.6396484375,0.014299999922513962
8574.0400390625,0.0142000000923872
8574.4296875,0.014100000262260437
8574.8203125,0.014000000432133675
8575.2197265625,0.014000000432133675
8575.6103515625,0.013899999670684338
8576.0,0.013799999840557575
8576.400390625,0.013700000010430813
8576.7900390625,0.01360000018030405
8577.1904296875,0.01360000018030405
8577.580078125,0.013500000350177288
8577.9697265625,0.013399999588727951
8578.3603515625,0.013299999758601189
8578.75,0.013199999928474426
8579.150390625,0.013199999928474426
8579.5400390625,0.013100000098347664
8579.9404296875,0.013000000268220901
8580.330078125,0.012900000438094139
8580.7197265625,0.012900000438094139
8581.1201171875,0.012799999676644802
8581.509765625,0.01269999984651804
8581.91015625,0.012600000016391277
8582.2998046875,0.012500000186264515
8582.6904296875,0.012500000186264515
8583.080078125,0.012400000356137753
8583.48046875,0.012299999594688416
8583.8701171875,0.012199999764561653
8584.26953125,0.01209999993443489
8584.66015625,0.01209999993443489
8585.0498046875,0.012000000104308128
8585.4501953125,0.011900000274181366
8585.83984375,0.011800000444054604
8586.240234375,0.011800000444054604
8586.6298828125,0.011699999682605267
8587.01953125,0.011599999852478504
8587.419921875,0.011500000022351742
8587.8095703125,0.01140000019222498
8588.2001953125,0.01140000019222498
8588.599609375,0.011300000362098217
8588.990234375,0.01119999960064888
8589.3896484375,0.011099999770522118
8589.7802734375,0.010999999940395355
8590.169921875,0.010999999940395355
8590.5703125,0.010900000110268593
8590.9697265625,0.01080000028014183
8591.349609375,0.010700000450015068
8591.75,0.010599999688565731
8592.1396484375,0.010599999688565731
8592.5400390625,0.010499999858438969
8592.9296875,0.010400000028312206
8593.330078125,0.010300000198185444
8593.7197265625,0.010300000198185444
8594.1201171875,0.010200000368058681
8594.509765625,0.010099999606609344
8594.900390625,0.009999999776482582
8595.2998046875,0.00989999994635582
8595.6904296875,0.00989999994635582
8596.080078125,0.009800000116229057
8596.48046875,0.009700000286102295
8596.8701171875,0.009600000455975533
8597.26953125,0.009499999694526196
8597.66015625,0.009499999694526196
8598.0595703125,0.009399999864399433
8598.4501953125,0.00930000003427267
8598.849609375,0.009200000204145908
8599.240234375,0.009200000204145908
8599.6396484375,0.009100000374019146
8600.0302734375,0.008999999612569809
8600.419921875,0.008999999612569809
8600.8203125,0.008899999782443047
8601.2099609375,0.008899999782443047
8601.6103515625,0.008799999952316284
8602.0,0.008799999952316284
8602.400390625,0.008799999952316284
8602.7900390625,0.008700000122189522
8603.1796875,0.008700000122189522
8603.580078125,0.00860000029206276
8603.98046875,0.00860000029206276
8604.3701171875,0.00860000029206276
8604.759765625,0.008500000461935997
8605.150390625,0.008500000461935997
8605.5498046875,0.00839999970048666
8605.9501953125,0.00839999970048666
8606.33984375,0.00839999970048666
8606.740234375,0.008299999870359898
8607.1298828125,0.008299999870359898
8607.5302734375,0.008200000040233135
8607.919921875,0.008200000040233135
8608.3203125,0.008200000040233135
8608.7099609375,0.008100000210106373
8609.099609375,0.008100000210106373
8609.5,0.00800000037997961
8609.8896484375,0.00800000037997961
8610.2900390625,0.00800000037997961
8610.6796875,0.007899999618530273
8611.080078125,0.007899999618530273
8611.48046875,0.007899999618530273
8611.8701171875,0.007799999788403511
8612.26953125,0.007799999788403511
8612.66015625,0.007699999958276749
8613.0595703125,0.007699999958276749
8613.4501953125,0.007699999958276749
8613.83984375,0.007600000128149986
8614.240234375,0.007600000128149986
8614.6396484375,0.007499999832361937
8615.0302734375,0.007499999832361937
8615.4296875,0.007499999832361937
8615.8203125,0.007400000002235174
8616.2197265625,0.007400000002235174
8616.6103515625,0.007300000172108412
8617.009765625,0.007300000172108412
8617.400390625,0.007300000172108412
8617.7998046875,0.007199999876320362
8618.1904296875,0.007199999876320362
8618.58984375,0.0071000000461936
8618.98046875,0.0071000000461936
8619.3798828125,0.0071000000461936
8619.76953125,0.007000000216066837
8620.169921875,0.007000000216066837
8620.5595703125,0.006899999920278788
8620.9599609375,0.006899999920278788
8621.349609375,0.006899999920278788
8621.75,0.006800000090152025
8622.150390625,0.006800000090152025
8622.5400390625,0.0066999997943639755
8622.9404296875,0.0066999997943639755
8623.330078125,0.0066999997943639755
8623.73046875,0.006599999964237213
8624.1201171875,0.006599999964237213
8624.51953125,0.006500000134110451
8624.91015625,0.006500000134110451
8625.3095703125,0.006500000134110451
8625.7099609375,0.006399999838322401
8626.099609375,0.006399999838322401
8626.490234375,0.006399999838322401
8626.8896484375,0.006300000008195639
8627.2900390625,0.006300000008195639
8627.6796875,0.006200000178068876
8628.080078125,0.006200000178068876
8628.48046875,0.006200000178068876
8628.8701171875,0.006099999882280827
8629.26953125,0.006099999882280827
8629.66015625,0.006000000052154064
8630.0595703125,0.006000000052154064
8630.4599609375,0.006000000052154064
8630.849609375,0.005900000222027302
8631.240234375,0.005900000222027302
8631.6396484375,0.005799999926239252
8632.0302734375,0.005799999926239252
8632.4296875,0.005799999926239252
8632.830078125,0.00570000009611249
8633.2197265625,0.00570000009611249
8633.6201171875,0.00559999980032444
8634.009765625,0.00559999980032444
8634.41015625,0.00559999980032444
8634.8095703125,0.005499999970197678
8635.2001953125,0.005499999970197678
8635.599609375,0.005400000140070915
8636.0,0.005400000140070915
8636.3896484375,0.005400000140070915
8636.7900390625,0.0052999998442828655
8637.1796875,0.0052999998442828655
8637.580078125,0.005200000014156103
8637.98046875,0.005200000014156103
8638.3701171875,0.005200000014156103
8638.76953125,0.005100000184029341
8639.169921875,0.005100000184029341
8639.5595703125,0.004999999888241291
8639.9599609375,0.004999999888241291
8640.349609375,0.004999999888241291
8640.75,0.004900000058114529
8641.150390625,0.004900000058114529
8641.5400390625,0.004800000227987766
8641.9404296875,0.004800000227987766
8642.33984375,0.004800000227987766
8642.73046875,0.004699999932199717
8643.1298828125,0.004699999932199717
8643.5302734375,0.004600000102072954
8643.919921875,0.004600000102072954
8644.3203125,0.004600000102072954
8644.7099609375,0.0044999998062849045
8645.1103515625,0.0044999998062849045
8645.509765625,0.004399999976158142
8645.900390625,0.004399999976158142
8646.2998046875,0.004399999976158142
8646.7001953125,0.00430000014603138
8647.08984375,0.00430000014603138
8647.490234375,0.00430000014603138
8647.8798828125,0.00419999985024333
8648.2802734375,0.00419999985024333
8648.6796875,0.004100000020116568
8649.0703125,0.004100000020116568
8649.4697265625,0.004100000020116568
8649.8701171875,0.004000000189989805
8650.259765625,0.004000000189989805
8650.66015625,0.0038999998942017555
8651.0595703125,0.0038999998942017555
8651.4599609375,0.0038999998942017555
8651.8603515625,0.0038999998942017555
8652.25,0.003800000064074993
8652.650390625,0.003800000064074993
8653.0498046875,0.003800000064074993
8653.4404296875,0.003700000001117587
8653.83984375,0.003700000001117587
8654.240234375,0.003700000001117587
8654.6298828125,0.003599999938160181
8655.0302734375,0.003599999938160181
8655.419921875,0.003599999938160181
8655.8203125,0.0035000001080334187
8656.2197265625,0.0035000001080334187
8656.6201171875,0.0035000001080334187
8657.009765625,0.0034000000450760126
8657.41015625,0.0034000000450760126
8657.7998046875,0.0034000000450760126
8658.2001953125,0.0032999999821186066
8658.599609375,0.0032999999821186066
8659.0,0.0032999999821186066
8659.400390625,0.0031999999191612005
8659.7900390625,0.0031999999191612005
8660.1904296875,0.0031999999191612005
8660.58984375,0.0031999999191612005
8660.98046875,0.003100000089034438
8661.3798828125,0.003100000089034438
8661.7802734375,0.003100000089034438
8662.1796875,0.003000000026077032
8662.5703125,0.003000000026077032
8662.9697265625,0.003000000026077032
8663.3701171875,0.002899999963119626
8663.76953125,0.002899999963119626
8664.16015625,0.002899999963119626
8664.5595703125,0.00279999990016222
8664.9599609375,0.00279999990016222
8665.349609375,0.00279999990016222
8665.75,0.0027000000700354576
8666.150390625,0.0027000000700354576
8666.5400390625,0.0027000000700354576
8666.9404296875,0.0026000000070780516
8667.33984375,0.0026000000070780516
8667.740234375,0.0026000000070780516
8668.1396484375,0.0024999999441206455
8668.5302734375,0.0024999999441206455
8668.9296875,0.0024999999441206455
8669.330078125,0.0024999999441206455
8669.73046875,0.002400000113993883
8670.1298828125,0.002400000113993883
8670.51953125,0.002400000113993883
8670.919921875,0.002300000051036477
8671.3203125,0.002300000051036477
8671.7099609375,0.002300000051036477
8672.1103515625,0.002199999988079071
8672.509765625,0.002199999988079071
8672.91015625,0.002199999988079071
8673.3095703125,0.002099999925121665
8673.7001953125,0.002099999925121665
8674.099609375,0.002099999925121665
8674.5,0.0020000000949949026
8674.900390625,0.0020000000949949026
8675.2998046875,0.0020000000949949026
8675.6904296875,0.0019000000320374966
8676.08984375,0.0019000000320374966
8676.490234375,0.0019000000320374966
8676.8798828125,0.0017999999690800905
8677.2802734375,0.0017999999690800905
8677.6796875,0.0017999999690800905
8678.080078125,0.0017999999690800905
8678.48046875,0.0017000000225380063
8678.8798828125,0.0017000000225380063
8679.2802734375,0.0017000000225380063
8679.6796875,0.0015999999595806003
8680.0703125,0.0015999999595806003
8680.4697265625,0.0015999999595806003
8680.8701171875,0.001500000013038516
8681.259765625,0.001500000013038516
8681.66015625,0.001500000013038516
8682.0595703125,0.00139999995008111
8682.4599609375,0.00139999995008111
8682.8603515625,0.00139999995008111
8683.259765625,0.0013000000035390258
8683.66015625,0.0013000000035390258
8684.0595703125,0.0013000000035390258
8684.4501953125,0.0012000000569969416
8684.849609375,0.0012000000569969416
8685.25,0.0012000000569969416
8685.6396484375,0.0010999999940395355
8686.0400390625,0.0010999999940395355
8686.4404296875,0.0010999999940395355
8686.83984375,0.0010999999940395355
8687.240234375,0.0010000000474974513
8687.6396484375,0.0010000000474974513
8688.0400390625,0.0010000000474974513
8688.4404296875,0.0008999999845400453
8688.830078125,0.0008999999845400453
8689.23046875,0.0008999999845400453
8689.6298828125,0.0007999999797903001
8690.0302734375,0.0007999999797903001
8690.4296875,0.0007999999797903001
8690.830078125,0.000699999975040555
8691.2197265625,0.000699999975040555
8691.6201171875,0.000699999975040555
8692.01953125,0.0006000000284984708
8692.419921875,0.0006000000284984708
8692.8203125,0.0006000000284984708
8693.2197265625,0.0005000000237487257
8693.6201171875,0.0005000000237487257
8694.01953125,0.0005000000237487257
8694.41015625,0.00039999998989515007
8694.8095703125,0.00039999998989515007
8695.2099609375,0.00039999998989515007
8695.6103515625,0.00039999998989515007
8696.009765625,0.0003000000142492354
8696.41015625,0.0003000000142492354
8696.8095703125,0.0003000000142492354
8697.2099609375,0.00019999999494757503
8697.6103515625,0.00019999999494757503
8698.0,0.00019999999494757503
8698.400390625,9.999999747378752e-05
8698.7998046875,9.999999747378752e-05
8699.2001953125,9.999999747378752e-05
8699.599609375,0.0
8700.0,0.0
