wavelength,response
3050.0,0.0
3050.10009765625,0.0
3050.18994140625,9.999999747378752e-05
3050.2900390625,9.999999747378752e-05
3050.389892578125,0.00019999999494757503
3050.489990234375,0.00019999999494757503
3050.590087890625,0.00019999999494757503
3050.679931640625,0.0003000000142492354
3050.780029296875,0.0003000000142492354
3050.8798828125,0.00039999998989515007
3050.97998046875,0.00039999998989515007
3051.070068359375,0.00039999998989515007
3051.169921875,0.0005000000237487257
3051.27001953125,0.0005000000237487257
3051.3701171875,0.0005000000237487257
3051.469970703125,0.0006000000284984708
3051.56005859375,0.0006000000284984708
3051.659912109375,0.000699999975040555
3051.760009765625,0.000699999975040555
3051.85009765625,0.000699999975040555
3051.949951171875,0.0007999999797903001
3052.050048828125,0.0007999999797903001
3052.14990234375,0.0008999999845400453
3052.25,0.0008999999845400453
3052.340087890625,0.0008999999845400453
3052.43994140625,0.0010000000474974513
3052.5400390625,0.0010000000474974513
3052.639892578125,0.0010999999940395355
3052.72998046875,0.0010999999940395355
3052.830078125,0.0010999999940395355
3052.929931640625,0.0012000000569969416
3053.030029296875,0.0012000000569969416
3053.1298828125,0.0013000000035390258
3053.219970703125,0.0013000000035390258
3053.320068359375,0.0013000000035390258
3053.419921875,0.00139999995008111
3053.52001953125,0.00139999995008111
3053.610107421875,0.00139999995008111
3053.7099609375,0.001500000013038516
3053.81005859375,0.001500000013038516
3053.909912109375,0.0015999999595806003
3054.0,0.0015999999595806003
3054.10009765625,0.0015999999595806003
3054.199951171875,0.0017000000225380063
3054.300048828125,0.0017000000225380063
3054.39990234375,0.0017999999690800905
3054.489990234375,0.0017999999690800905
3054.590087890625,0.0017999999690800905
3054.68994140625,0.0019000000320374966
3054.7900390625,0.0019000000320374966
3054.889892578125,0.0020000000949949026
3054.97998046875,0.0020000000949949026
3055.080078125,0.0020000000949949026
3055.179931640625,0.002099999925121665
3055.27001953125,0.002099999925121665
3055.3701171875,0.002099999925121665
3055.469970703125,0.002199999988079071
3055.570068359375,0.002199999988079071
3055.669921875,0.002300000051036477
3055.760009765625,0.002300000051036477
3055.860107421875,0.002300000051036477
3055.9599609375,0.002400000113993883
3056.06005859375,0.002400000113993883
3056.159912109375,0.0024999999441206455
3056.25,0.0024999999441206455
3056.35009765625,0.0024999999441206455
3056.449951171875,0.0026000000070780516
3056.550048828125,0.0026000000070780516
3056.64990234375,0.0027000000700354576
3056.739990234375,0.0027000000700354576
3056.840087890625,0.0027000000700354576
3056.93994140625,0.00279999990016222
3057.0400390625,0.00279999990016222
3057.1298828125,0.002899999963119626
3057.22998046875,0.002899999963119626
3057.330078125,0.002899999963119626
3057.429931640625,0.003000000026077032
3057.52001953125,0.003000000026077032
3057.6201171875,0.003000000026077032
3057.719970703125,0.003100000089034438
3057.820068359375,0.003100000089034438
3057.919921875,0.0031999999191612005
3058.010009765625,0.0031999999191612005
3058.110107421875,0.0031999999191612005
3058.2099609375,0.0032999999821186066
3058.31005859375,0.0032999999821186066
3058.409912109375,0.0034000000450760126
3058.5,0.0034000000450760126
3058.60009765625,0.0034000000450760126
3058.699951171875,0.0035000001080334187
3058.800048828125,0.0035000001080334187
3058.889892578125,0.003599999938160181
3058.989990234375,0.003599999938160181
3059.090087890625,0.003599999938160181
3059.18994140625,0.003700000001117587
3059.2900390625,0.003700000001117587
3059.3798828125,0.003800000064074993
3059.47998046875,0.003800000064074993
3059.580078125,0.003800000064074993
3059.679931640625,0.0038999998942017555
3059.77001953125,0.0038999998942017555
3059.8701171875,0.0038999998942017555
3059.969970703125,0.004000000189989805
3060.070068359375,0.004000000189989805
3060.169921875,0.004100000020116568
3060.260009765625,0.004100000020116568
3060.360107421875,0.004100000020116568
3060.4599609375,0.00419999985024333
3060.56005859375,0.00419999985024333
3060.659912109375,0.00430000014603138
3060.75,0.00430000014603138
3060.85009765625,0.00430000014603138
3060.949951171875,0.004399999976158142
3061.050048828125,0.004399999976158142
3061.14990234375,0.0044999998062849045
3061.239990234375,0.0044999998062849045
3061.340087890625,0.0044999998062849045
3061.43994140625,0.004600000102072954
3061.5400390625,0.004600000102072954
3061.639892578125,0.004699999932199717
3061.72998046875,0.004699999932199717
3061.830078125,0.004699999932199717
3061.929931640625,0.004800000227987766
3062.030029296875,0.004800000227987766
3062.1298828125,0.004900000058114529
3062.219970703125,0.004900000058114529
3062.320068359375,0.004900000058114529
3062.419921875,0.004999999888241291
3062.52001953125,0.004999999888241291
3062.6201171875,0.004999999888241291
3062.7099609375,0.005100000184029341
3062.81005859375,0.005100000184029341
3062.909912109375,0.005200000014156103
3063.010009765625,0.005200000014156103
3063.110107421875,0.005200000014156103
3063.199951171875,0.0052999998442828655
3063.300048828125,0.0052999998442828655
3063.39990234375,0.005400000140070915
3063.5,0.005400000140070915
3063.590087890625,0.005400000140070915
3063.68994140625,0.005499999970197678
3063.7900390625,0.005499999970197678
3063.889892578125,0.00559999980032444
3063.989990234375,0.00559999980032444
3064.090087890625,0.00559999980032444
3064.179931640625,0.00570000009611249
3064.280029296875,0.00570000009611249
3064.3798828125,0.005799999926239252
3064.47998046875,0.005799999926239252
3064.580078125,0.005799999926239252
3064.669921875,0.005900000222027302
3064.77001953125,0.005900000222027302
3064.8701171875,0.005900000222027302
3064.969970703125,0.006000000052154064
3065.070068359375,0.006000000052154064
3065.159912109375,0.006099999882280827
3065.260009765625,0.006099999882280827
3065.360107421875,0.006099999882280827
3065.4599609375,0.006200000178068876
3065.56005859375,0.006200000178068876
3065.659912109375,0.006300000008195639
3065.75,0.006300000008195639
3065.85009765625,0.006300000008195639
3065.949951171875,0.006399999838322401
3066.050048828125,0.006399999838322401
3066.14990234375,0.006500000134110451
3066.239990234375,0.006500000134110451
3066.340087890625,0.006500000134110451
3066.43994140625,0.006599999964237213
3066.5400390625,0.006599999964237213
3066.639892578125,0.0066999997943639755
3066.72998046875,0.0066999997943639755
3066.830078125,0.0066999997943639755
3066.929931640625,0.006800000090152025
3067.030029296875,0.006800000090152025
3067.1298828125,0.006899999920278788
3067.219970703125,0.006899999920278788
3067.320068359375,0.006899999920278788
3067.419921875,0.007000000216066837
3067.52001953125,0.007000000216066837
3067.6201171875,0.007000000216066837
3067.719970703125,0.0071000000461936
3067.81005859375,0.0071000000461936
3067.909912109375,0.007199999876320362
3068.010009765625,0.007199999876320362
3068.110107421875,0.007199999876320362
3068.2099609375,0.007300000172108412
3068.31005859375,0.007300000172108412
3068.39990234375,0.007400000002235174
3068.5,0.007400000002235174
3068.60009765625,0.007400000002235174
3068.699951171875,0.007499999832361937
3068.800048828125,0.007499999832361937
3068.889892578125,0.007600000128149986
3068.989990234375,0.007600000128149986
3069.090087890625,0.007600000128149986
3069.18994140625,0.007699999958276749
3069.2900390625,0.007699999958276749
3069.389892578125,0.007799999788403511
3069.47998046875,0.007799999788403511
3069.580078125,0.007799999788403511
3069.679931640625,0.007899999618530273
3069.780029296875,0.007899999618530273
3069.8798828125,0.00800000037997961
3069.97998046875,0.00800000037997961
3070.070068359375,0.00800000037997961
3070.169921875,0.008100000210106373
3070.27001953125,0.008100000210106373
3070.3701171875,0.008100000210106373
3070.469970703125,0.008200000040233135
3070.56005859375,0.008200000040233135
3070.659912109375,0.008299999870359898
3070.760009765625,0.008299999870359898
3070.860107421875,0.008299999870359898
3070.9599609375,0.00839999970048666
3071.06005859375,0.00839999970048666
3071.14990234375,0.008500000461935997
3071.25,0.008500000461935997
3071.35009765625,0.008500000461935997
3071.449951171875,0.00860000029206276
3071.550048828125,0.00860000029206276
3071.639892578125,0.008700000122189522
3071.739990234375,0.008700000122189522
3071.840087890625,0.008700000122189522
3071.93994140625,0.008799999952316284
3072.0400390625,0.008799999952316284
3072.139892578125,0.008899999782443047
3072.22998046875,0.008899999782443047
3072.330078125,0.008899999782443047
3072.429931640625,0.008999999612569809
3072.530029296875,0.008999999612569809
3072.6298828125,0.009100000374019146
3072.72998046875,0.009100000374019146
3072.830078125,0.009100000374019146
3072.919921875,0.009200000204145908
3073.02001953125,0.009200000204145908
3073.1201171875,0.009200000204145908
3073.219970703125,0.00930000003427267
3073.320068359375,0.00930000003427267
3073.409912109375,0.009399999864399433
3073.510009765625,0.009399999864399433
3073.610107421875,0.009399999864399433
3073.7099609375,0.009499999694526196
3073.81005859375,0.009499999694526196
3073.909912109375,0.009600000455975533
3074.0,0.009600000455975533
3074.10009765625,0.009600000455975533
3074.199951171875,0.009700000286102295
3074.300048828125,0.009700000286102295
3074.39990234375,0.009800000116229057
3074.5,0.009800000116229057
3074.60009765625,0.009800000116229057
3074.68994140625,0.00989999994635582
3074.7900390625,0.00989999994635582
3074.889892578125,0.009999999776482582
3074.989990234375,0.009999999776482582
3075.090087890625,0.009999999776482582
3075.179931640625,0.010099999606609344
3075.280029296875,0.010099999606609344
3075.3798828125,0.010200000368058681
3075.47998046875,0.010200000368058681
3075.580078125,0.010200000368058681
3075.679931640625,0.010300000198185444
3075.780029296875,0.010300000198185444
3075.8701171875,0.010300000198185444
3075.969970703125,0.010400000028312206
3076.070068359375,0.010400000028312206
3076.169921875,0.010499999858438969
3076.27001953125,0.010499999858438969
3076.3701171875,0.010499999858438969
3076.4599609375,0.010599999688565731
3076.56005859375,0.010599999688565731
3076.659912109375,0.010700000450015068
3076.760009765625,0.010700000450015068
3076.860107421875,0.010700000450015068
3076.9599609375,0.01080000028014183
3077.06005859375,0.01080000028014183
3077.14990234375,0.010900000110268593
3077.25,0.010900000110268593
3077.35009765625,0.010900000110268593
3077.449951171875,0.010999999940395355
3077.550048828125,0.010999999940395355
3077.64990234375,0.011099999770522118
3077.739990234375,0.011099999770522118
3077.840087890625,0.011099999770522118
3077.93994140625,0.01119999960064888
3078.0400390625,0.01119999960064888
3078.139892578125,0.011300000362098217
3078.239990234375,0.011300000362098217
3078.340087890625,0.011300000362098217
3078.429931640625,0.01140000019222498
3078.530029296875,0.01140000019222498
3078.6298828125,0.011500000022351742
3078.72998046875,0.011500000022351742
3078.830078125,0.011500000022351742
3078.929931640625,0.011599999852478504
3079.030029296875,0.011599999852478504
3079.1201171875,0.011599999852478504
3079.219970703125,0.011699999682605267
3079.320068359375,0.011699999682605267
3079.419921875,0.011800000444054604
3079.52001953125,0.011800000444054604
3079.6201171875,0.011800000444054604
3079.719970703125,0.011900000274181366
3079.81005859375,0.011900000274181366
3079.909912109375,0.012000000104308128
3080.010009765625,0.012000000104308128
3080.110107421875,0.012000000104308128
3080.2099609375,0.01209999993443489
3080.31005859375,0.01209999993443489
3080.39990234375,0.012199999764561653
3080.5,0.012199999764561653
3080.60009765625,0.012199999764561653
3080.699951171875,0.012299999594688416
3080.800048828125,0.012299999594688416
3080.89990234375,0.012400000356137753
3081.0,0.012400000356137753
3081.090087890625,0.012400000356137753
3081.18994140625,0.012500000186264515
3081.2900390625,0.012500000186264515
3081.389892578125,0.012600000016391277
3081.489990234375,0.012600000016391277
3081.590087890625,0.012600000016391277
3081.68994140625,0.01269999984651804
3081.7900390625,0.01269999984651804
3081.8798828125,0.012799999676644802
3081.97998046875,0.012799999676644802
3082.080078125,0.012799999676644802
3082.179931640625,0.012900000438094139
3082.280029296875,0.012900000438094139
3082.3798828125,0.013000000268220901
3082.47998046875,0.013000000268220901
3082.570068359375,0.013000000268220901
3082.669921875,0.013100000098347664
3082.77001953125,0.013100000098347664
3082.8701171875,0.013100000098347664
3082.969970703125,0.013199999928474426
3083.070068359375,0.013199999928474426
3083.159912109375,0.013299999758601189
3083.260009765625,0.013299999758601189
3083.360107421875,0.013299999758601189
3083.4599609375,0.013399999588727951
3083.56005859375,0.013399999588727951
3083.659912109375,0.013500000350177288
3083.760009765625,0.013500000350177288
3083.860107421875,0.013500000350177288
3083.9599609375,0.01360000018030405
3084.050048828125,0.01360000018030405
3084.14990234375,0.013700000010430813
3084.25,0.013700000010430813
3084.35009765625,0.013700000010430813
3084.449951171875,0.013799999840557575
3084.550048828125,0.013799999840557575
3084.64990234375,0.013899999670684338
3084.739990234375,0.013899999670684338
3084.840087890625,0.013899999670684338
3084.93994140625,0.014000000432133675
3085.0400390625,0.014000000432133675
3085.139892578125,0.014100000262260437
3085.239990234375,0.014100000262260437
3085.340087890625,0.014100000262260437
3085.43994140625,0.0142000000923872
3085.530029296875,0.0142000000923872
3085.6298828125,0.014299999922513962
3085.72998046875,0.014299999922513962
3085.830078125,0.014299999922513962
3085.929931640625,0.014399999752640724
3086.030029296875,0.014399999752640724
3086.1298828125,0.014499999582767487
3086.219970703125,0.014499999582767487
3086.320068359375,0.014499999582767487
3086.419921875,0.014600000344216824
3086.52001953125,0.014600000344216824
3086.6201171875,0.014600000344216824
3086.719970703125,0.014700000174343586
3086.820068359375,0.014700000174343586
3086.919921875,0.014800000004470348
3087.02001953125,0.014800000004470348
3087.110107421875,0.014800000004470348
3087.2099609375,0.01489999983459711
3087.31005859375,0.01489999983459711
3087.409912109375,0.014999999664723873
3087.510009765625,0.014999999664723873
3087.610107421875,0.014999999664723873
3087.7099609375,0.01510000042617321
3087.81005859375,0.01510000042617321
3087.89990234375,0.015200000256299973
3088.0,0.015200000256299973
3088.10009765625,0.015200000256299973
3088.199951171875,0.015300000086426735
3088.300048828125,0.015300000086426735
3088.39990234375,0.015399999916553497
3088.5,0.015399999916553497
3088.60009765625,0.015399999916553497
3088.699951171875,0.01549999974668026
3088.7900390625,0.01549999974668026
3088.889892578125,0.015599999576807022
3088.989990234375,0.015599999576807022
3089.090087890625,0.015599999576807022
3089.18994140625,0.015699999406933784
3089.2900390625,0.015699999406933784
3089.389892578125,0.015799999237060547
3089.47998046875,0.015799999237060547
3089.580078125,0.015799999237060547
3089.679931640625,0.01590000092983246
3089.780029296875,0.01590000092983246
3089.8798828125,0.01600000075995922
3089.97998046875,0.01600000075995922
3090.080078125,0.01600000075995922
3090.179931640625,0.016100000590085983
3090.280029296875,0.016100000590085983
3090.3798828125,0.016200000420212746
3090.47998046875,0.016200000420212746
3090.570068359375,0.016200000420212746
3090.669921875,0.016300000250339508
3090.77001953125,0.016300000250339508
3090.8701171875,0.016300000250339508
3090.969970703125,0.01640000008046627
3091.070068359375,0.01640000008046627
3091.169921875,0.016499999910593033
3091.27001953125,0.016499999910593033
3091.3701171875,0.016499999910593033
3091.4599609375,0.016599999740719795
3091.56005859375,0.016599999740719795
3091.659912109375,0.016699999570846558
3091.760009765625,0.016699999570846558
3091.860107421875,0.016699999570846558
3091.9599609375,0.01679999940097332
3092.06005859375,0.01679999940097332
3092.159912109375,0.016899999231100082
3092.260009765625,0.016899999231100082
3092.35009765625,0.016899999231100082
3092.449951171875,0.017000000923871994
3092.550048828125,0.017000000923871994
3092.64990234375,0.017100000753998756
3092.75,0.017100000753998756
3092.85009765625,0.017100000753998756
3092.949951171875,0.01720000058412552
3093.050048828125,0.01720000058412552
3093.14990234375,0.01730000041425228
3093.25,0.01730000041425228
3093.340087890625,0.01730000041425228
3093.43994140625,0.017400000244379044
3093.5400390625,0.017400000244379044
3093.639892578125,0.017500000074505806
3093.739990234375,0.017500000074505806
3093.840087890625,0.017500000074505806
3093.93994140625,0.01759999990463257
3094.0400390625,0.01759999990463257
3094.139892578125,0.01769999973475933
3094.239990234375,0.01769999973475933
3094.330078125,0.01769999973475933
3094.429931640625,0.017799999564886093
3094.530029296875,0.017799999564886093
3094.6298828125,0.017899999395012856
3094.72998046875,0.017899999395012856
3094.830078125,0.017899999395012856
3094.929931640625,0.017999999225139618
3095.030029296875,0.017999999225139618
3095.1298828125,0.017999999225139618
3095.219970703125,0.01810000091791153
3095.320068359375,0.01810000091791153
3095.419921875,0.018200000748038292
3095.52001953125,0.018200000748038292
3095.6201171875,0.018200000748038292
3095.719970703125,0.018300000578165054
3095.820068359375,0.018300000578165054
3095.919921875,0.018400000408291817
3096.02001953125,0.018400000408291817
3096.1201171875,0.018400000408291817
3096.219970703125,0.01850000023841858
3096.31005859375,0.01850000023841858
3096.409912109375,0.01860000006854534
3096.510009765625,0.01860000006854534
3096.610107421875,0.01860000006854534
3096.7099609375,0.018699999898672104
3096.81005859375,0.018699999898672104
3096.909912109375,0.018799999728798866
3097.010009765625,0.018799999728798866
3097.110107421875,0.018799999728798866
3097.2099609375,0.01889999955892563
3097.300048828125,0.01889999955892563
3097.39990234375,0.01899999938905239
3097.5,0.01899999938905239
3097.60009765625,0.01899999938905239
3097.699951171875,0.019099999219179153
3097.800048828125,0.019099999219179153
3097.89990234375,0.019200000911951065
3098.0,0.019200000911951065
3098.10009765625,0.019200000911951065
3098.199951171875,0.019300000742077827
3098.300048828125,0.019300000742077827
3098.39990234375,0.01940000057220459
3098.5,0.01940000057220459
3098.590087890625,0.01940000057220459
3098.68994140625,0.019500000402331352
3098.7900390625,0.019500000402331352
3098.889892578125,0.019600000232458115
3098.989990234375,0.019600000232458115
3099.090087890625,0.019600000232458115
3099.18994140625,0.019700000062584877
3099.2900390625,0.019700000062584877
3099.389892578125,0.01979999989271164
3099.489990234375,0.01979999989271164
3099.590087890625,0.01979999989271164
3099.679931640625,0.019899999722838402
3099.780029296875,0.019899999722838402
3099.8798828125,0.019999999552965164
3099.97998046875,0.019999999552965164
3100.080078125,0.020099999383091927
3100.179931640625,0.02019999921321869
3100.280029296875,0.0203000009059906
3100.3798828125,0.020400000736117363
3100.47998046875,0.020500000566244125
3100.580078125,0.02070000022649765
3100.679931640625,0.020800000056624413
3100.780029296875,0.020899999886751175
3100.8701171875,0.020999999716877937
3100.969970703125,0.0210999995470047
3101.070068359375,0.021199999377131462
3101.169921875,0.021299999207258224
3101.27001953125,0.0215000007301569
3101.3701171875,0.02160000056028366
3101.469970703125,0.021700000390410423
3101.570068359375,0.021800000220537186
3101.669921875,0.021900000050663948
3101.77001953125,0.02199999988079071
3101.8701171875,0.022099999710917473
3101.969970703125,0.022199999541044235
3102.070068359375,0.02239999920129776
3102.169921875,0.02250000089406967
3102.27001953125,0.022600000724196434
3102.360107421875,0.022700000554323196
3102.4599609375,0.02280000038444996
3102.56005859375,0.02290000021457672
3102.659912109375,0.023000000044703484
3102.760009765625,0.023099999874830246
3102.860107421875,0.02329999953508377
3102.9599609375,0.023399999365210533
3103.06005859375,0.023499999195337296
3103.159912109375,0.023600000888109207
3103.260009765625,0.02370000071823597
3103.360107421875,0.023800000548362732
3103.4599609375,0.023900000378489494
3103.550048828125,0.02410000003874302
3103.64990234375,0.02419999986886978
3103.75,0.024299999698996544
3103.85009765625,0.024399999529123306
3103.949951171875,0.02449999935925007
3104.050048828125,0.02459999918937683
3104.14990234375,0.024700000882148743
3104.25,0.024800000712275505
3104.35009765625,0.02500000037252903
3104.449951171875,0.025100000202655792
3104.550048828125,0.025200000032782555
3104.64990234375,0.025299999862909317
3104.75,0.02539999969303608
3104.85009765625,0.025499999523162842
3104.949951171875,0.025599999353289604
3105.050048828125,0.025800000876188278
3105.14990234375,0.02590000070631504
3105.239990234375,0.026000000536441803
3105.340087890625,0.026100000366568565
3105.43994140625,0.026200000196695328
3105.5400390625,0.02630000002682209
3105.639892578125,0.026399999856948853
3105.739990234375,0.026499999687075615
3105.840087890625,0.02669999934732914
3105.93994140625,0.026799999177455902
3106.0400390625,0.026900000870227814
3106.139892578125,0.027000000700354576
3106.239990234375,0.02710000053048134
3106.340087890625,0.0272000003606081
3106.43994140625,0.027300000190734863
3106.5400390625,0.027499999850988388
3106.639892578125,0.02759999968111515
3106.739990234375,0.027699999511241913
3106.830078125,0.027799999341368675
3106.929931640625,0.027899999171495438
3107.030029296875,0.02800000086426735
3107.1298828125,0.02810000069439411
3107.22998046875,0.028200000524520874
3107.330078125,0.0284000001847744
3107.429931640625,0.02850000001490116
3107.530029296875,0.028599999845027924
3107.6298828125,0.028699999675154686
3107.72998046875,0.02879999950528145
3107.830078125,0.02889999933540821
3107.929931640625,0.028999999165534973
3108.030029296875,0.029200000688433647
3108.1298828125,0.02930000051856041
3108.22998046875,0.029400000348687172
3108.330078125,0.029500000178813934
3108.429931640625,0.029600000008940697
3108.530029296875,0.02969999983906746
3108.6201171875,0.02979999966919422
3108.719970703125,0.029899999499320984
3108.820068359375,0.03009999915957451
3108.919921875,0.03020000085234642
3109.02001953125,0.030300000682473183
3109.1201171875,0.030400000512599945
3109.219970703125,0.030500000342726707
3109.320068359375,0.03060000017285347
3109.419921875,0.030700000002980232
3109.52001953125,0.030899999663233757
3109.6201171875,0.03099999949336052
3109.719970703125,0.031099999323487282
3109.820068359375,0.031199999153614044
3109.919921875,0.031300000846385956
3110.02001953125,0.03139999881386757
3110.1201171875,0.03150000050663948
3110.219970703125,0.031599998474121094
3110.320068359375,0.03180000185966492
3110.419921875,0.03189999982714653
3110.510009765625,0.03200000151991844
3110.610107421875,0.032099999487400055
3110.7099609375,0.03220000118017197
3110.81005859375,0.03229999914765358
3110.909912109375,0.03240000084042549
3111.010009765625,0.032600000500679016
3111.110107421875,0.03269999846816063
3111.2099609375,0.03280000016093254
3111.31005859375,0.03290000185370445
3111.409912109375,0.032999999821186066
3111.510009765625,0.03310000151395798
3111.610107421875,0.03319999948143959
3111.7099609375,0.0333000011742115
3111.81005859375,0.03350000083446503
3111.909912109375,0.03359999880194664
3112.010009765625,0.03370000049471855
3112.110107421875,0.033799998462200165
3112.2099609375,0.033900000154972076
3112.31005859375,0.03400000184774399
3112.409912109375,0.0340999998152256
3112.510009765625,0.034299999475479126
3112.60009765625,0.03440000116825104
3112.699951171875,0.03449999913573265
3112.800048828125,0.03460000082850456
3112.89990234375,0.034699998795986176
3113.0,0.03480000048875809
3113.10009765625,0.0348999984562397
3113.199951171875,0.035100001841783524
3113.300048828125,0.03519999980926514
3113.39990234375,0.03530000150203705
3113.5,0.03539999946951866
3113.60009765625,0.03550000116229057
3113.699951171875,0.035599999129772186
3113.800048828125,0.0357000008225441
3113.89990234375,0.03579999879002571
3114.0,0.035999998450279236
3114.10009765625,0.03610000014305115
3114.199951171875,0.03620000183582306
3114.300048828125,0.03629999980330467
3114.39990234375,0.036400001496076584
3114.5,0.0364999994635582
3114.60009765625,0.03660000115633011
3114.699951171875,0.03680000081658363
3114.800048828125,0.03689999878406525
3114.89990234375,0.03700000047683716
3115.0,0.03709999844431877
3115.10009765625,0.03720000013709068
3115.199951171875,0.037300001829862595
3115.300048828125,0.03739999979734421
3115.39990234375,0.03759999945759773
3115.5,0.037700001150369644
3115.590087890625,0.03779999911785126
3115.68994140625,0.03790000081062317
3115.800048828125,0.03799999877810478
3115.889892578125,0.038100000470876694
3115.989990234375,0.03819999843835831
3116.090087890625,0.03830000013113022
3116.18994140625,0.03849999979138374
3116.2900390625,0.038600001484155655
3116.389892578125,0.03869999945163727
3116.489990234375,0.03880000114440918
3116.590087890625,0.03889999911189079
3116.68994140625,0.039000000804662704
3116.7900390625,0.03909999877214432
3116.889892578125,0.03929999843239784
3116.989990234375,0.039400000125169754
3117.090087890625,0.039500001817941666
3117.18994140625,0.03959999978542328
3117.2900390625,0.03970000147819519
3117.389892578125,0.039799999445676804
3117.489990234375,0.039900001138448715
3117.590087890625,0.04010000079870224
3117.68994140625,0.04019999876618385
3117.7900390625,0.040300000458955765
3117.889892578125,0.04039999842643738
3117.989990234375,0.04050000011920929
3118.090087890625,0.0406000018119812
3118.18994140625,0.040699999779462814
3118.2900390625,0.040800001472234726
3118.389892578125,0.04100000113248825
3118.489990234375,0.041099999099969864
3118.590087890625,0.041200000792741776
3118.68994140625,0.04129999876022339
3118.7900390625,0.0414000004529953
3118.889892578125,0.04149999842047691
3118.989990234375,0.041600000113248825
3119.090087890625,0.04179999977350235
3119.18994140625,0.04190000146627426
3119.2900390625,0.041999999433755875
3119.389892578125,0.042100001126527786
3119.489990234375,0.0421999990940094
3119.580078125,0.04230000078678131
3119.679931640625,0.042399998754262924
3119.780029296875,0.04259999841451645
3119.8798828125,0.04270000010728836
3119.97998046875,0.04280000180006027
3120.080078125,0.042899999767541885
3120.179931640625,0.0430000014603138
3120.280029296875,0.04309999942779541
3120.3798828125,0.04320000112056732
3120.47998046875,0.04340000078082085
3120.580078125,0.04349999874830246
3120.679931640625,0.04360000044107437
3120.780029296875,0.043699998408555984
3120.8798828125,0.043800000101327896
3120.97998046875,0.04390000179409981
3121.080078125,0.04399999976158142
3121.179931640625,0.04410000145435333
3121.280029296875,0.04430000111460686
3121.3798828125,0.04439999908208847
3121.47998046875,0.04450000077486038
3121.580078125,0.044599998742341995
3121.679931640625,0.04470000043511391
3121.780029296875,0.04479999840259552
3121.8798828125,0.04490000009536743
3121.97998046875,0.045099999755620956
3122.080078125,0.04520000144839287
3122.179931640625,0.04529999941587448
3122.280029296875,0.04540000110864639
3122.3798828125,0.045499999076128006
3122.47998046875,0.04560000076889992
3122.580078125,0.04569999873638153
3122.679931640625,0.045899998396635056
3122.780029296875,0.04600000008940697
3122.8798828125,0.04610000178217888
3122.97998046875,0.04619999974966049
3123.080078125,0.046300001442432404
3123.179931640625,0.04639999940991402
3123.280029296875,0.04650000110268593
3123.3798828125,0.04670000076293945
3123.47998046875,0.046799998730421066
3123.580078125,0.04690000042319298
3123.679931640625,0.04699999839067459
3123.780029296875,0.0471000000834465
3123.8798828125,0.047200001776218414
3123.97998046875,0.04729999974370003
3124.080078125,0.04749999940395355
3124.179931640625,0.047600001096725464
3124.280029296875,0.04769999906420708
3124.3798828125,0.04780000075697899
3124.47998046875,0.0478999987244606
3124.580078125,0.04800000041723251
3124.679931640625,0.04809999838471413
3124.780029296875,0.04820000007748604
3124.8798828125,0.04839999973773956
3124.97998046875,0.048500001430511475
3125.080078125,0.04859999939799309
3125.179931640625,0.048700001090765
3125.280029296875,0.04879999905824661
3125.3798828125,0.048900000751018524
3125.47998046875,0.04899999871850014
3125.580078125,0.04919999837875366
3125.679931640625,0.049300000071525574
3125.780029296875,0.049400001764297485
3125.8798828125,0.0494999997317791
3125.97998046875,0.04960000142455101
3126.080078125,0.04969999939203262
3126.179931640625,0.049800001084804535
3126.280029296875,0.05000000074505806
3126.3798828125,0.05009999871253967
3126.47998046875,0.050200000405311584
3126.580078125,0.0502999983727932
3126.679931640625,0.05040000006556511
3126.780029296875,0.05050000175833702
3126.8798828125,0.050599999725818634
3126.97998046875,0.05079999938607216
3127.080078125,0.05090000107884407
3127.179931640625,0.050999999046325684
3127.280029296875,0.051100000739097595
3127.3798828125,0.05119999870657921
3127.47998046875,0.05130000039935112
3127.580078125,0.05139999836683273
3127.679931640625,0.051600001752376556
3127.780029296875,0.05169999971985817
3127.8798828125,0.05180000141263008
3127.97998046875,0.051899999380111694
3128.080078125,0.052000001072883606
3128.179931640625,0.05209999904036522
3128.280029296875,0.05220000073313713
3128.3798828125,0.052400000393390656
3128.47998046875,0.05249999836087227
3128.580078125,0.05260000005364418
3128.679931640625,0.05270000174641609
3128.780029296875,0.052799999713897705
3128.8798828125,0.05290000140666962
3128.97998046875,0.05299999937415123
3129.080078125,0.053199999034404755
3129.179931640625,0.053300000727176666
3129.280029296875,0.05339999869465828
3129.3798828125,0.05350000038743019
3129.47998046875,0.053599998354911804
3129.580078125,0.053700000047683716
3129.679931640625,0.05380000174045563
3129.780029296875,0.05400000140070915
3129.8798828125,0.054099999368190765
3129.97998046875,0.05420000106096268
3130.080078125,0.05429999902844429
3130.179931640625,0.0544000007212162
3130.280029296875,0.054499998688697815
3130.3798828125,0.05460000038146973
3130.47998046875,0.05480000004172325
3130.580078125,0.05490000173449516
3130.679931640625,0.054999999701976776
3130.780029296875,0.05510000139474869
3130.8798828125,0.0551999993622303
3130.989990234375,0.05530000105500221
3131.090087890625,0.055399999022483826
3131.18994140625,0.05559999868273735
3131.2900390625,0.05570000037550926
3131.389892578125,0.055799998342990875
3131.489990234375,0.05590000003576279
3131.590087890625,0.0560000017285347
3131.68994140625,0.05609999969601631
3131.7900390625,0.05620000138878822
3131.889892578125,0.05640000104904175
3131.989990234375,0.05649999901652336
3132.090087890625,0.05660000070929527
3132.18994140625,0.056699998676776886
3132.2900390625,0.0568000003695488
3132.389892578125,0.05689999833703041
3132.489990234375,0.05700000002980232
3132.590087890625,0.05719999969005585
3132.68994140625,0.05730000138282776
3132.7900390625,0.05739999935030937
3132.889892578125,0.057500001043081284
3132.989990234375,0.0575999990105629
3133.090087890625,0.05770000070333481
3133.18994140625,0.05779999867081642
3133.2900390625,0.057999998331069946
3133.389892578125,0.05810000002384186
3133.489990234375,0.05820000171661377
3133.590087890625,0.05829999968409538
3133.68994140625,0.058400001376867294
3133.7900390625,0.05849999934434891
3133.889892578125,0.05860000103712082
3133.989990234375,0.058800000697374344
3134.090087890625,0.05889999866485596
3134.18994140625,0.05900000035762787
3134.2900390625,0.05909999832510948
3134.389892578125,0.05920000001788139
3134.489990234375,0.059300001710653305
3134.590087890625,0.05939999967813492
3134.699951171875,0.05959999933838844
3134.7900390625,0.059700001031160355
3134.889892578125,0.05979999899864197
3134.989990234375,0.05990000069141388
3135.090087890625,0.05999999865889549
3135.199951171875,0.060100000351667404
3135.300048828125,0.06019999831914902
3135.39990234375,0.06040000170469284
3135.5,0.060499999672174454
3135.60009765625,0.060600001364946365
3135.699951171875,0.06069999933242798
3135.800048828125,0.06080000102519989
3135.89990234375,0.0608999989926815
3136.0,0.061000000685453415
3136.10009765625,0.06120000034570694
3136.199951171875,0.06129999831318855
3136.300048828125,0.061400000005960464
3136.39990234375,0.061500001698732376
3136.5,0.06159999966621399
3136.60009765625,0.0617000013589859
3136.699951171875,0.061799999326467514
3136.800048828125,0.06199999898672104
3136.89990234375,0.06210000067949295
3137.0,0.062199998646974564
3137.10009765625,0.062300000339746475
3137.199951171875,0.06239999830722809
3137.300048828125,0.0625
3137.39990234375,0.06260000169277191
3137.5,0.06279999762773514
3137.60009765625,0.06289999932050705
3137.699951171875,0.06300000101327896
3137.800048828125,0.06310000270605087
3137.89990234375,0.06319999694824219
3138.0,0.0632999986410141
3138.110107421875,0.06340000033378601
3138.2099609375,0.06360000371932983
3138.31005859375,0.06369999796152115
3138.409912109375,0.06379999965429306
3138.510009765625,0.06390000134706497
3138.610107421875,0.06400000303983688
3138.7099609375,0.0640999972820282
3138.81005859375,0.06419999897480011
3138.909912109375,0.06440000236034393
3139.010009765625,0.06449999660253525
3139.110107421875,0.06459999829530716
3139.2099609375,0.06469999998807907
3139.31005859375,0.06480000168085098
3139.409912109375,0.0649000033736229
3139.510009765625,0.06499999761581421
3139.610107421875,0.06520000100135803
3139.7099609375,0.06530000269412994
3139.81005859375,0.06539999693632126
3139.909912109375,0.06549999862909317
3140.010009765625,0.06560000032186508
3140.1201171875,0.065700002014637
3140.219970703125,0.0658000037074089
3140.320068359375,0.06599999964237213
3140.419921875,0.06610000133514404
3140.52001953125,0.06620000302791595
3140.6201171875,0.06629999727010727
3140.719970703125,0.06639999896287918
3140.820068359375,0.06650000065565109
3140.919921875,0.066600002348423
3141.02001953125,0.06679999828338623
3141.1201171875,0.06689999997615814
3141.219970703125,0.06700000166893005
3141.320068359375,0.06710000336170197
3141.419921875,0.06719999760389328
3141.52001953125,0.06729999929666519
3141.6201171875,0.0674000009894371
3141.719970703125,0.06759999692440033
3141.820068359375,0.06769999861717224
3141.919921875,0.06780000030994415
3142.02001953125,0.06790000200271606
3142.1298828125,0.06800000369548798
3142.22998046875,0.06809999793767929
3142.330078125,0.06830000132322311
3142.429931640625,0.06840000301599503
3142.530029296875,0.06849999725818634
3142.6298828125,0.06859999895095825
3142.72998046875,0.06870000064373016
3142.830078125,0.06880000233650208
3142.929931640625,0.06889999657869339
3143.030029296875,0.06909999996423721
3143.1298828125,0.06920000165700912
3143.22998046875,0.06930000334978104
3143.330078125,0.06939999759197235
3143.429931640625,0.06949999928474426
3143.530029296875,0.06960000097751617
3143.6298828125,0.06970000267028809
3143.72998046875,0.06989999860525131
3143.830078125,0.07000000029802322
3143.93994140625,0.07010000199079514
3144.0400390625,0.07020000368356705
3144.139892578125,0.07029999792575836
3144.239990234375,0.07039999961853027
3144.340087890625,0.07050000131130219
3144.43994140625,0.07069999724626541
3144.5400390625,0.07079999893903732
3144.639892578125,0.07090000063180923
3144.739990234375,0.07100000232458115
3144.840087890625,0.07109999656677246
3144.93994140625,0.07119999825954437
3145.0400390625,0.07129999995231628
3145.139892578125,0.07150000333786011
3145.239990234375,0.07159999758005142
3145.340087890625,0.07169999927282333
3145.43994140625,0.07180000096559525
3145.550048828125,0.07190000265836716
3145.64990234375,0.07199999690055847
3145.75,0.0722000002861023
3145.85009765625,0.0723000019788742
3145.949951171875,0.07240000367164612
3146.050048828125,0.07249999791383743
3146.14990234375,0.07259999960660934
3146.25,0.07270000129938126
3146.35009765625,0.07280000299215317
3146.449951171875,0.0729999989271164
3146.550048828125,0.0731000006198883
3146.64990234375,0.07320000231266022
3146.75,0.07329999655485153
3146.85009765625,0.07339999824762344
3146.949951171875,0.07349999994039536
3147.050048828125,0.07360000163316727
3147.159912109375,0.0737999975681305
3147.260009765625,0.0738999992609024
3147.360107421875,0.07400000095367432
3147.4599609375,0.07410000264644623
3147.56005859375,0.07419999688863754
3147.659912109375,0.07429999858140945
3147.760009765625,0.07440000027418137
3147.860107421875,0.07460000365972519
3147.9599609375,0.0746999979019165
3148.06005859375,0.07479999959468842
3148.159912109375,0.07490000128746033
3148.260009765625,0.07500000298023224
3148.360107421875,0.07509999722242355
3148.469970703125,0.07530000060796738
3148.570068359375,0.07540000230073929
3148.669921875,0.0754999965429306
3148.77001953125,0.07559999823570251
3148.8701171875,0.07569999992847443
3148.969970703125,0.07580000162124634
3149.070068359375,0.07590000331401825
3149.169921875,0.07609999924898148
3149.27001953125,0.07620000094175339
3149.3701171875,0.0763000026345253
3149.469970703125,0.07639999687671661
3149.570068359375,0.07649999856948853
3149.679931640625,0.07660000026226044
3149.780029296875,0.07670000195503235
3149.8798828125,0.07689999788999557
3149.97998046875,0.07699999958276749
3150.080078125,0.0771000012755394
3150.179931640625,0.07720000296831131
3150.280029296875,0.07729999721050262
3150.3798828125,0.07739999890327454
3150.47998046875,0.07760000228881836
3150.580078125,0.07769999653100967
3150.679931640625,0.07779999822378159
3150.780029296875,0.0778999999165535
3150.8798828125,0.07800000160932541
3150.989990234375,0.07810000330209732
3151.090087890625,0.07829999923706055
3151.18994140625,0.07840000092983246
3151.2900390625,0.07850000262260437
3151.389892578125,0.07859999686479568
3151.489990234375,0.0786999985575676
3151.590087890625,0.07880000025033951
3151.68994140625,0.07900000363588333
3151.7900390625,0.07909999787807465
3151.889892578125,0.07919999957084656
3151.989990234375,0.07930000126361847
3152.090087890625,0.07940000295639038
3152.199951171875,0.0794999971985817
3152.300048828125,0.07970000058412552
3152.39990234375,0.07980000227689743
3152.5,0.07989999651908875
3152.60009765625,0.07999999821186066
3152.699951171875,0.08009999990463257
3152.800048828125,0.08020000159740448
3152.89990234375,0.0803999975323677
3153.0,0.08049999922513962
3153.10009765625,0.08060000091791153
3153.199951171875,0.08070000261068344
3153.300048828125,0.08079999685287476
3153.409912109375,0.08100000023841858
3153.510009765625,0.08110000193119049
3153.610107421875,0.0812000036239624
3153.7099609375,0.08129999786615372
3153.81005859375,0.08139999955892563
3153.909912109375,0.08150000125169754
3154.010009765625,0.08169999718666077
3154.110107421875,0.08179999887943268
3154.2099609375,0.08190000057220459
3154.31005859375,0.0820000022649765
3154.409912109375,0.08209999650716782
3154.52001953125,0.08219999819993973
3154.6201171875,0.08240000158548355
3154.719970703125,0.08250000327825546
3154.820068359375,0.08259999752044678
3154.919921875,0.08269999921321869
3155.02001953125,0.0828000009059906
3155.1201171875,0.08290000259876251
3155.219970703125,0.08309999853372574
3155.320068359375,0.08320000022649765
3155.429931640625,0.08330000191926956
3155.530029296875,0.08340000361204147
3155.6298828125,0.08349999785423279
3155.72998046875,0.0835999995470047
3155.830078125,0.08380000293254852
3155.929931640625,0.08389999717473984
3156.030029296875,0.08399999886751175
3156.1298828125,0.08410000056028366
3156.22998046875,0.08420000225305557
3156.330078125,0.08429999649524689
3156.429931640625,0.08449999988079071
3156.5400390625,0.08460000157356262
3156.639892578125,0.08470000326633453
3156.739990234375,0.08479999750852585
3156.840087890625,0.08489999920129776
3156.93994140625,0.08500000089406967
3157.0400390625,0.0851999968290329
3157.139892578125,0.08529999852180481
3157.239990234375,0.08540000021457672
3157.340087890625,0.08550000190734863
3157.43994140625,0.08560000360012054
3157.550048828125,0.08579999953508377
3157.64990234375,0.08590000122785568
3157.75,0.0860000029206276
3157.85009765625,0.08609999716281891
3157.949951171875,0.08619999885559082
3158.050048828125,0.08630000054836273
3158.14990234375,0.08649999648332596
3158.25,0.08659999817609787
3158.35009765625,0.08669999986886978
3158.4599609375,0.0868000015616417
3158.56005859375,0.0869000032544136
3158.659912109375,0.08699999749660492
3158.760009765625,0.08720000088214874
3158.860107421875,0.08730000257492065
3158.9599609375,0.08739999681711197
3159.06005859375,0.08749999850988388
3159.159912109375,0.08760000020265579
3159.260009765625,0.0877000018954277
3159.360107421875,0.08789999783039093
3159.469970703125,0.08799999952316284
3159.570068359375,0.08810000121593475
3159.669921875,0.08820000290870667
3159.77001953125,0.08829999715089798
3159.8701171875,0.08839999884366989
3159.969970703125,0.08860000222921371
3160.070068359375,0.08869999647140503
3160.169921875,0.08879999816417694
3160.27001953125,0.08889999985694885
3160.3798828125,0.08900000154972076
3160.47998046875,0.08919999748468399
3160.580078125,0.0892999991774559
3160.679931640625,0.08940000087022781
3160.780029296875,0.08950000256299973
3160.8798828125,0.08959999680519104
3160.97998046875,0.08969999849796295
3161.080078125,0.08990000188350677
3161.18994140625,0.09000000357627869
3161.2900390625,0.09009999781847
3161.389892578125,0.09019999951124191
3161.489990234375,0.09030000120401382
3161.590087890625,0.09040000289678574
3161.68994140625,0.09059999883174896
3161.7900390625,0.09070000052452087
3161.889892578125,0.09080000221729279
3161.989990234375,0.0908999964594841
3162.10009765625,0.09099999815225601
3162.199951171875,0.09109999984502792
3162.300048828125,0.09130000323057175
3162.39990234375,0.09139999747276306
3162.5,0.09149999916553497
3162.60009765625,0.09160000085830688
3162.699951171875,0.0917000025510788
3162.800048828125,0.09189999848604202
3162.909912109375,0.09200000017881393
3163.010009765625,0.09210000187158585
3163.110107421875,0.09220000356435776
3163.2099609375,0.09229999780654907
3163.31005859375,0.09239999949932098
3163.409912109375,0.09260000288486481
3163.510009765625,0.09269999712705612
3163.610107421875,0.09279999881982803
3163.7099609375,0.09290000051259995
3163.820068359375,0.09300000220537186
3163.919921875,0.09309999644756317
3164.02001953125,0.093299999833107
3164.1201171875,0.0934000015258789
3164.219970703125,0.09350000321865082
3164.320068359375,0.09359999746084213
3164.419921875,0.09369999915361404
3164.52001953125,0.09380000084638596
3164.6298828125,0.09399999678134918
3164.72998046875,0.0940999984741211
3164.830078125,0.094200000166893
3164.929931640625,0.09430000185966492
3165.030029296875,0.09440000355243683
3165.1298828125,0.09459999948740005
3165.22998046875,0.09470000118017197
3165.330078125,0.09480000287294388
3165.43994140625,0.09489999711513519
3165.5400390625,0.0949999988079071
3165.639892578125,0.09510000050067902
3165.739990234375,0.09529999643564224
3165.840087890625,0.09539999812841415
3165.93994140625,0.09549999982118607
3166.0400390625,0.09560000151395798
3166.139892578125,0.09570000320672989
3166.25,0.0957999974489212
3166.35009765625,0.09600000083446503
3166.449951171875,0.09610000252723694
3166.550048828125,0.09619999676942825
3166.64990234375,0.09629999846220016
3166.75,0.09640000015497208
3166.85009765625,0.0966000035405159
3166.9599609375,0.09669999778270721
3167.06005859375,0.09679999947547913
3167.159912109375,0.09690000116825104
3167.260009765625,0.09700000286102295
3167.360107421875,0.09709999710321426
3167.4599609375,0.09730000048875809
3167.56005859375,0.09740000218153
3167.669921875,0.09749999642372131
3167.77001953125,0.09759999811649323
3167.8701171875,0.09769999980926514
3167.969970703125,0.09780000150203705
3168.070068359375,0.09799999743700027
3168.169921875,0.09809999912977219
3168.27001953125,0.0982000008225441
3168.3798828125,0.09830000251531601
3168.47998046875,0.09839999675750732
3168.580078125,0.09849999845027924
3168.679931640625,0.09870000183582306
3168.780029296875,0.09880000352859497
3168.8798828125,0.09889999777078629
3168.97998046875,0.0989999994635582
3169.080078125,0.09910000115633011
3169.179931640625,0.09929999709129333
3169.2900390625,0.09939999878406525
3169.389892578125,0.09950000047683716
3169.489990234375,0.09960000216960907
3169.590087890625,0.09969999641180038
3169.68994140625,0.0997999981045723
3169.7900390625,0.10000000149011612
3169.89990234375,0.10010000318288803
3170.0,0.10019999742507935
3170.10009765625,0.10029999911785126
3170.199951171875,0.10040000081062317
3170.300048828125,0.10050000250339508
3170.39990234375,0.1006999984383583
3170.5,0.10080000013113022
3170.610107421875,0.10090000182390213
3170.7099609375,0.10100000351667404
3170.81005859375,0.10109999775886536
3170.909912109375,0.10130000114440918
3171.010009765625,0.10140000283718109
3171.110107421875,0.1014999970793724
3171.219970703125,0.10159999877214432
3171.320068359375,0.10170000046491623
3171.419921875,0.10180000215768814
3171.52001953125,0.10199999809265137
3171.6201171875,0.10209999978542328
3171.719970703125,0.10220000147819519
3171.820068359375,0.1023000031709671
3171.929931640625,0.10239999741315842
3172.030029296875,0.10260000079870224
3172.1298828125,0.10270000249147415
3172.22998046875,0.10279999673366547
3172.330078125,0.10289999842643738
3172.429931640625,0.10300000011920929
3172.530029296875,0.1031000018119812
3172.6298828125,0.10329999774694443
3172.739990234375,0.10339999943971634
3172.840087890625,0.10350000113248825
3172.93994140625,0.10360000282526016
3173.0400390625,0.10369999706745148
3173.139892578125,0.10379999876022339
3173.239990234375,0.10400000214576721
3173.35009765625,0.10409999638795853
3173.449951171875,0.10419999808073044
3173.550048828125,0.10429999977350235
3173.64990234375,0.10440000146627426
3173.75,0.10459999740123749
3173.85009765625,0.1046999990940094
3173.9599609375,0.10480000078678131
3174.06005859375,0.10490000247955322
3174.159912109375,0.10499999672174454
3174.260009765625,0.10509999841451645
3174.360107421875,0.10530000180006027
3174.4599609375,0.10540000349283218
3174.56005859375,0.1054999977350235
3174.669921875,0.10559999942779541
3174.77001953125,0.10570000112056732
3174.8701171875,0.10580000281333923
3174.969970703125,0.10599999874830246
3175.070068359375,0.10610000044107437
3175.169921875,0.10620000213384628
3175.280029296875,0.1062999963760376
3175.3798828125,0.10639999806880951
3175.47998046875,0.10660000145435333
3175.580078125,0.10670000314712524
3175.679931640625,0.10679999738931656
3175.780029296875,0.10689999908208847
3175.889892578125,0.10700000077486038
3175.989990234375,0.1071000024676323
3176.090087890625,0.10729999840259552
3176.18994140625,0.10740000009536743
3176.2900390625,0.10750000178813934
3176.389892578125,0.10760000348091125
3176.489990234375,0.10769999772310257
3176.60009765625,0.10790000110864639
3176.699951171875,0.1080000028014183
3176.800048828125,0.10809999704360962
3176.89990234375,0.10819999873638153
3177.0,0.10830000042915344
3177.10009765625,0.10840000212192535
3177.2099609375,0.10859999805688858
3177.31005859375,0.10869999974966049
3177.409912109375,0.1088000014424324
3177.510009765625,0.10890000313520432
3177.610107421875,0.10899999737739563
3177.719970703125,0.10920000076293945
3177.820068359375,0.10930000245571136
3177.919921875,0.10939999669790268
3178.02001953125,0.10949999839067459
3178.1201171875,0.1096000000834465
3178.219970703125,0.10970000177621841
3178.320068359375,0.10989999771118164
3178.429931640625,0.10999999940395355
3178.530029296875,0.11010000109672546
3178.6298828125,0.11020000278949738
3178.72998046875,0.11029999703168869
3178.830078125,0.1103999987244606
3178.93994140625,0.11060000211000443
3179.0400390625,0.11069999635219574
3179.139892578125,0.11079999804496765
3179.239990234375,0.11089999973773956
3179.340087890625,0.11100000143051147
3179.43994140625,0.1111999973654747
3179.550048828125,0.11129999905824661
3179.64990234375,0.11140000075101852
3179.75,0.11150000244379044
3179.85009765625,0.11159999668598175
3179.949951171875,0.11169999837875366
3180.050048828125,0.11190000176429749
3180.159912109375,0.1120000034570694
3180.260009765625,0.11209999769926071
3180.360107421875,0.11219999939203262
3180.4599609375,0.11230000108480453
3180.56005859375,0.11249999701976776
3180.669921875,0.11259999871253967
3180.77001953125,0.11270000040531158
3180.8701171875,0.1128000020980835
3180.969970703125,0.11289999634027481
3181.070068359375,0.11299999803304672
3181.179931640625,0.11320000141859055
3181.280029296875,0.11330000311136246
3181.3798828125,0.11339999735355377
3181.47998046875,0.11349999904632568
3181.580078125,0.1136000007390976
3181.679931640625,0.11379999667406082
3181.780029296875,0.11389999836683273
3181.889892578125,0.11400000005960464
3181.989990234375,0.11410000175237656
3182.090087890625,0.11420000344514847
3182.18994140625,0.11429999768733978
3182.2900390625,0.1145000010728836
3182.39990234375,0.11460000276565552
3182.5,0.11469999700784683
3182.60009765625,0.11479999870061874
3182.699951171875,0.11490000039339066
3182.800048828125,0.11509999632835388
3182.909912109375,0.1151999980211258
3183.010009765625,0.1152999997138977
3183.110107421875,0.11540000140666962
3183.2099609375,0.11550000309944153
3183.31005859375,0.11559999734163284
3183.409912109375,0.11580000072717667
3183.52001953125,0.11590000241994858
3183.6201171875,0.11599999666213989
3183.719970703125,0.1160999983549118
3183.820068359375,0.11620000004768372
3183.919921875,0.11640000343322754
3184.030029296875,0.11649999767541885
3184.1298828125,0.11659999936819077
3184.22998046875,0.11670000106096268
3184.330078125,0.11680000275373459
3184.429931640625,0.1168999969959259
3184.5400390625,0.11710000038146973
3184.639892578125,0.11720000207424164
3184.739990234375,0.11729999631643295
3184.840087890625,0.11739999800920486
3184.93994140625,0.11749999970197678
3185.050048828125,0.1177000030875206
3185.14990234375,0.11779999732971191
3185.25,0.11789999902248383
3185.35009765625,0.11800000071525574
3185.449951171875,0.11810000240802765
3185.550048828125,0.11819999665021896
3185.659912109375,0.11840000003576279
3185.760009765625,0.1185000017285347
3185.860107421875,0.11860000342130661
3185.9599609375,0.11869999766349792
3186.070068359375,0.11879999935626984
3186.169921875,0.11900000274181366
3186.27001953125,0.11909999698400497
3186.3701171875,0.11919999867677689
3186.469970703125,0.1193000003695488
3186.570068359375,0.11940000206232071
3186.679931640625,0.11949999630451202
3186.780029296875,0.11969999969005585
3186.8798828125,0.11980000138282776
3186.97998046875,0.11990000307559967
3187.080078125,0.11999999731779099
3187.179931640625,0.1200999990105629
3187.2900390625,0.12030000239610672
3187.389892578125,0.12039999663829803
3187.489990234375,0.12049999833106995
3187.590087890625,0.12060000002384186
3187.699951171875,0.12070000171661377
3187.800048828125,0.12080000340938568
3187.89990234375,0.12099999934434891
3188.0,0.12110000103712082
3188.10009765625,0.12120000272989273
3188.2099609375,0.12129999697208405
3188.31005859375,0.12139999866485596
3188.409912109375,0.12160000205039978
3188.510009765625,0.1216999962925911
3188.610107421875,0.121799997985363
3188.719970703125,0.12189999967813492
3188.820068359375,0.12200000137090683
3188.919921875,0.12210000306367874
3189.02001953125,0.12229999899864197
3189.1201171875,0.12240000069141388
3189.22998046875,0.12250000238418579
3189.330078125,0.1225999966263771
3189.429931640625,0.12269999831914902
3189.530029296875,0.12290000170469284
3189.639892578125,0.12300000339746475
3189.739990234375,0.12309999763965607
3189.840087890625,0.12319999933242798
3189.93994140625,0.12330000102519989
3190.0400390625,0.1234000027179718
3190.139892578125,0.12359999865293503
3190.25,0.12370000034570694
3190.35009765625,0.12380000203847885
3190.449951171875,0.12389999628067017
3190.550048828125,0.12399999797344208
3190.64990234375,0.1242000013589859
3190.760009765625,0.12430000305175781
3190.860107421875,0.12439999729394913
3190.9599609375,0.12449999898672104
3191.06005859375,0.12460000067949295
3191.159912109375,0.12479999661445618
3191.27001953125,0.12489999830722809
3191.3701171875,0.125
3191.469970703125,0.1251000016927719
3191.570068359375,0.12520000338554382
3191.679931640625,0.12530000507831573
3191.780029296875,0.12549999356269836
3191.8798828125,0.12559999525547028
3191.97998046875,0.1256999969482422
3192.090087890625,0.1257999986410141
3192.18994140625,0.125900000333786
3192.2900390625,0.12610000371932983
3192.389892578125,0.12620000541210175
3192.489990234375,0.12630000710487366
3192.60009765625,0.12639999389648438
3192.699951171875,0.1264999955892563
3192.800048828125,0.1265999972820282
3192.89990234375,0.12680000066757202
3193.0,0.12690000236034393
3193.110107421875,0.12700000405311584
3193.2099609375,0.12710000574588776
3193.31005859375,0.12720000743865967
3193.409912109375,0.1273999959230423
3193.510009765625,0.1274999976158142
3193.6201171875,0.12759999930858612
3193.719970703125,0.12770000100135803
3193.820068359375,0.12780000269412994
3193.919921875,0.12800000607967377
3194.030029296875,0.12809999287128448
3194.1298828125,0.1281999945640564
3194.22998046875,0.1282999962568283
3194.330078125,0.12839999794960022
3194.43994140625,0.12849999964237213
3194.5400390625,0.12870000302791595
3194.639892578125,0.12880000472068787
3194.739990234375,0.12890000641345978
3194.840087890625,0.1289999932050705
3194.949951171875,0.1290999948978424
3195.050048828125,0.12929999828338623
3195.14990234375,0.12939999997615814
3195.25,0.12950000166893005
3195.35009765625,0.12960000336170197
3195.4599609375,0.12970000505447388
3195.56005859375,0.1298000067472458
3195.659912109375,0.12999999523162842
3195.760009765625,0.13009999692440033
3195.8701171875,0.13019999861717224
3195.969970703125,0.13030000030994415
3196.070068359375,0.13040000200271606
3196.169921875,0.1306000053882599
3196.280029296875,0.1307000070810318
3196.3798828125,0.13079999387264252
3196.47998046875,0.13089999556541443
3196.580078125,0.13099999725818634
3196.679931640625,0.13120000064373016
3196.7900390625,0.13130000233650208
3196.889892578125,0.131400004029274
3196.989990234375,0.1315000057220459
3197.090087890625,0.1316000074148178
3197.18994140625,0.13169999420642853
3197.300048828125,0.13189999759197235
3197.39990234375,0.13199999928474426
3197.5,0.13210000097751617
3197.60009765625,0.13220000267028809
3197.7099609375,0.13230000436306
3197.81005859375,0.13249999284744263
3197.909912109375,0.13259999454021454
3198.010009765625,0.13269999623298645
3198.1201171875,0.13279999792575836
3198.219970703125,0.13289999961853027
3198.320068359375,0.1331000030040741
3198.419921875,0.133200004696846
3198.530029296875,0.13330000638961792
3198.6298828125,0.13339999318122864
3198.72998046875,0.13349999487400055
3198.830078125,0.13359999656677246
3198.929931640625,0.13379999995231628
3199.0400390625,0.1339000016450882
3199.139892578125,0.1340000033378601
3199.239990234375,0.13410000503063202
3199.340087890625,0.13420000672340393
3199.449951171875,0.13439999520778656
3199.550048828125,0.13449999690055847
3199.64990234375,0.13459999859333038
3199.75,0.1347000002861023
3199.860107421875,0.1348000019788742
3199.9599609375,0.13500000536441803
3200.06005859375,0.13510000705718994
3200.159912109375,0.13519999384880066
3200.27001953125,0.13539999723434448
3200.3701171875,0.1354999989271164
3200.469970703125,0.1356000006198883
3200.570068359375,0.13580000400543213
3200.679931640625,0.13590000569820404
3200.780029296875,0.13609999418258667
3200.8798828125,0.13619999587535858
3200.97998046875,0.1363999992609024
3201.080078125,0.13650000095367432
3201.18994140625,0.13660000264644623
3201.2900390625,0.13680000603199005
3201.389892578125,0.13689999282360077
3201.5,0.1370999962091446
3201.60009765625,0.1371999979019165
3201.699951171875,0.13729999959468842
3201.800048828125,0.13750000298023224
3201.909912109375,0.13760000467300415
3202.010009765625,0.13779999315738678
3202.110107421875,0.1378999948501587
3202.2099609375,0.13809999823570251
3202.31005859375,0.13819999992847443
3202.419921875,0.13830000162124634
3202.52001953125,0.13850000500679016
3202.6201171875,0.13860000669956207
3202.719970703125,0.1387999951839447
3202.830078125,0.1388999968767166
3202.929931640625,0.13899999856948853
3203.030029296875,0.13920000195503235
3203.1298828125,0.13930000364780426
3203.239990234375,0.13950000703334808
3203.340087890625,0.1395999938249588
3203.43994140625,0.13979999721050262
3203.5400390625,0.13989999890327454
3203.64990234375,0.14000000059604645
3203.75,0.14020000398159027
3203.85009765625,0.14030000567436218
3203.949951171875,0.1404999941587448
3204.06005859375,0.14059999585151672
3204.159912109375,0.14069999754428864
3204.260009765625,0.14090000092983246
3204.3701171875,0.14100000262260437
3204.469970703125,0.1412000060081482
3204.570068359375,0.1412999927997589
3204.669921875,0.14139999449253082
3204.780029296875,0.14159999787807465
3204.8798828125,0.14169999957084656
3204.97998046875,0.14190000295639038
3205.080078125,0.1420000046491623
3205.18994140625,0.14219999313354492
3205.2900390625,0.14229999482631683
3205.389892578125,0.14239999651908875
3205.489990234375,0.14259999990463257
3205.60009765625,0.14270000159740448
3205.699951171875,0.1429000049829483
3205.800048828125,0.14300000667572021
3205.89990234375,0.14309999346733093
3206.0,0.14329999685287476
3206.110107421875,0.14339999854564667
3206.2099609375,0.1436000019311905
3206.31005859375,0.1437000036239624
3206.419921875,0.14390000700950623
3206.52001953125,0.14399999380111694
3206.6201171875,0.14409999549388885
3206.719970703125,0.14429999887943268
3206.830078125,0.1444000005722046
3206.929931640625,0.1446000039577484
3207.030029296875,0.14470000565052032
3207.1298828125,0.14480000734329224
3207.239990234375,0.14499999582767487
3207.340087890625,0.14509999752044678
3207.43994140625,0.1453000009059906
3207.5400390625,0.1454000025987625
3207.64990234375,0.14560000598430634
3207.75,0.14569999277591705
3207.85009765625,0.14579999446868896
3207.949951171875,0.1459999978542328
3208.06005859375,0.1460999995470047
3208.159912109375,0.14630000293254852
3208.260009765625,0.14640000462532043
3208.3701171875,0.14650000631809235
3208.469970703125,0.14669999480247498
3208.570068359375,0.1467999964952469
3208.669921875,0.1469999998807907
3208.780029296875,0.14710000157356262
3208.8798828125,0.14730000495910645
3208.97998046875,0.14740000665187836
3209.090087890625,0.14749999344348907
3209.18994140625,0.1476999968290329
3209.2900390625,0.1477999985218048
3209.389892578125,0.14800000190734863
3209.489990234375,0.14810000360012054
3209.60009765625,0.14820000529289246
3209.699951171875,0.14839999377727509
3209.800048828125,0.148499995470047
3209.909912109375,0.14869999885559082
3210.010009765625,0.14880000054836273
3210.110107421875,0.14900000393390656
3210.2099609375,0.14910000562667847
3210.320068359375,0.14920000731945038
3210.419921875,0.149399995803833
3210.52001953125,0.14949999749660492
3210.6298828125,0.14970000088214874
3210.72998046875,0.14980000257492065
3210.830078125,0.14990000426769257
3210.929931640625,0.1500999927520752
3211.0400390625,0.1501999944448471
3211.139892578125,0.15039999783039093
3211.239990234375,0.15049999952316284
3211.340087890625,0.15070000290870667
3211.449951171875,0.15080000460147858
3211.550048828125,0.1509000062942505
3211.64990234375,0.15109999477863312
3211.760009765625,0.15119999647140503
3211.860107421875,0.15139999985694885
3211.9599609375,0.15150000154972076
3212.06005859375,0.15160000324249268
3212.169921875,0.1518000066280365
3212.27001953125,0.15189999341964722
3212.3701171875,0.15209999680519104
3212.469970703125,0.15219999849796295
3212.580078125,0.15240000188350677
3212.679931640625,0.1525000035762787
3212.780029296875,0.1526000052690506
3212.889892578125,0.15279999375343323
3212.989990234375,0.15289999544620514
3213.090087890625,0.15309999883174896
3213.18994140625,0.15320000052452087
3213.300048828125,0.1534000039100647
3213.39990234375,0.1535000056028366
3213.5,0.15360000729560852
3213.610107421875,0.15379999577999115
3213.7099609375,0.15389999747276306
3213.81005859375,0.15410000085830688
3213.909912109375,0.1542000025510788
3214.02001953125,0.1543000042438507
3214.1201171875,0.15449999272823334
3214.219970703125,0.15459999442100525
3214.330078125,0.15479999780654907
3214.429931640625,0.15489999949932098
3214.530029296875,0.1551000028848648
3214.6298828125,0.15520000457763672
3214.739990234375,0.15530000627040863
3214.840087890625,0.15549999475479126
3214.93994140625,0.15559999644756317
3215.050048828125,0.155799999833107
3215.14990234375,0.1559000015258789
3215.25,0.15600000321865082
3215.35009765625,0.15620000660419464
3215.4599609375,0.15629999339580536
3215.56005859375,0.15649999678134918
3215.659912109375,0.1565999984741211
3215.77001953125,0.15680000185966492
3215.8701171875,0.15690000355243683
3215.969970703125,0.15700000524520874
3216.070068359375,0.15719999372959137
3216.179931640625,0.15729999542236328
3216.280029296875,0.1574999988079071
3216.3798828125,0.15760000050067902
3216.489990234375,0.15780000388622284
3216.590087890625,0.15790000557899475
3216.68994140625,0.15800000727176666
3216.800048828125,0.1581999957561493
3216.89990234375,0.1582999974489212
3217.0,0.15850000083446503
3217.10009765625,0.15860000252723694
3217.2099609375,0.15870000422000885
3217.31005859375,0.15889999270439148
3217.409912109375,0.1589999943971634
3217.52001953125,0.15919999778270721
3217.6201171875,0.15929999947547913
3217.719970703125,0.15950000286102295
3217.820068359375,0.15960000455379486
3217.929931640625,0.15970000624656677
3218.030029296875,0.1598999947309494
3218.1298828125,0.1599999964237213
3218.239990234375,0.16019999980926514
3218.340087890625,0.16030000150203705
3218.43994140625,0.16050000488758087
3218.550048828125,0.16060000658035278
3218.64990234375,0.1606999933719635
3218.75,0.16089999675750732
3218.85009765625,0.16099999845027924
3218.9599609375,0.16120000183582306
3219.06005859375,0.16130000352859497
3219.159912109375,0.16140000522136688
3219.27001953125,0.1615999937057495
3219.3701171875,0.16169999539852142
3219.469970703125,0.16189999878406525
3219.580078125,0.16200000047683716
3219.679931640625,0.16220000386238098
3219.780029296875,0.1623000055551529
3219.889892578125,0.1624000072479248
3219.989990234375,0.16259999573230743
3220.090087890625,0.16269999742507935
3220.18994140625,0.16290000081062317
3220.300048828125,0.16300000250339508
3220.39990234375,0.1632000058889389
3220.5,0.16329999268054962
3220.60009765625,0.16339999437332153
3220.7099609375,0.16359999775886536
3220.81005859375,0.16369999945163727
3220.909912109375,0.1639000028371811
3221.02001953125,0.164000004529953
3221.1201171875,0.16410000622272491
3221.22998046875,0.16429999470710754
3221.330078125,0.16439999639987946
3221.429931640625,0.16459999978542328
3221.530029296875,0.1647000014781952
3221.639892578125,0.164900004863739
3221.739990234375,0.16500000655651093
3221.840087890625,0.16509999334812164
3221.949951171875,0.16529999673366547
3222.050048828125,0.16539999842643738
3222.14990234375,0.1656000018119812
3222.25,0.1657000035047531
3222.360107421875,0.16590000689029694
3222.4599609375,0.16599999368190765
3222.56005859375,0.16609999537467957
3222.669921875,0.1662999987602234
3222.77001953125,0.1664000004529953
3222.8701171875,0.16660000383853912
3222.97998046875,0.16670000553131104
3223.080078125,0.16689999401569366
3223.179931640625,0.16699999570846558
3223.2900390625,0.1670999974012375
3223.389892578125,0.1673000007867813
3223.489990234375,0.16740000247955322
3223.590087890625,0.16760000586509705
3223.699951171875,0.16769999265670776
3223.800048828125,0.16779999434947968
3223.909912109375,0.1679999977350235
3224.010009765625,0.1680999994277954
3224.110107421875,0.16830000281333923
3224.219970703125,0.16840000450611115
3224.320068359375,0.16859999299049377
3224.419921875,0.16869999468326569
3224.52001953125,0.1687999963760376
3224.6298828125,0.16899999976158142
3224.72998046875,0.16910000145435333
3224.830078125,0.16930000483989716
3224.93994140625,0.16940000653266907
3225.0400390625,0.1695999950170517
3225.139892578125,0.1696999967098236
3225.25,0.16979999840259552
3225.35009765625,0.17000000178813934
3225.449951171875,0.17010000348091125
3225.56005859375,0.17030000686645508
3225.659912109375,0.1703999936580658
3225.760009765625,0.17059999704360962
3225.8701171875,0.17069999873638153
3225.969970703125,0.17080000042915344
3226.070068359375,0.17100000381469727
3226.179931640625,0.17110000550746918
3226.280029296875,0.1712999939918518
3226.3798828125,0.17139999568462372
3226.47998046875,0.17149999737739563
3226.590087890625,0.17170000076293945
3226.68994140625,0.17180000245571136
3226.800048828125,0.1720000058412552
3226.89990234375,0.1720999926328659
3227.0,0.17229999601840973
3227.10009765625,0.17239999771118164
3227.2099609375,0.17249999940395355
3227.31005859375,0.17270000278949738
3227.419921875,0.1728000044822693
3227.52001953125,0.17299999296665192
3227.6201171875,0.17309999465942383
3227.72998046875,0.17329999804496765
3227.830078125,0.17339999973773956
3227.929931640625,0.17350000143051147
3228.030029296875,0.1737000048160553
3228.139892578125,0.1738000065088272
3228.239990234375,0.17399999499320984
3228.340087890625,0.17409999668598175
3228.449951171875,0.17430000007152557
3228.550048828125,0.17440000176429749
3228.64990234375,0.1745000034570694
3228.760009765625,0.17470000684261322
3228.860107421875,0.17479999363422394
3228.9599609375,0.17499999701976776
3229.070068359375,0.17509999871253967
3229.169921875,0.1753000020980835
3229.27001953125,0.1754000037908554
3229.3798828125,0.17550000548362732
3229.47998046875,0.17569999396800995
3229.580078125,0.17579999566078186
3229.68994140625,0.17599999904632568
3229.7900390625,0.1761000007390976
3229.889892578125,0.17630000412464142
3230.0,0.17640000581741333
3230.10009765625,0.17649999260902405
3230.199951171875,0.17669999599456787
3230.31005859375,0.17679999768733978
3230.409912109375,0.1770000010728836
3230.510009765625,0.17710000276565552
3230.6201171875,0.17730000615119934
3230.719970703125,0.17739999294281006
3230.820068359375,0.17749999463558197
3230.929931640625,0.1776999980211258
3231.030029296875,0.1777999997138977
3231.1298828125,0.17800000309944153
3231.239990234375,0.17810000479221344
3231.340087890625,0.17820000648498535
3231.449951171875,0.17839999496936798
3231.550048828125,0.1784999966621399
3231.64990234375,0.17870000004768372
3231.75,0.17880000174045563
3231.860107421875,0.17900000512599945
3231.9599609375,0.17910000681877136
3232.06005859375,0.17919999361038208
3232.169921875,0.1793999969959259
3232.27001953125,0.17949999868869781
3232.3798828125,0.17970000207424164
3232.47998046875,0.17980000376701355
3232.580078125,0.18000000715255737
3232.68994140625,0.1800999939441681
3232.7900390625,0.18019999563694
3232.889892578125,0.18039999902248383
3233.0,0.18050000071525574
3233.10009765625,0.18070000410079956
3233.199951171875,0.18080000579357147
3233.31005859375,0.1809999942779541
3233.409912109375,0.181099995970726
3233.510009765625,0.18119999766349792
3233.6201171875,0.18140000104904175
3233.719970703125,0.18150000274181366
3233.820068359375,0.18170000612735748
3233.929931640625,0.1817999929189682
3234.030029296875,0.18199999630451202
3234.1298828125,0.18209999799728394
3234.239990234375,0.18219999969005585
3234.340087890625,0.18240000307559967
3234.43994140625,0.18250000476837158
3234.550048828125,0.1826999932527542
3234.64990234375,0.18279999494552612
3234.760009765625,0.18299999833106995
3234.860107421875,0.18310000002384186
3234.9599609375,0.18320000171661377
3235.070068359375,0.1834000051021576
3235.169921875,0.1835000067949295
3235.27001953125,0.18369999527931213
3235.3798828125,0.18379999697208405
3235.47998046875,0.18400000035762787
3235.580078125,0.18410000205039978
3235.68994140625,0.1842000037431717
3235.7900390625,0.18440000712871552
3235.889892578125,0.18449999392032623
3236.0,0.18469999730587006
3236.10009765625,0.18479999899864197
3236.199951171875,0.1850000023841858
3236.31005859375,0.1851000040769577
3236.409912109375,0.18520000576972961
3236.510009765625,0.18539999425411224
3236.6201171875,0.18549999594688416
3236.719970703125,0.18569999933242798
3236.830078125,0.1858000010251999
3236.929931640625,0.1860000044107437
3237.030029296875,0.18610000610351562
3237.139892578125,0.18619999289512634
3237.239990234375,0.18639999628067017
3237.340087890625,0.18649999797344208
3237.449951171875,0.1867000013589859
3237.550048828125,0.1868000030517578
3237.64990234375,0.18700000643730164
3237.760009765625,0.18709999322891235
3237.860107421875,0.18719999492168427
3237.969970703125,0.1873999983072281
3238.070068359375,0.1875
3238.169921875,0.18770000338554382
3238.280029296875,0.18780000507831573
3238.3798828125,0.18799999356269836
3238.47998046875,0.18809999525547028
3238.590087890625,0.1882999986410141
3238.68994140625,0.188400000333786
3238.7900390625,0.18850000202655792
3238.89990234375,0.18870000541210175
3239.0,0.18880000710487366
3239.110107421875,0.1889999955892563
3239.2099609375,0.1890999972820282
3239.31005859375,0.18930000066757202
3239.409912109375,0.18940000236034393
3239.52001953125,0.18950000405311584
3239.6201171875,0.18970000743865967
3239.72998046875,0.18979999423027039
3239.830078125,0.1899999976158142
3239.929931640625,0.19009999930858612
3240.0400390625,0.19030000269412994
3240.139892578125,0.19040000438690186
3240.25,0.19050000607967377
3240.35009765625,0.1906999945640564
3240.449951171875,0.1907999962568283
3240.56005859375,0.19099999964237213
3240.659912109375,0.19110000133514404
3240.760009765625,0.19130000472068787
3240.8701171875,0.19140000641345978
3240.969970703125,0.1914999932050705
3241.070068359375,0.19169999659061432
3241.179931640625,0.19179999828338623
3241.280029296875,0.19200000166893005
3241.3798828125,0.19210000336170197
3241.489990234375,0.1923000067472458
3241.590087890625,0.1923999935388565
3241.699951171875,0.19249999523162842
3241.800048828125,0.19269999861717224
3241.89990234375,0.19280000030994415
3242.010009765625,0.19300000369548798
3242.110107421875,0.1931000053882599
3242.219970703125,0.19329999387264252
3242.320068359375,0.19339999556541443
3242.419921875,0.19349999725818634
3242.530029296875,0.19370000064373016
3242.6298828125,0.19380000233650208
3242.739990234375,0.1940000057220459
3242.840087890625,0.1941000074148178
3242.93994140625,0.19429999589920044
3243.0400390625,0.19439999759197235
3243.14990234375,0.19449999928474426
3243.25,0.19470000267028809
3243.360107421875,0.19480000436306
3243.4599609375,0.19499999284744263
3243.56005859375,0.19509999454021454
3243.669921875,0.19529999792575836
3243.77001953125,0.19539999961853027
3243.8798828125,0.1956000030040741
3243.97998046875,0.195700004696846
3244.080078125,0.19580000638961792
3244.18994140625,0.19599999487400055
3244.2900390625,0.19609999656677246
3244.39990234375,0.19629999995231628
3244.5,0.1964000016450882
3244.60009765625,0.19660000503063202
3244.7099609375,0.19670000672340393
3244.81005859375,0.19679999351501465
3244.909912109375,0.19699999690055847
3245.02001953125,0.19709999859333038
3245.1201171875,0.1973000019788742
3245.219970703125,0.19740000367164612
3245.330078125,0.19760000705718994
3245.429931640625,0.19769999384880066
3245.5400390625,0.19779999554157257
3245.639892578125,0.1979999989271164
3245.739990234375,0.1981000006198883
3245.85009765625,0.19830000400543213
3245.949951171875,0.19840000569820404
3246.06005859375,0.19859999418258667
3246.159912109375,0.19869999587535858
3246.27001953125,0.1987999975681305
3246.3701171875,0.19900000095367432
3246.469970703125,0.19910000264644623
3246.580078125,0.19930000603199005
3246.679931640625,0.19939999282360077
3246.780029296875,0.1995999962091446
3246.889892578125,0.1996999979019165
3246.989990234375,0.19979999959468842
3247.090087890625,0.20000000298023224
3247.199951171875,0.20010000467300415
3247.300048828125,0.20029999315738678
3247.409912109375,0.2003999948501587
3247.510009765625,0.20059999823570251
3247.610107421875,0.20069999992847443
3247.719970703125,0.20090000331401825
3247.820068359375,0.20100000500679016
3247.929931640625,0.20110000669956207
3248.030029296875,0.2012999951839447
3248.139892578125,0.2013999968767166
3248.239990234375,0.20160000026226044
3248.340087890625,0.20170000195503235
3248.449951171875,0.20190000534057617
3248.550048828125,0.20200000703334808
3248.64990234375,0.2020999938249588
3248.760009765625,0.20229999721050262
3248.860107421875,0.20239999890327454
3248.9599609375,0.20260000228881836
3249.070068359375,0.20270000398159027
3249.169921875,0.2029000073671341
3249.280029296875,0.2029999941587448
3249.3798828125,0.20309999585151672
3249.489990234375,0.20329999923706055
3249.590087890625,0.20340000092983246
3249.68994140625,0.20360000431537628
3249.800048828125,0.2037000060081482
3249.89990234375,0.20389999449253082
3250.010009765625,0.20399999618530273
3250.110107421875,0.20419999957084656
3250.2099609375,0.20430000126361847
3250.320068359375,0.2045000046491623
3250.419921875,0.20469999313354492
3250.530029296875,0.20479999482631683
3250.6298828125,0.20499999821186066
3250.72998046875,0.20509999990463257
3250.840087890625,0.2053000032901764
3250.93994140625,0.20550000667572021
3251.050048828125,0.20559999346733093
3251.14990234375,0.20579999685287476
3251.25,0.20600000023841858
3251.360107421875,0.2061000019311905
3251.4599609375,0.20630000531673431
3251.570068359375,0.20640000700950623
3251.669921875,0.20659999549388885
3251.77001953125,0.20679999887943268
3251.8798828125,0.2069000005722046
3251.97998046875,0.2071000039577484
3252.090087890625,0.20730000734329224
3252.18994140625,0.20739999413490295
3252.2900390625,0.20759999752044678
3252.39990234375,0.2076999992132187
3252.5,0.2079000025987625
3252.610107421875,0.20810000598430634
3252.7099609375,0.20819999277591705
3252.81005859375,0.20839999616146088
3252.919921875,0.2085999995470047
3253.02001953125,0.2087000012397766
3253.1298828125,0.20890000462532043
3253.22998046875,0.20900000631809235
3253.340087890625,0.20919999480247498
3253.43994140625,0.2093999981880188
3253.5400390625,0.2094999998807907
3253.64990234375,0.20970000326633453
3253.75,0.20990000665187836
3253.860107421875,0.20999999344348907
3253.9599609375,0.2101999968290329
3254.06005859375,0.2102999985218048
3254.169921875,0.21050000190734863
3254.27001953125,0.21070000529289246
3254.3798828125,0.21080000698566437
3254.47998046875,0.210999995470047
3254.580078125,0.21119999885559082
3254.68994140625,0.21130000054836273
3254.7900390625,0.21150000393390656
3254.89990234375,0.21160000562667847
3255.0,0.2117999941110611
3255.110107421875,0.21199999749660492
3255.2099609375,0.21209999918937683
3255.31005859375,0.21230000257492065
3255.419921875,0.21250000596046448
3255.52001953125,0.2125999927520752
3255.6298828125,0.21279999613761902
3255.72998046875,0.21289999783039093
3255.840087890625,0.21310000121593475
3255.93994140625,0.21330000460147858
3256.0400390625,0.2134000062942505
3256.14990234375,0.21359999477863312
3256.25,0.21379999816417694
3256.360107421875,0.21389999985694885
3256.4599609375,0.21410000324249268
3256.56005859375,0.2142000049352646
3256.669921875,0.21439999341964722
3256.77001953125,0.21459999680519104
3256.8798828125,0.21469999849796295
3256.97998046875,0.21490000188350677
3257.080078125,0.2151000052690506
3257.18994140625,0.2152000069618225
3257.2900390625,0.21539999544620514
3257.39990234375,0.21549999713897705
3257.5,0.21570000052452087
3257.610107421875,0.2159000039100647
3257.7099609375,0.2160000056028366
3257.81005859375,0.21619999408721924
3257.919921875,0.21639999747276306
3258.02001953125,0.21649999916553497
3258.1298828125,0.2167000025510788
3258.22998046875,0.2168000042438507
3258.330078125,0.21699999272823334
3258.43994140625,0.21719999611377716
3258.5400390625,0.21729999780654907
3258.64990234375,0.2175000011920929
3258.75,0.21770000457763672
3258.860107421875,0.21780000627040863
3258.9599609375,0.21799999475479126
3259.06005859375,0.21809999644756317
3259.169921875,0.218299999833107
3259.27001953125,0.21850000321865082
3259.3798828125,0.21860000491142273
3259.47998046875,0.21879999339580536
3259.590087890625,0.21899999678134918
3259.68994140625,0.2190999984741211
3259.7900390625,0.21930000185966492
3259.89990234375,0.21940000355243683
3260.0,0.21960000693798065
3260.110107421875,0.21979999542236328
3260.2099609375,0.2198999971151352
3260.320068359375,0.22010000050067902
3260.419921875,0.22030000388622284
3260.530029296875,0.22040000557899475
3260.6298828125,0.22059999406337738
3260.72998046875,0.2206999957561493
3260.840087890625,0.22089999914169312
3260.93994140625,0.22110000252723694
3261.050048828125,0.22120000422000885
3261.14990234375,0.22139999270439148
3261.260009765625,0.2215999960899353
3261.360107421875,0.22169999778270721
3261.4599609375,0.22190000116825104
3261.570068359375,0.22200000286102295
3261.669921875,0.22220000624656677
3261.780029296875,0.2223999947309494
3261.8798828125,0.2224999964237213
3261.989990234375,0.22269999980926514
3262.090087890625,0.22290000319480896
3262.199951171875,0.22300000488758087
3262.300048828125,0.2231999933719635
3262.409912109375,0.22339999675750732
3262.510009765625,0.22349999845027924
3262.610107421875,0.22370000183582306
3262.719970703125,0.22380000352859497
3262.820068359375,0.2240000069141388
3262.929931640625,0.22419999539852142
3263.030029296875,0.22429999709129333
3263.139892578125,0.22450000047683716
3263.239990234375,0.22470000386238098
3263.340087890625,0.2248000055551529
3263.449951171875,0.22499999403953552
3263.550048828125,0.22509999573230743
3263.659912109375,0.22529999911785126
3263.760009765625,0.22550000250339508
3263.860107421875,0.225600004196167
3263.969970703125,0.22579999268054962
3264.070068359375,0.22599999606609344
3264.179931640625,0.22609999775886536
3264.280029296875,0.22630000114440918
3264.389892578125,0.2264000028371811
3264.489990234375,0.22660000622272491
3264.60009765625,0.22679999470710754
3264.699951171875,0.22689999639987946
3264.81005859375,0.22709999978542328
3264.909912109375,0.2273000031709671
3265.02001953125,0.227400004863739
3265.1201171875,0.22759999334812164
3265.22998046875,0.22779999673366547
3265.330078125,0.22789999842643738
3265.429931640625,0.2281000018119812
3265.5400390625,0.2282000035047531
3265.639892578125,0.22840000689029694
3265.75,0.22859999537467957
3265.85009765625,0.22869999706745148
3265.9599609375,0.2289000004529953
3266.06005859375,0.22910000383853912
3266.159912109375,0.22920000553131104
3266.27001953125,0.22939999401569366
3266.3701171875,0.22949999570846558
3266.47998046875,0.2296999990940094
3266.580078125,0.22990000247955322
3266.68994140625,0.23000000417232513
3266.7900390625,0.23019999265670776
3266.89990234375,0.2303999960422516
3267.0,0.2304999977350235
3267.110107421875,0.23070000112056732
3267.2099609375,0.23080000281333923
3267.31005859375,0.23100000619888306
3267.419921875,0.23119999468326569
3267.52001953125,0.2312999963760376
3267.6298828125,0.23149999976158142
3267.72998046875,0.23170000314712524
3267.840087890625,0.23180000483989716
3267.93994140625,0.23199999332427979
3268.050048828125,0.2321999967098236
3268.14990234375,0.23229999840259552
3268.260009765625,0.23250000178813934
3268.360107421875,0.23260000348091125
3268.4599609375,0.23280000686645508
3268.570068359375,0.2329999953508377
3268.669921875,0.23309999704360962
3268.780029296875,0.23330000042915344
3268.8798828125,0.23350000381469727
3268.989990234375,0.23360000550746918
3269.090087890625,0.2337999939918518
3269.199951171875,0.23389999568462372
3269.300048828125,0.23409999907016754
3269.39990234375,0.23430000245571136
3269.510009765625,0.23440000414848328
3269.610107421875,0.2345999926328659
3269.719970703125,0.23479999601840973
3269.820068359375,0.23489999771118164
3269.929931640625,0.23510000109672546
3270.030029296875,0.2353000044822693
3270.139892578125,0.2354000061750412
3270.239990234375,0.23559999465942383
3270.35009765625,0.23569999635219574
3270.449951171875,0.23589999973773956
3270.56005859375,0.2361000031232834
3270.659912109375,0.2362000048160553
3270.77001953125,0.23639999330043793
3270.8701171875,0.23659999668598175
3270.97998046875,0.23669999837875366
3271.080078125,0.23690000176429749
3271.18994140625,0.2370000034570694
3271.2900390625,0.23720000684261322
3271.389892578125,0.23739999532699585
3271.5,0.23749999701976776
3271.60009765625,0.23770000040531158
3271.7099609375,0.2379000037908554
3271.81005859375,0.23800000548362732
3271.919921875,0.23819999396800995
3272.02001953125,0.23839999735355377
3272.1298828125,0.23849999904632568
3272.22998046875,0.2387000024318695
3272.340087890625,0.23880000412464142
3272.43994140625,0.23899999260902405
3272.550048828125,0.23919999599456787
3272.64990234375,0.23929999768733978
3272.760009765625,0.2395000010728836
3272.860107421875,0.23970000445842743
3272.9599609375,0.23980000615119934
3273.070068359375,0.23999999463558197
3273.169921875,0.2401999980211258
3273.280029296875,0.2402999997138977
3273.3798828125,0.24050000309944153
3273.489990234375,0.24060000479221344
3273.590087890625,0.24079999327659607
3273.699951171875,0.2409999966621399
3273.800048828125,0.2410999983549118
3273.909912109375,0.24130000174045563
3274.010009765625,0.24150000512599945
3274.1201171875,0.24160000681877136
3274.219970703125,0.241799995303154
3274.330078125,0.2418999969959259
3274.429931640625,0.24210000038146973
3274.5400390625,0.24230000376701355
3274.639892578125,0.24240000545978546
3274.75,0.2425999939441681
3274.85009765625,0.24279999732971191
3274.9599609375,0.24289999902248383
3275.06005859375,0.24310000240802765
3275.159912109375,0.24330000579357147
3275.27001953125,0.2433999925851822
3275.3701171875,0.243599995970726
3275.47998046875,0.24369999766349792
3275.580078125,0.24390000104904175
3275.68994140625,0.24410000443458557
3275.7900390625,0.24420000612735748
3275.89990234375,0.2443999946117401
3276.0,0.24459999799728394
3276.110107421875,0.24469999969005585
3276.2099609375,0.24490000307559967
3276.320068359375,0.2451000064611435
3276.419921875,0.2451999932527542
3276.530029296875,0.24539999663829803
3276.6298828125,0.24549999833106995
3276.739990234375,0.24570000171661377
3276.840087890625,0.2459000051021576
3276.949951171875,0.2460000067949295
3277.050048828125,0.24619999527931213
3277.159912109375,0.24639999866485596
3277.260009765625,0.24650000035762787
3277.3701171875,0.2467000037431717
3277.469970703125,0.24690000712871552
3277.580078125,0.24699999392032623
3277.679931640625,0.24719999730587006
3277.780029296875,0.24729999899864197
3277.889892578125,0.2475000023841858
3278.0,0.24770000576972961
3278.10009765625,0.24779999256134033
3278.2099609375,0.24799999594688416
3278.31005859375,0.24819999933242798
3278.409912109375,0.2483000010251999
3278.52001953125,0.2485000044107437
3278.6201171875,0.24869999289512634
3278.72998046875,0.24879999458789825
3278.830078125,0.24899999797344208
3278.93994140625,0.249099999666214
3279.0400390625,0.2493000030517578
3279.14990234375,0.24950000643730164
3279.25,0.24959999322891235
3279.360107421875,0.24979999661445618
3279.4599609375,0.25
3279.570068359375,0.2500999867916107
3279.669921875,0.25029999017715454
3279.780029296875,0.25049999356269836
3279.8798828125,0.25060001015663147
3279.989990234375,0.2508000135421753
3280.090087890625,0.250900000333786
3280.199951171875,0.25110000371932983
3280.300048828125,0.25130000710487366
3280.409912109375,0.2513999938964844
3280.510009765625,0.2515999972820282
3280.6201171875,0.251800000667572
3280.719970703125,0.25189998745918274
3280.830078125,0.25209999084472656
3280.929931640625,0.2522999942302704
3281.0400390625,0.2524000108242035
3281.139892578125,0.2526000142097473
3281.25,0.25270000100135803
3281.35009765625,0.25290000438690186
3281.4599609375,0.2531000077724457
3281.56005859375,0.2531999945640564
3281.669921875,0.2533999979496002
3281.77001953125,0.25360000133514404
3281.8798828125,0.25369998812675476
3281.97998046875,0.2538999915122986
3282.090087890625,0.2540999948978424
3282.18994140625,0.2542000114917755
3282.300048828125,0.25440001487731934
3282.39990234375,0.25450000166893005
3282.510009765625,0.2547000050544739
3282.610107421875,0.2549000084400177
3282.719970703125,0.2549999952316284
3282.820068359375,0.25519999861717224
3282.929931640625,0.25540000200271606
3283.030029296875,0.2554999887943268
3283.139892578125,0.2556999921798706
3283.25,0.25589999556541443
3283.35009765625,0.25600001215934753
3283.449951171875,0.25619998574256897
3283.56005859375,0.2563999891281128
3283.659912109375,0.2565000057220459
3283.77001953125,0.2567000091075897
3283.8798828125,0.25679999589920044
3283.97998046875,0.25699999928474426
3284.090087890625,0.2572000026702881
3284.18994140625,0.2572999894618988
3284.2900390625,0.2574999928474426
3284.39990234375,0.25769999623298645
3284.510009765625,0.25780001282691956
3284.610107421875,0.257999986410141
3284.7099609375,0.2581999897956848
3284.820068359375,0.2583000063896179
3284.919921875,0.25850000977516174
3285.030029296875,0.25859999656677246
3285.139892578125,0.2587999999523163
3285.239990234375,0.2590000033378601
3285.35009765625,0.2590999901294708
3285.449951171875,0.25929999351501465
3285.56005859375,0.25949999690055847
3285.659912109375,0.2596000134944916
3285.77001953125,0.259799987077713
3285.8701171875,0.25999999046325684
3285.97998046875,0.26010000705718994
3286.080078125,0.26030001044273376
3286.18994140625,0.2605000138282776
3286.2900390625,0.2606000006198883
3286.39990234375,0.26080000400543213
3286.5,0.26089999079704285
3286.610107421875,0.26109999418258667
3286.7099609375,0.2612999975681305
3286.820068359375,0.2614000141620636
3286.919921875,0.26159998774528503
3287.030029296875,0.26179999113082886
3287.1298828125,0.26190000772476196
3287.239990234375,0.2621000111103058
3287.340087890625,0.2623000144958496
3287.449951171875,0.2624000012874603
3287.550048828125,0.26260000467300415
3287.659912109375,0.262800008058548
3287.77001953125,0.2628999948501587
3287.8701171875,0.2630999982357025
3287.969970703125,0.2632000148296356
3288.080078125,0.26339998841285706
3288.18994140625,0.2635999917984009
3288.2900390625,0.263700008392334
3288.39990234375,0.2639000117778778
3288.5,0.26409998536109924
3288.60009765625,0.26420000195503235
3288.7099609375,0.26440000534057617
3288.820068359375,0.26460000872612
3288.919921875,0.2646999955177307
3289.030029296875,0.26489999890327454
3289.1298828125,0.26499998569488525
3289.239990234375,0.2651999890804291
3289.340087890625,0.2653999924659729
3289.449951171875,0.265500009059906
3289.550048828125,0.26570001244544983
3289.659912109375,0.26589998602867126
3289.77001953125,0.26600000262260437
3289.8701171875,0.2662000060081482
3289.97998046875,0.266400009393692
3290.080078125,0.26649999618530273
3290.179931640625,0.26669999957084656
3290.2900390625,0.2669000029563904
3290.39990234375,0.2669999897480011
3290.5,0.2671999931335449
3290.610107421875,0.267300009727478
3290.7099609375,0.26750001311302185
3290.820068359375,0.2676999866962433
3290.919921875,0.2678000032901764
3291.030029296875,0.2680000066757202
3291.1298828125,0.26820001006126404
3291.239990234375,0.26829999685287476
3291.340087890625,0.2685000002384186
3291.449951171875,0.2687000036239624
3291.550048828125,0.2687999904155731
3291.659912109375,0.26899999380111694
3291.77001953125,0.26919999718666077
3291.8701171875,0.26930001378059387
3291.97998046875,0.2694999873638153
3292.080078125,0.2696000039577484
3292.179931640625,0.26980000734329224
3292.2900390625,0.27000001072883606
3292.39990234375,0.2700999975204468
3292.5,0.2703000009059906
3292.610107421875,0.2705000042915344
3292.7099609375,0.27059999108314514
3292.820068359375,0.27079999446868896
3292.919921875,0.2709999978542328
3293.030029296875,0.2711000144481659
3293.1298828125,0.27129998803138733
3293.239990234375,0.27149999141693115
3293.35009765625,0.27160000801086426
3293.449951171875,0.2718000113964081
3293.56005859375,0.2718999981880188
3293.659912109375,0.2721000015735626
3293.77001953125,0.27230000495910645
3293.8701171875,0.27239999175071716
3293.97998046875,0.272599995136261
3294.080078125,0.2727999985218048
3294.18994140625,0.2728999853134155
3294.2900390625,0.27309998869895935
3294.39990234375,0.2732999920845032
3294.5,0.2734000086784363
3294.610107421875,0.2736000120639801
3294.719970703125,0.27379998564720154
3294.820068359375,0.27390000224113464
3294.929931640625,0.27410000562667847
3295.030029296875,0.2741999924182892
3295.139892578125,0.274399995803833
3295.239990234375,0.27459999918937683
3295.35009765625,0.27469998598098755
3295.449951171875,0.27489998936653137
3295.56005859375,0.2750999927520752
3295.659912109375,0.2752000093460083
3295.77001953125,0.2754000127315521
3295.8798828125,0.27559998631477356
3295.97998046875,0.27570000290870667
3296.090087890625,0.2759000062942505
3296.18994140625,0.2761000096797943
3296.300048828125,0.27619999647140503
3296.39990234375,0.27639999985694885
3296.510009765625,0.2766000032424927
3296.610107421875,0.2766999900341034
3296.719970703125,0.2768999934196472
3296.820068359375,0.2770000100135803
3296.929931640625,0.27720001339912415
3297.0400390625,0.2773999869823456
3297.139892578125,0.2775000035762787
3297.25,0.2777000069618225
3297.35009765625,0.27790001034736633
3297.4599609375,0.27799999713897705
3297.56005859375,0.2782000005245209
3297.669921875,0.2784000039100647
3297.77001953125,0.2784999907016754
3297.8798828125,0.27869999408721924
3297.97998046875,0.27889999747276306
3298.090087890625,0.27900001406669617
3298.18994140625,0.2791999876499176
3298.300048828125,0.2793999910354614
3298.409912109375,0.27950000762939453
3298.510009765625,0.27970001101493835
3298.6201171875,0.2797999978065491
3298.719970703125,0.2800000011920929
3298.830078125,0.2802000045776367
3298.929931640625,0.28029999136924744
3299.0400390625,0.28049999475479126
3299.14990234375,0.2806999981403351
3299.25,0.2808000147342682
3299.360107421875,0.2809999883174896
3299.4599609375,0.28119999170303345
3299.570068359375,0.28130000829696655
3299.669921875,0.2815000116825104
3299.780029296875,0.2816999852657318
3299.8798828125,0.2818000018596649
3299.989990234375,0.28200000524520874
3300.090087890625,0.28220000863075256
3300.199951171875,0.2824000120162964
3300.31005859375,0.2825999855995178
3300.409912109375,0.28279998898506165
3300.52001953125,0.2831000089645386
3300.6201171875,0.2833000123500824
3300.72998046875,0.28349998593330383
3300.840087890625,0.28369998931884766
3300.93994140625,0.2838999927043915
3301.050048828125,0.2842000126838684
3301.14990234375,0.28439998626708984
3301.260009765625,0.28459998965263367
3301.360107421875,0.2847999930381775
3301.469970703125,0.2849999964237213
3301.570068359375,0.28519999980926514
3301.679931640625,0.2854999899864197
3301.780029296875,0.2856999933719635
3301.889892578125,0.2858999967575073
3302.0,0.28610000014305115
3302.10009765625,0.28630000352859497
3302.2099609375,0.2865999937057495
3302.31005859375,0.28679999709129333
3302.419921875,0.28700000047683716
3302.530029296875,0.287200003862381
3302.6298828125,0.2874000072479248
3302.739990234375,0.28760001063346863
3302.840087890625,0.28790000081062317
3302.949951171875,0.288100004196167
3303.050048828125,0.2883000075817108
3303.159912109375,0.28850001096725464
3303.27001953125,0.28870001435279846
3303.3701171875,0.2888999879360199
3303.47998046875,0.2892000079154968
3303.580078125,0.28940001130104065
3303.68994140625,0.2896000146865845
3303.7900390625,0.2897999882698059
3303.89990234375,0.28999999165534973
3304.0,0.29019999504089355
3304.110107421875,0.2904999852180481
3304.219970703125,0.2906999886035919
3304.320068359375,0.29089999198913574
3304.429931640625,0.29109999537467957
3304.530029296875,0.2912999987602234
3304.639892578125,0.29159998893737793
3304.75,0.29179999232292175
3304.85009765625,0.2919999957084656
3304.9599609375,0.2921999990940094
3305.06005859375,0.2924000024795532
3305.169921875,0.29260000586509705
3305.27001953125,0.2928999960422516
3305.3798828125,0.2930999994277954
3305.489990234375,0.29330000281333923
3305.590087890625,0.29350000619888306
3305.699951171875,0.2937000095844269
3305.800048828125,0.2939999997615814
3305.909912109375,0.29420000314712524
3306.010009765625,0.29440000653266907
3306.1201171875,0.2946000099182129
3306.22998046875,0.2948000133037567
3306.330078125,0.29499998688697815
3306.43994140625,0.2953000068664551
3306.5400390625,0.2955000102519989
3306.64990234375,0.2957000136375427
3306.760009765625,0.29589998722076416
3306.860107421875,0.296099990606308
3306.969970703125,0.2964000105857849
3307.070068359375,0.29660001397132874
3307.179931640625,0.29679998755455017
3307.280029296875,0.296999990940094
3307.389892578125,0.2971999943256378
3307.5,0.29739999771118164
3307.60009765625,0.2976999878883362
3307.7099609375,0.29789999127388
3307.81005859375,0.29809999465942383
3307.919921875,0.29829999804496765
3308.02001953125,0.2985000014305115
3308.1298828125,0.298799991607666
3308.239990234375,0.29899999499320984
3308.340087890625,0.29919999837875366
3308.449951171875,0.2994000017642975
3308.550048828125,0.2996000051498413
3308.659912109375,0.29980000853538513
3308.77001953125,0.3000999987125397
3308.8701171875,0.3003000020980835
3308.97998046875,0.3005000054836273
3309.080078125,0.30070000886917114
3309.18994140625,0.30090001225471497
3309.300048828125,0.3010999858379364
3309.39990234375,0.30140000581741333
3309.510009765625,0.30160000920295715
3309.610107421875,0.301800012588501
3309.719970703125,0.3019999861717224
3309.820068359375,0.30219998955726624
3309.929931640625,0.30250000953674316
3310.0400390625,0.302700012922287
3310.139892578125,0.3028999865055084
3310.25,0.30309998989105225
3310.35009765625,0.30329999327659607
3310.4599609375,0.3034999966621399
3310.570068359375,0.30379998683929443
3310.669921875,0.30399999022483826
3310.780029296875,0.3041999936103821
3310.8798828125,0.3043999969959259
3310.989990234375,0.3046000003814697
3311.10009765625,0.30489999055862427
3311.199951171875,0.3050999939441681
3311.31005859375,0.3052999973297119
3311.409912109375,0.30550000071525574
3311.52001953125,0.30570000410079956
3311.6298828125,0.3059000074863434
3311.72998046875,0.3061999976634979
3311.840087890625,0.30640000104904175
3311.93994140625,0.30660000443458557
3312.050048828125,0.3068000078201294
3312.159912109375,0.3070000112056732
3312.260009765625,0.30730000138282776
3312.3701171875,0.3075000047683716
3312.469970703125,0.3077000081539154
3312.580078125,0.30790001153945923
3312.68994140625,0.30809998512268066
3312.7900390625,0.3084000051021576
3312.89990234375,0.3086000084877014
3313.0,0.30880001187324524
3313.110107421875,0.3089999854564667
3313.2099609375,0.3091999888420105
3313.320068359375,0.3093999922275543
3313.429931640625,0.30970001220703125
3313.530029296875,0.3098999857902527
3313.639892578125,0.3100999891757965
3313.739990234375,0.31029999256134033
3313.85009765625,0.31049999594688416
3313.9599609375,0.3107999861240387
3314.06005859375,0.3109999895095825
3314.169921875,0.31119999289512634
3314.280029296875,0.31139999628067017
3314.3798828125,0.311599999666214
3314.489990234375,0.3118000030517578
3314.590087890625,0.31209999322891235
3314.699951171875,0.3122999966144562
3314.81005859375,0.3125
3314.909912109375,0.3127000033855438
3315.02001953125,0.31290000677108765
3315.1298828125,0.3131999969482422
3315.22998046875,0.313400000333786
3315.340087890625,0.31360000371932983
3315.43994140625,0.31380000710487366
3315.550048828125,0.3140000104904175
3315.659912109375,0.3142000138759613
3315.760009765625,0.31450000405311584
3315.8701171875,0.31470000743865967
3315.969970703125,0.3149000108242035
3316.080078125,0.3151000142097473
3316.179931640625,0.31529998779296875
3316.2900390625,0.3156000077724457
3316.39990234375,0.3158000111579895
3316.510009765625,0.3160000145435333
3316.610107421875,0.31619998812675476
3316.719970703125,0.3163999915122986
3316.820068359375,0.3167000114917755
3316.929931640625,0.31690001487731934
3317.030029296875,0.31709998846054077
3317.139892578125,0.3172999918460846
3317.25,0.3174999952316284
3317.35009765625,0.31769999861717224
3317.4599609375,0.3179999887943268
3317.56005859375,0.3181999921798706
3317.669921875,0.31839999556541443
3317.780029296875,0.31859999895095825
3317.8798828125,0.3188000023365021
3317.989990234375,0.3190999925136566
3318.090087890625,0.31929999589920044
3318.199951171875,0.31949999928474426
3318.31005859375,0.3197000026702881
3318.419921875,0.3199000060558319
3318.52001953125,0.32019999623298645
3318.6298828125,0.3203999996185303
3318.72998046875,0.3206000030040741
3318.840087890625,0.3208000063896179
3318.949951171875,0.32100000977516174
3319.050048828125,0.32120001316070557
3319.159912109375,0.3215000033378601
3319.260009765625,0.32170000672340393
3319.3701171875,0.32190001010894775
3319.47998046875,0.3221000134944916
3319.580078125,0.322299987077713
3319.68994140625,0.32260000705718994
3319.7900390625,0.32280001044273376
3319.89990234375,0.3230000138282776
3320.010009765625,0.323199987411499
3320.110107421875,0.32339999079704285
3320.219970703125,0.3237000107765198
3320.330078125,0.3239000141620636
3320.429931640625,0.32409998774528503
3320.5400390625,0.32429999113082886
3320.639892578125,0.3244999945163727
3320.75,0.3246999979019165
3320.860107421875,0.32499998807907104
3320.9599609375,0.32519999146461487
3321.070068359375,0.3253999948501587
3321.169921875,0.3255999982357025
3321.280029296875,0.32580000162124634
3321.389892578125,0.3260999917984009
3321.5,0.3262999951839447
3321.60009765625,0.3264999985694885
3321.7099609375,0.32670000195503235
3321.81005859375,0.32690000534057617
3321.919921875,0.3271999955177307
3322.030029296875,0.32739999890327454
3322.1298828125,0.32760000228881836
3322.239990234375,0.3278000056743622
3322.35009765625,0.328000009059906
3322.449951171875,0.32820001244544983
3322.56005859375,0.32850000262260437
3322.659912109375,0.3287000060081482
3322.77001953125,0.328900009393692
3322.8798828125,0.32910001277923584
3322.97998046875,0.3292999863624573
3323.090087890625,0.3296000063419342
3323.199951171875,0.329800009727478
3323.300048828125,0.33000001311302185
3323.409912109375,0.3301999866962433
3323.510009765625,0.3303999900817871
3323.6201171875,0.33070001006126404
3323.72998046875,0.33090001344680786
3323.830078125,0.3310999870300293
3323.93994140625,0.3312999904155731
3324.050048828125,0.33149999380111694
3324.14990234375,0.33180001378059387
3324.260009765625,0.3319999873638153
3324.3701171875,0.33219999074935913
3324.469970703125,0.33239999413490295
3324.580078125,0.3325999975204468
3324.679931640625,0.3328000009059906
3324.7900390625,0.33309999108314514
3324.89990234375,0.33329999446868896
3325.0,0.3334999978542328
3325.110107421875,0.3337000012397766
3325.219970703125,0.33390000462532043
3325.320068359375,0.334199994802475
3325.429931640625,0.3343999981880188
3325.5400390625,0.3346000015735626
3325.639892578125,0.33480000495910645
3325.75,0.33500000834465027
3325.860107421875,0.3352999985218048
3325.9599609375,0.33550000190734863
3326.070068359375,0.33570000529289246
3326.179931640625,0.3359000086784363
3326.280029296875,0.3361000120639801
3326.389892578125,0.33640000224113464
3326.489990234375,0.33660000562667847
3326.60009765625,0.3368000090122223
3326.7099609375,0.3370000123977661
3326.81005859375,0.33719998598098755
3326.919921875,0.3375000059604645
3327.030029296875,0.3377000093460083
3327.1298828125,0.3379000127315521
3327.239990234375,0.33809998631477356
3327.340087890625,0.3382999897003174
3327.449951171875,0.3386000096797943
3327.56005859375,0.33880001306533813
3327.659912109375,0.33899998664855957
3327.77001953125,0.3391999900341034
3327.8798828125,0.3393999934196472
3327.989990234375,0.33970001339912415
3328.090087890625,0.3398999869823456
3328.199951171875,0.3400999903678894
3328.300048828125,0.3402999937534332
3328.409912109375,0.34049999713897705
3328.52001953125,0.3407000005245209
3328.6201171875,0.3409999907016754
3328.72998046875,0.34119999408721924
3328.840087890625,0.34139999747276306
3328.93994140625,0.3416000008583069
3329.050048828125,0.3418000042438507
3329.159912109375,0.34209999442100525
3329.260009765625,0.3422999978065491
3329.3701171875,0.3425000011920929
3329.47998046875,0.3427000045776367
3329.580078125,0.34290000796318054
3329.68994140625,0.3431999981403351
3329.800048828125,0.3434000015258789
3329.89990234375,0.34360000491142273
3330.010009765625,0.34380000829696655
3330.1201171875,0.3440000116825104
3330.219970703125,0.3443000018596649
3330.330078125,0.34450000524520874
3330.43994140625,0.34470000863075256
3330.5400390625,0.3449000120162964
3330.64990234375,0.3450999855995178
3330.75,0.34540000557899475
3330.860107421875,0.3456000089645386
3330.969970703125,0.3458000123500824
3331.070068359375,0.34599998593330383
3331.179931640625,0.34619998931884766
3331.2900390625,0.3465000092983246
3331.389892578125,0.3467000126838684
3331.5,0.34689998626708984
3331.610107421875,0.34709998965263367
3331.7099609375,0.3472999930381775
3331.820068359375,0.3476000130176544
3331.929931640625,0.34779998660087585
3332.030029296875,0.3479999899864197
3332.139892578125,0.3481999933719635
3332.25,0.3483999967575073
3332.35009765625,0.34860000014305115
3332.4599609375,0.3488999903202057
3332.570068359375,0.3490999937057495
3332.669921875,0.34929999709129333
3332.780029296875,0.34950000047683716
3332.889892578125,0.349700003862381
3332.989990234375,0.3499999940395355
3333.10009765625,0.35019999742507935
3333.2099609375,0.35040000081062317
3333.31005859375,0.350600004196167
3333.419921875,0.3508000075817108
3333.530029296875,0.35109999775886536
3333.6298828125,0.3513000011444092
3333.739990234375,0.351500004529953
3333.85009765625,0.3517000079154968
3333.949951171875,0.35190001130104065
3334.06005859375,0.3522000014781952
3334.169921875,0.352400004863739
3334.27001953125,0.35260000824928284
3334.3798828125,0.35280001163482666
3334.489990234375,0.3529999852180481
3334.590087890625,0.353300005197525
3334.699951171875,0.35350000858306885
3334.81005859375,0.35370001196861267
3334.909912109375,0.3538999855518341
3335.02001953125,0.35409998893737793
3335.1298828125,0.35440000891685486
3335.22998046875,0.3546000123023987
3335.340087890625,0.3547999858856201
3335.449951171875,0.35499998927116394
3335.550048828125,0.35519999265670776
3335.659912109375,0.3555000126361847
3335.77001953125,0.35569998621940613
3335.8798828125,0.35589998960494995
3335.97998046875,0.3560999929904938
3336.090087890625,0.3562999963760376
3336.18994140625,0.35659998655319214
3336.300048828125,0.35679998993873596
3336.409912109375,0.3569999933242798
3336.510009765625,0.3571999967098236
3336.6201171875,0.35740000009536743
3336.72998046875,0.357699990272522
3336.830078125,0.3578999936580658
3336.93994140625,0.3580999970436096
3337.050048828125,0.35830000042915344
3337.159912109375,0.35850000381469727
3337.260009765625,0.3587999939918518
3337.3701171875,0.35899999737739563
3337.47998046875,0.35920000076293945
3337.580078125,0.3594000041484833
3337.68994140625,0.3596000075340271
3337.800048828125,0.35989999771118164
3337.89990234375,0.36010000109672546
3338.010009765625,0.3603000044822693
3338.1201171875,0.3605000078678131
3338.219970703125,0.36070001125335693
3338.330078125,0.3610000014305115
3338.43994140625,0.3612000048160553
3338.5400390625,0.3614000082015991
3338.64990234375,0.36160001158714294
3338.760009765625,0.3617999851703644
3338.860107421875,0.3621000051498413
3338.969970703125,0.36230000853538513
3339.080078125,0.36250001192092896
3339.179931640625,0.3626999855041504
3339.2900390625,0.3628999888896942
3339.39990234375,0.36320000886917114
3339.510009765625,0.36340001225471497
3339.610107421875,0.3635999858379364
3339.719970703125,0.3637999892234802
3339.830078125,0.36399999260902405
3339.929931640625,0.364300012588501
3340.0400390625,0.3644999861717224
3340.14990234375,0.36469998955726624
3340.25,0.36489999294281006
3340.360107421875,0.3650999963283539
3340.469970703125,0.3653999865055084
3340.570068359375,0.36559998989105225
3340.679931640625,0.36579999327659607
3340.7900390625,0.3659999966621399
3340.89990234375,0.3662000000476837
3341.0,0.36649999022483826
3341.110107421875,0.3666999936103821
3341.219970703125,0.3668999969959259
3341.320068359375,0.3671000003814697
3341.429931640625,0.36730000376701355
3341.5400390625,0.3675999939441681
3341.639892578125,0.3677999973297119
3341.75,0.36800000071525574
3341.860107421875,0.36820000410079956
3341.9599609375,0.3684000074863434
3342.070068359375,0.3686999976634979
3342.179931640625,0.36890000104904175
3342.280029296875,0.36910000443458557
3342.389892578125,0.3693000078201294
3342.5,0.3695000112056732
3342.60009765625,0.36980000138282776
3342.7099609375,0.3700000047683716
3342.820068359375,0.3702000081539154
3342.929931640625,0.37040001153945923
3343.030029296875,0.37059998512268066
3343.139892578125,0.3709000051021576
3343.25,0.3711000084877014
3343.35009765625,0.37130001187324524
3343.4599609375,0.3714999854564667
3343.570068359375,0.3718000054359436
3343.669921875,0.3720000088214874
3343.780029296875,0.37220001220703125
3343.889892578125,0.3723999857902527
3344.0,0.3725999891757965
3344.10009765625,0.37290000915527344
3344.2099609375,0.37310001254081726
3344.320068359375,0.3732999861240387
3344.419921875,0.3734999895095825
3344.530029296875,0.37369999289512634
3344.639892578125,0.37400001287460327
3344.75,0.3741999864578247
3344.85009765625,0.37439998984336853
3344.9599609375,0.37459999322891235
3345.070068359375,0.3747999966144562
3345.169921875,0.3750999867916107
3345.280029296875,0.37529999017715454
3345.389892578125,0.37549999356269836
3345.489990234375,0.3756999969482422
3345.60009765625,0.375900000333786
3345.7099609375,0.37619999051094055
3345.820068359375,0.3763999938964844
3345.919921875,0.3765999972820282
3346.030029296875,0.376800000667572
3346.139892578125,0.37700000405311584
3346.239990234375,0.3772999942302704
3346.35009765625,0.3774999976158142
3346.4599609375,0.37770000100135803
3346.570068359375,0.37790000438690186
3346.669921875,0.3781000077724457
3346.780029296875,0.3783999979496002
3346.889892578125,0.37860000133514404
3346.989990234375,0.37880000472068787
3347.10009765625,0.3790000081062317
3347.2099609375,0.3792000114917755
3347.31005859375,0.37950000166893005
3347.419921875,0.3797000050544739
3347.530029296875,0.3799000084400177
3347.639892578125,0.3801000118255615
3347.739990234375,0.38040000200271606
3347.85009765625,0.3806000053882599
3347.9599609375,0.3808000087738037
3348.06005859375,0.38100001215934753
3348.169921875,0.38119998574256897
3348.280029296875,0.3815000057220459
3348.3798828125,0.3817000091075897
3348.489990234375,0.38190001249313354
3348.60009765625,0.382099986076355
3348.7099609375,0.3822999894618988
3348.81005859375,0.38260000944137573
3348.919921875,0.38280001282691956
3349.030029296875,0.382999986410141
3349.139892578125,0.3831999897956848
3349.239990234375,0.38339999318122864
3349.35009765625,0.38370001316070557
3349.4599609375,0.383899986743927
3349.56005859375,0.3840999901294708
3349.669921875,0.38429999351501465
3349.780029296875,0.38449999690055847
3349.889892578125,0.384799987077713
3349.989990234375,0.38499999046325684
3350.10009765625,0.38519999384880066
3350.2099609375,0.3853999972343445
3350.31005859375,0.385699987411499
3350.419921875,0.38589999079704285
3350.530029296875,0.38609999418258667
3350.639892578125,0.3864000141620636
3350.739990234375,0.38659998774528503
3350.85009765625,0.38679999113082886
3350.9599609375,0.3871000111103058
3351.070068359375,0.3873000144958496
3351.169921875,0.38749998807907104
3351.280029296875,0.387800008058548
3351.389892578125,0.3880000114440918
3351.489990234375,0.3882000148296356
3351.60009765625,0.38850000500679016
3351.7099609375,0.388700008392334
3351.820068359375,0.3889000117778778
3351.919921875,0.38920000195503235
3352.030029296875,0.38940000534057617
3352.139892578125,0.38960000872612
3352.239990234375,0.3898000121116638
3352.35009765625,0.39010000228881836
3352.4599609375,0.3903000056743622
3352.570068359375,0.390500009059906
3352.669921875,0.39079999923706055
3352.780029296875,0.39100000262260437
3352.889892578125,0.3912000060081482
3353.0,0.39149999618530273
3353.10009765625,0.39169999957084656
3353.2099609375,0.3919000029563904
3353.320068359375,0.3921999931335449
3353.429931640625,0.39239999651908875
3353.530029296875,0.39259999990463257
3353.639892578125,0.3928999900817871
3353.75,0.39309999346733093
3353.85009765625,0.39329999685287476
3353.9599609375,0.3935999870300293
3354.070068359375,0.3937999904155731
3354.179931640625,0.39399999380111694
3354.280029296875,0.39430001378059387
3354.389892578125,0.3944999873638153
3354.5,0.39469999074935913
3354.610107421875,0.39489999413490295
3354.7099609375,0.3952000141143799
3354.820068359375,0.3953999876976013
3354.929931640625,0.39559999108314514
3355.0400390625,0.39590001106262207
3355.139892578125,0.3961000144481659
3355.25,0.39629998803138733
3355.360107421875,0.39660000801086426
3355.4599609375,0.3968000113964081
3355.570068359375,0.3970000147819519
3355.679931640625,0.39730000495910645
3355.7900390625,0.39750000834465027
3355.889892578125,0.3977000117301941
3356.0,0.39800000190734863
3356.110107421875,0.39820000529289246
3356.219970703125,0.3984000086784363
3356.320068359375,0.3986999988555908
3356.429931640625,0.39890000224113464
3356.5400390625,0.39910000562667847
3356.639892578125,0.399399995803833
3356.75,0.39959999918937683
3356.860107421875,0.39980000257492065
3356.969970703125,0.4000999927520752
3357.080078125,0.400299996137619
3357.179931640625,0.40049999952316284
3357.2900390625,0.40070000290870667
3357.39990234375,0.4009999930858612
3357.510009765625,0.40119999647140503
3357.610107421875,0.40139999985694885
3357.719970703125,0.4016999900341034
3357.830078125,0.4018999934196472
3357.929931640625,0.40209999680519104
3358.0400390625,0.4023999869823456
3358.14990234375,0.4025999903678894
3358.260009765625,0.4027999937534332
3358.360107421875,0.40310001373291016
3358.469970703125,0.4032999873161316
3358.580078125,0.4034999907016754
3358.68994140625,0.40380001068115234
3358.800048828125,0.40400001406669617
3358.89990234375,0.4041999876499176
3359.010009765625,0.40450000762939453
3359.1201171875,0.40470001101493835
3359.22998046875,0.4049000144004822
3359.330078125,0.4052000045776367
3359.43994140625,0.40540000796318054
3359.550048828125,0.40560001134872437
3359.64990234375,0.4059000015258789
3359.760009765625,0.40610000491142273
3359.8701171875,0.40630000829696655
3359.97998046875,0.4065000116825104
3360.080078125,0.4068000018596649
3360.18994140625,0.40700000524520874
3360.300048828125,0.40720000863075256
3360.409912109375,0.4074999988079071
3360.510009765625,0.4077000021934509
3360.6201171875,0.40790000557899475
3360.72998046875,0.4081999957561493
3360.840087890625,0.4083999991416931
3360.93994140625,0.40860000252723694
3361.050048828125,0.4088999927043915
3361.159912109375,0.4090999960899353
3361.27001953125,0.4092999994754791
3361.3701171875,0.40959998965263367
3361.47998046875,0.4097999930381775
3361.590087890625,0.4099999964237213
3361.699951171875,0.41029998660087585
3361.800048828125,0.4104999899864197
3361.909912109375,0.4106999933719635
3362.02001953125,0.41100001335144043
3362.1298828125,0.41119998693466187
3362.239990234375,0.4113999903202057
3362.340087890625,0.4117000102996826
3362.449951171875,0.41190001368522644
3362.56005859375,0.4120999872684479
3362.669921875,0.4124000072479248
3362.77001953125,0.41260001063346863
3362.8798828125,0.41280001401901245
3362.989990234375,0.413100004196167
3363.10009765625,0.4133000075817108
3363.199951171875,0.41350001096725464
3363.31005859375,0.4138000011444092
3363.419921875,0.414000004529953
3363.530029296875,0.4142000079154968
3363.6298828125,0.41440001130104065
3363.739990234375,0.4147000014781952
3363.85009765625,0.414900004863739
3363.9599609375,0.41510000824928284
3364.06005859375,0.4153999984264374
3364.169921875,0.4156000018119812
3364.280029296875,0.415800005197525
3364.389892578125,0.41609999537467957
3364.489990234375,0.4162999987602234
3364.60009765625,0.4165000021457672
3364.7099609375,0.41679999232292175
3364.820068359375,0.4169999957084656
3364.929931640625,0.4171999990940094
3365.030029296875,0.41749998927116394
3365.139892578125,0.41769999265670776
3365.25,0.4178999960422516
3365.360107421875,0.41819998621940613
3365.4599609375,0.41839998960494995
3365.570068359375,0.4185999929904938
3365.679931640625,0.4189000129699707
3365.7900390625,0.41909998655319214
3365.89990234375,0.41929998993873596
3366.0,0.4196000099182129
3366.110107421875,0.4198000133037567
3366.219970703125,0.41999998688697815
3366.330078125,0.4203000068664551
3366.429931640625,0.4205000102519989
3366.5400390625,0.4207000136375427
3366.64990234375,0.42100000381469727
3366.760009765625,0.4212000072002411
3366.8701171875,0.4214000105857849
3366.969970703125,0.42170000076293945
3367.080078125,0.4219000041484833
3367.18994140625,0.4221000075340271
3367.300048828125,0.42239999771118164
3367.39990234375,0.42260000109672546
3367.510009765625,0.4228000044822693
3367.6201171875,0.42309999465942383
3367.72998046875,0.42329999804496765
3367.830078125,0.4235000014305115
3367.93994140625,0.423799991607666
3368.050048828125,0.42399999499320984
3368.159912109375,0.42419999837875366
3368.27001953125,0.4244999885559082
3368.3701171875,0.424699991941452
3368.47998046875,0.42489999532699585
3368.590087890625,0.4251999855041504
3368.699951171875,0.4253999888896942
3368.800048828125,0.42559999227523804
3368.909912109375,0.42579999566078186
3369.02001953125,0.4260999858379364
3369.1298828125,0.4262999892234802
3369.239990234375,0.42649999260902405
3369.340087890625,0.426800012588501
3369.449951171875,0.4269999861717224
3369.56005859375,0.42719998955726624
3369.669921875,0.42750000953674316
3369.77001953125,0.427700012922287
3369.8798828125,0.4278999865055084
3369.989990234375,0.42820000648498535
3370.10009765625,0.4284000098705292
3370.2099609375,0.428600013256073
3370.31005859375,0.42890000343322754
3370.419921875,0.42910000681877136
3370.530029296875,0.4293000102043152
3370.639892578125,0.4296000003814697
3370.75,0.42980000376701355
3370.85009765625,0.4300000071525574
3370.9599609375,0.4302999973297119
3371.070068359375,0.43050000071525574
3371.179931640625,0.43070000410079956
3371.280029296875,0.4309999942779541
3371.389892578125,0.4311999976634979
3371.5,0.43140000104904175
3371.610107421875,0.4316999912261963
3371.719970703125,0.4318999946117401
3371.820068359375,0.43209999799728394
3371.929931640625,0.4323999881744385
3372.0400390625,0.4325999915599823
3372.14990234375,0.4327999949455261
3372.260009765625,0.43309998512268066
3372.360107421875,0.4332999885082245
3372.469970703125,0.4334999918937683
3372.580078125,0.43380001187324524
3372.68994140625,0.4339999854564667
3372.800048828125,0.4341999888420105
3372.89990234375,0.4345000088214874
3373.010009765625,0.43470001220703125
3373.1201171875,0.4348999857902527
3373.22998046875,0.4352000057697296
3373.330078125,0.43540000915527344
3373.43994140625,0.43560001254081726
3373.550048828125,0.4359000027179718
3373.659912109375,0.4361000061035156
3373.77001953125,0.43630000948905945
3373.8701171875,0.436599999666214
3373.97998046875,0.4368000030517578
3374.090087890625,0.43700000643730164
3374.199951171875,0.4372999966144562
3374.31005859375,0.4375
3374.409912109375,0.4377000033855438
3374.52001953125,0.43799999356269836
3374.6298828125,0.4381999969482422
3374.739990234375,0.438400000333786
3374.85009765625,0.43869999051094055
3374.949951171875,0.4388999938964844
3375.06005859375,0.4390999972820282
3375.169921875,0.43939998745918274
3375.280029296875,0.43959999084472656
3375.389892578125,0.4397999942302704
3375.489990234375,0.4401000142097473
3375.60009765625,0.44029998779296875
3375.7099609375,0.4404999911785126
3375.820068359375,0.4408000111579895
3375.929931640625,0.4410000145435333
3376.030029296875,0.44119998812675476
3376.139892578125,0.4415000081062317
3376.25,0.4417000114917755
3376.360107421875,0.44190001487731934
3376.469970703125,0.4422000050544739
3376.580078125,0.4424000084400177
3376.679931640625,0.4426000118255615
3376.7900390625,0.44290000200271606
3376.89990234375,0.4431000053882599
3377.010009765625,0.4433000087738037
3377.110107421875,0.44359999895095825
3377.219970703125,0.4438000023365021
3377.330078125,0.4440000057220459
3377.43994140625,0.44429999589920044
3377.550048828125,0.44449999928474426
3377.64990234375,0.4447000026702881
3377.760009765625,0.4449999928474426
3377.8701171875,0.44519999623298645
3377.97998046875,0.4453999996185303
3378.090087890625,0.4456999897956848
3378.199951171875,0.44589999318122864
3378.300048828125,0.44609999656677246
3378.409912109375,0.446399986743927
3378.52001953125,0.4465999901294708
3378.6298828125,0.44679999351501465
3378.739990234375,0.4471000134944916
3378.840087890625,0.447299987077713
3378.949951171875,0.44749999046325684
3379.06005859375,0.44780001044273376
3379.169921875,0.4480000138282776
3379.280029296875,0.448199987411499
3379.3798828125,0.44850000739097595
3379.489990234375,0.4487000107765198
3379.60009765625,0.4489000141620636
3379.7099609375,0.44920000433921814
3379.820068359375,0.44940000772476196
3379.929931640625,0.4496000111103058
3380.030029296875,0.4499000012874603
3380.139892578125,0.45010000467300415
3380.25,0.450300008058548
3380.360107421875,0.4505999982357025
3380.469970703125,0.45080000162124634
3380.570068359375,0.45100000500679016
3380.679931640625,0.4512999951839447
3380.7900390625,0.4514999985694885
3380.89990234375,0.45170000195503235
3381.010009765625,0.4519999921321869
3381.110107421875,0.4521999955177307
3381.219970703125,0.45239999890327454
3381.330078125,0.4526999890804291
3381.43994140625,0.4528999924659729
3381.550048828125,0.4530999958515167
3381.659912109375,0.45339998602867126
3381.760009765625,0.4535999894142151
3381.8701171875,0.4537999927997589
3381.97998046875,0.45410001277923584
3382.090087890625,0.4542999863624573
3382.199951171875,0.4544999897480011
3382.31005859375,0.454800009727478
3382.409912109375,0.45500001311302185
3382.52001953125,0.4553000032901764
3382.6298828125,0.4555000066757202
3382.739990234375,0.45570001006126404
3382.85009765625,0.45590001344680786
3382.949951171875,0.4562000036239624
3383.06005859375,0.4564000070095062
3383.169921875,0.45660001039505005
3383.280029296875,0.4569000005722046
3383.389892578125,0.4571000039577484
3383.5,0.45730000734329224
3383.60009765625,0.4575999975204468
3383.7099609375,0.4578000009059906
3383.820068359375,0.45809999108314514
3383.929931640625,0.45829999446868896
3384.0400390625,0.4584999978542328
3384.14990234375,0.45879998803138733
3384.25,0.45899999141693115
3384.360107421875,0.459199994802475
3384.469970703125,0.4595000147819519
3384.580078125,0.45969998836517334
3384.68994140625,0.45989999175071716
3384.800048828125,0.4602000117301941
3384.89990234375,0.4603999853134155
3385.010009765625,0.46059998869895935
3385.1201171875,0.4609000086784363
3385.22998046875,0.4611000120639801
3385.340087890625,0.46129998564720154
3385.43994140625,0.46160000562667847
3385.550048828125,0.4618000090122223
3385.659912109375,0.4620000123977661
3385.77001953125,0.46230000257492065
3385.8798828125,0.4625000059604645
3385.989990234375,0.4627000093460083
3386.10009765625,0.46299999952316284
3386.199951171875,0.46320000290870667
3386.31005859375,0.4634000062942505
3386.419921875,0.46369999647140503
3386.530029296875,0.46389999985694885
3386.639892578125,0.4641000032424927
3386.75,0.4643999934196472
3386.85009765625,0.46459999680519104
3386.9599609375,0.46480000019073486
3387.070068359375,0.4650999903678894
3387.179931640625,0.4652999937534332
3387.2900390625,0.46549999713897705
3387.39990234375,0.4657999873161316
3387.5,0.4659999907016754
3387.610107421875,0.46619999408721924
3387.719970703125,0.46650001406669617
3387.830078125,0.4666999876499176
3387.93994140625,0.4668999910354614
3388.050048828125,0.46720001101493835
3388.14990234375,0.4674000144004822
3388.260009765625,0.4677000045776367
3388.3701171875,0.46790000796318054
3388.47998046875,0.46810001134872437
3388.590087890625,0.4684000015258789
3388.699951171875,0.46860000491142273
3388.81005859375,0.46880000829696655
3388.909912109375,0.4690999984741211
3389.02001953125,0.4693000018596649
3389.1298828125,0.46950000524520874
3389.239990234375,0.4697999954223633
3389.35009765625,0.4699999988079071
3389.4599609375,0.4702000021934509
3389.570068359375,0.47049999237060547
3389.669921875,0.4706999957561493
3389.780029296875,0.4708999991416931
3389.889892578125,0.47119998931884766
3390.0,0.4713999927043915
3390.110107421875,0.4715999960899353
3390.219970703125,0.47189998626708984
3390.320068359375,0.47209998965263367
3390.429931640625,0.4722999930381775
3390.5400390625,0.4726000130176544
3390.64990234375,0.47279998660087585
3390.760009765625,0.4729999899864197
3390.8701171875,0.4733000099658966
3390.969970703125,0.47350001335144043
3391.080078125,0.47369998693466187
3391.18994140625,0.4740000069141388
3391.300048828125,0.4742000102996826
3391.409912109375,0.47440001368522644
3391.52001953125,0.474700003862381
3391.6298828125,0.4749000072479248
3391.739990234375,0.47510001063346863
3391.840087890625,0.47540000081062317
3391.949951171875,0.475600004196167
3392.06005859375,0.4758000075817108
3392.169921875,0.47609999775886536
3392.280029296875,0.4763000011444092
3392.389892578125,0.4765999913215637
3392.489990234375,0.47679999470710754
3392.60009765625,0.47699999809265137
3392.7099609375,0.4772999882698059
3392.820068359375,0.47749999165534973
3392.929931640625,0.47769999504089355
3393.0400390625,0.4779999852180481
3393.14990234375,0.4781999886035919
3393.25,0.47839999198913574
3393.360107421875,0.47870001196861267
3393.469970703125,0.4788999855518341
3393.580078125,0.47909998893737793
3393.68994140625,0.47940000891685486
3393.800048828125,0.4796000123023987
3393.909912109375,0.4797999858856201
3394.02001953125,0.48010000586509705
3394.1201171875,0.48030000925064087
3394.22998046875,0.4805000126361847
3394.340087890625,0.48080000281333923
3394.449951171875,0.48100000619888306
3394.56005859375,0.4812000095844269
3394.669921875,0.4814999997615814
3394.780029296875,0.48170000314712524
3394.8798828125,0.48190000653266907
3394.989990234375,0.4821999967098236
3395.10009765625,0.48240000009536743
3395.2099609375,0.48260000348091125
3395.320068359375,0.4828999936580658
3395.429931640625,0.4830999970436096
3395.530029296875,0.48339998722076416
3395.639892578125,0.483599990606308
3395.75,0.4837999939918518
3395.860107421875,0.48410001397132874
3395.969970703125,0.48429998755455017
3396.080078125,0.484499990940094
3396.18994140625,0.4848000109195709
3396.2900390625,0.48500001430511475
3396.39990234375,0.4851999878883362
3396.510009765625,0.4855000078678131
3396.6201171875,0.48570001125335693
3396.72998046875,0.48590001463890076
3396.840087890625,0.4862000048160553
3396.949951171875,0.4864000082015991
3397.06005859375,0.48660001158714294
3397.159912109375,0.4869000017642975
3397.27001953125,0.4871000051498413
3397.3798828125,0.48730000853538513
3397.489990234375,0.4875999987125397
3397.60009765625,0.4878000020980835
3397.7099609375,0.4880000054836273
3397.820068359375,0.48829999566078186
3397.929931640625,0.4884999990463257
3398.030029296875,0.4887999892234802
3398.139892578125,0.48899999260902405
3398.25,0.48919999599456787
3398.360107421875,0.4894999861717224
3398.469970703125,0.48969998955726624
3398.580078125,0.48989999294281006
3398.68994140625,0.490200012922287
3398.7900390625,0.4903999865055084
3398.89990234375,0.49059998989105225
3399.010009765625,0.4909000098705292
3399.1201171875,0.491100013256073
3399.22998046875,0.49129998683929443
3399.340087890625,0.49160000681877136
3399.449951171875,0.4918000102043152
3399.56005859375,0.492000013589859
3399.669921875,0.49230000376701355
3399.780029296875,0.4925000071525574
3399.8798828125,0.4927999973297119
3399.989990234375,0.49300000071525574
3400.10009765625,0.49320000410079956
3400.2099609375,0.4934999942779541
3400.320068359375,0.4936999976634979
3400.429931640625,0.49390000104904175
3400.5400390625,0.4941999912261963
3400.64990234375,0.4943999946117401
3400.75,0.49459999799728394
3400.860107421875,0.49480000138282776
3400.969970703125,0.4950999915599823
3401.080078125,0.4952999949455261
3401.18994140625,0.49549999833106995
3401.300048828125,0.4957999885082245
3401.409912109375,0.4959999918937683
3401.52001953125,0.49619999527931213
3401.6201171875,0.4964999854564667
3401.72998046875,0.4966999888420105
3401.840087890625,0.4968999922275543
3401.949951171875,0.49720001220703125
3402.06005859375,0.4973999857902527
3402.169921875,0.4975999891757965
3402.280029296875,0.49790000915527344
3402.389892578125,0.49810001254081726
3402.489990234375,0.4982999861240387
3402.60009765625,0.4986000061035156
3402.7099609375,0.49880000948905945
3402.820068359375,0.49900001287460327
3402.929931640625,0.4993000030517578
3403.0400390625,0.49950000643730164
3403.14990234375,0.49970000982284546
3403.260009765625,0.5
3403.3701171875,0.5001999735832214
3403.47998046875,0.5004000067710876
3403.590087890625,0.5006999969482422
3403.68994140625,0.5008999705314636
3403.800048828125,0.5011000037193298
3403.909912109375,0.5013999938964844
3404.02001953125,0.5016000270843506
3404.1298828125,0.501800000667572
3404.239990234375,0.5020999908447266
3404.35009765625,0.5023000240325928
3404.4599609375,0.5024999976158142
3404.56005859375,0.5027999877929688
3404.669921875,0.503000020980835
3404.780029296875,0.5031999945640564
3404.889892578125,0.5034999847412109
3405.0,0.5037000179290771
3405.110107421875,0.5038999915122986
3405.219970703125,0.5041999816894531
3405.330078125,0.5044000148773193
3405.43994140625,0.5045999884605408
3405.5400390625,0.5048999786376953
3405.64990234375,0.5051000118255615
3405.760009765625,0.505299985408783
3405.8701171875,0.5055999755859375
3405.97998046875,0.5058000087738037
3406.090087890625,0.5059999823570251
3406.199951171875,0.5062999725341797
3406.31005859375,0.5065000057220459
3406.419921875,0.5066999793052673
3406.530029296875,0.5070000290870667
3406.6298828125,0.5072000026702881
3406.739990234375,0.5073999762535095
3406.85009765625,0.5077000260353088
3406.9599609375,0.5078999996185303
3407.070068359375,0.5080999732017517
3407.179931640625,0.508400022983551
3407.2900390625,0.5085999965667725
3407.39990234375,0.5088000297546387
3407.510009765625,0.5091000199317932
3407.6201171875,0.5092999935150146
3407.72998046875,0.5095000267028809
3407.840087890625,0.5098000168800354
3407.93994140625,0.5099999904632568
3408.050048828125,0.510200023651123
3408.159912109375,0.5105000138282776
3408.27001953125,0.510699987411499
3408.3798828125,0.5109000205993652
3408.489990234375,0.5112000107765198
3408.60009765625,0.5113999843597412
3408.7099609375,0.5116000175476074
3408.820068359375,0.511900007724762
3408.919921875,0.5120999813079834
3409.030029296875,0.5123000144958496
3409.139892578125,0.5126000046730042
3409.25,0.5127999782562256
3409.360107421875,0.5130000114440918
3409.469970703125,0.5133000016212463
3409.580078125,0.5134999752044678
3409.68994140625,0.513700008392334
3409.800048828125,0.5139999985694885
3409.909912109375,0.51419997215271
3410.02001953125,0.5144000053405762
3410.1201171875,0.5146999955177307
3410.22998046875,0.5149000287055969
3410.340087890625,0.5151000022888184
3410.449951171875,0.5153999924659729
3410.56005859375,0.5156000256538391
3410.669921875,0.5157999992370605
3410.780029296875,0.5160999894142151
3410.889892578125,0.5163000226020813
3411.0,0.5164999961853027
3411.110107421875,0.5167999863624573
3411.219970703125,0.5170000195503235
3411.330078125,0.5171999931335449
3411.429931640625,0.5174999833106995
3411.5400390625,0.5177000164985657
3411.64990234375,0.5178999900817871
3411.760009765625,0.5181999802589417
3411.8701171875,0.5184000134468079
3411.97998046875,0.5185999870300293
3412.090087890625,0.5188999772071838
3412.199951171875,0.51910001039505
3412.31005859375,0.5192999839782715
3412.419921875,0.519599974155426
3412.530029296875,0.5198000073432922
3412.639892578125,0.5199999809265137
3412.739990234375,0.5202999711036682
3412.85009765625,0.5205000042915344
3412.9599609375,0.5206999778747559
3413.070068359375,0.5210000276565552
3413.179931640625,0.5212000012397766
3413.2900390625,0.521399974822998
3413.39990234375,0.5217000246047974
3413.510009765625,0.5218999981880188
3413.6201171875,0.5220999717712402
3413.72998046875,0.5224000215530396
3413.840087890625,0.522599995136261
3413.949951171875,0.5228000283241272
3414.06005859375,0.5231000185012817
3414.159912109375,0.5232999920845032
3414.27001953125,0.5235000252723694
3414.3798828125,0.5238000154495239
3414.489990234375,0.5239999890327454
3414.60009765625,0.5242000222206116
3414.7099609375,0.5245000123977661
3414.820068359375,0.5246999859809875
3414.929931640625,0.5249000191688538
3415.0400390625,0.5252000093460083
3415.14990234375,0.5253999829292297
3415.260009765625,0.5256999731063843
3415.3701171875,0.5259000062942505
3415.47998046875,0.5260999798774719
3415.590087890625,0.5264000296592712
3415.699951171875,0.5266000032424927
3415.800048828125,0.5267999768257141
3415.909912109375,0.5271000266075134
3416.02001953125,0.5273000001907349
3416.1298828125,0.5274999737739563
3416.239990234375,0.5278000235557556
3416.35009765625,0.527999997138977
3416.4599609375,0.5281999707221985
3416.570068359375,0.5285000205039978
3416.679931640625,0.5286999940872192
3416.7900390625,0.5289000272750854
3416.89990234375,0.52920001745224
3417.010009765625,0.5293999910354614
3417.1201171875,0.5296000242233276
3417.219970703125,0.5299000144004822
3417.340087890625,0.5300999879837036
3417.43994140625,0.5303000211715698
3417.550048828125,0.5306000113487244
3417.659912109375,0.5307999849319458
3417.77001953125,0.531000018119812
3417.8798828125,0.5313000082969666
3417.989990234375,0.531499981880188
3418.10009765625,0.5317000150680542
3418.2099609375,0.5320000052452087
3418.320068359375,0.5321999788284302
3418.429931640625,0.5324000120162964
3418.5400390625,0.5327000021934509
3418.64990234375,0.5328999757766724
3418.760009765625,0.5331000089645386
3418.860107421875,0.5333999991416931
3418.969970703125,0.5335999727249146
3419.080078125,0.5338000059127808
3419.18994140625,0.5340999960899353
3419.300048828125,0.5343000292778015
3419.409912109375,0.534500002861023
3419.52001953125,0.5347999930381775
3419.6298828125,0.5350000262260437
3419.739990234375,0.5351999998092651
3419.85009765625,0.5354999899864197
3419.9599609375,0.5357000231742859
3420.070068359375,0.5358999967575073
3420.179931640625,0.5361999869346619
3420.2900390625,0.5364000201225281
3420.39990234375,0.5365999937057495
3420.510009765625,0.536899983882904
3420.610107421875,0.5371000170707703
3420.72998046875,0.5374000072479248
3420.830078125,0.5375999808311462
3420.93994140625,0.5378000140190125
3421.050048828125,0.538100004196167
3421.159912109375,0.5382999777793884
3421.27001953125,0.5385000109672546
3421.3798828125,0.5388000011444092
3421.489990234375,0.5389999747276306
3421.60009765625,0.5392000079154968
3421.7099609375,0.5394999980926514
3421.820068359375,0.5396999716758728
3421.929931640625,0.539900004863739
3422.0400390625,0.5401999950408936
3422.14990234375,0.5404000282287598
3422.260009765625,0.5406000018119812
3422.3701171875,0.5408999919891357
3422.47998046875,0.541100025177002
3422.590087890625,0.5412999987602234
3422.699951171875,0.5415999889373779
3422.800048828125,0.5418000221252441
3422.919921875,0.5419999957084656
3423.02001953125,0.5422999858856201
3423.139892578125,0.5425000190734863
3423.239990234375,0.5426999926567078
3423.35009765625,0.5429999828338623
3423.4599609375,0.5432000160217285
3423.570068359375,0.54339998960495
3423.679931640625,0.5436999797821045
3423.7900390625,0.5439000129699707
3423.89990234375,0.5442000031471252
3424.010009765625,0.5443999767303467
3424.1201171875,0.5446000099182129
3424.22998046875,0.5449000000953674
3424.340087890625,0.5450999736785889
3424.449951171875,0.5453000068664551
3424.56005859375,0.5455999970436096
3424.669921875,0.545799970626831
3424.780029296875,0.5460000038146973
3424.889892578125,0.5462999939918518
3425.0,0.546500027179718
3425.110107421875,0.5467000007629395
3425.219970703125,0.546999990940094
3425.330078125,0.5472000241279602
3425.43994140625,0.5473999977111816
3425.550048828125,0.5476999878883362
3425.659912109375,0.5479000210762024
3425.77001953125,0.5480999946594238
3425.8701171875,0.5483999848365784
3425.97998046875,0.5486000180244446
3426.090087890625,0.548799991607666
3426.199951171875,0.5490999817848206
3426.31005859375,0.5493000149726868
3426.419921875,0.5494999885559082
3426.530029296875,0.5497999787330627
3426.639892578125,0.550000011920929
3426.75,0.5501999855041504
3426.860107421875,0.5504999756813049
3426.969970703125,0.5507000088691711
3427.080078125,0.5509999990463257
3427.18994140625,0.5511999726295471
3427.300048828125,0.5514000058174133
3427.409912109375,0.5516999959945679
3427.52001953125,0.5519000291824341
3427.6298828125,0.5521000027656555
3427.739990234375,0.5523999929428101
3427.85009765625,0.5526000261306763
3427.9599609375,0.5527999997138977
3428.070068359375,0.5530999898910522
3428.179931640625,0.5533000230789185
3428.2900390625,0.5534999966621399
3428.39990234375,0.5537999868392944
3428.5,0.5540000200271606
3428.610107421875,0.5541999936103821
3428.719970703125,0.5544999837875366
3428.830078125,0.5547000169754028
3428.949951171875,0.5548999905586243
3429.050048828125,0.5551999807357788
3429.159912109375,0.555400013923645
3429.27001953125,0.5555999875068665
3429.3798828125,0.555899977684021
3429.489990234375,0.5561000108718872
3429.60009765625,0.5564000010490417
3429.7099609375,0.5565999746322632
3429.820068359375,0.5568000078201294
3429.929931640625,0.5570999979972839
3430.0400390625,0.5572999715805054
3430.14990234375,0.5575000047683716
3430.260009765625,0.5577999949455261
3430.3701171875,0.5580000281333923
3430.47998046875,0.5582000017166138
3430.590087890625,0.5584999918937683
3430.699951171875,0.5587000250816345
3430.81005859375,0.558899998664856
3430.919921875,0.5591999888420105
3431.030029296875,0.5594000220298767
3431.139892578125,0.5595999956130981
3431.25,0.5598999857902527
3431.360107421875,0.5601000189781189
3431.469970703125,0.5602999925613403
3431.580078125,0.5605999827384949
3431.68994140625,0.5608000159263611
3431.800048828125,0.5611000061035156
3431.909912109375,0.5612999796867371
3432.02001953125,0.5615000128746033
3432.1298828125,0.5618000030517578
3432.239990234375,0.5619999766349792
3432.35009765625,0.5622000098228455
3432.4599609375,0.5625
3432.570068359375,0.5626999735832214
3432.679931640625,0.5629000067710876
3432.7900390625,0.5631999969482422
3432.89990234375,0.5633999705314636
3433.010009765625,0.5636000037193298
3433.1201171875,0.5638999938964844
3433.22998046875,0.5641000270843506
3433.340087890625,0.564300000667572
3433.449951171875,0.5645999908447266
3433.56005859375,0.5648000240325928
3433.669921875,0.5649999976158142
3433.780029296875,0.5652999877929688
3433.889892578125,0.565500020980835
3434.0,0.5658000111579895
3434.10009765625,0.5659999847412109
3434.2099609375,0.5662000179290771
3434.320068359375,0.5665000081062317
3434.429931640625,0.5666999816894531
3434.5400390625,0.5669000148773193
3434.64990234375,0.5672000050544739
3434.760009765625,0.5673999786376953
3434.8701171875,0.5676000118255615
3434.97998046875,0.5679000020027161
3435.090087890625,0.5680999755859375
3435.199951171875,0.5683000087738037
3435.320068359375,0.5685999989509583
3435.429931640625,0.5687999725341797
3435.530029296875,0.5690000057220459
3435.639892578125,0.5692999958992004
3435.75,0.5695000290870667
3435.860107421875,0.5698000192642212
3435.969970703125,0.5699999928474426
3436.080078125,0.5702000260353088
3436.18994140625,0.5705000162124634
3436.300048828125,0.5706999897956848
3436.409912109375,0.570900022983551
3436.52001953125,0.5712000131607056
3436.6298828125,0.571399986743927
3436.739990234375,0.5716000199317932
3436.85009765625,0.5719000101089478
3436.9599609375,0.5720999836921692
3437.070068359375,0.5723000168800354
3437.179931640625,0.5726000070571899
3437.2900390625,0.5727999806404114
3437.39990234375,0.5730000138282776
3437.510009765625,0.5733000040054321
3437.6201171875,0.5734999775886536
3437.72998046875,0.5738000273704529
3437.840087890625,0.5740000009536743
3437.949951171875,0.5741999745368958
3438.06005859375,0.5745000243186951
3438.169921875,0.5746999979019165
3438.280029296875,0.5748999714851379
3438.389892578125,0.5752000212669373
3438.5,0.5753999948501587
3438.610107421875,0.5756000280380249
3438.719970703125,0.5759000182151794
3438.830078125,0.5760999917984009
3438.93994140625,0.5763000249862671
3439.050048828125,0.5766000151634216
3439.159912109375,0.5767999887466431
3439.27001953125,0.5770000219345093
3439.3798828125,0.5773000121116638
3439.5,0.5774999856948853
3439.60009765625,0.5777999758720398
3439.7099609375,0.578000009059906
3439.820068359375,0.5781999826431274
3439.929931640625,0.578499972820282
3440.0400390625,0.5787000060081482
3440.14990234375,0.5788999795913696
3440.260009765625,0.579200029373169
3440.3701171875,0.5794000029563904
3440.47998046875,0.5795999765396118
3440.590087890625,0.5799000263214111
3440.699951171875,0.5800999999046326
3440.820068359375,0.580299973487854
3440.929931640625,0.5806000232696533
3441.030029296875,0.5807999968528748
3441.14990234375,0.5810999870300293
3441.260009765625,0.5813000202178955
3441.3701171875,0.5814999938011169
3441.469970703125,0.5817999839782715
3441.590087890625,0.5820000171661377
3441.699951171875,0.5821999907493591
3441.81005859375,0.5824999809265137
3441.919921875,0.5827000141143799
3442.030029296875,0.5828999876976013
3442.139892578125,0.5831999778747559
3442.25,0.5834000110626221
3442.360107421875,0.5835999846458435
3442.4599609375,0.583899974822998
3442.580078125,0.5841000080108643
3442.68994140625,0.5842999815940857
3442.800048828125,0.5845999717712402
3442.909912109375,0.5848000049591064
3443.02001953125,0.585099995136261
3443.1298828125,0.5853000283241272
3443.239990234375,0.5855000019073486
3443.35009765625,0.5857999920845032
3443.4599609375,0.5860000252723694
3443.570068359375,0.5861999988555908
3443.679931640625,0.5864999890327454
3443.7900390625,0.5867000222206116
3443.89990234375,0.586899995803833
3444.010009765625,0.5871999859809875
3444.1201171875,0.5874000191688538
3444.22998046875,0.5877000093460083
3444.340087890625,0.5878999829292297
3444.449951171875,0.588100016117096
3444.56005859375,0.5884000062942505
3444.669921875,0.5885999798774719
3444.780029296875,0.5888000130653381
3444.889892578125,0.5891000032424927
3445.0,0.5892999768257141
3445.110107421875,0.5895000100135803
3445.219970703125,0.5898000001907349
3445.330078125,0.5899999737739563
3445.43994140625,0.5902000069618225
3445.550048828125,0.590499997138977
3445.659912109375,0.5906999707221985
3445.77001953125,0.5910000205039978
3445.8798828125,0.5911999940872192
3445.989990234375,0.5914000272750854
3446.10009765625,0.59170001745224
3446.2099609375,0.5918999910354614
3446.320068359375,0.5921000242233276
3446.429931640625,0.5924000144004822
3446.5400390625,0.5925999879837036
3446.64990234375,0.5928000211715698
3446.77001953125,0.5931000113487244
3446.8701171875,0.5932999849319458
3446.989990234375,0.5935999751091003
3447.10009765625,0.5938000082969666
3447.2099609375,0.593999981880188
3447.320068359375,0.5942999720573425
3447.429931640625,0.5945000052452087
3447.5400390625,0.5946999788284302
3447.64990234375,0.5950000286102295
3447.760009765625,0.5952000021934509
3447.8701171875,0.5953999757766724
3447.97998046875,0.5957000255584717
3448.090087890625,0.5958999991416931
3448.199951171875,0.5960999727249146
3448.31005859375,0.5964000225067139
3448.419921875,0.5965999960899353
3448.530029296875,0.5968999862670898
3448.639892578125,0.597100019454956
3448.75,0.5972999930381775
3448.860107421875,0.597599983215332
3448.969970703125,0.5978000164031982
3449.080078125,0.5979999899864197
3449.18994140625,0.5982999801635742
3449.300048828125,0.5985000133514404
3449.409912109375,0.5986999869346619
3449.52001953125,0.5989999771118164
3449.639892578125,0.5992000102996826
3449.739990234375,0.5995000004768372
3449.85009765625,0.5996999740600586
3449.9599609375,0.5999000072479248
3450.080078125,0.6001999974250793
3450.18994140625,0.6003999710083008
3450.300048828125,0.600600004196167
3450.409912109375,0.6008999943733215
3450.52001953125,0.6011000275611877
3450.6298828125,0.6013000011444092
3450.739990234375,0.6014999747276306
3450.85009765625,0.6018000245094299
3450.9599609375,0.6019999980926514
3451.070068359375,0.6021999716758728
3451.179931640625,0.6025000214576721
3451.2900390625,0.6026999950408936
3451.39990234375,0.6029000282287598
3451.510009765625,0.6032000184059143
3451.6201171875,0.6033999919891357
3451.72998046875,0.603600025177002
3451.840087890625,0.6039000153541565
3451.949951171875,0.6040999889373779
3452.06005859375,0.6043000221252441
3452.169921875,0.6046000123023987
3452.280029296875,0.6047999858856201
3452.389892578125,0.6050000190734863
3452.5,0.6053000092506409
3452.610107421875,0.6054999828338623
3452.72998046875,0.6057000160217285
3452.840087890625,0.6060000061988831
3452.949951171875,0.6061999797821045
3453.06005859375,0.6064000129699707
3453.169921875,0.6067000031471252
3453.280029296875,0.6068999767303467
3453.389892578125,0.6071000099182129
3453.5,0.6074000000953674
3453.610107421875,0.6075999736785889
3453.719970703125,0.6078000068664551
3453.830078125,0.6079999804496765
3453.93994140625,0.608299970626831
3454.050048828125,0.6085000038146973
3454.159912109375,0.6086999773979187
3454.27001953125,0.609000027179718
3454.3798828125,0.6092000007629395
3454.489990234375,0.6093999743461609
3454.60009765625,0.6097000241279602
3454.7099609375,0.6098999977111816
3454.830078125,0.6100999712944031
3454.93994140625,0.6104000210762024
3455.050048828125,0.6105999946594238
3455.159912109375,0.61080002784729
3455.27001953125,0.6111000180244446
3455.3798828125,0.611299991607666
3455.489990234375,0.6115000247955322
3455.60009765625,0.6118000149726868
3455.7099609375,0.6119999885559082
3455.820068359375,0.6122000217437744
3455.929931640625,0.612500011920929
3456.0400390625,0.6126999855041504
3456.14990234375,0.6129000186920166
3456.260009765625,0.6132000088691711
3456.3701171875,0.6133999824523926
3456.47998046875,0.6136000156402588
3456.590087890625,0.6137999892234802
3456.699951171875,0.6140999794006348
3456.820068359375,0.614300012588501
3456.929931640625,0.6144999861717224
3457.0400390625,0.614799976348877
3457.14990234375,0.6150000095367432
3457.260009765625,0.6151999831199646
3457.3701171875,0.6154999732971191
3457.47998046875,0.6157000064849854
3457.590087890625,0.6158999800682068
3457.699951171875,0.6161999702453613
3457.81005859375,0.6164000034332275
3457.919921875,0.616599977016449
3458.030029296875,0.6169000267982483
3458.139892578125,0.6171000003814697
3458.25,0.6172999739646912
3458.360107421875,0.6176000237464905
3458.47998046875,0.6177999973297119
3458.590087890625,0.6179999709129333
3458.699951171875,0.6183000206947327
3458.81005859375,0.6184999942779541
3458.919921875,0.6187000274658203
3459.030029296875,0.6190000176429749
3459.139892578125,0.6191999912261963
3459.25,0.6194000244140625
3459.360107421875,0.619700014591217
3459.469970703125,0.6198999881744385
3459.580078125,0.6201000213623047
3459.68994140625,0.6204000115394592
3459.800048828125,0.6205999851226807
3459.909912109375,0.6208000183105469
3460.02001953125,0.6211000084877014
3460.1298828125,0.6212999820709229
3460.239990234375,0.6215000152587891
3460.360107421875,0.6218000054359436
3460.469970703125,0.621999979019165
3460.580078125,0.6222000122070312
3460.68994140625,0.6223999857902527
3460.800048828125,0.6226999759674072
3460.909912109375,0.6229000091552734
3461.02001953125,0.6230999827384949
3461.1298828125,0.6233999729156494
3461.239990234375,0.6236000061035156
3461.35009765625,0.6237999796867371
3461.4599609375,0.6241000294685364
3461.580078125,0.6243000030517578
3461.68994140625,0.6244999766349792
3461.800048828125,0.6248000264167786
3461.909912109375,0.625
3462.02001953125,0.6251999735832214
3462.1298828125,0.6255000233650208
3462.239990234375,0.6256999969482422
3462.35009765625,0.6258999705314636
3462.4599609375,0.6262000203132629
3462.570068359375,0.6263999938964844
3462.679931640625,0.6266000270843506
3462.7900390625,0.6269000172615051
3462.89990234375,0.6270999908447266
3463.02001953125,0.6273000240325928
3463.1298828125,0.6276000142097473
3463.239990234375,0.6277999877929688
3463.35009765625,0.628000020980835
3463.4599609375,0.6283000111579895
3463.570068359375,0.6284999847412109
3463.679931640625,0.6287000179290771
3463.7900390625,0.6290000081062317
3463.89990234375,0.6291999816894531
3464.010009765625,0.6294000148773193
3464.1201171875,0.6297000050544739
3464.22998046875,0.6298999786376953
3464.340087890625,0.6301000118255615
3464.4599609375,0.6304000020027161
3464.570068359375,0.6305999755859375
3464.679931640625,0.6308000087738037
3464.7900390625,0.6310999989509583
3464.89990234375,0.6312999725341797
3465.010009765625,0.6315000057220459
3465.1201171875,0.6317999958992004
3465.22998046875,0.6320000290870667
3465.340087890625,0.6322000026702881
3465.4599609375,0.6324999928474426
3465.570068359375,0.6327000260353088
3465.679931640625,0.6328999996185303
3465.7900390625,0.6331999897956848
3465.89990234375,0.633400022983551
3466.010009765625,0.6335999965667725
3466.1201171875,0.633899986743927
3466.22998046875,0.6341000199317932
3466.340087890625,0.6342999935150146
3466.449951171875,0.6345000267028809
3466.56005859375,0.6348000168800354
3466.669921875,0.6349999904632568
3466.7900390625,0.635200023651123
3466.89990234375,0.6355000138282776
3467.010009765625,0.635699987411499
3467.1201171875,0.6359999775886536
3467.22998046875,0.6362000107765198
3467.340087890625,0.6363999843597412
3467.449951171875,0.6366000175476074
3467.56005859375,0.636900007724762
3467.669921875,0.6370999813079834
3467.780029296875,0.6373000144958496
3467.889892578125,0.6376000046730042
3468.010009765625,0.6377999782562256
3468.1201171875,0.6380000114440918
3468.22998046875,0.6383000016212463
3468.340087890625,0.6384999752044678
3468.449951171875,0.638700008392334
3468.56005859375,0.6389999985694885
3468.669921875,0.63919997215271
3468.780029296875,0.6394000053405762
3468.889892578125,0.6396999955177307
3469.0,0.6399000287055969
3469.110107421875,0.6401000022888184
3469.22998046875,0.6403999924659729
3469.340087890625,0.6406000256538391
3469.449951171875,0.6407999992370605
3469.56005859375,0.6410999894142151
3469.669921875,0.6413000226020813
3469.780029296875,0.6414999961853027
3469.889892578125,0.6417999863624573
3470.0,0.6420000195503235
3470.110107421875,0.6421999931335449
3470.219970703125,0.6424999833106995
3470.340087890625,0.6427000164985657
3470.449951171875,0.6428999900817871
3470.56005859375,0.6431999802589417
3470.669921875,0.6434000134468079
3470.780029296875,0.6435999870300293
3470.889892578125,0.6438999772071838
3471.0,0.64410001039505
3471.110107421875,0.6442999839782715
3471.219970703125,0.644599974155426
3471.340087890625,0.6448000073432922
3471.449951171875,0.6449999809265137
3471.56005859375,0.6452999711036682
3471.669921875,0.6455000042915344
3471.780029296875,0.6456999778747559
3471.889892578125,0.6460000276565552
3472.0,0.6462000012397766
3472.110107421875,0.646399974822998
3472.219970703125,0.6467000246047974
3472.330078125,0.6468999981880188
3472.449951171875,0.6470999717712402
3472.56005859375,0.6474000215530396
3472.669921875,0.647599995136261
3472.780029296875,0.6478000283241272
3472.889892578125,0.6481000185012817
3473.0,0.6482999920845032
3473.110107421875,0.6485000252723694
3473.219970703125,0.6488000154495239
3473.340087890625,0.6489999890327454
3473.449951171875,0.6492000222206116
3473.56005859375,0.6495000123977661
3473.669921875,0.6496999859809875
3473.780029296875,0.6499000191688538
3473.889892578125,0.6502000093460083
3474.0,0.6503999829292297
3474.110107421875,0.650600016117096
3474.22998046875,0.6509000062942505
3474.340087890625,0.6510999798774719
3474.449951171875,0.6513000130653381
3474.56005859375,0.6516000032424927
3474.669921875,0.6517999768257141
3474.780029296875,0.6520000100135803
3474.889892578125,0.6523000001907349
3475.0,0.6524999737739563
3475.110107421875,0.6527000069618225
3475.22998046875,0.652999997138977
3475.340087890625,0.6531999707221985
3475.449951171875,0.6534000039100647
3475.56005859375,0.6536999940872192
3475.669921875,0.6539000272750854
3475.780029296875,0.6541000008583069
3475.889892578125,0.6543999910354614
3476.0,0.6546000242233276
3476.1201171875,0.6547999978065491
3476.22998046875,0.6550999879837036
3476.340087890625,0.6553000211715698
3476.449951171875,0.6554999947547913
3476.56005859375,0.6557999849319458
3476.669921875,0.656000018119812
3476.780029296875,0.6561999917030334
3476.889892578125,0.656499981880188
3477.010009765625,0.6567000150680542
3477.1201171875,0.6568999886512756
3477.22998046875,0.6571999788284302
3477.340087890625,0.6574000120162964
3477.449951171875,0.6575999855995178
3477.56005859375,0.6578999757766724
3477.669921875,0.6581000089645386
3477.780029296875,0.65829998254776
3477.89990234375,0.6585999727249146
3478.010009765625,0.6588000059127808
3478.1201171875,0.6589999794960022
3478.22998046875,0.6593000292778015
3478.340087890625,0.659500002861023
3478.449951171875,0.6596999764442444
3478.56005859375,0.6600000262260437
3478.669921875,0.6601999998092651
3478.7900390625,0.6603999733924866
3478.89990234375,0.6607000231742859
3479.010009765625,0.6608999967575073
3479.1201171875,0.6611999869346619
3479.22998046875,0.6614000201225281
3479.340087890625,0.6615999937057495
3479.449951171875,0.661899983882904
3479.570068359375,0.6621000170707703
3479.679931640625,0.6622999906539917
3479.7900390625,0.6625999808311462
3479.89990234375,0.6628000140190125
3480.010009765625,0.6629999876022339
3480.1201171875,0.6632999777793884
3480.22998046875,0.6635000109672546
3480.340087890625,0.6636999845504761
3480.449951171875,0.6639999747276306
3480.570068359375,0.6642000079154968
3480.679931640625,0.6643999814987183
3480.7900390625,0.6646999716758728
3480.89990234375,0.664900004863739
3481.010009765625,0.6650999784469604
3481.1201171875,0.6654000282287598
3481.239990234375,0.6656000018119812
3481.35009765625,0.6657999753952026
3481.4599609375,0.666100025177002
3481.570068359375,0.6662999987602234
3481.679931640625,0.6664999723434448
3481.7900390625,0.6668000221252441
3481.89990234375,0.6669999957084656
3482.02001953125,0.6672000288963318
3482.1298828125,0.6675000190734863
3482.239990234375,0.6676999926567078
3482.35009765625,0.667900025844574
3482.4599609375,0.6682000160217285
3482.570068359375,0.66839998960495
3482.679931640625,0.6686000227928162
3482.7900390625,0.6689000129699707
3482.909912109375,0.6690999865531921
3483.02001953125,0.6693000197410583
3483.1298828125,0.6696000099182129
3483.239990234375,0.6697999835014343
3483.35009765625,0.6700000166893005
3483.469970703125,0.6703000068664551
3483.580078125,0.6704999804496765
3483.68994140625,0.6707000136375427
3483.800048828125,0.6710000038146973
3483.909912109375,0.6711999773979187
3484.02001953125,0.6714000105857849
3484.1298828125,0.6717000007629395
3484.239990234375,0.6718999743461609
3484.35009765625,0.6721000075340271
3484.469970703125,0.6723999977111816
3484.580078125,0.6725999712944031
3484.68994140625,0.6728000044822693
3484.800048828125,0.6730999946594238
3484.909912109375,0.67330002784729
3485.02001953125,0.6736000180244446
3485.139892578125,0.673799991607666
3485.25,0.6740000247955322
3485.360107421875,0.6743000149726868
3485.469970703125,0.6744999885559082
3485.580078125,0.6747000217437744
3485.68994140625,0.675000011920929
3485.81005859375,0.6751999855041504
3485.919921875,0.6754000186920166
3486.030029296875,0.6757000088691711
3486.139892578125,0.6758999824523926
3486.25,0.6761000156402588
3486.360107421875,0.6764000058174133
3486.469970703125,0.6765999794006348
3486.590087890625,0.676800012588501
3486.699951171875,0.6771000027656555
3486.81005859375,0.677299976348877
3486.919921875,0.6775000095367432
3487.030029296875,0.6777999997138977
3487.139892578125,0.6779999732971191
3487.260009765625,0.6782000064849854
3487.3701171875,0.6784999966621399
3487.47998046875,0.6786999702453613
3487.590087890625,0.6789000034332275
3487.699951171875,0.6791999936103821
3487.81005859375,0.6794000267982483
3487.929931640625,0.6796000003814697
3488.0400390625,0.6798999905586243
3488.14990234375,0.6801000237464905
3488.260009765625,0.6802999973297119
3488.3701171875,0.6805999875068665
3488.47998046875,0.6808000206947327
3488.590087890625,0.6809999942779541
3488.7099609375,0.6812999844551086
3488.820068359375,0.6815000176429749
3488.929931640625,0.6818000078201294
3489.0400390625,0.6819999814033508
3489.14990234375,0.682200014591217
3489.260009765625,0.6825000047683716
3489.3798828125,0.682699978351593
3489.489990234375,0.6829000115394592
3489.60009765625,0.6832000017166138
3489.7099609375,0.6833999752998352
3489.820068359375,0.6836000084877014
3489.93994140625,0.683899998664856
3490.050048828125,0.6840999722480774
3490.159912109375,0.6843000054359436
3490.27001953125,0.6845999956130981
3490.3798828125,0.6848000288009644
3490.489990234375,0.6850000023841858
3490.60009765625,0.6852999925613403
3490.719970703125,0.6855000257492065
3490.830078125,0.685699999332428
3490.93994140625,0.6859999895095825
3491.050048828125,0.6862000226974487
3491.159912109375,0.6863999962806702
3491.280029296875,0.6866999864578247
3491.389892578125,0.6869000196456909
3491.5,0.6872000098228455
3491.610107421875,0.6873999834060669
3491.719970703125,0.6876000165939331
3491.830078125,0.6879000067710876
3491.949951171875,0.6880999803543091
3492.06005859375,0.6883000135421753
3492.169921875,0.6886000037193298
3492.280029296875,0.6887999773025513
3492.389892578125,0.6890000104904175
3492.5,0.689300000667572
3492.610107421875,0.6894999742507935
3492.72998046875,0.6897000074386597
3492.840087890625,0.6899999976158142
3492.949951171875,0.6901999711990356
3493.06005859375,0.6904000043869019
3493.169921875,0.6906999945640564
3493.2900390625,0.6909000277519226
3493.39990234375,0.691100001335144
3493.510009765625,0.6913999915122986
3493.6201171875,0.6916000247001648
3493.72998046875,0.6917999982833862
3493.85009765625,0.6920999884605408
3493.9599609375,0.692300021648407
3494.070068359375,0.6924999952316284
3494.179931640625,0.692799985408783
3494.2900390625,0.6930000185966492
3494.409912109375,0.6933000087738037
3494.52001953125,0.6934999823570251
3494.6298828125,0.6937000155448914
3494.739990234375,0.6940000057220459
3494.85009765625,0.6941999793052673
3494.9599609375,0.6944000124931335
3495.080078125,0.6947000026702881
3495.18994140625,0.6948999762535095
3495.300048828125,0.6951000094413757
3495.409912109375,0.6953999996185303
3495.52001953125,0.6955999732017517
3495.639892578125,0.6958000063896179
3495.75,0.6960999965667725
3495.860107421875,0.6963000297546387
3495.969970703125,0.6965000033378601
3496.080078125,0.6967999935150146
3496.18994140625,0.6970000267028809
3496.31005859375,0.6972000002861023
3496.419921875,0.6974999904632568
3496.530029296875,0.697700023651123
3496.639892578125,0.6978999972343445
3496.75,0.698199987411499
3496.860107421875,0.6984000205993652
3496.97998046875,0.6987000107765198
3497.090087890625,0.6988999843597412
3497.199951171875,0.6991000175476074
3497.31005859375,0.699400007724762
3497.419921875,0.6995999813079834
3497.5400390625,0.6998000144958496
3497.64990234375,0.7001000046730042
3497.760009765625,0.7002999782562256
3497.8701171875,0.7005000114440918
3497.989990234375,0.7008000016212463
3498.10009765625,0.7009999752044678
3498.2099609375,0.701200008392334
3498.320068359375,0.7014999985694885
3498.429931640625,0.70169997215271
3498.5400390625,0.7019000053405762
3498.659912109375,0.7021999955177307
3498.77001953125,0.7024000287055969
3498.8798828125,0.7026000022888184
3498.989990234375,0.7028999924659729
3499.110107421875,0.7031000256538391
3499.219970703125,0.7034000158309937
3499.330078125,0.7035999894142151
3499.43994140625,0.7038000226020813
3499.550048828125,0.7041000127792358
3499.659912109375,0.7042999863624573
3499.780029296875,0.7045000195503235
3499.889892578125,0.704800009727478
3500.0,0.7049999833106995
3500.110107421875,0.705299973487854
3500.219970703125,0.7055000066757202
3500.340087890625,0.7057999968528748
3500.449951171875,0.7059999704360962
3500.56005859375,0.7063000202178955
3500.669921875,0.7064999938011169
3500.780029296875,0.7067999839782715
3500.889892578125,0.707099974155426
3501.010009765625,0.7073000073432922
3501.1201171875,0.7075999975204468
3501.22998046875,0.7077999711036682
3501.340087890625,0.7081000208854675
3501.4599609375,0.708299994468689
3501.570068359375,0.7085999846458435
3501.679931640625,0.708899974822998
3501.7900390625,0.7091000080108643
3501.909912109375,0.7093999981880188
3502.02001953125,0.7095999717712402
3502.1298828125,0.7099000215530396
3502.239990234375,0.7102000117301941
3502.35009765625,0.7103999853134155
3502.4599609375,0.7106999754905701
3502.580078125,0.7109000086784363
3502.68994140625,0.7111999988555908
3502.800048828125,0.7113999724388123
3502.909912109375,0.7117000222206116
3503.02001953125,0.7120000123977661
3503.139892578125,0.7121999859809875
3503.25,0.7124999761581421
3503.360107421875,0.7127000093460083
3503.469970703125,0.7129999995231628
3503.590087890625,0.7131999731063843
3503.699951171875,0.7135000228881836
3503.81005859375,0.7138000130653381
3503.919921875,0.7139999866485596
3504.030029296875,0.7142999768257141
3504.14990234375,0.7145000100135803
3504.260009765625,0.7148000001907349
3504.3701171875,0.7150999903678894
3504.47998046875,0.7153000235557556
3504.590087890625,0.7156000137329102
3504.7099609375,0.7157999873161316
3504.820068359375,0.7160999774932861
3504.929931640625,0.7163000106811523
3505.0400390625,0.7166000008583069
3505.159912109375,0.7168999910354614
3505.27001953125,0.7171000242233276
3505.3798828125,0.7174000144004822
3505.489990234375,0.7175999879837036
3505.60009765625,0.7178999781608582
3505.719970703125,0.7181000113487244
3505.830078125,0.7184000015258789
3505.93994140625,0.7186999917030334
3506.050048828125,0.7189000248908997
3506.159912109375,0.7192000150680542
3506.280029296875,0.7193999886512756
3506.389892578125,0.7196999788284302
3506.5,0.7200000286102295
3506.610107421875,0.7202000021934509
3506.719970703125,0.7204999923706055
3506.840087890625,0.7207000255584717
3506.949951171875,0.7210000157356262
3507.06005859375,0.7211999893188477
3507.169921875,0.7214999794960022
3507.2900390625,0.7218000292778015
3507.39990234375,0.722000002861023
3507.510009765625,0.7222999930381775
3507.6201171875,0.7225000262260437
3507.739990234375,0.7228000164031982
3507.85009765625,0.7231000065803528
3507.9599609375,0.7232999801635742
3508.070068359375,0.7235999703407288
3508.18994140625,0.723800003528595
3508.300048828125,0.7240999937057495
3508.409912109375,0.7243000268936157
3508.52001953125,0.7246000170707703
3508.6298828125,0.7249000072479248
3508.739990234375,0.7250999808311462
3508.860107421875,0.7253999710083008
3508.969970703125,0.725600004196167
3509.080078125,0.7258999943733215
3509.199951171875,0.7261000275611877
3509.31005859375,0.7264000177383423
3509.419921875,0.7267000079154968
3509.530029296875,0.7268999814987183
3509.64990234375,0.7271999716758728
3509.760009765625,0.727400004863739
3509.8701171875,0.7276999950408936
3509.97998046875,0.7279999852180481
3510.090087890625,0.7282000184059143
3510.199951171875,0.7285000085830688
3510.320068359375,0.7286999821662903
3510.429931640625,0.7289999723434448
3510.5400390625,0.729200005531311
3510.659912109375,0.7294999957084656
3510.77001953125,0.7297999858856201
3510.8798828125,0.7300000190734863
3510.989990234375,0.7303000092506409
3511.10009765625,0.7304999828338623
3511.219970703125,0.7307999730110168
3511.330078125,0.7311000227928162
3511.43994140625,0.7312999963760376
3511.550048828125,0.7315999865531921
3511.669921875,0.7318000197410583
3511.780029296875,0.7321000099182129
3511.889892578125,0.7324000000953674
3512.0,0.7325999736785889
3512.1201171875,0.7329000234603882
3512.22998046875,0.7330999970436096
3512.340087890625,0.7333999872207642
3512.449951171875,0.7336000204086304
3512.570068359375,0.7339000105857849
3512.679931640625,0.7342000007629395
3512.7900390625,0.7343999743461609
3512.89990234375,0.7347000241279602
3513.02001953125,0.7348999977111816
3513.1298828125,0.7351999878883362
3513.239990234375,0.7354999780654907
3513.35009765625,0.7357000112533569
3513.4599609375,0.7360000014305115
3513.580078125,0.7361999750137329
3513.68994140625,0.7365000247955322
3513.800048828125,0.7366999983787537
3513.909912109375,0.7369999885559082
3514.030029296875,0.7372999787330627
3514.139892578125,0.737500011920929
3514.25,0.7378000020980835
3514.360107421875,0.7379999756813049
3514.47998046875,0.7383000254631042
3514.590087890625,0.7386000156402588
3514.699951171875,0.7387999892234802
3514.81005859375,0.7390999794006348
3514.929931640625,0.739300012588501
3515.0400390625,0.7396000027656555
3515.14990234375,0.739799976348877
3515.260009765625,0.7401000261306763
3515.3798828125,0.7404000163078308
3515.489990234375,0.7405999898910522
3515.60009765625,0.7408999800682068
3515.7099609375,0.741100013256073
3515.830078125,0.7414000034332275
3515.93994140625,0.7416999936103821
3516.050048828125,0.7419000267982483
3516.159912109375,0.7422000169754028
3516.280029296875,0.7423999905586243
3516.389892578125,0.7426999807357788
3516.5,0.7429999709129333
3516.610107421875,0.7432000041007996
3516.72998046875,0.7434999942779541
3516.840087890625,0.7437000274658203
3516.949951171875,0.7440000176429749
3517.06005859375,0.7441999912261963
3517.179931640625,0.7444999814033508
3517.2900390625,0.7447999715805054
3517.39990234375,0.7450000047683716
3517.510009765625,0.7452999949455261
3517.6298828125,0.7455000281333923
3517.739990234375,0.7458000183105469
3517.85009765625,0.7461000084877014
3517.969970703125,0.7462999820709229
3518.080078125,0.7465999722480774
3518.18994140625,0.7468000054359436
3518.300048828125,0.7470999956130981
3518.409912109375,0.7473999857902527
3518.530029296875,0.7476000189781189
3518.639892578125,0.7479000091552734
3518.75,0.7480999827384949
3518.860107421875,0.7483999729156494
3518.97998046875,0.7486000061035156
3519.090087890625,0.7488999962806702
3519.199951171875,0.7491999864578247
3519.31005859375,0.7494000196456909
3519.429931640625,0.7497000098228455
3519.5400390625,0.7498999834060669
3519.64990234375,0.7501999735832214
3519.77001953125,0.7505000233650208
3519.8798828125,0.7506999969482422
3519.989990234375,0.7509999871253967
3520.10009765625,0.7512000203132629
3520.219970703125,0.7515000104904175
3520.330078125,0.751800000667572
3520.43994140625,0.7519999742507935
3520.550048828125,0.7523000240325928
3520.669921875,0.7524999976158142
3520.780029296875,0.7527999877929688
3520.889892578125,0.753000020980835
3521.0,0.7533000111579895
3521.1201171875,0.753600001335144
3521.22998046875,0.7537999749183655
3521.340087890625,0.7541000247001648
3521.4599609375,0.7542999982833862
3521.570068359375,0.7545999884605408
3521.679931640625,0.7548999786376953
3521.7900390625,0.7551000118255615
3521.909912109375,0.7554000020027161
3522.02001953125,0.7555999755859375
3522.1298828125,0.7559000253677368
3522.25,0.7562000155448914
3522.360107421875,0.7563999891281128
3522.469970703125,0.7566999793052673
3522.580078125,0.7569000124931335
3522.68994140625,0.7572000026702881
3522.81005859375,0.7574999928474426
3522.919921875,0.7577000260353088
3523.030029296875,0.7580000162124634
3523.14990234375,0.7581999897956848
3523.260009765625,0.7584999799728394
3523.3701171875,0.7588000297546387
3523.47998046875,0.7590000033378601
3523.60009765625,0.7592999935150146
3523.7099609375,0.7595000267028809
3523.820068359375,0.7598000168800354
3523.93994140625,0.7601000070571899
3524.050048828125,0.7602999806404114
3524.159912109375,0.7605999708175659
3524.27001953125,0.7608000040054321
3524.389892578125,0.7610999941825867
3524.5,0.7613000273704529
3524.610107421875,0.7616000175476074
3524.719970703125,0.761900007724762
3524.840087890625,0.7620999813079834
3524.949951171875,0.7623999714851379
3525.06005859375,0.7626000046730042
3525.169921875,0.7628999948501587
3525.2900390625,0.7631999850273132
3525.39990234375,0.7634000182151794
3525.510009765625,0.763700008392334
3525.6298828125,0.7638999819755554
3525.739990234375,0.76419997215271
3525.85009765625,0.7645000219345093
3525.969970703125,0.7646999955177307
3526.080078125,0.7649999856948853
3526.18994140625,0.7652000188827515
3526.31005859375,0.765500009059906
3526.419921875,0.7657999992370605
3526.530029296875,0.765999972820282
3526.639892578125,0.7663000226020813
3526.760009765625,0.7664999961853027
3526.8701171875,0.7667999863624573
3526.97998046875,0.7670999765396118
3527.090087890625,0.767300009727478
3527.2099609375,0.7675999999046326
3527.320068359375,0.767799973487854
3527.429931640625,0.7681000232696533
3527.5400390625,0.7684000134468079
3527.659912109375,0.7685999870300293
3527.77001953125,0.7688999772071838
3527.8798828125,0.76910001039505
3528.0,0.7694000005722046
3528.110107421875,0.7696999907493591
3528.219970703125,0.7699000239372253
3528.340087890625,0.7702000141143799
3528.449951171875,0.7703999876976013
3528.56005859375,0.7706999778747559
3528.669921875,0.7709000110626221
3528.7900390625,0.7712000012397766
3528.89990234375,0.7714999914169312
3529.010009765625,0.7717000246047974
3529.1201171875,0.7720000147819519
3529.239990234375,0.7721999883651733
3529.35009765625,0.7724999785423279
3529.4599609375,0.7728000283241272
3529.580078125,0.7730000019073486
3529.68994140625,0.7732999920845032
3529.800048828125,0.7735000252723694
3529.919921875,0.7738000154495239
3530.030029296875,0.7741000056266785
3530.139892578125,0.7742999792098999
3530.260009765625,0.7746000289916992
3530.3701171875,0.7748000025749207
3530.47998046875,0.7750999927520752
3530.590087890625,0.7753999829292297
3530.7099609375,0.775600016117096
3530.820068359375,0.7759000062942505
3530.929931640625,0.7760999798774719
3531.050048828125,0.7764000296592712
3531.159912109375,0.7767000198364258
3531.27001953125,0.7768999934196472
3531.3798828125,0.7771999835968018
3531.5,0.777400016784668
3531.610107421875,0.7777000069618225
3531.719970703125,0.777999997138977
3531.840087890625,0.7781999707221985
3531.949951171875,0.7785000205039978
3532.06005859375,0.7786999940872192
3532.179931640625,0.7789999842643738
3532.2900390625,0.7792999744415283
3532.39990234375,0.7795000076293945
3532.52001953125,0.7797999978065491
3532.6298828125,0.7799999713897705
3532.739990234375,0.7803000211715698
3532.85009765625,0.7806000113487244
3532.969970703125,0.7807999849319458
3533.080078125,0.7810999751091003
3533.18994140625,0.7813000082969666
3533.300048828125,0.7815999984741211
3533.419921875,0.7818999886512756
3533.530029296875,0.7821000218391418
3533.64990234375,0.7824000120162964
3533.760009765625,0.7825999855995178
3533.8701171875,0.7828999757766724
3533.989990234375,0.7832000255584717
3534.10009765625,0.7833999991416931
3534.2099609375,0.7836999893188477
3534.320068359375,0.7839000225067139
3534.43994140625,0.7842000126838684
3534.550048828125,0.784500002861023
3534.659912109375,0.7846999764442444
3534.780029296875,0.7850000262260437
3534.889892578125,0.7851999998092651
3535.0,0.7854999899864197
3535.1201171875,0.7857999801635742
3535.22998046875,0.7860000133514404
3535.340087890625,0.786300003528595
3535.449951171875,0.7864999771118164
3535.570068359375,0.7868000268936157
3535.679931640625,0.7871000170707703
3535.7900390625,0.7872999906539917
3535.909912109375,0.7875999808311462
3536.02001953125,0.7878000140190125
3536.139892578125,0.788100004196167
3536.25,0.7883999943733215
3536.360107421875,0.7886000275611877
3536.469970703125,0.7889000177383423
3536.590087890625,0.7892000079154968
3536.699951171875,0.7893999814987183
3536.81005859375,0.7896999716758728
3536.929931640625,0.789900004863739
3537.0400390625,0.7901999950408936
3537.14990234375,0.7904999852180481
3537.27001953125,0.7907000184059143
3537.3798828125,0.7910000085830688
3537.489990234375,0.7911999821662903
3537.610107421875,0.7914999723434448
3537.719970703125,0.7918000221252441
3537.830078125,0.7919999957084656
3537.949951171875,0.7922999858856201
3538.06005859375,0.7925000190734863
3538.169921875,0.7928000092506409
3538.2900390625,0.7930999994277954
3538.39990234375,0.7932999730110168
3538.510009765625,0.7936000227928162
3538.6298828125,0.7937999963760376
3538.739990234375,0.7940999865531921
3538.85009765625,0.7943999767303467
3538.969970703125,0.7946000099182129
3539.080078125,0.7949000000953674
3539.18994140625,0.7950999736785889
3539.300048828125,0.7954000234603882
3539.419921875,0.7957000136375427
3539.530029296875,0.7958999872207642
3539.639892578125,0.7961999773979187
3539.760009765625,0.7964000105857849
3539.8701171875,0.7967000007629395
3539.97998046875,0.796999990940094
3540.10009765625,0.7972000241279602
3540.2099609375,0.7975000143051147
3540.320068359375,0.7976999878883362
3540.43994140625,0.7979999780654907
3540.550048828125,0.79830002784729
3540.659912109375,0.7985000014305115
3540.780029296875,0.798799991607666
3540.889892578125,0.7990000247955322
3541.0,0.7993000149726868
3541.1201171875,0.7996000051498413
3541.22998046875,0.7997999787330627
3541.340087890625,0.8001000285148621
3541.449951171875,0.8003000020980835
3541.570068359375,0.800599992275238
3541.679931640625,0.8008999824523926
3541.800048828125,0.8011000156402588
3541.909912109375,0.8014000058174133
3542.02001953125,0.8016999959945679
3542.139892578125,0.8019000291824341
3542.25,0.8022000193595886
3542.360107421875,0.8023999929428101
3542.47998046875,0.8026999831199646
3542.590087890625,0.8029999732971191
3542.699951171875,0.8032000064849854
3542.820068359375,0.8034999966621399
3542.929931640625,0.8036999702453613
3543.0400390625,0.8040000200271606
3543.159912109375,0.8043000102043152
3543.27001953125,0.8044999837875366
3543.3798828125,0.8047999739646912
3543.489990234375,0.8050000071525574
3543.610107421875,0.8052999973297119
3543.719970703125,0.8055999875068665
3543.840087890625,0.8058000206947327
3543.949951171875,0.8061000108718872
3544.06005859375,0.8062999844551086
3544.179931640625,0.8065999746322632
3544.2900390625,0.8069000244140625
3544.39990234375,0.8070999979972839
3544.52001953125,0.8073999881744385
3544.6298828125,0.807699978351593
3544.739990234375,0.8079000115394592
3544.860107421875,0.8082000017166138
3544.969970703125,0.8083999752998352
3545.080078125,0.8087000250816345
3545.199951171875,0.8090000152587891
3545.31005859375,0.8091999888420105
3545.419921875,0.809499979019165
3545.5400390625,0.8097000122070312
3545.64990234375,0.8100000023841858
3545.760009765625,0.8102999925613403
3545.8798828125,0.8105000257492065
3545.989990234375,0.8108000159263611
3546.10009765625,0.8109999895095825
3546.219970703125,0.8112999796867371
3546.330078125,0.8116000294685364
3546.449951171875,0.8118000030517578
3546.56005859375,0.8120999932289124
3546.669921875,0.8123000264167786
3546.7900390625,0.8126000165939331
3546.89990234375,0.8129000067710876
3547.010009765625,0.8130999803543091
3547.1298828125,0.8133999705314636
3547.239990234375,0.8137000203132629
3547.35009765625,0.8138999938964844
3547.469970703125,0.8141999840736389
3547.580078125,0.8144000172615051
3547.68994140625,0.8147000074386597
3547.81005859375,0.8149999976158142
3547.919921875,0.8151999711990356
3548.030029296875,0.815500020980835
3548.14990234375,0.8156999945640564
3548.260009765625,0.8159999847412109
3548.3798828125,0.8162999749183655
3548.489990234375,0.8165000081062317
3548.60009765625,0.8167999982833862
3548.719970703125,0.8169999718666077
3548.830078125,0.817300021648407
3548.93994140625,0.8176000118255615
3549.06005859375,0.817799985408783
3549.169921875,0.8180999755859375
3549.280029296875,0.8184000253677368
3549.39990234375,0.8185999989509583
3549.510009765625,0.8188999891281128
3549.6201171875,0.819100022315979
3549.739990234375,0.8194000124931335
3549.85009765625,0.8197000026702881
3549.9599609375,0.8198999762535095
3550.080078125,0.8201000094413757
3550.18994140625,0.8202999830245972
3550.31005859375,0.8205000162124634
3550.419921875,0.8206999897956848
3550.530029296875,0.820900022983551
3550.64990234375,0.8209999799728394
3550.760009765625,0.8212000131607056
3550.8798828125,0.821399986743927
3550.989990234375,0.8216000199317932
3551.10009765625,0.8217999935150146
3551.2099609375,0.8219000101089478
3551.330078125,0.8220999836921692
3551.43994140625,0.8223000168800354
3551.56005859375,0.8224999904632568
3551.669921875,0.822700023651123
3551.780029296875,0.8228999972343445
3551.889892578125,0.8230000138282776
3552.010009765625,0.823199987411499
3552.1201171875,0.8234000205993652
3552.239990234375,0.8235999941825867
3552.35009765625,0.8238000273704529
3552.4599609375,0.8238999843597412
3552.580078125,0.8241000175476074
3552.68994140625,0.8242999911308289
3552.81005859375,0.8245000243186951
3552.919921875,0.8246999979019165
3553.030029296875,0.8248999714851379
3553.14990234375,0.824999988079071
3553.260009765625,0.8252000212669373
3553.3701171875,0.8253999948501587
3553.489990234375,0.8256000280380249
3553.60009765625,0.8258000016212463
3553.7099609375,0.8259000182151794
3553.830078125,0.8260999917984009
3553.93994140625,0.8263000249862671
3554.06005859375,0.8264999985694885
3554.169921875,0.82669997215271
3554.280029296875,0.8269000053405762
3554.39990234375,0.8270000219345093
3554.510009765625,0.8271999955177307
3554.6298828125,0.8274000287055969
3554.739990234375,0.8276000022888184
3554.85009765625,0.8277999758720398
3554.969970703125,0.8278999924659729
3555.080078125,0.8281000256538391
3555.18994140625,0.8282999992370605
3555.31005859375,0.828499972820282
3555.419921875,0.8287000060081482
3555.5400390625,0.8288999795913696
3555.64990234375,0.8289999961853027
3555.760009765625,0.829200029373169
3555.8798828125,0.8294000029563904
3555.989990234375,0.8295999765396118
3556.10009765625,0.829800009727478
3556.219970703125,0.8299999833106995
3556.330078125,0.8300999999046326
3556.449951171875,0.830299973487854
3556.56005859375,0.8305000066757202
3556.669921875,0.8306999802589417
3556.7900390625,0.8309000134468079
3556.89990234375,0.8309999704360962
3557.02001953125,0.8312000036239624
3557.1298828125,0.8313999772071838
3557.239990234375,0.83160001039505
3557.360107421875,0.8317999839782715
3557.469970703125,0.8320000171661377
3557.580078125,0.832099974155426
3557.699951171875,0.8323000073432922
3557.81005859375,0.8324999809265137
3557.929931640625,0.8327000141143799
3558.0400390625,0.8328999876976013
3558.14990234375,0.8330000042915344
3558.27001953125,0.8331999778747559
3558.3798828125,0.8334000110626221
3558.489990234375,0.8335999846458435
3558.610107421875,0.8338000178337097
3558.719970703125,0.8339999914169312
3558.840087890625,0.8341000080108643
3558.949951171875,0.8342999815940857
3559.06005859375,0.8345000147819519
3559.179931640625,0.8346999883651733
3559.2900390625,0.8349000215530396
3559.409912109375,0.8349999785423279
3559.52001953125,0.8352000117301941
3559.6298828125,0.8353999853134155
3559.75,0.8356000185012817
3559.860107421875,0.8357999920845032
3559.969970703125,0.8360000252723694
3560.090087890625,0.8360999822616577
3560.199951171875,0.8363000154495239
3560.320068359375,0.8364999890327454
3560.429931640625,0.8367000222206116
3560.550048828125,0.836899995803833
3560.659912109375,0.8371000289916992
3560.77001953125,0.8371999859809875
3560.889892578125,0.8374000191688538
3561.0,0.8375999927520752
3561.110107421875,0.8378000259399414
3561.22998046875,0.8379999995231628
3561.340087890625,0.838100016117096
3561.4599609375,0.8382999897003174
3561.570068359375,0.8385000228881836
3561.679931640625,0.838699996471405
3561.800048828125,0.8389000296592712
3561.909912109375,0.8391000032424927
3562.030029296875,0.8392000198364258
3562.139892578125,0.8393999934196472
3562.25,0.8396000266075134
3562.3701171875,0.8398000001907349
3562.47998046875,0.8399999737739563
3562.60009765625,0.8402000069618225
3562.7099609375,0.8403000235557556
3562.820068359375,0.840499997138977
3562.93994140625,0.8406999707221985
3563.050048828125,0.8409000039100647
3563.169921875,0.8410999774932861
3563.280029296875,0.8411999940872192
3563.389892578125,0.8414000272750854
3563.510009765625,0.8416000008583069
3563.6201171875,0.8417999744415283
3563.739990234375,0.8420000076293945
3563.85009765625,0.842199981212616
3563.9599609375,0.8422999978065491
3564.080078125,0.8424999713897705
3564.18994140625,0.8427000045776367
3564.300048828125,0.8428999781608582
3564.419921875,0.8431000113487244
3564.530029296875,0.8432999849319458
3564.64990234375,0.8434000015258789
3564.760009765625,0.8435999751091003
3564.8798828125,0.8438000082969666
3564.989990234375,0.843999981880188
3565.10009765625,0.8442000150680542
3565.219970703125,0.8443999886512756
3565.330078125,0.8445000052452087
3565.449951171875,0.8446999788284302
3565.56005859375,0.8449000120162964
3565.679931640625,0.8450999855995178
3565.7900390625,0.845300018787384
3565.89990234375,0.8453999757766724
3566.02001953125,0.8456000089645386
3566.1298828125,0.84579998254776
3566.239990234375,0.8460000157356262
3566.360107421875,0.8461999893188477
3566.469970703125,0.8464000225067139
3566.590087890625,0.8464999794960022
3566.699951171875,0.8467000126838684
3566.820068359375,0.8468999862670898
3566.929931640625,0.847100019454956
3567.0400390625,0.8472999930381775
3567.159912109375,0.8475000262260437
3567.27001953125,0.847599983215332
3567.389892578125,0.8478000164031982
3567.5,0.8479999899864197
3567.610107421875,0.8482000231742859
3567.72998046875,0.8483999967575073
3567.840087890625,0.8485999703407288
3567.9599609375,0.8486999869346619
3568.070068359375,0.8489000201225281
3568.179931640625,0.8490999937057495
3568.300048828125,0.8493000268936157
3568.409912109375,0.8495000004768372
3568.530029296875,0.8496000170707703
3568.639892578125,0.8497999906539917
3568.760009765625,0.8500000238418579
3568.8701171875,0.8501999974250793
3568.989990234375,0.8503999710083008
3569.10009765625,0.850600004196167
3569.219970703125,0.8507000207901001
3569.330078125,0.8508999943733215
3569.43994140625,0.8511000275611877
3569.56005859375,0.8513000011444092
3569.669921875,0.8514999747276306
3569.7900390625,0.8517000079154968
3569.89990234375,0.8518000245094299
3570.010009765625,0.8519999980926514
3570.1298828125,0.8521999716758728
3570.239990234375,0.852400004863739
3570.360107421875,0.8525999784469604
3570.469970703125,0.8528000116348267
3570.580078125,0.8529000282287598
3570.699951171875,0.8531000018119812
3570.81005859375,0.8532999753952026
3570.929931640625,0.8535000085830688
3571.0400390625,0.8536999821662903
3571.159912109375,0.8539000153541565
3571.27001953125,0.8539999723434448
3571.3798828125,0.854200005531311
3571.5,0.8543999791145325
3571.610107421875,0.8546000123023987
3571.72998046875,0.8547999858856201
3571.840087890625,0.8549000024795532
3571.9599609375,0.8550999760627747
3572.070068359375,0.8553000092506409
3572.179931640625,0.8554999828338623
3572.300048828125,0.8557000160217285
3572.409912109375,0.85589998960495
3572.530029296875,0.8560000061988831
3572.639892578125,0.8561999797821045
3572.760009765625,0.8564000129699707
3572.8701171875,0.8565999865531921
3572.989990234375,0.8568000197410583
3573.10009765625,0.8569999933242798
3573.2099609375,0.8571000099182129
3573.330078125,0.8572999835014343
3573.43994140625,0.8575000166893005
3573.56005859375,0.857699990272522
3573.669921875,0.8579000234603882
3573.7900390625,0.8580999970436096
3573.89990234375,0.8582000136375427
3574.010009765625,0.8583999872207642
3574.1298828125,0.8586000204086304
3574.239990234375,0.8587999939918518
3574.360107421875,0.859000027179718
3574.469970703125,0.8592000007629395
3574.580078125,0.8593000173568726
3574.699951171875,0.859499990940094
3574.81005859375,0.8597000241279602
3574.929931640625,0.8598999977111816
3575.0400390625,0.8600999712944031
3575.159912109375,0.8603000044822693
3575.27001953125,0.8604000210762024
3575.389892578125,0.8605999946594238
3575.5,0.86080002784729
3575.6201171875,0.8610000014305115
3575.72998046875,0.8611999750137329
3575.840087890625,0.8614000082015991
3575.9599609375,0.8615000247955322
3576.070068359375,0.8616999983787537
3576.18994140625,0.8618999719619751
3576.300048828125,0.8621000051498413
3576.419921875,0.8622999787330627
3576.530029296875,0.8623999953269958
3576.64990234375,0.8626000285148621
3576.760009765625,0.8628000020980835
3576.8701171875,0.8629999756813049
3576.989990234375,0.8632000088691711
3577.10009765625,0.8633999824523926
3577.219970703125,0.8634999990463257
3577.330078125,0.8636999726295471
3577.449951171875,0.8639000058174133
3577.56005859375,0.8640999794006348
3577.679931640625,0.864300012588501
3577.7900390625,0.8644999861717224
3577.89990234375,0.8646000027656555
3578.02001953125,0.864799976348877
3578.1298828125,0.8650000095367432
3578.25,0.8651999831199646
3578.360107421875,0.8654000163078308
3578.47998046875,0.8655999898910522
3578.590087890625,0.8657000064849854
3578.699951171875,0.8658999800682068
3578.820068359375,0.866100013256073
3578.929931640625,0.8662999868392944
3579.050048828125,0.8665000200271606
3579.159912109375,0.8666999936103821
3579.280029296875,0.8668000102043152
3579.389892578125,0.8669999837875366
3579.510009765625,0.8672000169754028
3579.6201171875,0.8673999905586243
3579.739990234375,0.8676000237464905
3579.85009765625,0.8677999973297119
3579.969970703125,0.867900013923645
3580.080078125,0.8680999875068665
3580.199951171875,0.8683000206947327
3580.31005859375,0.8684999942779541
3580.419921875,0.8687000274658203
3580.5400390625,0.8689000010490417
3580.64990234375,0.8690000176429749
3580.77001953125,0.8691999912261963
3580.8798828125,0.8694000244140625
3581.0,0.8695999979972839
3581.110107421875,0.8697999715805054
3581.22998046875,0.8700000047683716
3581.340087890625,0.8701000213623047
3581.4599609375,0.8702999949455261
3581.570068359375,0.8705000281333923
3581.679931640625,0.8707000017166138
3581.800048828125,0.8708999752998352
3581.909912109375,0.8711000084877014
3582.030029296875,0.8712000250816345
3582.139892578125,0.871399998664856
3582.260009765625,0.8715999722480774
3582.3701171875,0.8718000054359436
3582.489990234375,0.871999979019165
3582.60009765625,0.8722000122070312
3582.719970703125,0.8723000288009644
3582.830078125,0.8725000023841858
3582.949951171875,0.8726999759674072
3583.06005859375,0.8729000091552734
3583.169921875,0.8730999827384949
3583.2900390625,0.8733000159263611
3583.39990234375,0.8733999729156494
3583.52001953125,0.8736000061035156
3583.6298828125,0.8737999796867371
3583.75,0.8740000128746033
3583.860107421875,0.8741999864578247
3583.97998046875,0.8744000196456909
3584.090087890625,0.8744999766349792
3584.2099609375,0.8747000098228455
3584.320068359375,0.8748999834060669
3584.43994140625,0.8751000165939331
3584.550048828125,0.8752999901771545
3584.669921875,0.8755000233650208
3584.780029296875,0.8755999803543091
3584.889892578125,0.8758000135421753
3585.010009765625,0.8759999871253967
3585.1201171875,0.8762000203132629
3585.239990234375,0.8763999938964844
3585.35009765625,0.8766000270843506
3585.469970703125,0.8766999840736389
3585.580078125,0.8769000172615051
3585.699951171875,0.8770999908447266
3585.81005859375,0.8773000240325928
3585.929931640625,0.8774999976158142
3586.0400390625,0.8776999711990356
3586.159912109375,0.8779000043869019
3586.27001953125,0.878000020980835
3586.389892578125,0.8781999945640564
3586.5,0.8784000277519226
3586.6201171875,0.878600001335144
3586.72998046875,0.8787999749183655
3586.840087890625,0.8790000081062317
3586.9599609375,0.8791000247001648
3587.070068359375,0.8792999982833862
3587.18994140625,0.8794999718666077
3587.31005859375,0.8797000050544739
3587.419921875,0.8798999786376953
3587.530029296875,0.8801000118255615
3587.64990234375,0.8802000284194946
3587.760009765625,0.8804000020027161
3587.8798828125,0.8805999755859375
3587.989990234375,0.8808000087738037
3588.110107421875,0.8809999823570251
3588.219970703125,0.8812000155448914
3588.340087890625,0.8812999725341797
3588.449951171875,0.8815000057220459
3588.570068359375,0.8816999793052673
3588.679931640625,0.8819000124931335
3588.800048828125,0.882099986076355
3588.909912109375,0.8823000192642212
3589.030029296875,0.8823999762535095
3589.139892578125,0.8826000094413757
3589.260009765625,0.8827999830245972
3589.3701171875,0.8830000162124634
3589.489990234375,0.8831999897956848
3589.60009765625,0.883400022983551
3589.7099609375,0.8834999799728394
3589.830078125,0.8837000131607056
3589.949951171875,0.883899986743927
3590.06005859375,0.8841000199317932
3590.179931640625,0.8842999935150146
3590.2900390625,0.8845000267028809
3590.39990234375,0.8845999836921692
3590.52001953125,0.8848000168800354
3590.639892578125,0.8849999904632568
3590.75,0.885200023651123
3590.860107421875,0.8853999972343445
3590.97998046875,0.8855999708175659
3591.090087890625,0.8858000040054321
3591.2099609375,0.8859000205993652
3591.320068359375,0.8860999941825867
3591.43994140625,0.8863000273704529
3591.550048828125,0.8865000009536743
3591.669921875,0.8866999745368958
3591.780029296875,0.886900007724762
3591.89990234375,0.8870000243186951
3592.010009765625,0.8871999979019165
3592.1298828125,0.8873999714851379
3592.239990234375,0.8876000046730042
3592.360107421875,0.8877999782562256
3592.469970703125,0.8880000114440918
3592.590087890625,0.8881000280380249
3592.699951171875,0.8883000016212463
3592.820068359375,0.8884999752044678
3592.929931640625,0.888700008392334
3593.050048828125,0.8888999819755554
3593.159912109375,0.8891000151634216
3593.280029296875,0.88919997215271
3593.389892578125,0.8894000053405762
3593.510009765625,0.8895999789237976
3593.6201171875,0.8898000121116638
3593.739990234375,0.8899999856948853
3593.85009765625,0.8902000188827515
3593.969970703125,0.8902999758720398
3594.080078125,0.890500009059906
3594.199951171875,0.8906999826431274
3594.31005859375,0.8909000158309937
3594.429931640625,0.8910999894142151
3594.5400390625,0.8913000226020813
3594.659912109375,0.8914999961853027
3594.77001953125,0.8916000127792358
3594.889892578125,0.8917999863624573
3595.0,0.8920000195503235
3595.1201171875,0.8921999931335449
3595.22998046875,0.8924000263214111
3595.35009765625,0.8925999999046326
3595.4599609375,0.8927000164985657
3595.580078125,0.8928999900817871
3595.68994140625,0.8931000232696533
3595.81005859375,0.8932999968528748
3595.919921875,0.8934999704360962
3596.0400390625,0.8937000036239624
3596.14990234375,0.8938000202178955
3596.27001953125,0.8939999938011169
3596.3798828125,0.8942000269889832
3596.5,0.8944000005722046
3596.610107421875,0.894599974155426
3596.72998046875,0.8948000073432922
3596.840087890625,0.8949999809265137
3596.9599609375,0.8950999975204468
3597.070068359375,0.8952999711036682
3597.18994140625,0.8955000042915344
3597.300048828125,0.8956999778747559
3597.419921875,0.8959000110626221
3597.530029296875,0.8960999846458435
3597.64990234375,0.8962000012397766
3597.760009765625,0.896399974822998
3597.8798828125,0.8966000080108643
3597.989990234375,0.8967999815940857
3598.110107421875,0.8970000147819519
3598.22998046875,0.8971999883651733
3598.340087890625,0.8973000049591064
3598.4599609375,0.8974999785423279
3598.570068359375,0.8977000117301941
3598.68994140625,0.8978999853134155
3598.800048828125,0.8981000185012817
3598.919921875,0.8982999920845032
3599.030029296875,0.8984000086784363
3599.14990234375,0.8985999822616577
3599.260009765625,0.8988000154495239
3599.3798828125,0.8989999890327454
3599.489990234375,0.8992000222206116
3599.610107421875,0.899399995803833
3599.719970703125,0.8996000289916992
3599.840087890625,0.8996999859809875
3599.949951171875,0.8999000191688538
3600.070068359375,0.9000999927520752
3600.179931640625,0.9002000093460083
3600.300048828125,0.9003999829292297
3600.409912109375,0.9004999995231628
3600.530029296875,0.900600016117096
3600.639892578125,0.9007999897003174
3600.760009765625,0.9009000062942505
3600.8701171875,0.9010000228881836
3600.989990234375,0.901199996471405
3601.110107421875,0.9013000130653381
3601.219970703125,0.9014000296592712
3601.330078125,0.9016000032424927
3601.449951171875,0.9017000198364258
3601.570068359375,0.9017999768257141
3601.679931640625,0.9020000100135803
3601.800048828125,0.9021000266075134
3601.909912109375,0.9023000001907349
3602.030029296875,0.902400016784668
3602.139892578125,0.9024999737739563
3602.260009765625,0.9027000069618225
3602.3701171875,0.9028000235557556
3602.489990234375,0.902899980545044
3602.60009765625,0.9031000137329102
3602.719970703125,0.9031999707221985
3602.830078125,0.9032999873161316
3602.949951171875,0.9035000205039978
3603.06005859375,0.9035999774932861
3603.179931640625,0.9038000106811523
3603.2900390625,0.9039000272750854
3603.409912109375,0.9039999842643738
3603.530029296875,0.90420001745224
3603.639892578125,0.9042999744415283
3603.760009765625,0.9043999910354614
3603.8701171875,0.9046000242233276
3603.989990234375,0.904699981212616
3604.10009765625,0.9047999978065491
3604.219970703125,0.9049999713897705
3604.330078125,0.9050999879837036
3604.449951171875,0.9052000045776367
3604.56005859375,0.9053999781608582
3604.679931640625,0.9054999947547913
3604.7900390625,0.9057000279426575
3604.909912109375,0.9057999849319458
3605.030029296875,0.9059000015258789
3605.139892578125,0.9060999751091003
3605.260009765625,0.9061999917030334
3605.3701171875,0.9063000082969666
3605.47998046875,0.906499981880188
3605.60009765625,0.9065999984741211
3605.719970703125,0.9067000150680542
3605.830078125,0.9068999886512756
3605.949951171875,0.9070000052452087
3606.06005859375,0.9071999788284302
3606.179931640625,0.9072999954223633
3606.2900390625,0.9074000120162964
3606.409912109375,0.9075999855995178
3606.52001953125,0.9077000021934509
3606.639892578125,0.907800018787384
3606.760009765625,0.9079999923706055
3606.8701171875,0.9081000089645386
3606.989990234375,0.9082000255584717
3607.10009765625,0.9083999991416931
3607.219970703125,0.9085000157356262
3607.330078125,0.9086999893188477
3607.449951171875,0.9088000059127808
3607.56005859375,0.9089000225067139
3607.679931640625,0.9090999960899353
3607.7900390625,0.9092000126838684
3607.909912109375,0.9093000292778015
3608.030029296875,0.909500002861023
3608.139892578125,0.909600019454956
3608.260009765625,0.9096999764442444
3608.3701171875,0.9099000096321106
3608.489990234375,0.9100000262260437
3608.60009765625,0.9101999998092651
3608.719970703125,0.9103000164031982
3608.830078125,0.9103999733924866
3608.949951171875,0.9106000065803528
3609.06005859375,0.9107000231742859
3609.179931640625,0.9107999801635742
3609.300048828125,0.9110000133514404
3609.409912109375,0.9110999703407288
3609.530029296875,0.9111999869346619
3609.639892578125,0.9114000201225281
3609.760009765625,0.9114999771118164
3609.8701171875,0.9117000102996826
3609.989990234375,0.9118000268936157
3610.10009765625,0.911899983882904
3610.219970703125,0.9121000170707703
3610.330078125,0.9121999740600586
3610.449951171875,0.9122999906539917
3610.570068359375,0.9125000238418579
3610.679931640625,0.9125999808311462
3610.800048828125,0.9126999974250793
3610.909912109375,0.9128999710083008
3611.030029296875,0.9129999876022339
3611.139892578125,0.9132000207901001
3611.260009765625,0.9132999777793884
3611.3701171875,0.9133999943733215
3611.489990234375,0.9136000275611877
3611.60009765625,0.9136999845504761
3611.719970703125,0.9138000011444092
3611.840087890625,0.9139999747276306
3611.949951171875,0.9140999913215637
3612.070068359375,0.9142000079154968
3612.179931640625,0.9143999814987183
3612.300048828125,0.9144999980926514
3612.419921875,0.9146000146865845
3612.530029296875,0.9147999882698059
3612.64990234375,0.914900004863739
3612.760009765625,0.9150999784469604
3612.8798828125,0.9151999950408936
3612.989990234375,0.9153000116348267
3613.110107421875,0.9154999852180481
3613.219970703125,0.9156000018119812
3613.340087890625,0.9157000184059143
3613.449951171875,0.9158999919891357
3613.570068359375,0.9160000085830688
3613.68994140625,0.9161999821662903
3613.800048828125,0.9162999987602234
3613.919921875,0.9164000153541565
3614.030029296875,0.9165999889373779
3614.14990234375,0.916700005531311
3614.260009765625,0.9168000221252441
3614.3798828125,0.9169999957084656
3614.5,0.9171000123023987
3614.610107421875,0.9172000288963318
3614.72998046875,0.9174000024795532
3614.840087890625,0.9175000190734863
3614.9599609375,0.9176999926567078
3615.070068359375,0.9178000092506409
3615.18994140625,0.917900025844574
3615.31005859375,0.9180999994277954
3615.419921875,0.9182000160217285
3615.5400390625,0.9182999730110168
3615.64990234375,0.9185000061988831
3615.77001953125,0.9186000227928162
3615.8798828125,0.9186999797821045
3616.0,0.9189000129699707
3616.1201171875,0.9190000295639038
3616.22998046875,0.9192000031471252
3616.35009765625,0.9193000197410583
3616.4599609375,0.9193999767303467
3616.580078125,0.9196000099182129
3616.68994140625,0.919700026512146
3616.81005859375,0.9197999835014343
3616.929931640625,0.9200000166893005
3617.0400390625,0.9200999736785889
3617.159912109375,0.920199990272522
3617.27001953125,0.9204000234603882
3617.389892578125,0.9204999804496765
3617.5,0.9207000136375427
3617.6201171875,0.920799970626831
3617.739990234375,0.9208999872207642
3617.85009765625,0.9211000204086304
3617.969970703125,0.9211999773979187
3618.080078125,0.9212999939918518
3618.199951171875,0.921500027179718
3618.31005859375,0.9215999841690063
3618.429931640625,0.9217000007629395
3618.550048828125,0.9218999743461609
3618.659912109375,0.921999990940094
3618.780029296875,0.9222000241279602
3618.889892578125,0.9222999811172485
3619.010009765625,0.9223999977111816
3619.1201171875,0.9225999712944031
3619.239990234375,0.9226999878883362
3619.360107421875,0.9228000044822693
3619.469970703125,0.9229999780654907
3619.590087890625,0.9230999946594238
3619.699951171875,0.9232000112533569
3619.820068359375,0.9233999848365784
3619.93994140625,0.9235000014305115
3620.050048828125,0.9236999750137329
3620.169921875,0.923799991607666
3620.280029296875,0.9239000082015991
3620.39990234375,0.9240999817848206
3620.52001953125,0.9241999983787537
3620.6298828125,0.9243000149726868
3620.75,0.9244999885559082
3620.860107421875,0.9246000051498413
3620.97998046875,0.9247999787330627
3621.090087890625,0.9248999953269958
3621.2099609375,0.925000011920929
3621.320068359375,0.9251999855041504
3621.43994140625,0.9253000020980835
3621.56005859375,0.9254000186920166
3621.669921875,0.925599992275238
3621.7900390625,0.9257000088691711
3621.909912109375,0.9258000254631042
3622.02001953125,0.9259999990463257
3622.139892578125,0.9261000156402588
3622.25,0.9262999892234802
3622.3701171875,0.9264000058174133
3622.489990234375,0.9265000224113464
3622.60009765625,0.9266999959945679
3622.719970703125,0.926800012588501
3622.830078125,0.9269000291824341
3622.949951171875,0.9271000027656555
3623.06005859375,0.9272000193595886
3623.179931640625,0.9273999929428101
3623.300048828125,0.9275000095367432
3623.409912109375,0.9276000261306763
3623.530029296875,0.9277999997138977
3623.639892578125,0.9279000163078308
3623.760009765625,0.9279999732971191
3623.8798828125,0.9282000064849854
3623.989990234375,0.9283000230789185
3624.110107421875,0.9283999800682068
3624.219970703125,0.928600013256073
3624.340087890625,0.9286999702453613
3624.4599609375,0.9289000034332275
3624.570068359375,0.9290000200271606
3624.68994140625,0.929099977016449
3624.800048828125,0.9293000102043152
3624.919921875,0.9294000267982483
3625.0400390625,0.9294999837875366
3625.14990234375,0.9297000169754028
3625.27001953125,0.9297999739646912
3625.3798828125,0.9300000071525574
3625.5,0.9301000237464905
3625.6201171875,0.9301999807357788
3625.72998046875,0.930400013923645
3625.85009765625,0.9304999709129333
3625.9599609375,0.9305999875068665
3626.080078125,0.9308000206947327
3626.199951171875,0.930899977684021
3626.31005859375,0.9309999942779541
3626.429931640625,0.9312000274658203
3626.5400390625,0.9312999844551086
3626.659912109375,0.9315000176429749
3626.780029296875,0.9315999746322632
3626.889892578125,0.9316999912261963
3627.010009765625,0.9319000244140625
3627.1201171875,0.9319999814033508
3627.239990234375,0.9320999979972839
3627.360107421875,0.9322999715805054
3627.469970703125,0.9323999881744385
3627.590087890625,0.9326000213623047
3627.699951171875,0.932699978351593
3627.820068359375,0.9327999949455261
3627.93994140625,0.9330000281333923
3628.050048828125,0.9330999851226807
3628.169921875,0.9332000017166138
3628.2900390625,0.9333999752998352
3628.39990234375,0.9334999918937683
3628.52001953125,0.9336000084877014
3628.6298828125,0.9337999820709229
3628.75,0.933899998664856
3628.860107421875,0.9340999722480774
3628.97998046875,0.9341999888420105
3629.10009765625,0.9343000054359436
3629.2099609375,0.934499979019165
3629.330078125,0.9345999956130981
3629.449951171875,0.9347000122070312
3629.56005859375,0.9348999857902527
3629.679931640625,0.9350000023841858
3629.7900390625,0.9351999759674072
3629.909912109375,0.9352999925613403
3630.030029296875,0.9354000091552734
3630.139892578125,0.9355999827384949
3630.260009765625,0.935699999332428
3630.3798828125,0.9358000159263611
3630.489990234375,0.9359999895095825
3630.610107421875,0.9361000061035156
3630.719970703125,0.9362999796867371
3630.840087890625,0.9363999962806702
3630.9599609375,0.9365000128746033
3631.070068359375,0.9366999864578247
3631.18994140625,0.9368000030517578
3631.300048828125,0.9369000196456909
3631.419921875,0.9370999932289124
3631.5400390625,0.9372000098228455
3631.64990234375,0.9373999834060669
3631.77001953125,0.9375
3631.889892578125,0.9376000165939331
3632.0,0.9377999901771545
3632.1201171875,0.9379000067710876
3632.22998046875,0.9380000233650208
3632.35009765625,0.9381999969482422
3632.469970703125,0.9383000135421753
3632.580078125,0.9383999705314636
3632.699951171875,0.9386000037193298
3632.820068359375,0.9387000203132629
3632.929931640625,0.9388999938964844
3633.050048828125,0.9390000104904175
3633.159912109375,0.9391000270843506
3633.280029296875,0.939300000667572
3633.39990234375,0.9394000172615051
3633.510009765625,0.9394999742507935
3633.6298828125,0.9397000074386597
3633.75,0.9398000240325928
3633.860107421875,0.9399999976158142
3633.97998046875,0.9401000142097473
3634.090087890625,0.9401999711990356
3634.2099609375,0.9404000043869019
3634.330078125,0.940500020980835
3634.43994140625,0.9405999779701233
3634.56005859375,0.9408000111579895
3634.679931640625,0.9409000277519226
3634.7900390625,0.941100001335144
3634.909912109375,0.9412000179290771
3635.02001953125,0.9412999749183655
3635.139892578125,0.9415000081062317
3635.260009765625,0.9416000247001648
3635.3701171875,0.9416999816894531
3635.489990234375,0.9419000148773193
3635.610107421875,0.9419999718666077
3635.719970703125,0.9422000050544739
3635.840087890625,0.942300021648407
3635.9599609375,0.9423999786376953
3636.070068359375,0.9426000118255615
3636.18994140625,0.9427000284194946
3636.300048828125,0.942799985408783
3636.419921875,0.9430000185966492
3636.5400390625,0.9430999755859375
3636.64990234375,0.9433000087738037
3636.77001953125,0.9434000253677368
3636.889892578125,0.9434999823570251
3637.0,0.9437000155448914
3637.1201171875,0.9437999725341797
3637.239990234375,0.9438999891281128
3637.35009765625,0.944100022315979
3637.469970703125,0.9441999793052673
3637.590087890625,0.9444000124931335
3637.699951171875,0.9445000290870667
3637.820068359375,0.944599986076355
3637.929931640625,0.9448000192642212
3638.050048828125,0.9448999762535095
3638.169921875,0.9449999928474426
3638.280029296875,0.9452000260353088
3638.39990234375,0.9452999830245972
3638.52001953125,0.9453999996185303
3638.6298828125,0.9455999732017517
3638.75,0.9456999897956848
3638.8701171875,0.945900022983551
3638.97998046875,0.9459999799728394
3639.10009765625,0.9460999965667725
3639.219970703125,0.9463000297546387
3639.330078125,0.946399986743927
3639.449951171875,0.9465000033378601
3639.56005859375,0.9466999769210815
3639.679931640625,0.9467999935150146
3639.800048828125,0.9470000267028809
3639.909912109375,0.9470999836921692
3640.030029296875,0.9472000002861023
3640.14990234375,0.9473999738693237
3640.260009765625,0.9474999904632568
3640.3798828125,0.9476000070571899
3640.5,0.9477999806404114
3640.610107421875,0.9478999972343445
3640.72998046875,0.9480999708175659
3640.85009765625,0.948199987411499
3640.9599609375,0.9483000040054321
3641.080078125,0.9484999775886536
3641.199951171875,0.9485999941825867
3641.31005859375,0.9487000107765198
3641.429931640625,0.9488999843597412
3641.5400390625,0.9490000009536743
3641.659912109375,0.9491999745368958
3641.780029296875,0.9492999911308289
3641.889892578125,0.949400007724762
3642.010009765625,0.9495999813079834
3642.1298828125,0.9496999979019165
3642.239990234375,0.9498000144958496
3642.360107421875,0.949999988079071
3642.47998046875,0.9501000046730042
3642.590087890625,0.9502999782562256
3642.7099609375,0.9503999948501587
3642.830078125,0.9505000114440918
3642.93994140625,0.9506999850273132
3643.06005859375,0.9508000016212463
3643.179931640625,0.9509000182151794
3643.2900390625,0.9510999917984009
3643.409912109375,0.951200008392334
3643.530029296875,0.9513999819755554
3643.639892578125,0.9514999985694885
3643.760009765625,0.9516000151634216
3643.8798828125,0.9517999887466431
3643.989990234375,0.9519000053405762
3644.110107421875,0.9520000219345093
3644.22998046875,0.9521999955177307
3644.340087890625,0.9523000121116638
3644.4599609375,0.9524999856948853
3644.580078125,0.9526000022888184
3644.68994140625,0.9527000188827515
3644.81005859375,0.9528999924659729
3644.929931640625,0.953000009059906
3645.0400390625,0.9531000256538391
3645.159912109375,0.9532999992370605
3645.280029296875,0.9534000158309937
3645.389892578125,0.9535999894142151
3645.510009765625,0.9537000060081482
3645.6298828125,0.9538000226020813
3645.739990234375,0.9539999961853027
3645.860107421875,0.9541000127792358
3645.969970703125,0.954200029373169
3646.090087890625,0.9544000029563904
3646.2099609375,0.9545000195503235
3646.320068359375,0.9546999931335449
3646.43994140625,0.954800009727478
3646.56005859375,0.9549000263214111
3646.669921875,0.9550999999046326
3646.7900390625,0.9552000164985657
3646.909912109375,0.9553999900817871
3647.030029296875,0.9555000066757202
3647.139892578125,0.9556000232696533
3647.260009765625,0.9557999968528748
3647.3798828125,0.9559000134468079
3647.489990234375,0.9559999704360962
3647.610107421875,0.9562000036239624
3647.72998046875,0.9563000202178955
3647.840087890625,0.9564999938011169
3647.9599609375,0.95660001039505
3648.080078125,0.9567000269889832
3648.18994140625,0.9569000005722046
3648.31005859375,0.9570000171661377
3648.429931640625,0.957099974155426
3648.5400390625,0.9573000073432922
3648.659912109375,0.9574000239372253
3648.780029296875,0.9575999975204468
3648.889892578125,0.9577000141143799
3649.010009765625,0.9577999711036682
3649.1201171875,0.9580000042915344
3649.239990234375,0.9581000208854675
3649.360107421875,0.9581999778747559
3649.469970703125,0.9584000110626221
3649.590087890625,0.9585000276565552
3649.7099609375,0.9587000012397766
3649.830078125,0.9588000178337097
3649.93994140625,0.958899974822998
3650.06005859375,0.9589999914169312
3650.179931640625,0.9591000080108643
3650.2900390625,0.9592000246047974
3650.409912109375,0.9592999815940857
3650.530029296875,0.9593999981880188
3650.639892578125,0.9593999981880188
3650.760009765625,0.9595000147819519
3650.8798828125,0.9595999717712402
3651.0,0.9596999883651733
3651.110107421875,0.9598000049591064
3651.22998046875,0.9598000049591064
3651.35009765625,0.9599000215530396
3651.4599609375,0.9599999785423279
3651.580078125,0.960099995136261
3651.699951171875,0.9602000117301941
3651.81005859375,0.9602000117301941
3651.929931640625,0.9603000283241272
3652.050048828125,0.9603999853134155
3652.159912109375,0.9605000019073486
3652.280029296875,0.9605000019073486
3652.389892578125,0.9606000185012817
3652.510009765625,0.9606999754905701
3652.6298828125,0.9607999920845032
3652.75,0.9609000086784363
3652.860107421875,0.9609000086784363
3652.97998046875,0.9610000252723694
3653.10009765625,0.9610999822616577
3653.219970703125,0.9611999988555908
3653.330078125,0.9613000154495239
3653.449951171875,0.9613000154495239
3653.570068359375,0.9613999724388123
3653.679931640625,0.9614999890327454
3653.800048828125,0.9616000056266785
3653.919921875,0.9617000222206116
3654.030029296875,0.9617000222206116
3654.14990234375,0.9617999792098999
3654.27001953125,0.961899995803833
3654.3798828125,0.9620000123977661
3654.5,0.9621000289916992
3654.6201171875,0.9621000289916992
3654.739990234375,0.9621999859809875
3654.85009765625,0.9623000025749207
3654.969970703125,0.9624000191688538
3655.090087890625,0.9624999761581421
3655.199951171875,0.9624999761581421
3655.320068359375,0.9625999927520752
3655.43994140625,0.9627000093460083
3655.550048828125,0.9628000259399414
3655.669921875,0.9628999829292297
3655.7900390625,0.9628999829292297
3655.89990234375,0.9629999995231628
3656.02001953125,0.963100016117096
3656.139892578125,0.9631999731063843
3656.25,0.9632999897003174
3656.3701171875,0.9632999897003174
3656.489990234375,0.9634000062942505
3656.610107421875,0.9635000228881836
3656.719970703125,0.9635999798774719
3656.840087890625,0.963699996471405
3656.9599609375,0.963699996471405
3657.070068359375,0.9638000130653381
3657.18994140625,0.9639000296592712
3657.31005859375,0.9639999866485596
3657.429931640625,0.9639999866485596
3657.5400390625,0.9641000032424927
3657.659912109375,0.9642000198364258
3657.780029296875,0.9642999768257141
3657.89990234375,0.9643999934196472
3658.010009765625,0.9643999934196472
3658.1298828125,0.9645000100135803
3658.239990234375,0.9646000266075134
3658.360107421875,0.9646999835968018
3658.47998046875,0.9648000001907349
3658.590087890625,0.9648000001907349
3658.7099609375,0.964900016784668
3658.830078125,0.9649999737739563
3658.949951171875,0.9650999903678894
3659.06005859375,0.9652000069618225
3659.179931640625,0.9652000069618225
3659.300048828125,0.9653000235557556
3659.419921875,0.965399980545044
3659.530029296875,0.965499997138977
3659.64990234375,0.9656000137329102
3659.77001953125,0.9656000137329102
3659.8798828125,0.9656999707221985
3660.0,0.9657999873161316
3660.1201171875,0.9659000039100647
3660.239990234375,0.9660000205039978
3660.35009765625,0.9660000205039978
3660.469970703125,0.9660999774932861
3660.590087890625,0.9661999940872192
3660.699951171875,0.9663000106811523
3660.820068359375,0.9664000272750854
3660.93994140625,0.9664000272750854
3661.06005859375,0.9664999842643738
3661.169921875,0.9666000008583069
3661.2900390625,0.96670001745224
3661.409912109375,0.9667999744415283
3661.530029296875,0.9667999744415283
3661.639892578125,0.9668999910354614
3661.760009765625,0.9670000076293945
3661.8798828125,0.9671000242233276
3661.989990234375,0.967199981212616
3662.110107421875,0.967199981212616
3662.22998046875,0.9672999978065491
3662.340087890625,0.9674000144004822
3662.4599609375,0.9674999713897705
3662.580078125,0.9675999879837036
3662.699951171875,0.9675999879837036
3662.81005859375,0.9677000045776367
3662.929931640625,0.9678000211715698
3663.050048828125,0.9678999781608582
3663.159912109375,0.9679999947547913
3663.280029296875,0.9679999947547913
3663.39990234375,0.9681000113487244
3663.52001953125,0.9682000279426575
3663.6298828125,0.9682999849319458
3663.75,0.9684000015258789
3663.8701171875,0.9684000015258789
3663.97998046875,0.968500018119812
3664.10009765625,0.9685999751091003
3664.219970703125,0.9686999917030334
3664.340087890625,0.9686999917030334
3664.4599609375,0.9688000082969666
3664.570068359375,0.9689000248908997
3664.68994140625,0.968999981880188
3664.81005859375,0.9690999984741211
3664.919921875,0.9690999984741211
3665.0400390625,0.9692000150680542
3665.159912109375,0.9692999720573425
3665.27001953125,0.9693999886512756
3665.389892578125,0.9695000052452087
3665.510009765625,0.9695000052452087
3665.6298828125,0.9696000218391418
3665.739990234375,0.9696999788284302
3665.860107421875,0.9697999954223633
3665.97998046875,0.9699000120162964
3666.10009765625,0.9699000120162964
3666.2099609375,0.9700000286102295
3666.330078125,0.9700999855995178
3666.449951171875,0.9702000021934509
3666.56005859375,0.970300018787384
3666.679931640625,0.970300018787384
3666.800048828125,0.9703999757766724
3666.919921875,0.9704999923706055
3667.0400390625,0.9706000089645386
3667.14990234375,0.9707000255584717
3667.27001953125,0.9707000255584717
3667.389892578125,0.97079998254776
3667.5,0.9708999991416931
3667.6201171875,0.9710000157356262
3667.739990234375,0.9710999727249146
3667.860107421875,0.9710999727249146
3667.969970703125,0.9711999893188477
3668.090087890625,0.9713000059127808
3668.2099609375,0.9714000225067139
3668.320068359375,0.9714999794960022
3668.43994140625,0.9714999794960022
3668.56005859375,0.9715999960899353
3668.679931640625,0.9717000126838684
3668.7900390625,0.9718000292778015
3668.909912109375,0.9718999862670898
3669.030029296875,0.9718999862670898
3669.14990234375,0.972000002861023
3669.260009765625,0.972100019454956
3669.3798828125,0.9721999764442444
3669.5,0.9722999930381775
3669.6201171875,0.9722999930381775
3669.72998046875,0.9724000096321106
3669.85009765625,0.9725000262260437
3669.969970703125,0.972599983215332
3670.090087890625,0.9726999998092651
3670.199951171875,0.9726999998092651
3670.320068359375,0.9728000164031982
3670.43994140625,0.9728999733924866
3670.56005859375,0.9729999899864197
3670.669921875,0.9731000065803528
3670.7900390625,0.9731000065803528
3670.909912109375,0.9732000231742859
3671.030029296875,0.9732999801635742
3671.139892578125,0.9733999967575073
3671.260009765625,0.9735000133514404
3671.3798828125,0.9735000133514404
3671.489990234375,0.9735999703407288
3671.610107421875,0.9736999869346619
3671.72998046875,0.973800003528595
3671.85009765625,0.9739000201225281
3671.9599609375,0.9739000201225281
3672.080078125,0.9739999771118164
3672.199951171875,0.9740999937057495
3672.320068359375,0.9742000102996826
3672.429931640625,0.9743000268936157
3672.550048828125,0.9743000268936157
3672.669921875,0.974399983882904
3672.7900390625,0.9745000004768372
3672.909912109375,0.9746000170707703
3673.02001953125,0.9746999740600586
3673.139892578125,0.9746999740600586
3673.260009765625,0.9747999906539917
3673.3798828125,0.9749000072479248
3673.489990234375,0.9750000238418579
3673.610107421875,0.9750999808311462
3673.72998046875,0.9750999808311462
3673.85009765625,0.9751999974250793
3673.9599609375,0.9753000140190125
3674.080078125,0.9753999710083008
3674.199951171875,0.9754999876022339
3674.320068359375,0.9754999876022339
3674.429931640625,0.975600004196167
3674.550048828125,0.9757000207901001
3674.669921875,0.9757999777793884
3674.7900390625,0.9758999943733215
3674.89990234375,0.9758999943733215
3675.02001953125,0.9760000109672546
3675.139892578125,0.9761000275611877
3675.260009765625,0.9761999845504761
3675.3798828125,0.9763000011444092
3675.489990234375,0.9763000011444092
3675.610107421875,0.9764000177383423
3675.72998046875,0.9764999747276306
3675.85009765625,0.9765999913215637
3675.9599609375,0.9767000079154968
3676.080078125,0.9767000079154968
3676.199951171875,0.9768000245094299
3676.320068359375,0.9768999814987183
3676.429931640625,0.9769999980926514
3676.550048828125,0.9771000146865845
3676.669921875,0.9771000146865845
3676.7900390625,0.9771999716758728
3676.89990234375,0.9772999882698059
3677.02001953125,0.977400004863739
3677.139892578125,0.9775000214576721
3677.260009765625,0.9775000214576721
3677.3798828125,0.9775999784469604
3677.489990234375,0.9776999950408936
3677.610107421875,0.9778000116348267
3677.72998046875,0.9779000282287598
3677.840087890625,0.9779000282287598
3677.9599609375,0.9779999852180481
3678.080078125,0.9781000018119812
3678.199951171875,0.9782000184059143
3678.320068359375,0.9782999753952026
3678.429931640625,0.9782999753952026
3678.550048828125,0.9783999919891357
3678.669921875,0.9785000085830688
3678.7900390625,0.978600025177002
3678.89990234375,0.9786999821662903
3679.02001953125,0.9786999821662903
3679.139892578125,0.9787999987602234
3679.260009765625,0.9789000153541565
3679.3701171875,0.9789999723434448
3679.489990234375,0.9790999889373779
3679.610107421875,0.9790999889373779
3679.72998046875,0.979200005531311
3679.85009765625,0.9793000221252441
3679.9599609375,0.9793999791145325
3680.080078125,0.9794999957084656
3680.199951171875,0.9794999957084656
3680.320068359375,0.9796000123023987
3680.429931640625,0.9797000288963318
3680.550048828125,0.9797999858856201
3680.669921875,0.9799000024795532
3680.7900390625,0.9799000024795532
3680.909912109375,0.9800000190734863
3681.02001953125,0.9800999760627747
3681.139892578125,0.9801999926567078
3681.260009765625,0.9803000092506409
3681.3798828125,0.9803000092506409
3681.489990234375,0.980400025844574
3681.610107421875,0.9804999828338623
3681.72998046875,0.9805999994277954
3681.85009765625,0.9807000160217285
3681.969970703125,0.9807000160217285
3682.080078125,0.9807999730110168
3682.199951171875,0.98089998960495
3682.320068359375,0.9810000061988831
3682.43994140625,0.9811000227928162
3682.550048828125,0.9811000227928162
3682.669921875,0.9811999797821045
3682.7900390625,0.9812999963760376
3682.909912109375,0.9814000129699707
3683.030029296875,0.9815000295639038
3683.14990234375,0.9815000295639038
3683.260009765625,0.9815999865531921
3683.3798828125,0.9817000031471252
3683.5,0.9818000197410583
3683.6201171875,0.9818999767303467
3683.72998046875,0.9818999767303467
3683.85009765625,0.9819999933242798
3683.969970703125,0.9821000099182129
3684.090087890625,0.982200026512146
3684.2099609375,0.9822999835014343
3684.320068359375,0.9822999835014343
3684.43994140625,0.9824000000953674
3684.56005859375,0.9825000166893005
3684.679931640625,0.9825999736785889
3684.7900390625,0.982699990272522
3684.909912109375,0.982699990272522
3685.030029296875,0.9828000068664551
3685.14990234375,0.9829000234603882
3685.27001953125,0.9829999804496765
3685.3798828125,0.9830999970436096
3685.5,0.9830999970436096
3685.6201171875,0.9832000136375427
3685.739990234375,0.983299970626831
3685.860107421875,0.9833999872207642
3685.969970703125,0.9835000038146973
3686.090087890625,0.9835000038146973
3686.2099609375,0.9836000204086304
3686.330078125,0.9836999773979187
3686.449951171875,0.9837999939918518
3686.56005859375,0.9839000105857849
3686.679931640625,0.9839000105857849
3686.800048828125,0.984000027179718
3686.919921875,0.9840999841690063
3687.0400390625,0.9842000007629395
3687.159912109375,0.9843000173568726
3687.27001953125,0.9843000173568726
3687.389892578125,0.9843999743461609
3687.510009765625,0.984499990940094
3687.6201171875,0.9846000075340271
3687.739990234375,0.9847000241279602
3687.860107421875,0.9847000241279602
3687.97998046875,0.9847999811172485
3688.10009765625,0.9848999977111816
3688.219970703125,0.9850000143051147
3688.330078125,0.9850999712944031
3688.449951171875,0.9850999712944031
3688.570068359375,0.9851999878883362
3688.68994140625,0.9853000044822693
3688.81005859375,0.9854000210762024
3688.919921875,0.9854999780654907
3689.0400390625,0.9854999780654907
3689.159912109375,0.9855999946594238
3689.280029296875,0.9857000112533569
3689.39990234375,0.98580002784729
3689.510009765625,0.9858999848365784
3689.6298828125,0.9860000014305115
3689.75,0.9860000014305115
3689.8701171875,0.9861000180244446
3689.989990234375,0.9861999750137329
3690.110107421875,0.986299991607666
3690.219970703125,0.9864000082015991
3690.340087890625,0.9864000082015991
3690.4599609375,0.9865000247955322
3690.580078125,0.9865999817848206
3690.68994140625,0.9866999983787537
3690.81005859375,0.9868000149726868
3690.929931640625,0.9868000149726868
3691.050048828125,0.9868999719619751
3691.169921875,0.9869999885559082
3691.280029296875,0.9871000051498413
3691.39990234375,0.9872000217437744
3691.52001953125,0.9872000217437744
3691.639892578125,0.9872999787330627
3691.760009765625,0.9873999953269958
3691.8798828125,0.987500011920929
3691.989990234375,0.9876000285148621
3692.110107421875,0.9876000285148621
3692.22998046875,0.9876999855041504
3692.35009765625,0.9878000020980835
3692.469970703125,0.9879000186920166
3692.590087890625,0.9879999756813049
3692.699951171875,0.9879999756813049
3692.820068359375,0.988099992275238
3692.93994140625,0.9882000088691711
3693.06005859375,0.9883000254631042
3693.179931640625,0.9883999824523926
3693.2900390625,0.9883999824523926
3693.409912109375,0.9884999990463257
3693.530029296875,0.9886000156402588
3693.64990234375,0.9886999726295471
3693.77001953125,0.9887999892234802
3693.8798828125,0.9887999892234802
3694.0,0.9889000058174133
3694.1201171875,0.9890000224113464
3694.239990234375,0.9890999794006348
3694.360107421875,0.9891999959945679
3694.47998046875,0.9891999959945679
3694.590087890625,0.989300012588501
3694.7099609375,0.9894000291824341
3694.830078125,0.9894999861717224
3694.949951171875,0.9896000027656555
3695.070068359375,0.9896000027656555
3695.18994140625,0.9897000193595886
3695.300048828125,0.989799976348877
3695.419921875,0.9898999929428101
3695.5400390625,0.9900000095367432
3695.659912109375,0.9900000095367432
3695.780029296875,0.9901000261306763
3695.89990234375,0.9901999831199646
3696.010009765625,0.9902999997138977
3696.1298828125,0.9904000163078308
3696.25,0.9904000163078308
3696.3701171875,0.9904999732971191
3696.489990234375,0.9905999898910522
3696.60009765625,0.9907000064849854
3696.719970703125,0.9908000230789185
3696.840087890625,0.9908999800682068
3696.9599609375,0.9908999800682068
3697.080078125,0.9909999966621399
3697.18994140625,0.991100013256073
3697.31005859375,0.9911999702453613
3697.429931640625,0.9912999868392944
3697.550048828125,0.9912999868392944
3697.669921875,0.9914000034332275
3697.7900390625,0.9915000200271606
3697.89990234375,0.991599977016449
3698.02001953125,0.9916999936103821
3698.139892578125,0.9916999936103821
3698.260009765625,0.9918000102043152
3698.3798828125,0.9919000267982483
3698.5,0.9919999837875366
3698.6201171875,0.9921000003814697
3698.72998046875,0.9921000003814697
3698.85009765625,0.9922000169754028
3698.969970703125,0.9922999739646912
3699.090087890625,0.9923999905586243
3699.2099609375,0.9925000071525574
3699.330078125,0.9925000071525574
3699.43994140625,0.9926000237464905
3699.56005859375,0.9926999807357788
3699.679931640625,0.9927999973297119
3699.800048828125,0.992900013923645
3699.919921875,0.992900013923645
3700.0400390625,0.9929999709129333
3700.14990234375,0.9929999709129333
3700.27001953125,0.9929999709129333
3700.389892578125,0.9930999875068665
3700.510009765625,0.9930999875068665
3700.6298828125,0.9930999875068665
3700.75,0.9930999875068665
3700.860107421875,0.9930999875068665
3700.97998046875,0.9930999875068665
3701.10009765625,0.9932000041007996
3701.219970703125,0.9932000041007996
3701.340087890625,0.9932000041007996
3701.4599609375,0.9932000041007996
3701.570068359375,0.9932000041007996
3701.68994140625,0.9932000041007996
3701.81005859375,0.9933000206947327
3701.929931640625,0.9933000206947327
3702.050048828125,0.9933000206947327
3702.169921875,0.9933000206947327
3702.2900390625,0.9933000206947327
3702.39990234375,0.9933000206947327
3702.52001953125,0.993399977684021
3702.639892578125,0.993399977684021
3702.760009765625,0.993399977684021
3702.8798828125,0.993399977684021
3703.0,0.993399977684021
3703.1201171875,0.993399977684021
3703.239990234375,0.9934999942779541
3703.35009765625,0.9934999942779541
3703.469970703125,0.9934999942779541
3703.590087890625,0.9934999942779541
3703.7099609375,0.9934999942779541
3703.830078125,0.9934999942779541
3703.93994140625,0.9936000108718872
3704.06005859375,0.9936000108718872
3704.179931640625,0.9936000108718872
3704.300048828125,0.9936000108718872
3704.419921875,0.9936000108718872
3704.5400390625,0.9936000108718872
3704.64990234375,0.9937000274658203
3704.77001953125,0.9937000274658203
3704.889892578125,0.9937000274658203
3705.010009765625,0.9937000274658203
3705.1298828125,0.9937000274658203
3705.25,0.9937000274658203
3705.3701171875,0.9937999844551086
3705.489990234375,0.9937999844551086
3705.60009765625,0.9937999844551086
3705.719970703125,0.9937999844551086
3705.840087890625,0.9937999844551086
3705.9599609375,0.9937999844551086
3706.080078125,0.9939000010490417
3706.199951171875,0.9939000010490417
3706.320068359375,0.9939000010490417
3706.429931640625,0.9939000010490417
3706.550048828125,0.9939000010490417
3706.669921875,0.9939000010490417
3706.7900390625,0.9940000176429749
3706.909912109375,0.9940000176429749
3707.030029296875,0.9940000176429749
3707.14990234375,0.9940000176429749
3707.260009765625,0.9940000176429749
3707.3798828125,0.9940000176429749
3707.5,0.9940000176429749
3707.6201171875,0.9940999746322632
3707.739990234375,0.9940999746322632
3707.860107421875,0.9940999746322632
3707.97998046875,0.9940999746322632
3708.10009765625,0.9940999746322632
3708.2099609375,0.9941999912261963
3708.330078125,0.9941999912261963
3708.449951171875,0.9941999912261963
3708.570068359375,0.9941999912261963
3708.68994140625,0.9941999912261963
3708.81005859375,0.9941999912261963
3708.929931640625,0.9941999912261963
3709.0400390625,0.9943000078201294
3709.159912109375,0.9943000078201294
3709.280029296875,0.9943000078201294
3709.39990234375,0.9943000078201294
3709.52001953125,0.9943000078201294
3709.639892578125,0.9943000078201294
3709.760009765625,0.9944000244140625
3709.8798828125,0.9944000244140625
3710.0,0.9944000244140625
3710.110107421875,0.9944000244140625
3710.22998046875,0.9944000244140625
3710.35009765625,0.9944000244140625
3710.469970703125,0.9944999814033508
3710.590087890625,0.9944999814033508
3710.7099609375,0.9944999814033508
3710.820068359375,0.9944999814033508
3710.93994140625,0.9944999814033508
3711.06005859375,0.9944999814033508
3711.179931640625,0.9945999979972839
3711.300048828125,0.9945999979972839
3711.419921875,0.9945999979972839
3711.5400390625,0.9945999979972839
3711.659912109375,0.9945999979972839
3711.780029296875,0.9945999979972839
3711.889892578125,0.994700014591217
3712.010009765625,0.994700014591217
3712.1298828125,0.994700014591217
3712.25,0.994700014591217
3712.3701171875,0.994700014591217
3712.489990234375,0.994700014591217
3712.610107421875,0.9947999715805054
3712.72998046875,0.9947999715805054
3712.85009765625,0.9947999715805054
3712.9599609375,0.9947999715805054
3713.080078125,0.9947999715805054
3713.199951171875,0.9947999715805054
3713.320068359375,0.9948999881744385
3713.43994140625,0.9948999881744385
3713.56005859375,0.9948999881744385
3713.679931640625,0.9948999881744385
3713.7900390625,0.9948999881744385
3713.909912109375,0.9948999881744385
3714.030029296875,0.9950000047683716
3714.14990234375,0.9950000047683716
3714.27001953125,0.9950000047683716
3714.389892578125,0.9950000047683716
3714.510009765625,0.9950000047683716
3714.6298828125,0.9950000047683716
3714.75,0.9951000213623047
3714.860107421875,0.9951000213623047
3714.97998046875,0.9951000213623047
3715.10009765625,0.9951000213623047
3715.219970703125,0.9951000213623047
3715.340087890625,0.9951000213623047
3715.4599609375,0.995199978351593
3715.580078125,0.995199978351593
3715.699951171875,0.995199978351593
3715.820068359375,0.995199978351593
3715.93994140625,0.995199978351593
3716.050048828125,0.995199978351593
3716.169921875,0.9952999949455261
3716.2900390625,0.9952999949455261
3716.409912109375,0.9952999949455261
3716.530029296875,0.9952999949455261
3716.64990234375,0.9952999949455261
3716.77001953125,0.9952999949455261
3716.8798828125,0.9954000115394592
3717.0,0.9954000115394592
3717.1201171875,0.9954000115394592
3717.239990234375,0.9954000115394592
3717.360107421875,0.9954000115394592
3717.47998046875,0.9954000115394592
3717.60009765625,0.9955000281333923
3717.719970703125,0.9955000281333923
3717.840087890625,0.9955000281333923
3717.9599609375,0.9955000281333923
3718.080078125,0.9955000281333923
3718.18994140625,0.9955000281333923
3718.31005859375,0.9955999851226807
3718.429931640625,0.9955999851226807
3718.550048828125,0.9955999851226807
3718.669921875,0.9955999851226807
3718.7900390625,0.9955999851226807
3718.909912109375,0.9955999851226807
3719.030029296875,0.9957000017166138
3719.14990234375,0.9957000017166138
3719.27001953125,0.9957000017166138
3719.3798828125,0.9957000017166138
3719.5,0.9957000017166138
3719.6201171875,0.9957000017166138
3719.739990234375,0.9958000183105469
3719.860107421875,0.9958000183105469
3719.97998046875,0.9958000183105469
3720.10009765625,0.9958000183105469
3720.219970703125,0.9958000183105469
3720.340087890625,0.9958000183105469
3720.449951171875,0.9958999752998352
3720.570068359375,0.9958999752998352
3720.68994140625,0.9958999752998352
3720.81005859375,0.9958999752998352
3720.929931640625,0.9958999752998352
3721.050048828125,0.9958999752998352
3721.169921875,0.9959999918937683
3721.2900390625,0.9959999918937683
3721.409912109375,0.9959999918937683
3721.530029296875,0.9959999918937683
3721.64990234375,0.9959999918937683
3721.77001953125,0.9959999918937683
3721.8798828125,0.9961000084877014
3722.0,0.9961000084877014
3722.1201171875,0.9961000084877014
3722.239990234375,0.9961000084877014
3722.360107421875,0.9961000084877014
3722.47998046875,0.9961000084877014
3722.60009765625,0.9962000250816345
3722.719970703125,0.9962000250816345
3722.840087890625,0.9962000250816345
3722.9599609375,0.9962000250816345
3723.070068359375,0.9962000250816345
3723.18994140625,0.9962000250816345
3723.31005859375,0.9962999820709229
3723.429931640625,0.9962999820709229
3723.550048828125,0.9962999820709229
3723.669921875,0.9962999820709229
3723.7900390625,0.9962999820709229
3723.909912109375,0.9962999820709229
3724.030029296875,0.996399998664856
3724.14990234375,0.996399998664856
3724.27001953125,0.996399998664856
3724.389892578125,0.996399998664856
3724.5,0.996399998664856
3724.6201171875,0.996399998664856
3724.739990234375,0.9965000152587891
3724.860107421875,0.9965000152587891
3724.97998046875,0.9965000152587891
3725.10009765625,0.9965000152587891
3725.219970703125,0.9965000152587891
3725.340087890625,0.9965000152587891
3725.4599609375,0.9965999722480774
3725.580078125,0.9965999722480774
3725.699951171875,0.9965999722480774
3725.820068359375,0.9965999722480774
3725.93994140625,0.9965999722480774
3726.050048828125,0.9965999722480774
3726.179931640625,0.9966999888420105
3726.2900390625,0.9966999888420105
3726.409912109375,0.9966999888420105
3726.530029296875,0.9966999888420105
3726.64990234375,0.9966999888420105
3726.77001953125,0.9966999888420105
3726.889892578125,0.9968000054359436
3727.010009765625,0.9968000054359436
3727.1298828125,0.9968000054359436
3727.25,0.9968000054359436
3727.3701171875,0.9968000054359436
3727.47998046875,0.9968000054359436
3727.60009765625,0.9969000220298767
3727.719970703125,0.9969000220298767
3727.840087890625,0.9969000220298767
3727.9599609375,0.9969000220298767
3728.080078125,0.9969000220298767
3728.199951171875,0.9969000220298767
3728.320068359375,0.996999979019165
3728.43994140625,0.996999979019165
3728.56005859375,0.996999979019165
3728.679931640625,0.996999979019165
3728.800048828125,0.996999979019165
3728.919921875,0.996999979019165
3729.0400390625,0.9970999956130981
3729.159912109375,0.9970999956130981
3729.280029296875,0.9970999956130981
3729.389892578125,0.9970999956130981
3729.52001953125,0.9970999956130981
3729.6298828125,0.9970999956130981
3729.75,0.9972000122070312
3729.8701171875,0.9972000122070312
3729.989990234375,0.9972000122070312
3730.110107421875,0.9972000122070312
3730.22998046875,0.9972000122070312
3730.35009765625,0.9972000122070312
3730.469970703125,0.9973000288009644
3730.590087890625,0.9973000288009644
3730.7099609375,0.9973000288009644
3730.830078125,0.9973000288009644
3730.93994140625,0.9973000288009644
3731.070068359375,0.9973000288009644
3731.179931640625,0.9973999857902527
3731.300048828125,0.9973999857902527
3731.419921875,0.9973999857902527
3731.5400390625,0.9973999857902527
3731.659912109375,0.9973999857902527
3731.780029296875,0.9973999857902527
3731.89990234375,0.9975000023841858
3732.02001953125,0.9975000023841858
3732.139892578125,0.9975000023841858
3732.260009765625,0.9975000023841858
3732.3798828125,0.9975000023841858
3732.5,0.9976000189781189
3732.6201171875,0.9976000189781189
3732.739990234375,0.9976000189781189
3732.860107421875,0.9976000189781189
3732.97998046875,0.9976000189781189
3733.090087890625,0.9976000189781189
3733.2099609375,0.9976000189781189
3733.330078125,0.9976999759674072
3733.449951171875,0.9976999759674072
3733.570068359375,0.9976999759674072
3733.68994140625,0.9976999759674072
3733.81005859375,0.9976999759674072
3733.929931640625,0.9977999925613403
3734.050048828125,0.9977999925613403
3734.169921875,0.9977999925613403
3734.2900390625,0.9977999925613403
3734.409912109375,0.9977999925613403
3734.530029296875,0.9977999925613403
3734.64990234375,0.9979000091552734
3734.77001953125,0.9979000091552734
3734.889892578125,0.9979000091552734
3735.010009765625,0.9979000091552734
3735.1298828125,0.9979000091552734
3735.25,0.9979000091552734
3735.3701171875,0.9980000257492065
3735.489990234375,0.9980000257492065
3735.610107421875,0.9980000257492065
3735.719970703125,0.9980000257492065
3735.85009765625,0.9980000257492065
3735.9599609375,0.9980000257492065
3736.080078125,0.9980999827384949
3736.199951171875,0.9980999827384949
3736.320068359375,0.9980999827384949
3736.43994140625,0.9980999827384949
3736.56005859375,0.9980999827384949
3736.679931640625,0.9980999827384949
3736.800048828125,0.998199999332428
3736.919921875,0.998199999332428
3737.0400390625,0.998199999332428
3737.159912109375,0.998199999332428
3737.280029296875,0.998199999332428
3737.39990234375,0.998199999332428
3737.52001953125,0.9983000159263611
3737.639892578125,0.9983000159263611
3737.760009765625,0.9983000159263611
3737.8798828125,0.9983000159263611
3738.0,0.9983000159263611
3738.1201171875,0.9983000159263611
3738.239990234375,0.9983999729156494
3738.360107421875,0.9983999729156494
3738.47998046875,0.9983999729156494
3738.590087890625,0.9983999729156494
3738.7099609375,0.9983999729156494
3738.830078125,0.9983999729156494
3738.949951171875,0.9984999895095825
3739.070068359375,0.9984999895095825
3739.18994140625,0.9984999895095825
3739.31005859375,0.9984999895095825
3739.429931640625,0.9984999895095825
3739.550048828125,0.9984999895095825
3739.669921875,0.9986000061035156
3739.7900390625,0.9986000061035156
3739.909912109375,0.9986000061035156
3740.030029296875,0.9986000061035156
3740.14990234375,0.9986000061035156
3740.27001953125,0.9986000061035156
3740.389892578125,0.9987000226974487
3740.510009765625,0.9987000226974487
3740.6298828125,0.9987000226974487
3740.75,0.9987000226974487
3740.8701171875,0.9987000226974487
3740.989990234375,0.9987000226974487
3741.110107421875,0.9987999796867371
3741.22998046875,0.9987999796867371
3741.35009765625,0.9987999796867371
3741.469970703125,0.9987999796867371
3741.590087890625,0.9987999796867371
3741.7099609375,0.9987999796867371
3741.830078125,0.9988999962806702
3741.949951171875,0.9988999962806702
3742.06005859375,0.9988999962806702
3742.18994140625,0.9988999962806702
3742.31005859375,0.9988999962806702
3742.419921875,0.9988999962806702
3742.550048828125,0.9990000128746033
3742.659912109375,0.9990000128746033
3742.780029296875,0.9990000128746033
3742.89990234375,0.9990000128746033
3743.02001953125,0.9990000128746033
3743.139892578125,0.9990000128746033
3743.260009765625,0.9991000294685364
3743.3798828125,0.9991000294685364
3743.5,0.9991000294685364
3743.6201171875,0.9991000294685364
3743.739990234375,0.9991000294685364
3743.860107421875,0.9991000294685364
3743.97998046875,0.9991999864578247
3744.10009765625,0.9991999864578247
3744.219970703125,0.9991999864578247
3744.340087890625,0.9991999864578247
3744.4599609375,0.9991999864578247
3744.580078125,0.9991999864578247
3744.699951171875,0.9993000030517578
3744.820068359375,0.9993000030517578
3744.93994140625,0.9993000030517578
3745.06005859375,0.9993000030517578
3745.179931640625,0.9993000030517578
3745.300048828125,0.9993000030517578
3745.419921875,0.9994000196456909
3745.5400390625,0.9994000196456909
3745.659912109375,0.9994000196456909
3745.780029296875,0.9994000196456909
3745.89990234375,0.9994000196456909
3746.02001953125,0.9994000196456909
3746.139892578125,0.9994999766349792
3746.260009765625,0.9994999766349792
3746.3798828125,0.9994999766349792
3746.5,0.9994999766349792
3746.6201171875,0.9994999766349792
3746.739990234375,0.9994999766349792
3746.860107421875,0.9995999932289124
3746.97998046875,0.9995999932289124
3747.10009765625,0.9995999932289124
3747.219970703125,0.9995999932289124
3747.340087890625,0.9995999932289124
3747.4599609375,0.9995999932289124
3747.580078125,0.9997000098228455
3747.699951171875,0.9997000098228455
3747.820068359375,0.9997000098228455
3747.93994140625,0.9997000098228455
3748.06005859375,0.9997000098228455
3748.179931640625,0.9997000098228455
3748.300048828125,0.9998000264167786
3748.419921875,0.9998000264167786
3748.5400390625,0.9998000264167786
3748.659912109375,0.9998000264167786
3748.780029296875,0.9998000264167786
3748.89990234375,0.9998000264167786
3749.02001953125,0.9998999834060669
3749.139892578125,0.9998999834060669
3749.260009765625,0.9998999834060669
3749.3798828125,0.9998999834060669
3749.489990234375,0.9998999834060669
3749.6201171875,0.9998999834060669
3749.739990234375,1.0
3749.85009765625,1.0
3749.97998046875,1.0
3750.10009765625,1.0
3750.2099609375,0.9998999834060669
3750.340087890625,0.9998000264167786
3750.4599609375,0.9998000264167786
3750.580078125,0.9997000098228455
3750.699951171875,0.9997000098228455
3750.820068359375,0.9995999932289124
3750.93994140625,0.9994999766349792
3751.06005859375,0.9994999766349792
3751.179931640625,0.9994000196456909
3751.300048828125,0.9994000196456909
3751.419921875,0.9993000030517578
3751.5400390625,0.9991999864578247
3751.659912109375,0.9991999864578247
3751.780029296875,0.9991000294685364
3751.89990234375,0.9991000294685364
3752.02001953125,0.9990000128746033
3752.139892578125,0.9988999962806702
3752.260009765625,0.9988999962806702
3752.3798828125,0.9987999796867371
3752.5,0.9987999796867371
3752.6201171875,0.9987000226974487
3752.739990234375,0.9986000061035156
3752.860107421875,0.9986000061035156
3752.97998046875,0.9984999895095825
3753.10009765625,0.9984999895095825
3753.219970703125,0.9983999729156494
3753.340087890625,0.9983000159263611
3753.4599609375,0.9983000159263611
3753.580078125,0.998199999332428
3753.699951171875,0.998199999332428
3753.820068359375,0.9980999827384949
3753.93994140625,0.9980000257492065
3754.06005859375,0.9980000257492065
3754.179931640625,0.9979000091552734
3754.300048828125,0.9979000091552734
3754.419921875,0.9977999925613403
3754.5400390625,0.9976999759674072
3754.659912109375,0.9976999759674072
3754.780029296875,0.9976000189781189
3754.89990234375,0.9976000189781189
3755.02001953125,0.9975000023841858
3755.139892578125,0.9973999857902527
3755.260009765625,0.9973999857902527
3755.3798828125,0.9973000288009644
3755.5,0.9972000122070312
3755.6201171875,0.9972000122070312
3755.739990234375,0.9970999956130981
3755.860107421875,0.9970999956130981
3755.97998046875,0.996999979019165
3756.10009765625,0.996999979019165
3756.219970703125,0.9969000220298767
3756.340087890625,0.9968000054359436
3756.4599609375,0.9968000054359436
3756.580078125,0.9966999888420105
3756.699951171875,0.9965999722480774
3756.820068359375,0.9965999722480774
3756.93994140625,0.9965000152587891
3757.06005859375,0.9965000152587891
3757.179931640625,0.996399998664856
3757.300048828125,0.9962999820709229
3757.419921875,0.9962999820709229
3757.5400390625,0.9962000250816345
3757.659912109375,0.9962000250816345
3757.780029296875,0.9961000084877014
3757.89990234375,0.9959999918937683
3758.02001953125,0.9959999918937683
3758.14990234375,0.9958999752998352
3758.27001953125,0.9958999752998352
3758.3798828125,0.9958000183105469
3758.510009765625,0.9957000017166138
3758.6298828125,0.9957000017166138
3758.75,0.9955999851226807
3758.8701171875,0.9955999851226807
3758.989990234375,0.9955000281333923
3759.110107421875,0.9954000115394592
3759.22998046875,0.9954000115394592
3759.35009765625,0.9952999949455261
3759.469970703125,0.9952999949455261
3759.590087890625,0.995199978351593
3759.7099609375,0.9951000213623047
3759.830078125,0.9951000213623047
3759.949951171875,0.9950000047683716
3760.070068359375,0.9950000047683716
3760.18994140625,0.9948999881744385
3760.31005859375,0.9947999715805054
3760.429931640625,0.9947999715805054
3760.550048828125,0.994700014591217
3760.669921875,0.994700014591217
3760.7900390625,0.9945999979972839
3760.909912109375,0.9944999814033508
3761.030029296875,0.9944999814033508
3761.14990234375,0.9944000244140625
3761.27001953125,0.9944000244140625
3761.389892578125,0.9943000078201294
3761.510009765625,0.9941999912261963
3761.6298828125,0.9941999912261963
3761.75,0.9940999746322632
3761.8798828125,0.9940999746322632
3762.0,0.9940000176429749
3762.110107421875,0.9939000010490417
3762.239990234375,0.9939000010490417
3762.360107421875,0.9937999844551086
3762.47998046875,0.9937999844551086
3762.590087890625,0.9937000274658203
3762.719970703125,0.9936000108718872
3762.840087890625,0.9936000108718872
3762.9599609375,0.9934999942779541
3763.080078125,0.9934999942779541
3763.199951171875,0.993399977684021
3763.320068359375,0.9933000206947327
3763.43994140625,0.9933000206947327
3763.56005859375,0.9932000041007996
3763.679931640625,0.9932000041007996
3763.800048828125,0.9930999875068665
3763.919921875,0.9929999709129333
3764.0400390625,0.9929999709129333
3764.159912109375,0.992900013923645
3764.280029296875,0.992900013923645
3764.39990234375,0.9927999973297119
3764.52001953125,0.9926999807357788
3764.639892578125,0.9926999807357788
3764.760009765625,0.9926000237464905
3764.889892578125,0.9926000237464905
3765.010009765625,0.9925000071525574
3765.1298828125,0.9923999905586243
3765.25,0.9923999905586243
3765.3701171875,0.9922999739646912
3765.489990234375,0.9922999739646912
3765.610107421875,0.9922000169754028
3765.72998046875,0.9921000003814697
3765.85009765625,0.9921000003814697
3765.969970703125,0.9919999837875366
3766.090087890625,0.9919999837875366
3766.2099609375,0.9919000267982483
3766.330078125,0.9918000102043152
3766.449951171875,0.9918000102043152
3766.570068359375,0.9916999936103821
3766.68994140625,0.9916999936103821
3766.81005859375,0.991599977016449
3766.929931640625,0.9915000200271606
3767.050048828125,0.9915000200271606
3767.169921875,0.9914000034332275
3767.2900390625,0.9914000034332275
3767.409912109375,0.9912999868392944
3767.5400390625,0.9911999702453613
3767.659912109375,0.9911999702453613
3767.780029296875,0.991100013256073
3767.89990234375,0.991100013256073
3768.02001953125,0.9909999966621399
3768.139892578125,0.9908999800682068
3768.260009765625,0.9908999800682068
3768.3798828125,0.9908000230789185
3768.5,0.9908000230789185
3768.6201171875,0.9907000064849854
3768.739990234375,0.9905999898910522
3768.860107421875,0.9905999898910522
3768.97998046875,0.9904999732971191
3769.10009765625,0.9904000163078308
3769.219970703125,0.9904000163078308
3769.340087890625,0.9902999997138977
3769.4599609375,0.9902999997138977
3769.580078125,0.9901999831199646
3769.7099609375,0.9901000261306763
3769.830078125,0.9901000261306763
3769.949951171875,0.9900000095367432
3770.070068359375,0.9900000095367432
3770.18994140625,0.9898999929428101
3770.31005859375,0.989799976348877
3770.429931640625,0.989799976348877
3770.550048828125,0.9897000193595886
3770.669921875,0.9897000193595886
3770.7900390625,0.9896000027656555
3770.909912109375,0.9894999861717224
3771.030029296875,0.9894999861717224
3771.14990234375,0.9894000291824341
3771.280029296875,0.9894000291824341
3771.39990234375,0.989300012588501
3771.52001953125,0.9891999959945679
3771.639892578125,0.9891999959945679
3771.760009765625,0.9890999794006348
3771.8798828125,0.9890999794006348
3772.0,0.9890000224113464
3772.1201171875,0.9889000058174133
3772.239990234375,0.9889000058174133
3772.360107421875,0.9887999892234802
3772.47998046875,0.9887999892234802
3772.60009765625,0.9886999726295471
3772.719970703125,0.9886000156402588
3772.840087890625,0.9886000156402588
3772.9599609375,0.9884999990463257
3773.090087890625,0.9884999990463257
3773.2099609375,0.9883999824523926
3773.330078125,0.9883000254631042
3773.449951171875,0.9883000254631042
3773.570068359375,0.9882000088691711
3773.68994140625,0.9882000088691711
3773.81005859375,0.988099992275238
3773.929931640625,0.9879999756813049
3774.050048828125,0.9879999756813049
3774.169921875,0.9879000186920166
3774.2900390625,0.9879000186920166
3774.409912109375,0.9878000020980835
3774.530029296875,0.9876999855041504
3774.659912109375,0.9876999855041504
3774.780029296875,0.9876000285148621
3774.89990234375,0.9876000285148621
3775.02001953125,0.987500011920929
3775.139892578125,0.9873999953269958
3775.260009765625,0.9873999953269958
3775.3798828125,0.9872999787330627
3775.5,0.9872000217437744
3775.6201171875,0.9872000217437744
3775.739990234375,0.9871000051498413
3775.860107421875,0.9871000051498413
3775.97998046875,0.9869999885559082
3776.10009765625,0.9868999719619751
3776.219970703125,0.9868999719619751
3776.340087890625,0.9868000149726868
3776.469970703125,0.9868000149726868
3776.590087890625,0.9866999983787537
3776.7099609375,0.9865999817848206
3776.830078125,0.9865999817848206
3776.949951171875,0.9865000247955322
3777.070068359375,0.9865000247955322
3777.18994140625,0.9864000082015991
3777.31005859375,0.986299991607666
3777.429931640625,0.986299991607666
3777.550048828125,0.9861999750137329
3777.679931640625,0.9861999750137329
3777.800048828125,0.9861000180244446
3777.919921875,0.9860000014305115
3778.0400390625,0.9860000014305115
3778.159912109375,0.9858999848365784
3778.280029296875,0.9858999848365784
3778.39990234375,0.98580002784729
3778.52001953125,0.9857000112533569
3778.639892578125,0.9857000112533569
3778.77001953125,0.9855999946594238
3778.889892578125,0.9855999946594238
3779.010009765625,0.9854999780654907
3779.1298828125,0.9854000210762024
3779.25,0.9854000210762024
3779.3701171875,0.9853000044822693
3779.489990234375,0.9853000044822693
3779.610107421875,0.9851999878883362
3779.72998046875,0.9850999712944031
3779.85009765625,0.9850999712944031
3779.969970703125,0.9850000143051147
3780.090087890625,0.9850000143051147
3780.219970703125,0.9848999977111816
3780.340087890625,0.9847999811172485
3780.4599609375,0.9847999811172485
3780.580078125,0.9847000241279602
3780.699951171875,0.9846000075340271
3780.820068359375,0.9846000075340271
3780.93994140625,0.984499990940094
3781.06005859375,0.984499990940094
3781.179931640625,0.9843999743461609
3781.300048828125,0.9843000173568726
3781.429931640625,0.9843000173568726
3781.550048828125,0.9842000007629395
3781.669921875,0.9842000007629395
3781.7900390625,0.9840999841690063
3781.909912109375,0.984000027179718
3782.030029296875,0.984000027179718
3782.14990234375,0.9839000105857849
3782.27001953125,0.9839000105857849
3782.389892578125,0.9837999939918518
3782.510009765625,0.9836999773979187
3782.6298828125,0.9836999773979187
3782.75,0.9836000204086304
3782.8798828125,0.9836000204086304
3783.0,0.9835000038146973
3783.1201171875,0.9833999872207642
3783.239990234375,0.9833999872207642
3783.360107421875,0.983299970626831
3783.47998046875,0.983299970626831
3783.60009765625,0.9832000136375427
3783.719970703125,0.9830999970436096
3783.840087890625,0.9830999970436096
3783.969970703125,0.9829999804496765
3784.090087890625,0.9829999804496765
3784.2099609375,0.9829000234603882
3784.330078125,0.9828000068664551
3784.449951171875,0.9828000068664551
3784.570068359375,0.982699990272522
3784.68994140625,0.982699990272522
3784.81005859375,0.9825999736785889
3784.93994140625,0.9825000166893005
3785.06005859375,0.9825000166893005
3785.179931640625,0.9824000000953674
3785.300048828125,0.9824000000953674
3785.419921875,0.9822999835014343
3785.5400390625,0.982200026512146
3785.659912109375,0.982200026512146
3785.780029296875,0.9821000099182129
3785.89990234375,0.9819999933242798
3786.02001953125,0.9819999933242798
3786.14990234375,0.9818999767303467
3786.27001953125,0.9818999767303467
3786.389892578125,0.9818000197410583
3786.510009765625,0.9817000031471252
3786.6298828125,0.9817000031471252
3786.75,0.9815999865531921
3786.8701171875,0.9815999865531921
3787.0,0.9815000295639038
3787.1201171875,0.9814000129699707
3787.239990234375,0.9814000129699707
3787.360107421875,0.9812999963760376
3787.47998046875,0.9812999963760376
3787.60009765625,0.9811999797821045
3787.719970703125,0.9811000227928162
3787.840087890625,0.9811000227928162
3787.9599609375,0.9810000061988831
3788.080078125,0.9810000061988831
3788.2099609375,0.98089998960495
3788.330078125,0.9807999730110168
3788.449951171875,0.9807999730110168
3788.570068359375,0.9807000160217285
3788.68994140625,0.9807000160217285
3788.81005859375,0.9805999994277954
3788.93994140625,0.9804999828338623
3789.050048828125,0.9804999828338623
3789.169921875,0.980400025844574
3789.300048828125,0.980400025844574
3789.419921875,0.9803000092506409
3789.5400390625,0.9801999926567078
3789.659912109375,0.9801999926567078
3789.780029296875,0.9800999760627747
3789.89990234375,0.9800000190734863
3790.030029296875,0.9800000190734863
3790.14990234375,0.9799000024795532
3790.27001953125,0.9799000024795532
3790.389892578125,0.9797999858856201
3790.510009765625,0.9797000288963318
3790.6298828125,0.9797000288963318
3790.75,0.9796000123023987
3790.8701171875,0.9796000123023987
3791.0,0.9794999957084656
3791.1201171875,0.9793999791145325
3791.239990234375,0.9793999791145325
3791.360107421875,0.9793000221252441
3791.47998046875,0.9793000221252441
3791.60009765625,0.979200005531311
3791.719970703125,0.9790999889373779
3791.840087890625,0.9790999889373779
3791.969970703125,0.9789999723434448
3792.090087890625,0.9789999723434448
3792.2099609375,0.9789000153541565
3792.330078125,0.9787999987602234
3792.449951171875,0.9787999987602234
3792.570068359375,0.9786999821662903
3792.68994140625,0.9786999821662903
3792.81005859375,0.978600025177002
3792.93994140625,0.9785000085830688
3793.06005859375,0.9785000085830688
3793.179931640625,0.9783999919891357
3793.300048828125,0.9783999919891357
3793.419921875,0.9782999753952026
3793.5400390625,0.9782000184059143
3793.659912109375,0.9782000184059143
3793.7900390625,0.9781000018119812
3793.909912109375,0.9779999852180481
3794.030029296875,0.9779999852180481
3794.14990234375,0.9779000282287598
3794.27001953125,0.9779000282287598
3794.389892578125,0.9778000116348267
3794.52001953125,0.9776999950408936
3794.639892578125,0.9776999950408936
3794.760009765625,0.9775999784469604
3794.8798828125,0.9775999784469604
3795.0,0.9775000214576721
3795.1201171875,0.977400004863739
3795.239990234375,0.977400004863739
3795.3701171875,0.9772999882698059
3795.489990234375,0.9772999882698059
3795.610107421875,0.9771999716758728
3795.72998046875,0.9771000146865845
3795.85009765625,0.9771000146865845
3795.969970703125,0.9769999980926514
3796.090087890625,0.9769999980926514
3796.2099609375,0.9768999814987183
3796.330078125,0.9768000245094299
3796.4599609375,0.9768000245094299
3796.580078125,0.9767000079154968
3796.699951171875,0.9765999913215637
3796.820068359375,0.9765999913215637
3796.93994140625,0.9764999747276306
3797.06005859375,0.9764999747276306
3797.18994140625,0.9764000177383423
3797.31005859375,0.9763000011444092
3797.429931640625,0.9763000011444092
3797.550048828125,0.9761999845504761
3797.669921875,0.9761999845504761
3797.7900390625,0.9761000275611877
3797.919921875,0.9760000109672546
3798.0400390625,0.9760000109672546
3798.159912109375,0.9758999943733215
3798.280029296875,0.9758999943733215
3798.39990234375,0.9757999777793884
3798.52001953125,0.9757000207901001
3798.64990234375,0.9757000207901001
3798.77001953125,0.975600004196167
3798.889892578125,0.975600004196167
3799.010009765625,0.9754999876022339
3799.1298828125,0.9753999710083008
3799.25,0.9753999710083008
3799.3701171875,0.9753000140190125
3799.5,0.9753000140190125
3799.6201171875,0.9751999974250793
3799.739990234375,0.9750999808311462
3799.860107421875,0.9750999808311462
3799.97998046875,0.9750000238418579
3800.10009765625,0.9746999740600586
3800.22998046875,0.974399983882904
3800.35009765625,0.9740999937057495
3800.469970703125,0.973800003528595
3800.590087890625,0.9735000133514404
3800.7099609375,0.9732000231742859
3800.830078125,0.9728999733924866
3800.9599609375,0.972599983215332
3801.080078125,0.9722999930381775
3801.199951171875,0.972000002861023
3801.320068359375,0.9717000126838684
3801.43994140625,0.9714000225067139
3801.56005859375,0.9710999727249146
3801.679931640625,0.97079998254776
3801.81005859375,0.9704999923706055
3801.929931640625,0.9702000021934509
3802.050048828125,0.9699000120162964
3802.169921875,0.9696000218391418
3802.2900390625,0.9692999720573425
3802.409912109375,0.968999981880188
3802.5400390625,0.9686999917030334
3802.659912109375,0.9684000015258789
3802.780029296875,0.9681000113487244
3802.89990234375,0.9677000045776367
3803.02001953125,0.9674000144004822
3803.139892578125,0.9671000242233276
3803.27001953125,0.9667999744415283
3803.389892578125,0.9664999842643738
3803.510009765625,0.9661999940872192
3803.6298828125,0.9659000039100647
3803.75,0.9656000137329102
3803.8701171875,0.9653000235557556
3804.0,0.9649999737739563
3804.1201171875,0.9646999835968018
3804.239990234375,0.9643999934196472
3804.360107421875,0.9641000032424927
3804.47998046875,0.9638000130653381
3804.610107421875,0.9635000228881836
3804.72998046875,0.9631999731063843
3804.85009765625,0.9628999829292297
3804.969970703125,0.9625999927520752
3805.090087890625,0.9623000025749207
3805.219970703125,0.9620000123977661
3805.340087890625,0.9617000222206116
3805.4599609375,0.9613999724388123
3805.580078125,0.9610999822616577
3805.699951171875,0.9607999920845032
3805.820068359375,0.9603999853134155
3805.93994140625,0.960099995136261
3806.070068359375,0.9598000049591064
3806.18994140625,0.9595000147819519
3806.31005859375,0.9592000246047974
3806.429931640625,0.958899974822998
3806.550048828125,0.9585999846458435
3806.679931640625,0.958299994468689
3806.800048828125,0.9580000042915344
3806.919921875,0.9577000141143799
3807.0400390625,0.9574000239372253
3807.159912109375,0.957099974155426
3807.280029296875,0.9567999839782715
3807.409912109375,0.9564999938011169
3807.530029296875,0.9562000036239624
3807.64990234375,0.9559000134468079
3807.77001953125,0.9556000232696533
3807.889892578125,0.955299973487854
3808.02001953125,0.9549999833106995
3808.139892578125,0.9546999931335449
3808.260009765625,0.9542999863624573
3808.3798828125,0.9539999961853027
3808.5,0.9537000060081482
3808.6298828125,0.9534000158309937
3808.75,0.9531000256538391
3808.8701171875,0.9527999758720398
3808.989990234375,0.9524999856948853
3809.110107421875,0.9521999955177307
3809.22998046875,0.9519000053405762
3809.360107421875,0.9516000151634216
3809.47998046875,0.9513000249862671
3809.60009765625,0.9509999752044678
3809.719970703125,0.9506999850273132
3809.840087890625,0.9503999948501587
3809.9599609375,0.9501000046730042
3810.090087890625,0.9498000144958496
3810.2099609375,0.9495000243186951
3810.330078125,0.9491999745368958
3810.449951171875,0.9488999843597412
3810.580078125,0.9485999941825867
3810.699951171875,0.9483000040054321
3810.820068359375,0.9480000138282776
3810.93994140625,0.9476000070571899
3811.06005859375,0.9473000168800354
3811.18994140625,0.9470000267028809
3811.31005859375,0.9466999769210815
3811.429931640625,0.946399986743927
3811.550048828125,0.9460999965667725
3811.669921875,0.9458000063896179
3811.800048828125,0.9455000162124634
3811.919921875,0.9452000260353088
3812.0400390625,0.9448999762535095
3812.159912109375,0.944599986076355
3812.280029296875,0.9442999958992004
3812.39990234375,0.9440000057220459
3812.530029296875,0.9437000155448914
3812.64990234375,0.9434000253677368
3812.77001953125,0.9430999755859375
3812.889892578125,0.942799985408783
3813.010009765625,0.9424999952316284
3813.139892578125,0.9422000050544739
3813.260009765625,0.9419000148773193
3813.3798828125,0.9416000247001648
3813.5,0.9412000179290771
3813.6201171875,0.9409000277519226
3813.75,0.9405999779701233
3813.8701171875,0.9402999877929688
3813.989990234375,0.9399999976158142
3814.110107421875,0.9397000074386597
3814.239990234375,0.9394000172615051
3814.360107421875,0.9391000270843506
3814.47998046875,0.9387999773025513
3814.60009765625,0.9384999871253967
3814.719970703125,0.9381999969482422
3814.85009765625,0.9379000067710876
3814.969970703125,0.9376000165939331
3815.090087890625,0.9373000264167786
3815.2099609375,0.9369999766349792
3815.340087890625,0.9366999864578247
3815.4599609375,0.9363999962806702
3815.580078125,0.9361000061035156
3815.699951171875,0.9358000159263611
3815.820068359375,0.9354000091552734
3815.93994140625,0.9351000189781189
3816.06005859375,0.9348000288009644
3816.18994140625,0.934499979019165
3816.31005859375,0.9341999888420105
3816.429931640625,0.933899998664856
3816.550048828125,0.9336000084877014
3816.679931640625,0.9333000183105469
3816.800048828125,0.9330000281333923
3816.919921875,0.932699978351593
3817.0400390625,0.9323999881744385
3817.159912109375,0.9320999979972839
3817.2900390625,0.9318000078201294
3817.409912109375,0.9315000176429749
3817.530029296875,0.9312000274658203
3817.64990234375,0.930899977684021
3817.780029296875,0.9305999875068665
3817.89990234375,0.9302999973297119
3818.02001953125,0.9298999905586243
3818.139892578125,0.9296000003814697
3818.260009765625,0.9293000102043152
3818.389892578125,0.9290000200271606
3818.510009765625,0.9286999702453613
3818.6298828125,0.9283999800682068
3818.760009765625,0.9280999898910522
3818.8798828125,0.9277999997138977
3819.0,0.9275000095367432
3819.1201171875,0.9272000193595886
3819.239990234375,0.9269000291824341
3819.360107421875,0.9265999794006348
3819.47998046875,0.9262999892234802
3819.610107421875,0.9259999990463257
3819.72998046875,0.9257000088691711
3819.85009765625,0.9254000186920166
3819.97998046875,0.9251000285148621
3820.10009765625,0.9247999787330627
3820.219970703125,0.9244999885559082
3820.340087890625,0.9240999817848206
3820.4599609375,0.923799991607666
3820.590087890625,0.9235000014305115
3820.7099609375,0.9232000112533569
3820.830078125,0.9229000210762024
3820.949951171875,0.9225999712944031
3821.080078125,0.9222999811172485
3821.199951171875,0.921999990940094
3821.320068359375,0.9217000007629395
3821.43994140625,0.9214000105857849
3821.570068359375,0.9211000204086304
3821.68994140625,0.920799970626831
3821.81005859375,0.9204999804496765
3821.929931640625,0.920199990272522
3822.050048828125,0.9199000000953674
3822.179931640625,0.9196000099182129
3822.300048828125,0.9193000197410583
3822.419921875,0.9190000295639038
3822.5400390625,0.9186000227928162
3822.659912109375,0.9182999730110168
3822.7900390625,0.9179999828338623
3822.909912109375,0.9176999926567078
3823.030029296875,0.9174000024795532
3823.14990234375,0.9171000123023987
3823.280029296875,0.9168000221252441
3823.39990234375,0.9164999723434448
3823.52001953125,0.9161999821662903
3823.64990234375,0.9158999919891357
3823.77001953125,0.9156000018119812
3823.889892578125,0.9153000116348267
3824.010009765625,0.9150000214576721
3824.1298828125,0.9146999716758728
3824.260009765625,0.9143999814987183
3824.3798828125,0.9140999913215637
3824.5,0.9136999845504761
3824.6201171875,0.9133999943733215
3824.75,0.913100004196167
3824.8701171875,0.9128000140190125
3824.989990234375,0.9125000238418579
3825.110107421875,0.9121999740600586
3825.239990234375,0.911899983882904
3825.360107421875,0.9115999937057495
3825.47998046875,0.911300003528595
3825.60009765625,0.9110000133514404
3825.719970703125,0.9107000231742859
3825.85009765625,0.9103999733924866
3825.969970703125,0.910099983215332
3826.090087890625,0.9097999930381775
3826.2099609375,0.909500002861023
3826.340087890625,0.9092000126838684
3826.4599609375,0.9089000225067139
3826.580078125,0.9085000157356262
3826.699951171875,0.9082000255584717
3826.830078125,0.9078999757766724
3826.949951171875,0.9075999855995178
3827.070068359375,0.9072999954223633
3827.18994140625,0.9070000052452087
3827.320068359375,0.9067000150680542
3827.43994140625,0.9064000248908997
3827.56005859375,0.9060999751091003
3827.679931640625,0.9057999849319458
3827.81005859375,0.9054999947547913
3827.929931640625,0.9052000045776367
3828.050048828125,0.9049000144004822
3828.169921875,0.9046000242233276
3828.300048828125,0.9042999744415283
3828.419921875,0.9039999842643738
3828.5400390625,0.9035999774932861
3828.669921875,0.9032999873161316
3828.7900390625,0.902999997138977
3828.909912109375,0.9027000069618225
3829.030029296875,0.902400016784668
3829.14990234375,0.9021000266075134
3829.27001953125,0.9017999768257141
3829.39990234375,0.9014999866485596
3829.52001953125,0.901199996471405
3829.639892578125,0.9009000062942505
3829.77001953125,0.900600016117096
3829.889892578125,0.9003000259399414
3830.010009765625,0.8999999761581421
3830.1298828125,0.8996999859809875
3830.260009765625,0.899399995803833
3830.3798828125,0.8991000056266785
3830.5,0.8986999988555908
3830.6201171875,0.8984000086784363
3830.75,0.8981000185012817
3830.8701171875,0.8978000283241272
3830.989990234375,0.8974999785423279
3831.110107421875,0.8971999883651733
3831.239990234375,0.8968999981880188
3831.360107421875,0.8966000080108643
3831.47998046875,0.8963000178337097
3831.60009765625,0.8960000276565552
3831.72998046875,0.8956999778747559
3831.85009765625,0.8953999876976013
3831.969970703125,0.8950999975204468
3832.10009765625,0.8948000073432922
3832.219970703125,0.8945000171661377
3832.340087890625,0.8942000269889832
3832.4599609375,0.8938000202178955
3832.580078125,0.8934999704360962
3832.7099609375,0.8931999802589417
3832.830078125,0.8928999900817871
3832.949951171875,0.8925999999046326
3833.080078125,0.892300009727478
3833.199951171875,0.8920000195503235
3833.320068359375,0.891700029373169
3833.43994140625,0.8913999795913696
3833.570068359375,0.8910999894142151
3833.68994140625,0.8907999992370605
3833.81005859375,0.890500009059906
3833.929931640625,0.8902000188827515
3834.06005859375,0.8899000287055969
3834.179931640625,0.8895999789237976
3834.300048828125,0.88919997215271
3834.429931640625,0.8888999819755554
3834.550048828125,0.8885999917984009
3834.669921875,0.8883000016212463
3834.7900390625,0.8880000114440918
3834.919921875,0.8877000212669373
3835.0400390625,0.8873999714851379
3835.159912109375,0.8870999813079834
3835.2900390625,0.8867999911308289
3835.409912109375,0.8865000009536743
3835.530029296875,0.8862000107765198
3835.64990234375,0.8859000205993652
3835.77001953125,0.8855999708175659
3835.89990234375,0.8852999806404114
3836.02001953125,0.8848999738693237
3836.139892578125,0.8845999836921692
3836.27001953125,0.8842999935150146
3836.389892578125,0.8840000033378601
3836.510009765625,0.8837000131607056
3836.639892578125,0.883400022983551
3836.760009765625,0.8830999732017517
3836.8798828125,0.8827999830245972
3837.0,0.8824999928474426
3837.1298828125,0.8822000026702881
3837.25,0.8819000124931335
3837.3701171875,0.881600022315979
3837.489990234375,0.8812999725341797
3837.6201171875,0.8809999823570251
3837.739990234375,0.8806999921798706
3837.860107421875,0.880299985408783
3837.989990234375,0.8799999952316284
3838.110107421875,0.8797000050544739
3838.22998046875,0.8794000148773193
3838.35009765625,0.8791000247001648
3838.47998046875,0.8787999749183655
3838.60009765625,0.8784999847412109
3838.719970703125,0.8781999945640564
3838.85009765625,0.8779000043869019
3838.969970703125,0.8776000142097473
3839.090087890625,0.8773000240325928
3839.2099609375,0.8769999742507935
3839.340087890625,0.8766999840736389
3839.4599609375,0.8763999938964844
3839.580078125,0.8759999871253967
3839.7099609375,0.8756999969482422
3839.830078125,0.8754000067710876
3839.949951171875,0.8751000165939331
3840.070068359375,0.8748000264167786
3840.199951171875,0.8744999766349792
3840.320068359375,0.8741999864578247
3840.43994140625,0.8738999962806702
3840.570068359375,0.8736000061035156
3840.68994140625,0.8733000159263611
3840.81005859375,0.8730000257492065
3840.929931640625,0.8726999759674072
3841.06005859375,0.8723999857902527
3841.179931640625,0.871999979019165
3841.300048828125,0.8716999888420105
3841.429931640625,0.871399998664856
3841.550048828125,0.8711000084877014
3841.669921875,0.8708000183105469
3841.7900390625,0.8705000281333923
3841.919921875,0.870199978351593
3842.0400390625,0.8698999881744385
3842.159912109375,0.8695999979972839
3842.2900390625,0.8693000078201294
3842.409912109375,0.8690000176429749
3842.530029296875,0.8687000274658203
3842.64990234375,0.868399977684021
3842.780029296875,0.8680999875068665
3842.89990234375,0.8677999973297119
3843.02001953125,0.8673999905586243
3843.14990234375,0.8671000003814697
3843.27001953125,0.8668000102043152
3843.389892578125,0.8665000200271606
3843.52001953125,0.8661999702453613
3843.639892578125,0.8658999800682068
3843.760009765625,0.8655999898910522
3843.889892578125,0.8652999997138977
3844.010009765625,0.8650000095367432
3844.1298828125,0.8647000193595886
3844.25,0.8644000291824341
3844.3798828125,0.8640999794006348
3844.5,0.8637999892234802
3844.6201171875,0.8633999824523926
3844.75,0.863099992275238
3844.8701171875,0.8628000020980835
3844.989990234375,0.862500011920929
3845.1201171875,0.8622000217437744
3845.239990234375,0.8618999719619751
3845.360107421875,0.8615999817848206
3845.489990234375,0.861299991607666
3845.610107421875,0.8610000014305115
3845.72998046875,0.8607000112533569
3845.85009765625,0.8604000210762024
3845.97998046875,0.8600999712944031
3846.10009765625,0.8597999811172485
3846.219970703125,0.8593999743461609
3846.340087890625,0.8590999841690063
3846.469970703125,0.8587999939918518
3846.590087890625,0.8585000038146973
3846.7099609375,0.8582000136375427
3846.840087890625,0.8579000234603882
3846.9599609375,0.8575999736785889
3847.080078125,0.8572999835014343
3847.2099609375,0.8569999933242798
3847.330078125,0.8567000031471252
3847.449951171875,0.8564000129699707
3847.580078125,0.8561000227928162
3847.699951171875,0.8557000160217285
3847.820068359375,0.855400025844574
3847.949951171875,0.8550999760627747
3848.070068359375,0.8547999858856201
3848.18994140625,0.8544999957084656
3848.320068359375,0.854200005531311
3848.43994140625,0.8539000153541565
3848.56005859375,0.853600025177002
3848.68994140625,0.8532999753952026
3848.81005859375,0.8529999852180481
3848.929931640625,0.8526999950408936
3849.050048828125,0.852400004863739
3849.179931640625,0.8521000146865845
3849.300048828125,0.8517000079154968
3849.419921875,0.8514000177383423
3849.5400390625,0.8511000275611877
3849.669921875,0.8507999777793884
3849.7900390625,0.8504999876022339
3849.909912109375,0.8501999974250793
3850.0400390625,0.8497999906539917
3850.159912109375,0.8493000268936157
3850.280029296875,0.848800003528595
3850.409912109375,0.8482999801635742
3850.530029296875,0.8478000164031982
3850.64990234375,0.8472999930381775
3850.780029296875,0.8468000292778015
3850.89990234375,0.8463000059127808
3851.02001953125,0.84579998254776
3851.14990234375,0.845300018787384
3851.27001953125,0.8447999954223633
3851.389892578125,0.8442999720573425
3851.52001953125,0.8438000082969666
3851.639892578125,0.8432999849319458
3851.760009765625,0.8428000211715698
3851.889892578125,0.8422999978065491
3852.010009765625,0.8417999744415283
3852.1298828125,0.8411999940872192
3852.260009765625,0.8406999707221985
3852.3798828125,0.8402000069618225
3852.5,0.8396999835968018
3852.6298828125,0.8392000198364258
3852.75,0.838699996471405
3852.8701171875,0.8381999731063843
3853.0,0.8377000093460083
3853.1201171875,0.8371999859809875
3853.239990234375,0.8367000222206116
3853.3701171875,0.8361999988555908
3853.489990234375,0.8356999754905701
3853.610107421875,0.8352000117301941
3853.739990234375,0.8346999883651733
3853.860107421875,0.8342000246047974
3853.97998046875,0.8337000012397766
3854.110107421875,0.8331999778747559
3854.22998046875,0.8327000141143799
3854.35009765625,0.8321999907493591
3854.47998046875,0.83160001039505
3854.60009765625,0.8310999870300293
3854.719970703125,0.8306000232696533
3854.85009765625,0.8300999999046326
3854.969970703125,0.8295999765396118
3855.090087890625,0.8291000127792358
3855.219970703125,0.8285999894142151
3855.340087890625,0.8281000256538391
3855.4599609375,0.8276000022888184
3855.590087890625,0.8270999789237976
3855.7099609375,0.8266000151634216
3855.830078125,0.8260999917984009
3855.9599609375,0.8256000280380249
3856.080078125,0.8251000046730042
3856.199951171875,0.8245999813079834
3856.330078125,0.8241000175476074
3856.449951171875,0.8235999941825867
3856.570068359375,0.8230000138282776
3856.699951171875,0.8224999904632568
3856.820068359375,0.8220000267028809
3856.93994140625,0.8215000033378601
3857.070068359375,0.8209999799728394
3857.18994140625,0.8205000162124634
3857.320068359375,0.8199999928474426
3857.43994140625,0.8195000290870667
3857.56005859375,0.8190000057220459
3857.68994140625,0.8184999823570251
3857.81005859375,0.8180000185966492
3857.929931640625,0.8174999952316284
3858.06005859375,0.8169999718666077
3858.179931640625,0.8165000081062317
3858.300048828125,0.8159999847412109
3858.429931640625,0.8154000043869019
3858.550048828125,0.8148999810218811
3858.669921875,0.8144000172615051
3858.800048828125,0.8138999938964844
3858.919921875,0.8133999705314636
3859.0400390625,0.8129000067710876
3859.169921875,0.8123999834060669
3859.2900390625,0.8119000196456909
3859.409912109375,0.8113999962806702
3859.530029296875,0.8108999729156494
3859.659912109375,0.8104000091552734
3859.780029296875,0.8098999857902527
3859.909912109375,0.8094000220298767
3860.030029296875,0.808899998664856
3860.14990234375,0.8083999752998352
3860.280029296875,0.8079000115394592
3860.39990234375,0.8073999881744385
3860.52001953125,0.8068000078201294
3860.64990234375,0.8062999844551086
3860.77001953125,0.8058000206947327
3860.89990234375,0.8052999973297119
3861.02001953125,0.8047999739646912
3861.139892578125,0.8043000102043152
3861.27001953125,0.8037999868392944
3861.389892578125,0.8033000230789185
3861.510009765625,0.8027999997138977
3861.639892578125,0.802299976348877
3861.760009765625,0.801800012588501
3861.889892578125,0.8012999892234802
3862.010009765625,0.8008000254631042
3862.1298828125,0.8003000020980835
3862.260009765625,0.7997000217437744
3862.3798828125,0.7991999983787537
3862.5,0.7986999750137329
3862.6298828125,0.7982000112533569
3862.75,0.7976999878883362
3862.8701171875,0.7972000241279602
3862.989990234375,0.7967000007629395
3863.1201171875,0.7961999773979187
3863.239990234375,0.7957000136375427
3863.3701171875,0.795199990272522
3863.489990234375,0.794700026512146
3863.610107421875,0.7942000031471252
3863.739990234375,0.7936999797821045
3863.860107421875,0.7932000160217285
3863.97998046875,0.7926999926567078
3864.110107421875,0.7922000288963318
3864.22998046875,0.7915999889373779
3864.360107421875,0.791100025177002
3864.47998046875,0.7906000018119812
3864.60009765625,0.7900999784469604
3864.72998046875,0.7896000146865845
3864.85009765625,0.7890999913215637
3864.97998046875,0.7886000275611877
3865.10009765625,0.788100004196167
3865.219970703125,0.7875999808311462
3865.35009765625,0.7871000170707703
3865.469970703125,0.7865999937057495
3865.590087890625,0.7860999703407288
3865.719970703125,0.7856000065803528
3865.840087890625,0.785099983215332
3865.9599609375,0.784500002861023
3866.090087890625,0.7839999794960022
3866.2099609375,0.7835000157356262
3866.330078125,0.7829999923706055
3866.4599609375,0.7825000286102295
3866.580078125,0.7820000052452087
3866.7099609375,0.781499981880188
3866.830078125,0.781000018119812
3866.949951171875,0.7804999947547913
3867.080078125,0.7799999713897705
3867.199951171875,0.7795000076293945
3867.330078125,0.7789999842643738
3867.449951171875,0.7785000205039978
3867.570068359375,0.777999997138977
3867.699951171875,0.777400016784668
3867.820068359375,0.7768999934196472
3867.93994140625,0.7764000296592712
3868.070068359375,0.7759000062942505
3868.18994140625,0.7753999829292297
3868.31005859375,0.7749000191688538
3868.43994140625,0.774399995803833
3868.56005859375,0.7738999724388123
3868.68994140625,0.7734000086784363
3868.81005859375,0.7728999853134155
3868.929931640625,0.7724000215530396
3869.06005859375,0.7718999981880188
3869.179931640625,0.7713000178337097
3869.31005859375,0.770799994468689
3869.429931640625,0.7702999711036682
3869.550048828125,0.7698000073432922
3869.679931640625,0.7692999839782715
3869.800048828125,0.7688000202178955
3869.919921875,0.7682999968528748
3870.050048828125,0.767799973487854
3870.169921875,0.767300009727478
3870.300048828125,0.7667999863624573
3870.419921875,0.7663000226020813
3870.5400390625,0.7657999992370605
3870.669921875,0.7652999758720398
3870.7900390625,0.7648000121116638
3870.909912109375,0.76419997215271
3871.0400390625,0.763700008392334
3871.159912109375,0.7631999850273132
3871.2900390625,0.7627000212669373
3871.409912109375,0.7621999979019165
3871.5400390625,0.7616999745368958
3871.659912109375,0.7612000107765198
3871.780029296875,0.760699987411499
3871.909912109375,0.760200023651123
3872.030029296875,0.7597000002861023
3872.14990234375,0.7591999769210815
3872.280029296875,0.7587000131607056
3872.39990234375,0.7580999732017517
3872.530029296875,0.7576000094413757
3872.64990234375,0.757099986076355
3872.77001953125,0.756600022315979
3872.89990234375,0.7560999989509583
3873.02001953125,0.7555999755859375
3873.139892578125,0.7551000118255615
3873.27001953125,0.7545999884605408
3873.389892578125,0.7541000247001648
3873.52001953125,0.753600001335144
3873.639892578125,0.7530999779701233
3873.77001953125,0.7526000142097473
3873.889892578125,0.7520999908447266
3874.010009765625,0.7516000270843506
3874.139892578125,0.7509999871253967
3874.260009765625,0.7505000233650208
3874.3798828125,0.75
3874.510009765625,0.7494999766349792
3874.6298828125,0.7490000128746033
3874.760009765625,0.7484999895095825
3874.8798828125,0.7480000257492065
3875.010009765625,0.7475000023841858
3875.1298828125,0.746999979019165
3875.25,0.7465000152587891
3875.3798828125,0.7459999918937683
3875.5,0.7454000115394592
3875.6201171875,0.7448999881744385
3875.75,0.7444000244140625
3875.8701171875,0.7439000010490417
3876.0,0.743399977684021
3876.1201171875,0.742900013923645
3876.25,0.7423999905586243
3876.3701171875,0.7419000267982483
3876.489990234375,0.7414000034332275
3876.6201171875,0.7408999800682068
3876.739990234375,0.7404000163078308
3876.8701171875,0.7398999929428101
3876.989990234375,0.739300012588501
3877.110107421875,0.7387999892234802
3877.239990234375,0.7383000254631042
3877.360107421875,0.7378000020980835
3877.47998046875,0.7372999787330627
3877.610107421875,0.7368000149726868
3877.72998046875,0.736299991607666
3877.860107421875,0.73580002784729
3877.97998046875,0.7353000044822693
3878.110107421875,0.7347999811172485
3878.22998046875,0.7343000173568726
3878.35009765625,0.7337999939918518
3878.47998046875,0.7332000136375427
3878.60009765625,0.732699990272522
3878.72998046875,0.732200026512146
3878.85009765625,0.7317000031471252
3878.97998046875,0.7311999797821045
3879.10009765625,0.7307000160217285
3879.219970703125,0.7301999926567078
3879.35009765625,0.7297000288963318
3879.469970703125,0.729200005531311
3879.60009765625,0.7286999821662903
3879.719970703125,0.7281000018119812
3879.840087890625,0.7275999784469604
3879.969970703125,0.7271000146865845
3880.090087890625,0.7265999913215637
3880.2099609375,0.7261000275611877
3880.340087890625,0.725600004196167
3880.4599609375,0.7250999808311462
3880.590087890625,0.7246000170707703
3880.7099609375,0.7240999937057495
3880.840087890625,0.7235999703407288
3880.9599609375,0.7231000065803528
3881.080078125,0.722599983215332
3881.2099609375,0.722000002861023
3881.330078125,0.7214999794960022
3881.4599609375,0.7210000157356262
3881.580078125,0.7204999923706055
3881.7099609375,0.7200000286102295
3881.830078125,0.7195000052452087
3881.9599609375,0.718999981880188
3882.080078125,0.718500018119812
3882.199951171875,0.7179999947547913
3882.330078125,0.7174999713897705
3882.449951171875,0.7168999910354614
3882.580078125,0.7164000272750854
3882.699951171875,0.7159000039100647
3882.820068359375,0.715399980545044
3882.949951171875,0.714900016784668
3883.070068359375,0.7143999934196472
3883.199951171875,0.7139000296592712
3883.320068359375,0.7134000062942505
3883.449951171875,0.7128999829292297
3883.570068359375,0.7124000191688538
3883.68994140625,0.711899995803833
3883.820068359375,0.7113000154495239
3883.93994140625,0.7107999920845032
3884.070068359375,0.7103000283241272
3884.18994140625,0.7098000049591064
3884.320068359375,0.7092999815940857
3884.43994140625,0.7088000178337097
3884.56005859375,0.708299994468689
3884.68994140625,0.7077999711036682
3884.81005859375,0.7073000073432922
3884.93994140625,0.7067999839782715
3885.06005859375,0.7062000036239624
3885.18994140625,0.7056999802589417
3885.31005859375,0.7052000164985657
3885.429931640625,0.7046999931335449
3885.56005859375,0.704200029373169
3885.679931640625,0.7037000060081482
3885.81005859375,0.7031999826431274
3885.929931640625,0.7027000188827515
3886.06005859375,0.7021999955177307
3886.179931640625,0.70169997215271
3886.31005859375,0.7010999917984009
3886.429931640625,0.7006000280380249
3886.550048828125,0.7001000046730042
3886.679931640625,0.6995999813079834
3886.800048828125,0.6991000175476074
3886.929931640625,0.6985999941825867
3887.050048828125,0.6980999708175659
3887.169921875,0.6976000070571899
3887.300048828125,0.6970999836921692
3887.419921875,0.6966000199317932
3887.550048828125,0.6960999965667725
3887.669921875,0.6955000162124634
3887.800048828125,0.6949999928474426
3887.919921875,0.6945000290870667
3888.050048828125,0.6940000057220459
3888.169921875,0.6934999823570251
3888.2900390625,0.6930000185966492
3888.419921875,0.6924999952316284
3888.5400390625,0.6919999718666077
3888.669921875,0.6915000081062317
3888.7900390625,0.6909999847412109
3888.919921875,0.6904000043869019
3889.0400390625,0.6898999810218811
3889.169921875,0.6894000172615051
3889.2900390625,0.6888999938964844
3889.419921875,0.6883999705314636
3889.5400390625,0.6879000067710876
3889.659912109375,0.6873999834060669
3889.7900390625,0.6869000196456909
3889.909912109375,0.6863999962806702
3890.0400390625,0.6858999729156494
3890.159912109375,0.6852999925613403
3890.280029296875,0.6848000288009644
3890.409912109375,0.6843000054359436
3890.530029296875,0.6837999820709229
3890.659912109375,0.6833000183105469
3890.780029296875,0.6827999949455261
3890.909912109375,0.6822999715805054
3891.030029296875,0.6818000078201294
3891.159912109375,0.6812999844551086
3891.280029296875,0.6807000041007996
3891.409912109375,0.6801999807357788
3891.530029296875,0.6797000169754028
3891.659912109375,0.6791999936103821
3891.780029296875,0.6786999702453613
3891.89990234375,0.6782000064849854
3892.030029296875,0.6776999831199646
3892.14990234375,0.6772000193595886
3892.280029296875,0.6766999959945679
3892.39990234375,0.6761000156402588
3892.530029296875,0.675599992275238
3892.64990234375,0.6751000285148621
3892.780029296875,0.6746000051498413
3892.89990234375,0.6740999817848206
3893.030029296875,0.6736000180244446
3893.14990234375,0.6730999946594238
3893.280029296875,0.6725999712944031
3893.39990234375,0.6721000075340271
3893.52001953125,0.6715999841690063
3893.64990234375,0.6710000038146973
3893.77001953125,0.6704999804496765
3893.89990234375,0.6700000166893005
3894.02001953125,0.6694999933242798
3894.14990234375,0.6690000295639038
3894.27001953125,0.6685000061988831
3894.39990234375,0.6679999828338623
3894.52001953125,0.6675000190734863
3894.64990234375,0.6669999957084656
3894.77001953125,0.6664000153541565
3894.889892578125,0.6658999919891357
3895.02001953125,0.6654000282287598
3895.139892578125,0.664900004863739
3895.27001953125,0.6643999814987183
3895.389892578125,0.6639000177383423
3895.52001953125,0.6633999943733215
3895.639892578125,0.6628999710083008
3895.77001953125,0.6624000072479248
3895.889892578125,0.6618000268936157
3896.02001953125,0.661300003528595
3896.139892578125,0.6607999801635742
3896.27001953125,0.6603000164031982
3896.389892578125,0.6597999930381775
3896.510009765625,0.6593000292778015
3896.639892578125,0.6588000059127808
3896.760009765625,0.65829998254776
3896.889892578125,0.657800018787384
3897.010009765625,0.6571999788284302
3897.139892578125,0.6567000150680542
3897.260009765625,0.6561999917030334
3897.389892578125,0.6557000279426575
3897.510009765625,0.6552000045776367
3897.639892578125,0.654699981212616
3897.760009765625,0.65420001745224
3897.889892578125,0.6536999940872192
3898.010009765625,0.6531999707221985
3898.139892578125,0.6525999903678894
3898.260009765625,0.6521000266075134
3898.3798828125,0.6516000032424927
3898.510009765625,0.6510999798774719
3898.639892578125,0.650600016117096
3898.760009765625,0.6500999927520752
3898.8798828125,0.6496000289916992
3899.010009765625,0.6491000056266785
3899.1298828125,0.6485999822616577
3899.260009765625,0.6480000019073486
3899.3798828125,0.6474999785423279
3899.510009765625,0.6470000147819519
3899.6298828125,0.6464999914169312
3899.760009765625,0.6460000276565552
3899.8798828125,0.6455000042915344
3900.010009765625,0.6449999809265137
3900.1298828125,0.6442999839782715
3900.260009765625,0.6437000036239624
3900.3798828125,0.6431000232696533
3900.510009765625,0.6424999833106995
3900.6298828125,0.6419000029563904
3900.75,0.6413000226020813
3900.8798828125,0.6406999826431274
3901.010009765625,0.6401000022888184
3901.1298828125,0.6395000219345093
3901.260009765625,0.6388000249862671
3901.3798828125,0.6381999850273132
3901.5,0.6376000046730042
3901.6298828125,0.6370000243186951
3901.75,0.6363999843597412
3901.8798828125,0.6358000040054321
3902.010009765625,0.635200023651123
3902.1298828125,0.6345999836921692
3902.25,0.6340000033378601
3902.3798828125,0.6333000063896179
3902.5,0.6327000260353088
3902.6298828125,0.632099986076355
3902.760009765625,0.6315000057220459
3902.8798828125,0.6309000253677368
3903.0,0.630299985408783
3903.1298828125,0.6297000050544739
3903.25,0.6291000247001648
3903.3798828125,0.6284000277519226
3903.5,0.6277999877929688
3903.6298828125,0.6272000074386597
3903.75,0.6266000270843506
3903.8798828125,0.6259999871253967
3904.0,0.6254000067710876
3904.1298828125,0.6248000264167786
3904.25,0.6241999864578247
3904.3798828125,0.6236000061035156
3904.5,0.6229000091552734
3904.6298828125,0.6223000288009644
3904.75,0.6216999888420105
3904.8798828125,0.6211000084877014
3905.0,0.6205000281333923
3905.1298828125,0.6198999881744385
3905.25,0.6193000078201294
3905.3798828125,0.6187000274658203
3905.5,0.6179999709129333
3905.6298828125,0.6173999905586243
3905.75,0.6168000102043152
3905.8798828125,0.6161999702453613
3906.0,0.6155999898910522
3906.1298828125,0.6150000095367432
3906.25,0.6144000291824341
3906.3798828125,0.6136999726295471
3906.5,0.613099992275238
3906.6298828125,0.612500011920929
3906.75,0.6118999719619751
3906.8798828125,0.611299991607666
3907.0,0.6107000112533569
3907.1298828125,0.6100999712944031
3907.25,0.609499990940094
3907.3798828125,0.6089000105857849
3907.5,0.6082000136375427
3907.6298828125,0.6075999736785889
3907.75,0.6069999933242798
3907.8798828125,0.6064000129699707
3908.0,0.6057999730110168
3908.1298828125,0.6051999926567078
3908.25,0.6046000123023987
3908.3798828125,0.6039999723434448
3908.5,0.6032999753952026
3908.6298828125,0.6026999950408936
3908.75,0.6021000146865845
3908.8798828125,0.6014999747276306
3909.0,0.6008999943733215
3909.1298828125,0.6003000140190125
3909.25,0.5996999740600586
3909.3798828125,0.5989999771118164
3909.5,0.5983999967575073
3909.6298828125,0.5978000164031982
3909.75,0.5971999764442444
3909.8798828125,0.5965999960899353
3910.0,0.5960000157356262
3910.1298828125,0.5953999757766724
3910.25,0.5947999954223633
3910.3798828125,0.5940999984741211
3910.5,0.593500018119812
3910.6298828125,0.5928999781608582
3910.75,0.5922999978065491
3910.8798828125,0.59170001745224
3911.0,0.5910999774932861
3911.1298828125,0.590499997138977
3911.25,0.589900016784668
3911.3798828125,0.5892000198364258
3911.5,0.5885999798774719
3911.6298828125,0.5879999995231628
3911.760009765625,0.5874000191688538
3911.8798828125,0.5867999792098999
3912.0,0.5861999988555908
3912.1298828125,0.5856000185012817
3912.260009765625,0.5849000215530396
3912.3798828125,0.5842999815940857
3912.510009765625,0.5837000012397766
3912.6298828125,0.5831000208854675
3912.760009765625,0.5824999809265137
3912.8798828125,0.5819000005722046
3913.010009765625,0.5813000202178955
3913.1298828125,0.5806999802589417
3913.260009765625,0.5799999833106995
3913.3798828125,0.5794000029563904
3913.510009765625,0.5788000226020813
3913.6298828125,0.5781999826431274
3913.760009765625,0.5776000022888184
3913.8798828125,0.5770000219345093
3914.010009765625,0.5763999819755554
3914.1298828125,0.5756999850273132
3914.260009765625,0.5751000046730042
3914.3798828125,0.5745000243186951
3914.510009765625,0.5738999843597412
3914.6298828125,0.5733000040054321
3914.760009765625,0.572700023651123
3914.889892578125,0.5720999836921692
3915.010009765625,0.571399986743927
3915.139892578125,0.5708000063896179
3915.260009765625,0.5702000260353088
3915.389892578125,0.569599986076355
3915.510009765625,0.5690000057220459
3915.639892578125,0.5684000253677368
3915.760009765625,0.567799985408783
3915.889892578125,0.5672000050544739
3916.010009765625,0.5665000081062317
3916.139892578125,0.5659000277519226
3916.260009765625,0.5652999877929688
3916.389892578125,0.5647000074386597
3916.52001953125,0.5641000270843506
3916.639892578125,0.5634999871253967
3916.760009765625,0.5629000067710876
3916.889892578125,0.5622000098228455
3917.02001953125,0.5616000294685364
3917.139892578125,0.5609999895095825
3917.27001953125,0.5604000091552734
3917.389892578125,0.5598000288009644
3917.52001953125,0.5591999888420105
3917.639892578125,0.5586000084877014
3917.77001953125,0.5579000115394592
3917.889892578125,0.5572999715805054
3918.02001953125,0.5566999912261963
3918.139892578125,0.5561000108718872
3918.27001953125,0.5554999709129333
3918.389892578125,0.5548999905586243
3918.52001953125,0.5543000102043152
3918.639892578125,0.553600013256073
3918.77001953125,0.5529999732971191
3918.89990234375,0.5523999929428101
3919.02001953125,0.551800012588501
3919.14990234375,0.5511999726295471
3919.27001953125,0.550599992275238
3919.39990234375,0.550000011920929
3919.52001953125,0.5493000149726868
3919.64990234375,0.5486999750137329
3919.77001953125,0.5480999946594238
3919.89990234375,0.5475000143051147
3920.030029296875,0.5468999743461609
3920.14990234375,0.5462999939918518
3920.280029296875,0.5455999970436096
3920.39990234375,0.5450000166893005
3920.530029296875,0.5443999767303467
3920.64990234375,0.5437999963760376
3920.780029296875,0.5432000160217285
3920.89990234375,0.5425999760627747
3921.030029296875,0.5419999957084656
3921.14990234375,0.5412999987602234
3921.280029296875,0.5407000184059143
3921.39990234375,0.5400999784469604
3921.530029296875,0.5394999980926514
3921.659912109375,0.5389000177383423
3921.780029296875,0.5382999777793884
3921.909912109375,0.5376999974250793
3922.030029296875,0.5370000004768372
3922.159912109375,0.5364000201225281
3922.280029296875,0.5357999801635742
3922.409912109375,0.5351999998092651
3922.530029296875,0.534600019454956
3922.659912109375,0.5339999794960022
3922.7900390625,0.5333999991416931
3922.909912109375,0.5327000021934509
3923.0400390625,0.5321000218391418
3923.159912109375,0.531499981880188
3923.2900390625,0.5309000015258789
3923.409912109375,0.5303000211715698
3923.5400390625,0.529699981212616
3923.659912109375,0.5289999842643738
3923.7900390625,0.5284000039100647
3923.919921875,0.5278000235557556
3924.0400390625,0.5271999835968018
3924.169921875,0.5266000032424927
3924.2900390625,0.5260000228881836
3924.419921875,0.5253999829292297
3924.5400390625,0.5246999859809875
3924.669921875,0.5241000056266785
3924.7900390625,0.5235000252723694
3924.919921875,0.5228999853134155
3925.050048828125,0.5223000049591064
3925.169921875,0.5217000246047974
3925.300048828125,0.5210999846458435
3925.419921875,0.5203999876976013
3925.550048828125,0.5198000073432922
3925.669921875,0.5192000269889832
3925.800048828125,0.5185999870300293
3925.919921875,0.5180000066757202
3926.050048828125,0.5174000263214111
3926.179931640625,0.516700029373169
3926.300048828125,0.5160999894142151
3926.429931640625,0.515500009059906
3926.550048828125,0.5149000287055969
3926.679931640625,0.5142999887466431
3926.800048828125,0.513700008392334
3926.929931640625,0.5130000114440918
3927.06005859375,0.5123999714851379
3927.179931640625,0.5117999911308289
3927.31005859375,0.5112000107765198
3927.429931640625,0.5105999708175659
3927.56005859375,0.5099999904632568
3927.679931640625,0.5094000101089478
3927.81005859375,0.5087000131607056
3927.929931640625,0.5080999732017517
3928.06005859375,0.5074999928474426
3928.18994140625,0.5069000124931335
3928.31005859375,0.5062999725341797
3928.43994140625,0.5056999921798706
3928.56005859375,0.5049999952316284
3928.68994140625,0.5044000148773193
3928.81005859375,0.5037999749183655
3928.93994140625,0.5031999945640564
3929.070068359375,0.5026000142097473
3929.18994140625,0.5019999742507935
3929.320068359375,0.5012999773025513
3929.43994140625,0.5006999969482422
3929.570068359375,0.5001000165939331
3929.699951171875,0.49950000643730164
3929.820068359375,0.49889999628067017
3929.949951171875,0.4982999861240387
3930.070068359375,0.4975999891757965
3930.199951171875,0.4970000088214874
3930.320068359375,0.49639999866485596
3930.449951171875,0.4957999885082245
3930.580078125,0.4952000081539154
3930.699951171875,0.49459999799728394
3930.830078125,0.49390000104904175
3930.949951171875,0.4932999908924103
3931.080078125,0.4927000105381012
3931.199951171875,0.4921000003814697
3931.330078125,0.49149999022483826
3931.449951171875,0.4909000098705292
3931.580078125,0.4902999997138977
3931.7099609375,0.4896000027656555
3931.830078125,0.48899999260902405
3931.9599609375,0.48840001225471497
3932.080078125,0.4878000020980835
3932.2099609375,0.487199991941452
3932.340087890625,0.48649999499320984
3932.4599609375,0.48590001463890076
3932.590087890625,0.4853000044822693
3932.7099609375,0.4846999943256378
3932.840087890625,0.48410001397132874
3932.969970703125,0.48350000381469727
3933.090087890625,0.4828999936580658
3933.219970703125,0.4821999967098236
3933.340087890625,0.48159998655319214
3933.469970703125,0.48100000619888306
3933.60009765625,0.4803999960422516
3933.719970703125,0.4797999858856201
3933.85009765625,0.47920000553131104
3933.969970703125,0.47850000858306885
3934.10009765625,0.4778999984264374
3934.219970703125,0.4772999882698059
3934.35009765625,0.4767000079154968
3934.469970703125,0.47609999775886536
3934.60009765625,0.4754999876022339
3934.72998046875,0.4747999906539917
3934.85009765625,0.4742000102996826
3934.97998046875,0.47360000014305115
3935.110107421875,0.4729999899864197
3935.22998046875,0.4724000096321106
3935.360107421875,0.4717999994754791
3935.47998046875,0.47110000252723694
3935.610107421875,0.47049999237060547
3935.72998046875,0.4699000120162964
3935.860107421875,0.4693000018596649
3935.989990234375,0.46869999170303345
3936.110107421875,0.46799999475479126
3936.239990234375,0.4674000144004822
3936.3701171875,0.4668000042438507
3936.489990234375,0.46619999408721924
3936.6201171875,0.46560001373291016
3936.739990234375,0.4650000035762787
3936.8701171875,0.4643000066280365
3936.989990234375,0.46369999647140503
3937.1201171875,0.46309998631477356
3937.25,0.4625000059604645
3937.3701171875,0.461899995803833
3937.5,0.4611999988555908
3937.6298828125,0.46059998869895935
3937.75,0.46000000834465027
3937.8798828125,0.4593999981880188
3938.0,0.45879998803138733
3938.1298828125,0.45820000767707825
3938.25,0.4575999975204468
3938.3798828125,0.4569000005722046
3938.510009765625,0.4562999904155731
3938.6298828125,0.45570001006126404
3938.760009765625,0.45509999990463257
3938.8798828125,0.4544999897480011
3939.010009765625,0.4537999927997589
3939.139892578125,0.45320001244544983
3939.260009765625,0.45260000228881836
3939.389892578125,0.4519999921321869
3939.52001953125,0.4514000117778778
3939.639892578125,0.45080000162124634
3939.77001953125,0.45010000467300415
3939.889892578125,0.4494999945163727
3940.02001953125,0.4489000141620636
3940.139892578125,0.44830000400543213
3940.27001953125,0.44769999384880066
3940.39990234375,0.4471000134944916
3940.52001953125,0.446399986743927
3940.64990234375,0.4458000063896179
3940.780029296875,0.44519999623298645
3940.89990234375,0.444599986076355
3941.030029296875,0.4440000057220459
3941.14990234375,0.4433000087738037
3941.280029296875,0.44269999861717224
3941.409912109375,0.44209998846054077
3941.530029296875,0.4415000081062317
3941.659912109375,0.4408999979496002
3941.780029296875,0.44029998779296875
3941.909912109375,0.43959999084472656
3942.0400390625,0.4390000104904175
3942.159912109375,0.438400000333786
3942.2900390625,0.43779999017715454
3942.409912109375,0.43720000982284546
3942.5400390625,0.43650001287460327
3942.669921875,0.4359000027179718
3942.7900390625,0.43529999256134033
3942.919921875,0.43470001220703125
3943.050048828125,0.4341000020503998
3943.169921875,0.4334999918937683
3943.300048828125,0.4327999949455261
3943.429931640625,0.43220001459121704
3943.550048828125,0.43160000443458557
3943.679931640625,0.4309999942779541
3943.800048828125,0.430400013923645
3943.929931640625,0.42969998717308044
3944.06005859375,0.42910000681877136
3944.179931640625,0.4284999966621399
3944.31005859375,0.4278999865055084
3944.429931640625,0.42730000615119934
3944.56005859375,0.42660000920295715
3944.68994140625,0.4259999990463257
3944.81005859375,0.4253999888896942
3944.93994140625,0.42480000853538513
3945.06005859375,0.42419999837875366
3945.18994140625,0.4235999882221222
3945.320068359375,0.42289999127388
3945.43994140625,0.4223000109195709
3945.570068359375,0.42170000076293945
3945.699951171875,0.421099990606308
3945.820068359375,0.4205000102519989
3945.949951171875,0.41990000009536743
3946.080078125,0.41920000314712524
3946.199951171875,0.4185999929904938
3946.330078125,0.4180000126361847
3946.449951171875,0.4174000024795532
3946.580078125,0.41679999232292175
3946.7099609375,0.41609999537467957
3946.830078125,0.4154999852180481
3946.9599609375,0.414900004863739
3947.090087890625,0.41429999470710754
3947.2099609375,0.41370001435279846
3947.340087890625,0.4129999876022339
3947.4599609375,0.4124000072479248
3947.590087890625,0.41179999709129333
3947.719970703125,0.41119998693466187
3947.840087890625,0.4106000065803528
3947.969970703125,0.4099999964237213
3948.10009765625,0.4092999994754791
3948.219970703125,0.40869998931884766
3948.35009765625,0.4081000089645386
3948.469970703125,0.4074999988079071
3948.60009765625,0.40689998865127563
3948.72998046875,0.40619999170303345
3948.85009765625,0.40560001134872437
3948.97998046875,0.4050000011920929
3949.110107421875,0.4043999910354614
3949.22998046875,0.40380001068115234
3949.360107421875,0.40310001373291016
3949.47998046875,0.4025000035762787
3949.610107421875,0.4018999934196472
3949.739990234375,0.40130001306533813
3949.860107421875,0.40070000290870667
3949.989990234375,0.4000000059604645
3950.1201171875,0.39959999918937683
3950.239990234375,0.39910000562667847
3950.3701171875,0.3986999988555908
3950.5,0.39820000529289246
3950.6201171875,0.3977999985218048
3950.75,0.39730000495910645
3950.8798828125,0.3968999981880188
3951.0,0.39649999141693115
3951.1298828125,0.3959999978542328
3951.260009765625,0.39559999108314514
3951.3798828125,0.3950999975204468
3951.510009765625,0.39469999074935913
3951.639892578125,0.39419999718666077
3951.760009765625,0.3937999904155731
3951.889892578125,0.39329999685287476
3952.010009765625,0.3928999900817871
3952.139892578125,0.39239999651908875
3952.27001953125,0.3919999897480011
3952.389892578125,0.39149999618530273
3952.52001953125,0.3910999894142151
3952.64990234375,0.3905999958515167
3952.77001953125,0.3901999890804291
3952.89990234375,0.3896999955177307
3953.02001953125,0.38929998874664307
3953.14990234375,0.3887999951839447
3953.280029296875,0.38839998841285706
3953.39990234375,0.3878999948501587
3953.530029296875,0.38749998807907104
3953.659912109375,0.3869999945163727
3953.780029296875,0.38659998774528503
3953.909912109375,0.38609999418258667
3954.0400390625,0.385699987411499
3954.159912109375,0.38530001044273376
3954.2900390625,0.384799987077713
3954.419921875,0.38440001010894775
3954.5400390625,0.383899986743927
3954.669921875,0.38350000977516174
3954.800048828125,0.382999986410141
3954.919921875,0.38260000944137573
3955.050048828125,0.382099986076355
3955.179931640625,0.3817000091075897
3955.300048828125,0.38119998574256897
3955.429931640625,0.3808000087738037
3955.56005859375,0.38029998540878296
3955.679931640625,0.3799000084400177
3955.81005859375,0.37940001487731934
3955.93994140625,0.3790000081062317
3956.06005859375,0.3785000145435333
3956.18994140625,0.3781000077724457
3956.320068359375,0.3776000142097473
3956.43994140625,0.37720000743865967
3956.570068359375,0.3767000138759613
3956.699951171875,0.37630000710487366
3956.820068359375,0.3758000135421753
3956.949951171875,0.37540000677108765
3957.080078125,0.3749000132083893
3957.199951171875,0.37450000643730164
3957.330078125,0.374099999666214
3957.4599609375,0.3736000061035156
3957.580078125,0.373199999332428
3957.7099609375,0.3727000057697296
3957.830078125,0.37229999899864197
3957.9599609375,0.3718000054359436
3958.090087890625,0.37139999866485596
3958.2099609375,0.3709000051021576
3958.340087890625,0.37049999833106995
3958.469970703125,0.3700000047683716
3958.590087890625,0.36959999799728394
3958.719970703125,0.36910000443458557
3958.85009765625,0.3686999976634979
3958.969970703125,0.36820000410079956
3959.10009765625,0.3677999973297119
3959.22998046875,0.36730000376701355
3959.35009765625,0.3668999969959259
3959.47998046875,0.36640000343322754
3959.610107421875,0.3659999966621399
3959.72998046875,0.36550000309944153
3959.860107421875,0.3650999963283539
3959.989990234375,0.3646000027656555
3960.110107421875,0.36419999599456787
3960.239990234375,0.3637000024318695
3960.3701171875,0.36329999566078186
3960.5,0.3628000020980835
3960.6201171875,0.36239999532699585
3960.75,0.3619000017642975
3960.8798828125,0.36149999499320984
3961.0,0.3610000014305115
3961.1298828125,0.36059999465942383
3961.260009765625,0.3601999878883362
3961.3798828125,0.3596999943256378
3961.510009765625,0.35929998755455017
3961.639892578125,0.3587999939918518
3961.760009765625,0.35839998722076416
3961.889892578125,0.3578999936580658
3962.02001953125,0.35749998688697815
3962.139892578125,0.3569999933242798
3962.27001953125,0.35659998655319214
3962.39990234375,0.3560999929904938
3962.52001953125,0.35569998621940613
3962.64990234375,0.35519999265670776
3962.780029296875,0.3547999858856201
3962.89990234375,0.35429999232292175
3963.030029296875,0.3538999855518341
3963.159912109375,0.35339999198913574
3963.280029296875,0.3529999852180481
3963.409912109375,0.35249999165534973
3963.5400390625,0.3521000146865845
3963.659912109375,0.3515999913215637
3963.7900390625,0.35120001435279846
3963.919921875,0.3506999909877777
3964.0400390625,0.35030001401901245
3964.169921875,0.3497999906539917
3964.300048828125,0.34940001368522644
3964.429931640625,0.3488999903202057
3964.550048828125,0.34850001335144043
3964.679931640625,0.3479999899864197
3964.81005859375,0.3476000130176544
3964.93994140625,0.34709998965263367
3965.06005859375,0.3467000126838684
3965.18994140625,0.34619998931884766
3965.320068359375,0.3458000123500824
3965.43994140625,0.34529998898506165
3965.570068359375,0.3449000120162964
3965.68994140625,0.34439998865127563
3965.820068359375,0.3440000116825104
3965.949951171875,0.3434999883174896
3966.070068359375,0.34310001134872437
3966.199951171875,0.3425999879837036
3966.330078125,0.34220001101493835
3966.449951171875,0.3418000042438507
3966.580078125,0.34130001068115234
3966.7099609375,0.3407999873161316
3966.840087890625,0.34040001034736633
3966.9599609375,0.3398999869823456
3967.090087890625,0.3395000100135803
3967.219970703125,0.3391000032424927
3967.35009765625,0.3386000096797943
3967.469970703125,0.33820000290870667
3967.60009765625,0.3377000093460083
3967.72998046875,0.33719998598098755
3967.85009765625,0.3368000090122223
3967.97998046875,0.33640000224113464
3968.110107421875,0.3359000086784363
3968.22998046875,0.33550000190734863
3968.360107421875,0.33500000834465027
3968.489990234375,0.3345000147819519
3968.6201171875,0.33410000801086426
3968.739990234375,0.3337000012397766
3968.8701171875,0.33320000767707825
3968.989990234375,0.3328000009059906
3969.1201171875,0.33230000734329224
3969.25,0.3319000005722046
3969.3798828125,0.3314000070095062
3969.5,0.3310000002384186
3969.6298828125,0.3305000066757202
3969.760009765625,0.33009999990463257
3969.8798828125,0.3296000063419342
3970.010009765625,0.32919999957084656
3970.139892578125,0.3287000060081482
3970.260009765625,0.32829999923706055
3970.389892578125,0.3278000056743622
3970.52001953125,0.32739999890327454
3970.64990234375,0.32690000534057617
3970.77001953125,0.3264999985694885
3970.89990234375,0.32600000500679016
3971.030029296875,0.3255999982357025
3971.14990234375,0.32510000467300415
3971.280029296875,0.3246999979019165
3971.409912109375,0.32420000433921814
3971.5400390625,0.3237999975681305
3971.659912109375,0.32330000400543213
3971.7900390625,0.3228999972343445
3971.919921875,0.3224000036716461
3972.050048828125,0.32199999690055847
3972.169921875,0.3215000033378601
3972.300048828125,0.32109999656677246
3972.429931640625,0.3206000030040741
3972.550048828125,0.32019999623298645
3972.679931640625,0.3197000026702881
3972.800048828125,0.31929999589920044
3972.929931640625,0.3188000023365021
3973.06005859375,0.31839999556541443
3973.18994140625,0.31790000200271606
3973.320068359375,0.3174999952316284
3973.43994140625,0.31700000166893005
3973.570068359375,0.3165999948978424
3973.699951171875,0.31610000133514404
3973.820068359375,0.3156999945640564
3973.949951171875,0.31520000100135803
3974.080078125,0.3147999942302704
3974.2099609375,0.314300000667572
3974.330078125,0.3138999938964844
3974.4599609375,0.313400000333786
3974.590087890625,0.31299999356269836
3974.7099609375,0.3125
3974.840087890625,0.31209999322891235
3974.969970703125,0.311599999666214
3975.10009765625,0.31119999289512634
3975.219970703125,0.310699999332428
3975.35009765625,0.31029999256134033
3975.47998046875,0.30979999899864197
3975.610107421875,0.3093999922275543
3975.72998046875,0.30889999866485596
3975.860107421875,0.3084999918937683
3975.989990234375,0.30799999833106995
3976.110107421875,0.3075999915599823
3976.239990234375,0.30709999799728394
3976.3701171875,0.3066999912261963
3976.489990234375,0.3061999976634979
3976.6201171875,0.3057999908924103
3976.75,0.3052999973297119
3976.8798828125,0.30489999055862427
3977.0,0.3043999969959259
3977.1298828125,0.30399999022483826
3977.260009765625,0.3034999966621399
3977.389892578125,0.30309998989105225
3977.510009765625,0.3025999963283539
3977.639892578125,0.30219998955726624
3977.77001953125,0.30169999599456787
3977.889892578125,0.3012999892234802
3978.02001953125,0.30079999566078186
3978.14990234375,0.3003000020980835
3978.280029296875,0.29989999532699585
3978.409912109375,0.2994000017642975
3978.530029296875,0.29899999499320984
3978.659912109375,0.2985000014305115
3978.7900390625,0.29809999465942383
3978.909912109375,0.29760000109672546
3979.0400390625,0.2971999943256378
3979.169921875,0.29670000076293945
3979.300048828125,0.2962999939918518
3979.419921875,0.29580000042915344
3979.550048828125,0.2953999936580658
3979.679931640625,0.29490000009536743
3979.800048828125,0.2944999933242798
3979.929931640625,0.2939999997615814
3980.06005859375,0.2935999929904938
3980.18994140625,0.2930999994277954
3980.31005859375,0.29269999265670776
3980.43994140625,0.2921999990940094
3980.570068359375,0.29179999232292175
3980.68994140625,0.2912999987602234
3980.820068359375,0.29089999198913574
3980.949951171875,0.2903999984264374
3981.080078125,0.28999999165534973
3981.2099609375,0.28949999809265137
3981.330078125,0.2890999913215637
3981.4599609375,0.28859999775886536
3981.590087890625,0.2881999909877777
3981.719970703125,0.28769999742507935
3981.840087890625,0.2872999906539917
3981.969970703125,0.28679999709129333
3982.10009765625,0.2863999903202057
3982.219970703125,0.2858999967575073
3982.35009765625,0.2854999899864197
3982.47998046875,0.2849999964237213
3982.610107421875,0.28459998965263367
3982.739990234375,0.2840999960899353
3982.860107421875,0.28369998931884766
3982.989990234375,0.2831999957561493
3983.1201171875,0.28279998898506165
3983.239990234375,0.2822999954223633
3983.3701171875,0.28189998865127563
3983.5,0.28139999508857727
3983.6298828125,0.2809999883174896
3983.75,0.28049999475479126
3983.8798828125,0.2800999879837036
3984.010009765625,0.27959999442100525
3984.139892578125,0.2791999876499176
3984.260009765625,0.27869999408721924
3984.389892578125,0.2782999873161316
3984.52001953125,0.2777999937534332
3984.64990234375,0.2773999869823456
3984.77001953125,0.2768999934196472
3984.89990234375,0.27639999985694885
3985.030029296875,0.2759999930858612
3985.159912109375,0.27549999952316284
3985.280029296875,0.2750999927520752
3985.409912109375,0.27459999918937683
3985.5400390625,0.2741999924182892
3985.669921875,0.2736999988555908
3985.7900390625,0.2732999920845032
3985.919921875,0.2727999985218048
3986.050048828125,0.27239999175071716
3986.179931640625,0.2718999981880188
3986.31005859375,0.27149999141693115
3986.429931640625,0.2709999978542328
3986.56005859375,0.27059999108314514
3986.68994140625,0.2700999975204468
3986.81005859375,0.26969999074935913
3986.93994140625,0.26919999718666077
3987.070068359375,0.2687999904155731
3987.199951171875,0.26829999685287476
3987.320068359375,0.2678999900817871
3987.449951171875,0.26739999651908875
3987.580078125,0.2669999897480011
3987.7099609375,0.26649999618530273
3987.830078125,0.2660999894142151
3987.9599609375,0.2655999958515167
3988.090087890625,0.2651999890804291
3988.219970703125,0.2646999955177307
3988.35009765625,0.26429998874664307
3988.469970703125,0.2637999951839447
3988.60009765625,0.26339998841285706
3988.72998046875,0.2628999948501587
3988.860107421875,0.2624000012874603
3988.97998046875,0.2619999945163727
3989.110107421875,0.2615000009536743
3989.239990234375,0.26109999418258667
3989.3701171875,0.2606000006198883
3989.5,0.26019999384880066
3989.6201171875,0.2597000002861023
3989.75,0.25929999351501465
3989.8798828125,0.2587999999523163
3990.010009765625,0.25839999318122864
3990.1298828125,0.2578999996185303
3990.260009765625,0.2574999928474426
3990.389892578125,0.25699999928474426
3990.510009765625,0.2565999925136566
3990.639892578125,0.25609999895095825
3990.77001953125,0.2556999921798706
3990.89990234375,0.25519999861717224
3991.030029296875,0.2547999918460846
3991.14990234375,0.25429999828338623
3991.280029296875,0.2538999915122986
3991.409912109375,0.2533999979496002
3991.5400390625,0.2529999911785126
3991.669921875,0.2524999976158142
3991.7900390625,0.25209999084472656
3991.919921875,0.2515999972820282
3992.050048828125,0.25110000371932983
3992.179931640625,0.2506999969482422
3992.300048828125,0.2502000033855438
3992.429931640625,0.24979999661445618
3992.56005859375,0.2493000030517578
3992.68994140625,0.24889999628067017
3992.820068359375,0.2484000027179718
3992.93994140625,0.24799999594688416
3993.070068359375,0.2475000023841858
3993.199951171875,0.24709999561309814
3993.330078125,0.24660000205039978
3993.4599609375,0.24619999527931213
3993.580078125,0.24570000171661377
3993.7099609375,0.24529999494552612
3993.840087890625,0.24480000138282776
3993.9599609375,0.2443999946117401
3994.090087890625,0.24390000104904175
3994.219970703125,0.2434999942779541
3994.35009765625,0.24300000071525574
3994.47998046875,0.2425999939441681
3994.60009765625,0.24210000038146973
3994.72998046875,0.24160000681877136
3994.860107421875,0.24120000004768372
3994.989990234375,0.24070000648498535
3995.1201171875,0.2402999997138977
3995.239990234375,0.23980000615119934
3995.3701171875,0.2393999993801117
3995.5,0.23890000581741333
3995.6298828125,0.23849999904632568
3995.75,0.23800000548362732
3995.8798828125,0.23759999871253967
3996.010009765625,0.2371000051498413
3996.139892578125,0.23669999837875366
3996.27001953125,0.2362000048160553
3996.389892578125,0.23579999804496765
3996.52001953125,0.2353000044822693
3996.64990234375,0.23489999771118164
3996.780029296875,0.23440000414848328
3996.909912109375,0.23399999737739563
3997.0400390625,0.23350000381469727
3997.159912109375,0.23309999704360962
3997.2900390625,0.23260000348091125
3997.419921875,0.2320999950170517
3997.5400390625,0.23170000314712524
3997.669921875,0.23119999468326569
3997.800048828125,0.23080000281333923
3997.929931640625,0.23029999434947968
3998.06005859375,0.22990000247955322
3998.18994140625,0.22939999401569366
3998.31005859375,0.2290000021457672
3998.43994140625,0.22849999368190765
3998.570068359375,0.2281000018119812
3998.699951171875,0.22759999334812164
3998.820068359375,0.2272000014781952
3998.949951171875,0.22669999301433563
3999.080078125,0.22630000114440918
3999.2099609375,0.22579999268054962
3999.340087890625,0.22540000081062317
3999.469970703125,0.2249000072479248
3999.590087890625,0.22439999878406525
3999.719970703125,0.2240000069141388
3999.85009765625,0.22349999845027924
3999.97998046875,0.22310000658035278
4000.10009765625,0.22280000150203705
4000.22998046875,0.2224999964237213
4000.360107421875,0.2222999930381775
4000.489990234375,0.22200000286102295
4000.6201171875,0.22179999947547913
4000.739990234375,0.2214999943971634
4000.8701171875,0.22130000591278076
4001.0,0.22100000083446503
4001.1298828125,0.2207999974489212
4001.25,0.22050000727176666
4001.3798828125,0.22030000388622284
4001.510009765625,0.2199999988079071
4001.639892578125,0.21979999542236328
4001.77001953125,0.21950000524520874
4001.89990234375,0.21930000185966492
4002.02001953125,0.21899999678134918
4002.14990234375,0.21879999339580536
4002.280029296875,0.21850000321865082
4002.409912109375,0.218299999833107
4002.5400390625,0.21799999475479126
4002.669921875,0.21780000627040863
4002.7900390625,0.2175000011920929
4002.919921875,0.21729999780654907
4003.050048828125,0.21699999272823334
4003.179931640625,0.2168000042438507
4003.300048828125,0.21649999916553497
4003.429931640625,0.21629999577999115
4003.56005859375,0.2160000056028366
4003.68994140625,0.21580000221729279
4003.820068359375,0.21549999713897705
4003.949951171875,0.21529999375343323
4004.070068359375,0.2150000035762787
4004.199951171875,0.21480000019073486
4004.330078125,0.21449999511241913
4004.4599609375,0.2143000066280365
4004.590087890625,0.21400000154972076
4004.7099609375,0.21379999816417694
4004.840087890625,0.2134999930858612
4004.969970703125,0.21330000460147858
4005.10009765625,0.21299999952316284
4005.22998046875,0.21279999613761902
4005.360107421875,0.21250000596046448
4005.47998046875,0.21230000257492065
4005.610107421875,0.21199999749660492
4005.739990234375,0.21170000731945038
4005.8701171875,0.21150000393390656
4006.0,0.21119999885559082
4006.1201171875,0.210999995470047
4006.25,0.21070000529289246
4006.3798828125,0.21050000190734863
4006.510009765625,0.2101999968290329
4006.639892578125,0.20999999344348907
4006.77001953125,0.20970000326633453
4006.889892578125,0.2094999998807907
4007.02001953125,0.20919999480247498
4007.14990234375,0.20900000631809235
4007.280029296875,0.2087000012397766
4007.409912109375,0.2084999978542328
4007.5400390625,0.20819999277591705
4007.659912109375,0.20800000429153442
4007.7900390625,0.2076999992132187
4007.919921875,0.20749999582767487
4008.050048828125,0.20720000565052032
4008.179931640625,0.2070000022649765
4008.300048828125,0.20669999718666077
4008.429931640625,0.20649999380111694
4008.56005859375,0.2062000036239624
4008.68994140625,0.20600000023841858
4008.820068359375,0.20569999516010284
4008.949951171875,0.20550000667572021
4009.070068359375,0.20520000159740448
4009.199951171875,0.20499999821186066
4009.330078125,0.20469999313354492
4009.4599609375,0.2045000046491623
4009.590087890625,0.20419999957084656
4009.7099609375,0.20399999618530273
4009.840087890625,0.2037000060081482
4009.969970703125,0.20350000262260437
4010.10009765625,0.20319999754428864
4010.22998046875,0.2029999941587448
4010.360107421875,0.20270000398159027
4010.489990234375,0.20239999890327454
4010.610107421875,0.2021999955177307
4010.739990234375,0.20190000534057617
4010.8701171875,0.20170000195503235
4011.0,0.2013999968767166
4011.1298828125,0.2011999934911728
4011.25,0.20090000331401825
4011.3798828125,0.20069999992847443
4011.510009765625,0.2003999948501587
4011.639892578125,0.20020000636577606
4011.77001953125,0.19990000128746033
4011.89990234375,0.1996999979019165
4012.02001953125,0.19939999282360077
4012.14990234375,0.19920000433921814
4012.280029296875,0.1988999992609024
4012.409912109375,0.19869999587535858
4012.5400390625,0.19840000569820404
4012.669921875,0.19820000231266022
4012.7900390625,0.19789999723434448
4012.919921875,0.19769999384880066
4013.050048828125,0.19740000367164612
4013.179931640625,0.1972000002861023
4013.31005859375,0.19689999520778656
4013.43994140625,0.19670000672340393
4013.570068359375,0.1964000016450882
4013.699951171875,0.19619999825954437
4013.820068359375,0.19589999318122864
4013.949951171875,0.195700004696846
4014.080078125,0.19539999961853027
4014.2099609375,0.19509999454021454
4014.340087890625,0.1949000060558319
4014.469970703125,0.19460000097751617
4014.590087890625,0.19439999759197235
4014.719970703125,0.1941000074148178
4014.85009765625,0.193900004029274
4014.97998046875,0.19359999895095825
4015.110107421875,0.19339999556541443
4015.22998046875,0.1931000053882599
4015.360107421875,0.19290000200271606
4015.489990234375,0.19259999692440033
4015.6201171875,0.1923999935388565
4015.75,0.19210000336170197
4015.8798828125,0.19189999997615814
4016.010009765625,0.1915999948978424
4016.139892578125,0.19140000641345978
4016.260009765625,0.19110000133514404
4016.389892578125,0.19089999794960022
4016.52001953125,0.19059999287128448
4016.64990234375,0.19040000438690186
4016.780029296875,0.19009999930858612
4016.909912109375,0.1898999959230423
4017.0400390625,0.18960000574588776
4017.159912109375,0.18940000236034393
4017.2900390625,0.1890999972820282
4017.419921875,0.18889999389648438
4017.550048828125,0.18860000371932983
4017.679931640625,0.188400000333786
4017.81005859375,0.18809999525547028
4017.93994140625,0.18780000507831573
4018.06005859375,0.1876000016927719
4018.18994140625,0.18729999661445618
4018.320068359375,0.18709999322891235
4018.449951171875,0.1868000030517578
4018.580078125,0.186599999666214
4018.7099609375,0.18629999458789825
4018.830078125,0.18610000610351562
4018.9599609375,0.1858000010251999
4019.090087890625,0.18559999763965607
4019.219970703125,0.18529999256134033
4019.35009765625,0.1851000040769577
4019.47998046875,0.18479999899864197
4019.610107421875,0.18459999561309814
4019.739990234375,0.1843000054359436
4019.860107421875,0.18410000205039978
4019.989990234375,0.18379999697208405
4020.1201171875,0.18359999358654022
4020.25,0.18330000340938568
4020.3798828125,0.18310000002384186
4020.510009765625,0.18279999494552612
4020.639892578125,0.1826000064611435
4020.760009765625,0.18230000138282776
4020.889892578125,0.18199999630451202
4021.02001953125,0.1817999929189682
4021.14990234375,0.18150000274181366
4021.280029296875,0.18129999935626984
4021.409912109375,0.1809999942779541
4021.5400390625,0.18080000579357147
4021.659912109375,0.18050000071525574
4021.7900390625,0.18029999732971191
4021.919921875,0.18000000715255737
4022.050048828125,0.17980000376701355
4022.179931640625,0.17949999868869781
4022.31005859375,0.179299995303154
4022.43994140625,0.17900000512599945
4022.570068359375,0.17880000174045563
4022.68994140625,0.1784999966621399
4022.820068359375,0.17829999327659607
4022.949951171875,0.17800000309944153
4023.080078125,0.1777999997138977
4023.2099609375,0.17749999463558197
4023.340087890625,0.17730000615119934
4023.469970703125,0.1770000010728836
4023.590087890625,0.17679999768733978
4023.72998046875,0.17649999260902405
4023.85009765625,0.1762000024318695
4023.97998046875,0.17599999904632568
4024.110107421875,0.17569999396800995
4024.239990234375,0.17550000548362732
4024.3701171875,0.17520000040531158
4024.5,0.17499999701976776
4024.6298828125,0.17470000684261322
4024.75,0.1745000034570694
4024.8798828125,0.17419999837875366
4025.010009765625,0.17399999499320984
4025.139892578125,0.1737000048160553
4025.27001953125,0.17350000143051147
4025.39990234375,0.17319999635219574
4025.530029296875,0.17299999296665192
4025.64990234375,0.17270000278949738
4025.780029296875,0.17249999940395355
4025.909912109375,0.17219999432563782
4026.0400390625,0.1720000058412552
4026.169921875,0.17170000076293945
4026.300048828125,0.17149999737739563
4026.429931640625,0.1712000072002411
4026.56005859375,0.17090000212192535
4026.68994140625,0.17069999873638153
4026.81005859375,0.1703999936580658
4026.949951171875,0.17020000517368317
4027.070068359375,0.16990000009536743
4027.199951171875,0.1696999967098236
4027.330078125,0.16940000653266907
4027.4599609375,0.16920000314712524
4027.590087890625,0.1688999980688095
4027.719970703125,0.16869999468326569
4027.85009765625,0.16840000450611115
4027.97998046875,0.16820000112056732
4028.10009765625,0.1678999960422516
4028.22998046875,0.16769999265670776
4028.360107421875,0.16740000247955322
4028.489990234375,0.1671999990940094
4028.6201171875,0.16689999401569366
4028.75,0.16670000553131104
4028.8798828125,0.1664000004529953
4029.010009765625,0.16609999537467957
4029.1298828125,0.16590000689029694
4029.260009765625,0.1656000018119812
4029.389892578125,0.16539999842643738
4029.52001953125,0.16509999334812164
4029.64990234375,0.164900004863739
4029.780029296875,0.16459999978542328
4029.909912109375,0.16439999639987946
4030.0400390625,0.16410000622272491
4030.169921875,0.1639000028371811
4030.300048828125,0.16359999775886536
4030.419921875,0.16339999437332153
4030.550048828125,0.163100004196167
4030.679931640625,0.16290000081062317
4030.81005859375,0.16259999573230743
4030.93994140625,0.1624000072479248
4031.070068359375,0.16210000216960907
4031.199951171875,0.16189999878406525
4031.330078125,0.1615999937057495
4031.4599609375,0.16130000352859497
4031.590087890625,0.16110000014305115
4031.719970703125,0.1607999950647354
4031.840087890625,0.16060000658035278
4031.969970703125,0.16030000150203705
4032.10009765625,0.16009999811649323
4032.22998046875,0.1597999930381775
4032.360107421875,0.15960000455379486
4032.489990234375,0.15929999947547913
4032.6201171875,0.1590999960899353
4032.75,0.15880000591278076
4032.8701171875,0.15860000252723694
4033.0,0.1582999974489212
4033.1298828125,0.15809999406337738
4033.260009765625,0.15780000388622284
4033.389892578125,0.15760000050067902
4033.52001953125,0.15729999542236328
4033.64990234375,0.15700000524520874
4033.780029296875,0.15680000185966492
4033.909912109375,0.15649999678134918
4034.0400390625,0.15629999339580536
4034.169921875,0.15600000321865082
4034.300048828125,0.155799999833107
4034.419921875,0.15549999475479126
4034.550048828125,0.15530000627040863
4034.679931640625,0.1550000011920929
4034.81005859375,0.15479999780654907
4034.93994140625,0.15449999272823334
4035.070068359375,0.1543000042438507
4035.199951171875,0.15399999916553497
4035.330078125,0.15379999577999115
4035.4599609375,0.1535000056028366
4035.590087890625,0.15320000052452087
4035.719970703125,0.15299999713897705
4035.840087890625,0.1527000069618225
4035.969970703125,0.1525000035762787
4036.10009765625,0.15219999849796295
4036.22998046875,0.15199999511241913
4036.360107421875,0.1517000049352646
4036.489990234375,0.15150000154972076
4036.6201171875,0.15119999647140503
4036.75,0.1509999930858612
4036.8798828125,0.15070000290870667
4037.010009765625,0.15049999952316284
4037.139892578125,0.1501999944448471
4037.260009765625,0.15000000596046448
4037.39990234375,0.14970000088214874
4037.52001953125,0.14949999749660492
4037.64990234375,0.14920000731945038
4037.780029296875,0.14890000224113464
4037.909912109375,0.14869999885559082
4038.0400390625,0.14839999377727509
4038.169921875,0.14820000529289246
4038.300048828125,0.14790000021457672
4038.429931640625,0.1476999968290329
4038.56005859375,0.14740000665187836
4038.68994140625,0.14720000326633453
4038.820068359375,0.1468999981880188
4038.949951171875,0.14669999480247498
4039.080078125,0.14640000462532043
4039.199951171875,0.1462000012397766
4039.330078125,0.14589999616146088
4039.4599609375,0.14569999277591705
4039.590087890625,0.1454000025987625
4039.719970703125,0.14509999752044678
4039.85009765625,0.14489999413490295
4039.97998046875,0.1446000039577484
4040.110107421875,0.1444000005722046
4040.239990234375,0.14409999549388885
4040.3701171875,0.14390000700950623
4040.5,0.1436000019311905
4040.6298828125,0.14339999854564667
4040.75,0.14309999346733093
4040.8798828125,0.1429000049829483
4041.010009765625,0.14259999990463257
4041.139892578125,0.14239999651908875
4041.27001953125,0.1421000063419342
4041.39990234375,0.14190000295639038
4041.530029296875,0.14159999787807465
4041.659912109375,0.1412999927997589
4041.7900390625,0.14110000431537628
4041.919921875,0.14079999923706055
4042.050048828125,0.14059999585151672
4042.179931640625,0.14030000567436218
4042.31005859375,0.14010000228881836
4042.43994140625,0.13979999721050262
4042.570068359375,0.1395999938249588
4042.699951171875,0.13930000364780426
4042.820068359375,0.13910000026226044
4042.949951171875,0.1387999951839447
4043.080078125,0.13860000669956207
4043.2099609375,0.13830000162124634
4043.340087890625,0.13809999823570251
4043.469970703125,0.13779999315738678
4043.60009765625,0.13750000298023224
4043.72998046875,0.13729999959468842
4043.860107421875,0.13699999451637268
4043.989990234375,0.13680000603199005
4044.1201171875,0.13650000095367432
4044.25,0.1362999975681305
4044.3798828125,0.13600000739097595
4044.510009765625,0.13580000400543213
4044.639892578125,0.1354999989271164
4044.77001953125,0.13529999554157257
4044.889892578125,0.13500000536441803
4045.02001953125,0.1348000019788742
4045.14990234375,0.13449999690055847
4045.280029296875,0.13420000672340393
4045.409912109375,0.1340000033378601
4045.5400390625,0.13369999825954437
4045.669921875,0.13349999487400055
4045.800048828125,0.133200004696846
4045.929931640625,0.13300000131130219
4046.06005859375,0.13269999623298645
4046.18994140625,0.13249999284744263
4046.320068359375,0.13220000267028809
4046.449951171875,0.13199999928474426
4046.580078125,0.13169999420642853
4046.7099609375,0.1315000057220459
4046.840087890625,0.13120000064373016
4046.969970703125,0.13089999556541443
4047.090087890625,0.1307000070810318
4047.219970703125,0.13040000200271606
4047.35009765625,0.13019999861717224
4047.47998046875,0.1298999935388565
4047.610107421875,0.12970000505447388
4047.739990234375,0.12939999997615814
4047.8701171875,0.12919999659061432
4048.0,0.12890000641345978
4048.1298828125,0.12870000302791595
4048.260009765625,0.12839999794960022
4048.389892578125,0.1281999945640564
4048.52001953125,0.12790000438690186
4048.64990234375,0.12759999930858612
4048.780029296875,0.1273999959230423
4048.909912109375,0.12710000574588776
4049.0400390625,0.12690000236034393
4049.169921875,0.1265999972820282
4049.300048828125,0.12639999389648438
4049.429931640625,0.12610000371932983
4049.56005859375,0.125900000333786
4049.68994140625,0.12559999525547028
4049.820068359375,0.12540000677108765
4049.93994140625,0.1251000016927719
4050.070068359375,0.12489999830722809
4050.199951171875,0.12470000237226486
4050.330078125,0.12449999898672104
4050.4599609375,0.12439999729394913
4050.590087890625,0.1242000013589859
4050.719970703125,0.12399999797344208
4050.85009765625,0.12380000203847885
4050.97998046875,0.12370000034570694
4051.110107421875,0.12349999696016312
4051.239990234375,0.12330000102519989
4051.3701171875,0.12309999763965607
4051.5,0.12300000339746475
4051.6298828125,0.12280000001192093
4051.760009765625,0.1225999966263771
4051.889892578125,0.12240000069141388
4052.02001953125,0.12229999899864197
4052.14990234375,0.12210000306367874
4052.280029296875,0.12189999967813492
4052.409912109375,0.1216999962925911
4052.5400390625,0.12150000035762787
4052.669921875,0.12139999866485596
4052.800048828125,0.12120000272989273
4052.929931640625,0.12099999934434891
4053.06005859375,0.12080000340938568
4053.18994140625,0.12070000171661377
4053.320068359375,0.12049999833106995
4053.449951171875,0.12030000239610672
4053.570068359375,0.1200999990105629
4053.699951171875,0.11999999731779099
4053.830078125,0.11980000138282776
4053.9599609375,0.11959999799728394
4054.090087890625,0.11940000206232071
4054.219970703125,0.1193000003695488
4054.35009765625,0.11909999698400497
4054.47998046875,0.11890000104904175
4054.610107421875,0.11869999766349792
4054.739990234375,0.11860000342130661
4054.8701171875,0.11840000003576279
4055.0,0.11819999665021896
4055.1298828125,0.11800000071525574
4055.260009765625,0.11779999732971191
4055.389892578125,0.1177000030875206
4055.52001953125,0.11749999970197678
4055.64990234375,0.11729999631643295
4055.780029296875,0.11710000038146973
4055.909912109375,0.11699999868869781
4056.0400390625,0.11680000275373459
4056.169921875,0.11659999936819077
4056.300048828125,0.11640000343322754
4056.429931640625,0.11630000174045563
4056.56005859375,0.1160999983549118
4056.68994140625,0.11590000241994858
4056.820068359375,0.11569999903440475
4056.949951171875,0.11550000309944153
4057.080078125,0.11540000140666962
4057.2099609375,0.1151999980211258
4057.340087890625,0.11500000208616257
4057.469970703125,0.11479999870061874
4057.60009765625,0.11469999700784683
4057.72998046875,0.1145000010728836
4057.860107421875,0.11429999768733978
4057.989990234375,0.11410000175237656
4058.1201171875,0.11400000005960464
4058.25,0.11379999667406082
4058.3798828125,0.1136000007390976
4058.510009765625,0.11339999735355377
4058.639892578125,0.11330000311136246
4058.77001953125,0.11309999972581863
4058.89990234375,0.11289999634027481
4059.030029296875,0.11270000040531158
4059.159912109375,0.11249999701976776
4059.2900390625,0.11240000277757645
4059.419921875,0.11219999939203262
4059.550048828125,0.1120000034570694
4059.679931640625,0.11180000007152557
4059.81005859375,0.11169999837875366
4059.93994140625,0.11150000244379044
4060.070068359375,0.11129999905824661
4060.199951171875,0.11110000312328339
4060.330078125,0.11100000143051147
4060.4599609375,0.11079999804496765
4060.580078125,0.11060000211000443
4060.719970703125,0.1103999987244606
4060.840087890625,0.11029999703168869
4060.969970703125,0.11010000109672546
4061.110107421875,0.10989999771118164
4061.22998046875,0.10970000177621841
4061.360107421875,0.10949999839067459
4061.5,0.10939999669790268
4061.6201171875,0.10920000076293945
4061.75,0.10899999737739563
4061.889892578125,0.1088000014424324
4062.010009765625,0.10869999974966049
4062.139892578125,0.10849999636411667
4062.280029296875,0.10830000042915344
4062.409912109375,0.10809999704360962
4062.530029296875,0.1080000028014183
4062.669921875,0.10779999941587448
4062.800048828125,0.10760000348091125
4062.919921875,0.10740000009536743
4063.06005859375,0.10719999670982361
4063.18994140625,0.1071000024676323
4063.320068359375,0.10689999908208847
4063.43994140625,0.10670000314712524
4063.580078125,0.10649999976158142
4063.7099609375,0.10639999806880951
4063.830078125,0.10620000213384628
4063.969970703125,0.10599999874830246
4064.090087890625,0.10580000281333923
4064.219970703125,0.10570000112056732
4064.35009765625,0.1054999977350235
4064.47998046875,0.10530000180006027
4064.610107421875,0.10509999841451645
4064.75,0.10490000247955322
4064.8701171875,0.10480000078678131
4065.0,0.10459999740123749
4065.139892578125,0.10440000146627426
4065.27001953125,0.10419999808073044
4065.389892578125,0.10409999638795853
4065.530029296875,0.1039000004529953
4065.659912109375,0.10369999706745148
4065.7900390625,0.10350000113248825
4065.919921875,0.10339999943971634
4066.050048828125,0.10320000350475311
4066.179931640625,0.10300000011920929
4066.31005859375,0.10279999673366547
4066.43994140625,0.10260000079870224
4066.570068359375,0.10249999910593033
4066.699951171875,0.1023000031709671
4066.830078125,0.10209999978542328
4066.9599609375,0.10189999639987946
4067.090087890625,0.10180000215768814
4067.219970703125,0.10159999877214432
4067.35009765625,0.10140000283718109
4067.47998046875,0.10119999945163727
4067.610107421875,0.10109999775886536
4067.739990234375,0.10090000182390213
4067.8701171875,0.1006999984383583
4068.0,0.10050000250339508
4068.1298828125,0.10029999911785126
4068.260009765625,0.10019999742507935
4068.389892578125,0.10000000149011612
4068.52001953125,0.0997999981045723
4068.64990234375,0.09960000216960907
4068.780029296875,0.09950000047683716
4068.909912109375,0.09929999709129333
4069.0400390625,0.09910000115633011
4069.169921875,0.09889999777078629
4069.300048828125,0.09880000352859497
4069.429931640625,0.09860000014305115
4069.56005859375,0.09839999675750732
4069.68994140625,0.0982000008225441
4069.820068359375,0.09799999743700027
4069.949951171875,0.09790000319480896
4070.080078125,0.09769999980926514
4070.2099609375,0.09749999642372131
4070.340087890625,0.09730000048875809
4070.469970703125,0.09719999879598618
4070.60009765625,0.09700000286102295
4070.72998046875,0.09679999947547913
4070.860107421875,0.0966000035405159
4070.989990234375,0.09640000015497208
4071.1201171875,0.09629999846220016
4071.25,0.09610000252723694
4071.3798828125,0.09589999914169312
4071.510009765625,0.09570000320672989
4071.639892578125,0.09560000151395798
4071.77001953125,0.09539999812841415
4071.89990234375,0.09520000219345093
4072.0400390625,0.0949999988079071
4072.169921875,0.09489999711513519
4072.2900390625,0.09470000118017197
4072.429931640625,0.09449999779462814
4072.56005859375,0.09430000185966492
4072.68994140625,0.0940999984741211
4072.820068359375,0.09399999678134918
4072.949951171875,0.09380000084638596
4073.080078125,0.09359999746084213
4073.2099609375,0.0934000015258789
4073.340087890625,0.093299999833107
4073.469970703125,0.09309999644756317
4073.60009765625,0.09290000051259995
4073.72998046875,0.09269999712705612
4073.860107421875,0.09260000288486481
4073.989990234375,0.09239999949932098
4074.1201171875,0.09220000356435776
4074.25,0.09200000017881393
4074.3798828125,0.09179999679327011
4074.510009765625,0.0917000025510788
4074.639892578125,0.09149999916553497
4074.77001953125,0.09130000323057175
4074.89990234375,0.09109999984502792
4075.030029296875,0.09099999815225601
4075.159912109375,0.09080000221729279
4075.2900390625,0.09059999883174896
4075.419921875,0.09040000289678574
4075.550048828125,0.09019999951124191
4075.68994140625,0.09009999781847
4075.820068359375,0.08990000188350677
4075.93994140625,0.08969999849796295
4076.080078125,0.08950000256299973
4076.2099609375,0.08940000087022781
4076.340087890625,0.08919999748468399
4076.469970703125,0.08900000154972076
4076.60009765625,0.08879999816417694
4076.72998046875,0.08869999647140503
4076.860107421875,0.0885000005364418
4076.989990234375,0.08829999715089798
4077.1201171875,0.08810000121593475
4077.25,0.08789999783039093
4077.3798828125,0.08780000358819962
4077.510009765625,0.08760000020265579
4077.639892578125,0.08739999681711197
4077.77001953125,0.08720000088214874
4077.89990234375,0.08709999918937683
4078.0400390625,0.0869000032544136
4078.169921875,0.08669999986886978
4078.2900390625,0.08649999648332596
4078.419921875,0.08630000054836273
4078.56005859375,0.08619999885559082
4078.679931640625,0.0860000029206276
4078.81005859375,0.08579999953508377
4078.949951171875,0.08560000360012054
4079.080078125,0.08550000190734863
4079.2099609375,0.08529999852180481
4079.340087890625,0.08510000258684158
4079.469970703125,0.08489999920129776
4079.60009765625,0.08470000326633453
4079.72998046875,0.08460000157356262
4079.860107421875,0.0843999981880188
4079.989990234375,0.08420000225305557
4080.1201171875,0.08399999886751175
4080.25,0.08389999717473984
4080.3798828125,0.08370000123977661
4080.510009765625,0.08349999785423279
4080.639892578125,0.08330000191926956
4080.77001953125,0.08309999853372574
4080.909912109375,0.08299999684095383
4081.0400390625,0.0828000009059906
4081.169921875,0.08259999752044678
4081.300048828125,0.08240000158548355
4081.429931640625,0.08229999989271164
4081.56005859375,0.08209999650716782
4081.68994140625,0.08190000057220459
4081.820068359375,0.08169999718666077
4081.949951171875,0.08160000294446945
4082.080078125,0.08139999955892563
4082.2099609375,0.0812000036239624
4082.340087890625,0.08100000023841858
4082.469970703125,0.08079999685287476
4082.60009765625,0.08070000261068344
4082.72998046875,0.08049999922513962
4082.860107421875,0.08030000329017639
4082.989990234375,0.08009999990463257
4083.1201171875,0.07999999821186066
4083.25,0.07980000227689743
4083.389892578125,0.07959999889135361
4083.52001953125,0.07940000295639038
4083.64990234375,0.07919999957084656
4083.780029296875,0.07909999787807465
4083.909912109375,0.07890000194311142
4084.0400390625,0.0786999985575676
4084.169921875,0.07850000262260437
4084.300048828125,0.07829999923706055
4084.429931640625,0.07819999754428864
4084.56005859375,0.07800000160932541
4084.68994140625,0.07779999822378159
4084.820068359375,0.07760000228881836
4084.9599609375,0.07750000059604645
4085.090087890625,0.07729999721050262
4085.219970703125,0.0771000012755394
4085.35009765625,0.07689999788999557
4085.47998046875,0.07680000364780426
4085.610107421875,0.07660000026226044
4085.739990234375,0.07639999687671661
4085.8701171875,0.07620000094175339
4086.0,0.07599999755620956
4086.1298828125,0.07590000331401825
4086.260009765625,0.07569999992847443
4086.389892578125,0.0754999965429306
4086.52001953125,0.07530000060796738
4086.64990234375,0.07509999722242355
4086.780029296875,0.07500000298023224
4086.919921875,0.07479999959468842
4087.050048828125,0.07460000365972519
4087.179931640625,0.07440000027418137
4087.31005859375,0.07429999858140945
4087.43994140625,0.07410000264644623
4087.570068359375,0.0738999992609024
4087.699951171875,0.07370000332593918
4087.830078125,0.07349999994039536
4087.9599609375,0.07339999824762344
4088.090087890625,0.07320000231266022
4088.22998046875,0.0729999989271164
4088.360107421875,0.07280000299215317
4088.489990234375,0.07270000129938126
4088.6201171875,0.07249999791383743
4088.75,0.0723000019788742
4088.8798828125,0.07209999859333038
4089.010009765625,0.07190000265836716
4089.139892578125,0.07180000096559525
4089.27001953125,0.07159999758005142
4089.39990234375,0.0714000016450882
4089.530029296875,0.07119999825954437
4089.659912109375,0.07109999656677246
4089.7900390625,0.07090000063180923
4089.919921875,0.07069999724626541
4090.050048828125,0.07050000131130219
4090.18994140625,0.07029999792575836
4090.320068359375,0.07020000368356705
4090.449951171875,0.07000000029802322
4090.580078125,0.0697999969124794
4090.7099609375,0.06960000097751617
4090.840087890625,0.06949999928474426
4090.969970703125,0.06930000334978104
4091.10009765625,0.06909999996423721
4091.22998046875,0.06889999657869339
4091.360107421875,0.06870000064373016
4091.5,0.06859999895095825
4091.6298828125,0.06840000301599503
4091.760009765625,0.0681999996304512
4091.889892578125,0.06800000369548798
4092.02001953125,0.06790000200271606
4092.14990234375,0.06769999861717224
4092.280029296875,0.06750000268220901
4092.409912109375,0.06729999929666519
4092.5400390625,0.06710000336170197
4092.669921875,0.06700000166893005
4092.81005859375,0.06679999828338623
4092.929931640625,0.066600002348423
4093.070068359375,0.06639999896287918
4093.199951171875,0.06629999727010727
4093.330078125,0.06610000133514404
4093.4599609375,0.06589999794960022
4093.590087890625,0.065700002014637
4093.719970703125,0.06549999862909317
4093.85009765625,0.06539999693632126
4093.97998046875,0.06520000100135803
4094.110107421875,0.06499999761581421
4094.239990234375,0.06480000168085098
4094.3798828125,0.06459999829530716
4094.510009765625,0.06449999660253525
4094.639892578125,0.06430000066757202
4094.77001953125,0.0640999972820282
4094.89990234375,0.06390000134706497
4095.030029296875,0.06379999965429306
4095.159912109375,0.06360000371932983
4095.2900390625,0.06340000033378601
4095.419921875,0.06319999694824219
4095.56005859375,0.06300000101327896
4095.68994140625,0.06289999932050705
4095.820068359375,0.06270000338554382
4095.949951171875,0.0625
4096.080078125,0.062300000339746475
4096.2099609375,0.062199998646974564
4096.33984375,0.06199999898672104
4096.47021484375,0.061799999326467514
4096.60009765625,0.06159999966621399
4096.740234375,0.061400000005960464
4096.8701171875,0.06129999831318855
4097.0,0.06109999865293503
4097.1298828125,0.0608999989926815
4097.259765625,0.06069999933242798
4097.39013671875,0.060499999672174454
4097.52001953125,0.06040000170469284
4097.64990234375,0.06019999831914902
4097.77978515625,0.05999999865889549
4097.91015625,0.05979999899864197
4098.0498046875,0.059700001031160355
4098.18017578125,0.05950000137090683
4098.31005859375,0.059300001710653305
4098.43994140625,0.05909999832510948
4098.56982421875,0.05889999866485596
4098.7001953125,0.058800000697374344
4098.830078125,0.05860000103712082
4098.97021484375,0.058400001376867294
4099.10009765625,0.05820000171661377
4099.22998046875,0.057999998331069946
4099.35986328125,0.05790000036358833
4099.490234375,0.05770000070333481
4099.6201171875,0.057500001043081284
4099.75,0.05730000138282776
4099.8798828125,0.05719999969005585
4100.02001953125,0.05700000002980232
4100.14013671875,0.0568000003695488
4100.27001953125,0.056699998676776886
4100.41015625,0.05660000070929527
4100.5400390625,0.05640000104904175
4100.669921875,0.056299999356269836
4100.7998046875,0.05620000138878822
4100.93017578125,0.0560000017285347
4101.06005859375,0.05590000003576279
4101.18994140625,0.055799998342990875
4101.330078125,0.05559999868273735
4101.4599609375,0.05550000071525574
4101.58984375,0.05530000105500221
4101.72021484375,0.0551999993622303
4101.85009765625,0.05510000139474869
4101.97998046875,0.05490000173449516
4102.10986328125,0.05480000004172325
4102.25,0.05469999834895134
4102.3798828125,0.054499998688697815
4102.509765625,0.0544000007212162
4102.64013671875,0.05429999902844429
4102.77001953125,0.054099999368190765
4102.89990234375,0.05400000140070915
4103.02978515625,0.05380000174045563
4103.16015625,0.053700000047683716
4103.2998046875,0.053599998354911804
4103.43017578125,0.05339999869465828
4103.56005859375,0.053300000727176666
4103.68994140625,0.053199999034404755
4103.81982421875,0.05299999937415123
4103.9501953125,0.05290000140666962
4104.080078125,0.052799999713897705
4104.2099609375,0.05260000005364418
4104.33984375,0.05249999836087227
4104.47998046875,0.052299998700618744
4104.60986328125,0.05220000073313713
4104.740234375,0.05209999904036522
4104.8701171875,0.051899999380111694
4105.0,0.05180000141263008
4105.1298828125,0.05169999971985817
4105.259765625,0.051500000059604645
4105.39990234375,0.05139999836683273
4105.52978515625,0.05130000039935112
4105.66015625,0.051100000739097595
4105.7900390625,0.050999999046325684
4105.919921875,0.05079999938607216
4106.0498046875,0.050700001418590546
4106.18994140625,0.050599999725818634
4106.31982421875,0.05040000006556511
4106.4501953125,0.0502999983727932
4106.580078125,0.050200000405311584
4106.7099609375,0.05000000074505806
4106.83984375,0.04989999905228615
4106.97998046875,0.04969999939203262
4107.10986328125,0.04960000142455101
4107.22998046875,0.0494999997317791
4107.3701171875,0.049300000071525574
4107.5,0.04919999837875366
4107.6298828125,0.04910000041127205
4107.759765625,0.048900000751018524
4107.89013671875,0.04879999905824661
4108.02001953125,0.048700001090765
4108.14990234375,0.048500001430511475
4108.2900390625,0.04839999973773956
4108.419921875,0.04820000007748604
4108.5498046875,0.04809999838471413
4108.68017578125,0.04800000041723251
4108.81005859375,0.04780000075697899
4108.9501953125,0.04769999906420708
4109.080078125,0.047600001096725464
4109.2099609375,0.04740000143647194
4109.33984375,0.04729999974370003
4109.47021484375,0.0471000000834465
4109.60009765625,0.04699999839067459
4109.72998046875,0.04690000042319298
4109.8701171875,0.04670000076293945
4110.0,0.04659999907016754
4110.1298828125,0.04650000110268593
4110.259765625,0.046300001442432404
4110.39013671875,0.04619999974966049
4110.52001953125,0.04610000178217888
4110.66015625,0.045899998396635056
4110.7900390625,0.04580000042915344
4110.919921875,0.04560000076889992
4111.0498046875,0.045499999076128006
4111.18017578125,0.04540000110864639
4111.31005859375,0.04520000144839287
4111.43994140625,0.045099999755620956
4111.56982421875,0.04500000178813934
4111.7099609375,0.04479999840259552
4111.83984375,0.04470000043511391
4111.97021484375,0.044599998742341995
4112.10009765625,0.04439999908208847
4112.22998046875,0.04430000111460686
4112.35986328125,0.04410000145435333
4112.5,0.04399999976158142
4112.6298828125,0.04390000179409981
4112.759765625,0.043699998408555984
4112.89013671875,0.04360000044107437
4113.02001953125,0.04349999874830246
4113.16015625,0.043299999088048935
4113.2900390625,0.04320000112056732
4113.419921875,0.0430000014603138
4113.5498046875,0.042899999767541885
4113.68017578125,0.04280000180006027
4113.81005859375,0.04259999841451645
4113.9501953125,0.042500000447034836
4114.080078125,0.042399998754262924
4114.2099609375,0.0421999990940094
4114.33984375,0.042100001126527786
4114.47021484375,0.041999999433755875
4114.60009765625,0.04179999977350235
4114.72998046875,0.04170000180602074
4114.85986328125,0.04149999842047691
4115.0,0.0414000004529953
4115.1298828125,0.04129999876022339
4115.259765625,0.041099999099969864
4115.39013671875,0.04100000113248825
4115.52001953125,0.04089999943971634
4115.66015625,0.040699999779462814
4115.7900390625,0.0406000018119812
4115.919921875,0.04039999842643738
4116.0498046875,0.040300000458955765
4116.18017578125,0.04019999876618385
4116.31982421875,0.03999999910593033
4116.4501953125,0.039900001138448715
4116.580078125,0.039799999445676804
4116.7099609375,0.03959999978542328
4116.83984375,0.039500001817941666
4116.97021484375,0.03929999843239784
4117.10009765625,0.03920000046491623
4117.240234375,0.03909999877214432
4117.3701171875,0.03889999911189079
4117.5,0.03880000114440918
4117.6298828125,0.03869999945163727
4117.759765625,0.03849999979138374
4117.89990234375,0.03840000182390213
4118.02978515625,0.03830000013113022
4118.16015625,0.038100000470876694
4118.2900390625,0.03799999877810478
4118.419921875,0.03779999911785126
4118.5498046875,0.037700001150369644
4118.68017578125,0.03759999945759773
4118.81982421875,0.03739999979734421
4118.9501953125,0.037300001829862595
4119.080078125,0.03720000013709068
4119.2099609375,0.03700000047683716
4119.33984375,0.03689999878406525
4119.47998046875,0.03669999912381172
4119.60986328125,0.03660000115633011
4119.740234375,0.0364999994635582
4119.8701171875,0.03629999980330467
4120.0,0.03620000183582306
4120.14013671875,0.03610000014305115
4120.27001953125,0.03590000048279762
4120.39990234375,0.03579999879002571
4120.52978515625,0.035599999129772186
4120.66015625,0.03550000116229057
4120.7900390625,0.03539999946951866
4120.93017578125,0.03519999980926514
4121.06005859375,0.035100001841783524
4121.18994140625,0.03500000014901161
4121.31982421875,0.03480000048875809
4121.4599609375,0.034699998795986176
4121.58984375,0.03460000082850456
4121.72021484375,0.03440000116825104
4121.85009765625,0.034299999475479126
4121.97998046875,0.0340999998152256
4122.10986328125,0.03400000184774399
4122.240234375,0.033900000154972076
4122.3798828125,0.03370000049471855
4122.509765625,0.03359999880194664
4122.64013671875,0.03350000083446503
4122.77001953125,0.0333000011742115
4122.91015625,0.03319999948143959
4123.0400390625,0.032999999821186066
4123.169921875,0.03290000185370445
4123.2998046875,0.03280000016093254
4123.43017578125,0.032600000500679016
4123.56005859375,0.032499998807907104
4123.7001953125,0.03240000084042549
4123.830078125,0.03220000118017197
4123.9599609375,0.032099999487400055
4124.08984375,0.03189999982714653
4124.22998046875,0.03180000185966492
4124.35986328125,0.031700000166893005
4124.490234375,0.03150000050663948
4124.6201171875,0.03139999881386757
4124.75,0.031300000846385956
4124.8798828125,0.031099999323487282
4125.02001953125,0.03099999949336052
4125.14990234375,0.030799999833106995
4125.27978515625,0.030700000002980232
4125.41015625,0.03060000017285347
4125.5400390625,0.030400000512599945
4125.669921875,0.030300000682473183
4125.81005859375,0.03020000085234642
4125.93994140625,0.029999999329447746
4126.06982421875,0.029899999499320984
4126.2001953125,0.02969999983906746
4126.33984375,0.029600000008940697
4126.47021484375,0.029500000178813934
4126.60009765625,0.02930000051856041
4126.72998046875,0.029200000688433647
4126.85986328125,0.029100000858306885
4127.0,0.02889999933540821
4127.1298828125,0.02879999950528145
4127.259765625,0.028599999845027924
4127.39013671875,0.02850000001490116
4127.52978515625,0.0284000001847744
4127.66015625,0.028200000524520874
4127.7900390625,0.02810000069439411
4127.919921875,0.02800000086426735
4128.0498046875,0.027799999341368675
4128.18994140625,0.027699999511241913
4128.31982421875,0.027499999850988388
4128.4501953125,0.027400000020861626
4128.580078125,0.027300000190734863
4128.72021484375,0.02710000053048134
4128.83984375,0.027000000700354576
4128.97998046875,0.026900000870227814
4129.10986328125,0.02669999934732914
4129.240234375,0.026599999517202377
4129.3701171875,0.026499999687075615
4129.509765625,0.02630000002682209
4129.64013671875,0.026200000196695328
4129.77001953125,0.026000000536441803
4129.89990234375,0.02590000070631504
4130.02978515625,0.025800000876188278
4130.169921875,0.025599999353289604
4130.2998046875,0.025499999523162842
4130.43017578125,0.02539999969303608
4130.56005859375,0.025200000032782555
4130.7001953125,0.025100000202655792
4130.830078125,0.024900000542402267
4130.9599609375,0.024800000712275505
4131.08984375,0.024700000882148743
4131.22998046875,0.02449999935925007
4131.35986328125,0.024399999529123306
4131.490234375,0.02419999986886978
4131.6201171875,0.02410000003874302
4131.75,0.024000000208616257
4131.89013671875,0.023800000548362732
4132.02001953125,0.02370000071823597
4132.14990234375,0.023600000888109207
4132.27978515625,0.023399999365210533
4132.419921875,0.02329999953508377
4132.5498046875,0.02319999970495701
4132.68017578125,0.023000000044703484
4132.81005859375,0.02290000021457672
4132.93994140625,0.022700000554323196
4133.06982421875,0.022600000724196434
4133.2099609375,0.02250000089406967
4133.33984375,0.022299999371170998
4133.47021484375,0.022199999541044235
4133.60009765625,0.022099999710917473
4133.740234375,0.021900000050663948
4133.8701171875,0.021800000220537186
4134.0,0.02160000056028366
4134.1298828125,0.0215000007301569
4134.27001953125,0.021400000900030136
4134.39990234375,0.021199999377131462
4134.52978515625,0.0210999995470047
4134.66015625,0.020999999716877937
4134.7998046875,0.020800000056624413
4134.93017578125,0.02070000022649765
4135.06005859375,0.020500000566244125
4135.18994140625,0.020400000736117363
4135.330078125,0.0203000009059906
4135.4599609375,0.020099999383091927
4135.58984375,0.019999999552965164
4135.72021484375,0.01979999989271164
4135.85009765625,0.019700000062584877
4135.990234375,0.019600000232458115
4136.1201171875,0.01940000057220459
4136.25,0.019300000742077827
4136.3798828125,0.019200000911951065
4136.52001953125,0.01899999938905239
4136.64990234375,0.01889999955892563
4136.77978515625,0.018799999728798866
4136.91015625,0.01860000006854534
4137.0400390625,0.01850000023841858
4137.18017578125,0.018300000578165054
4137.31005859375,0.018200000748038292
4137.43994140625,0.01810000091791153
4137.56982421875,0.017899999395012856
4137.7099609375,0.017799999564886093
4137.83984375,0.01759999990463257
4137.97021484375,0.017500000074505806
4138.10009765625,0.017400000244379044
4138.240234375,0.01720000058412552
4138.3701171875,0.017100000753998756
4138.5,0.017000000923871994
4138.6298828125,0.01679999940097332
4138.77001953125,0.016699999570846558
4138.89990234375,0.016499999910593033
4139.02978515625,0.01640000008046627
4139.16015625,0.016300000250339508
4139.2998046875,0.016100000590085983
4139.43017578125,0.01600000075995922
4139.56005859375,0.01590000092983246
4139.68994140625,0.015699999406933784
4139.830078125,0.015599999576807022
4139.9599609375,0.015399999916553497
4140.08984375,0.015300000086426735
4140.22021484375,0.015200000256299973
4140.35009765625,0.014999999664723873
4140.490234375,0.01489999983459711
4140.6201171875,0.014800000004470348
4140.75,0.014600000344216824
4140.8798828125,0.014499999582767487
4141.02001953125,0.014299999922513962
4141.14990234375,0.0142000000923872
4141.27978515625,0.014100000262260437
4141.419921875,0.013899999670684338
4141.5498046875,0.013799999840557575
4141.68017578125,0.013700000010430813
4141.81005859375,0.013500000350177288
4141.9501953125,0.013399999588727951
4142.080078125,0.013199999928474426
4142.2099609375,0.013100000098347664
4142.33984375,0.013000000268220901
4142.47998046875,0.012799999676644802
4142.60986328125,0.01269999984651804
4142.740234375,0.012500000186264515
4142.8701171875,0.012400000356137753
4143.009765625,0.012299999594688416
4143.14013671875,0.01209999993443489
4143.27001953125,0.012000000104308128
4143.39990234375,0.011900000274181366
4143.5400390625,0.011699999682605267
4143.669921875,0.011599999852478504
4143.7998046875,0.01140000019222498
4143.93017578125,0.011300000362098217
4144.06982421875,0.01119999960064888
4144.2001953125,0.010999999940395355
4144.330078125,0.010900000110268593
4144.4599609375,0.01080000028014183
4144.60009765625,0.010599999688565731
4144.72998046875,0.010499999858438969
4144.85986328125,0.010300000198185444
4144.990234375,0.010200000368058681
4145.1298828125,0.010099999606609344
4145.259765625,0.00989999994635582
4145.39013671875,0.009800000116229057
4145.52978515625,0.009700000286102295
4145.66015625,0.009499999694526196
4145.7900390625,0.009399999864399433
4145.919921875,0.009200000204145908
4146.06005859375,0.009100000374019146
4146.18994140625,0.008999999612569809
4146.31982421875,0.008799999952316284
4146.4599609375,0.008700000122189522
4146.58984375,0.008500000461935997
4146.72021484375,0.00839999970048666
4146.85009765625,0.008299999870359898
4146.97998046875,0.008100000210106373
4147.1201171875,0.00800000037997961
4147.25,0.007899999618530273
4147.3798828125,0.007699999958276749
4147.509765625,0.007600000128149986
4147.64990234375,0.007400000002235174
4147.77978515625,0.007300000172108412
4147.91015625,0.007199999876320362
4148.0498046875,0.007000000216066837
4148.18017578125,0.006899999920278788
4148.31005859375,0.006800000090152025
4148.4501953125,0.006599999964237213
4148.580078125,0.006500000134110451
4148.7099609375,0.006300000008195639
4148.83984375,0.006200000178068876
4148.97998046875,0.006099999882280827
4149.10986328125,0.005900000222027302
4149.240234375,0.005799999926239252
4149.3701171875,0.00570000009611249
4149.509765625,0.005499999970197678
4149.64013671875,0.005400000140070915
4149.77001953125,0.005200000014156103
4149.91015625,0.005100000184029341
4150.0400390625,0.004999999888241291
4150.169921875,0.004999999888241291
4150.2998046875,0.004999999888241291
4150.43994140625,0.004999999888241291
4150.56982421875,0.004900000058114529
4150.7001953125,0.004900000058114529
4150.830078125,0.004900000058114529
4150.97021484375,0.004900000058114529
4151.10009765625,0.004900000058114529
4151.22998046875,0.004900000058114529
4151.3701171875,0.004900000058114529
4151.5,0.004800000227987766
4151.6298828125,0.004800000227987766
4151.759765625,0.004800000227987766
4151.89990234375,0.004800000227987766
4152.02978515625,0.004800000227987766
4152.16015625,0.004800000227987766
4152.2998046875,0.004800000227987766
4152.43017578125,0.004800000227987766
4152.56005859375,0.004699999932199717
4152.68994140625,0.004699999932199717
4152.830078125,0.004699999932199717
4152.9599609375,0.004699999932199717
4153.08984375,0.004699999932199717
4153.22998046875,0.004699999932199717
4153.35986328125,0.004699999932199717
4153.490234375,0.004699999932199717
4153.6201171875,0.004600000102072954
4153.759765625,0.004600000102072954
4153.89013671875,0.004600000102072954
4154.02001953125,0.004600000102072954
4154.16015625,0.004600000102072954
4154.2900390625,0.004600000102072954
4154.419921875,0.004600000102072954
4154.56005859375,0.0044999998062849045
4154.68994140625,0.0044999998062849045
4154.81982421875,0.0044999998062849045
4154.9501953125,0.0044999998062849045
4155.08984375,0.0044999998062849045
4155.22021484375,0.0044999998062849045
4155.35009765625,0.0044999998062849045
4155.490234375,0.0044999998062849045
4155.6201171875,0.004399999976158142
4155.75,0.004399999976158142
4155.89013671875,0.004399999976158142
4156.02001953125,0.004399999976158142
4156.14990234375,0.004399999976158142
4156.27978515625,0.004399999976158142
4156.419921875,0.004399999976158142
4156.5498046875,0.00430000014603138
4156.68017578125,0.00430000014603138
4156.81982421875,0.00430000014603138
4156.9501953125,0.00430000014603138
4157.080078125,0.00430000014603138
4157.22021484375,0.00430000014603138
4157.35009765625,0.00430000014603138
4157.47998046875,0.00430000014603138
4157.6201171875,0.00419999985024333
4157.75,0.00419999985024333
4157.8798828125,0.00419999985024333
4158.009765625,0.00419999985024333
4158.14013671875,0.00419999985024333
4158.27978515625,0.00419999985024333
4158.41015625,0.00419999985024333
4158.5400390625,0.004100000020116568
4158.68017578125,0.004100000020116568
4158.81005859375,0.004100000020116568
4158.93994140625,0.004100000020116568
4159.080078125,0.004100000020116568
4159.2099609375,0.004100000020116568
4159.33984375,0.004100000020116568
4159.47998046875,0.004100000020116568
4159.60986328125,0.004000000189989805
4159.740234375,0.004000000189989805
4159.8798828125,0.004000000189989805
4160.009765625,0.004000000189989805
4160.14013671875,0.004000000189989805
4160.27001953125,0.004000000189989805
4160.41015625,0.004000000189989805
4160.5400390625,0.0038999998942017555
4160.669921875,0.0038999998942017555
4160.81005859375,0.0038999998942017555
4160.93994140625,0.0038999998942017555
4161.06982421875,0.0038999998942017555
4161.2099609375,0.0038999998942017555
4161.33984375,0.0038999998942017555
4161.47021484375,0.0038999998942017555
4161.60986328125,0.003800000064074993
4161.740234375,0.003800000064074993
4161.8701171875,0.003800000064074993
4162.009765625,0.003800000064074993
4162.14013671875,0.003800000064074993
4162.27001953125,0.003800000064074993
4162.41015625,0.003800000064074993
4162.5400390625,0.003700000001117587
4162.669921875,0.003700000001117587
4162.81005859375,0.003700000001117587
4162.93994140625,0.003700000001117587
4163.06982421875,0.003700000001117587
4163.2001953125,0.003700000001117587
4163.33984375,0.003700000001117587
4163.47021484375,0.003700000001117587
4163.60009765625,0.003599999938160181
4163.740234375,0.003599999938160181
4163.8701171875,0.003599999938160181
4164.0,0.003599999938160181
4164.14013671875,0.003599999938160181
4164.27001953125,0.003599999938160181
4164.39990234375,0.003599999938160181
4164.5400390625,0.0035000001080334187
4164.669921875,0.0035000001080334187
4164.7998046875,0.0035000001080334187
4164.93994140625,0.0035000001080334187
4165.06982421875,0.0035000001080334187
4165.2001953125,0.0035000001080334187
4165.33984375,0.0035000001080334187
4165.47021484375,0.0035000001080334187
4165.60009765625,0.0034000000450760126
4165.740234375,0.0034000000450760126
4165.8701171875,0.0034000000450760126
4166.0,0.0034000000450760126
4166.14013671875,0.0034000000450760126
4166.27001953125,0.0034000000450760126
4166.39990234375,0.0034000000450760126
4166.5400390625,0.0032999999821186066
4166.669921875,0.0032999999821186066
4166.7998046875,0.0032999999821186066
4166.93994140625,0.0032999999821186066
4167.06982421875,0.0032999999821186066
4167.2001953125,0.0032999999821186066
4167.33984375,0.0032999999821186066
4167.47021484375,0.0032999999821186066
4167.60009765625,0.0031999999191612005
4167.740234375,0.0031999999191612005
4167.8701171875,0.0031999999191612005
4168.0,0.0031999999191612005
4168.14013671875,0.0031999999191612005
4168.27001953125,0.0031999999191612005
4168.39990234375,0.0031999999191612005
4168.5400390625,0.003100000089034438
4168.669921875,0.003100000089034438
4168.7998046875,0.003100000089034438
4168.93994140625,0.003100000089034438
4169.06982421875,0.003100000089034438
4169.2001953125,0.003100000089034438
4169.33984375,0.003100000089034438
4169.47021484375,0.003100000089034438
4169.60009765625,0.003000000026077032
4169.740234375,0.003000000026077032
4169.8701171875,0.003000000026077032
4170.0,0.003000000026077032
4170.14013671875,0.003000000026077032
4170.27001953125,0.003000000026077032
4170.39990234375,0.003000000026077032
4170.5400390625,0.002899999963119626
4170.669921875,0.002899999963119626
4170.81005859375,0.002899999963119626
4170.93994140625,0.002899999963119626
4171.06982421875,0.002899999963119626
4171.2099609375,0.002899999963119626
4171.33984375,0.002899999963119626
4171.47021484375,0.002899999963119626
4171.60986328125,0.00279999990016222
4171.740234375,0.00279999990016222
4171.8701171875,0.00279999990016222
4172.009765625,0.00279999990016222
4172.14013671875,0.00279999990016222
4172.27001953125,0.00279999990016222
4172.41015625,0.00279999990016222
4172.5400390625,0.0027000000700354576
4172.669921875,0.0027000000700354576
4172.81005859375,0.0027000000700354576
4172.93994140625,0.0027000000700354576
4173.06982421875,0.0027000000700354576
4173.2099609375,0.0027000000700354576
4173.33984375,0.0027000000700354576
4173.47021484375,0.0027000000700354576
4173.60986328125,0.0026000000070780516
4173.740234375,0.0026000000070780516
4173.8798828125,0.0026000000070780516
4174.009765625,0.0026000000070780516
4174.14013671875,0.0026000000070780516
4174.27978515625,0.0026000000070780516
4174.41015625,0.0026000000070780516
4174.5400390625,0.0024999999441206455
4174.68017578125,0.0024999999441206455
4174.81005859375,0.0024999999441206455
4174.9501953125,0.0024999999441206455
4175.080078125,0.0024999999441206455
4175.2099609375,0.0024999999441206455
4175.35009765625,0.0024999999441206455
4175.47998046875,0.0024999999441206455
4175.60986328125,0.002400000113993883
4175.75,0.002400000113993883
4175.8798828125,0.002400000113993883
4176.009765625,0.002400000113993883
4176.14990234375,0.002400000113993883
4176.27978515625,0.002400000113993883
4176.41015625,0.002400000113993883
4176.5498046875,0.002300000051036477
4176.68017578125,0.002300000051036477
4176.81005859375,0.002300000051036477
4176.9501953125,0.002300000051036477
4177.080078125,0.002300000051036477
4177.2099609375,0.002300000051036477
4177.35009765625,0.002300000051036477
4177.47998046875,0.002300000051036477
4177.6201171875,0.002199999988079071
4177.75,0.002199999988079071
4177.8798828125,0.002199999988079071
4178.02001953125,0.002199999988079071
4178.14990234375,0.002199999988079071
4178.2900390625,0.002199999988079071
4178.419921875,0.002199999988079071
4178.5498046875,0.002099999925121665
4178.68994140625,0.002099999925121665
4178.81982421875,0.002099999925121665
4178.9501953125,0.002099999925121665
4179.08984375,0.002099999925121665
4179.22021484375,0.002099999925121665
4179.35009765625,0.002099999925121665
4179.490234375,0.002099999925121665
4179.6201171875,0.0020000000949949026
4179.75,0.0020000000949949026
4179.89013671875,0.0020000000949949026
4180.02001953125,0.0020000000949949026
4180.16015625,0.0020000000949949026
4180.2900390625,0.0020000000949949026
4180.419921875,0.0020000000949949026
4180.56005859375,0.0019000000320374966
4180.68994140625,0.0019000000320374966
4180.830078125,0.0019000000320374966
4180.9599609375,0.0019000000320374966
4181.08984375,0.0019000000320374966
4181.22998046875,0.0019000000320374966
4181.35986328125,0.0019000000320374966
4181.5,0.0017999999690800905
4181.6298828125,0.0017999999690800905
4181.759765625,0.0017999999690800905
4181.89990234375,0.0017999999690800905
4182.02978515625,0.0017999999690800905
4182.16015625,0.0017999999690800905
4182.2998046875,0.0017999999690800905
4182.43017578125,0.0017999999690800905
4182.56982421875,0.0017000000225380063
4182.7001953125,0.0017000000225380063
4182.830078125,0.0017000000225380063
4182.97021484375,0.0017000000225380063
4183.10009765625,0.0017000000225380063
4183.240234375,0.0017000000225380063
4183.3701171875,0.0017000000225380063
4183.5,0.0015999999595806003
4183.64013671875,0.0015999999595806003
4183.77001953125,0.0015999999595806003
4183.89990234375,0.0015999999595806003
4184.0400390625,0.0015999999595806003
4184.169921875,0.0015999999595806003
4184.2998046875,0.0015999999595806003
4184.43994140625,0.0015999999595806003
4184.56982421875,0.001500000013038516
4184.7099609375,0.001500000013038516
4184.83984375,0.001500000013038516
4184.97998046875,0.001500000013038516
4185.10986328125,0.001500000013038516
4185.240234375,0.001500000013038516
4185.3798828125,0.001500000013038516
4185.509765625,0.00139999995008111
4185.64990234375,0.00139999995008111
4185.77978515625,0.00139999995008111
4185.91015625,0.00139999995008111
4186.0498046875,0.00139999995008111
4186.18017578125,0.00139999995008111
4186.31005859375,0.00139999995008111
4186.4501953125,0.00139999995008111
4186.580078125,0.0013000000035390258
4186.72021484375,0.0013000000035390258
4186.85009765625,0.0013000000035390258
4186.990234375,0.0013000000035390258
4187.1201171875,0.0013000000035390258
4187.25,0.0013000000035390258
4187.39013671875,0.0013000000035390258
4187.52001953125,0.0012000000569969416
4187.64990234375,0.0012000000569969416
4187.7900390625,0.0012000000569969416
4187.919921875,0.0012000000569969416
4188.06005859375,0.0012000000569969416
4188.18994140625,0.0012000000569969416
4188.31982421875,0.0012000000569969416
4188.4599609375,0.0012000000569969416
4188.58984375,0.0010999999940395355
4188.72998046875,0.0010999999940395355
4188.85986328125,0.0010999999940395355
4189.0,0.0010999999940395355
4189.1298828125,0.0010999999940395355
4189.259765625,0.0010999999940395355
4189.39990234375,0.0010999999940395355
4189.52978515625,0.0010000000474974513
4189.66015625,0.0010000000474974513
4189.7998046875,0.0010000000474974513
4189.93017578125,0.0010000000474974513
4190.06982421875,0.0010000000474974513
4190.2001953125,0.0010000000474974513
4190.33984375,0.0010000000474974513
4190.47021484375,0.0010000000474974513
4190.60009765625,0.0008999999845400453
4190.740234375,0.0008999999845400453
4190.8701171875,0.0008999999845400453
4191.0,0.0008999999845400453
4191.14013671875,0.0008999999845400453
4191.27001953125,0.0008999999845400453
4191.41015625,0.0008999999845400453
4191.5400390625,0.0007999999797903001
4191.68017578125,0.0007999999797903001
4191.81005859375,0.0007999999797903001
4191.93994140625,0.0007999999797903001
4192.080078125,0.0007999999797903001
4192.2099609375,0.0007999999797903001
4192.35009765625,0.0007999999797903001
4192.47998046875,0.0007999999797903001
4192.60986328125,0.000699999975040555
4192.75,0.000699999975040555
4192.8798828125,0.000699999975040555
4193.02001953125,0.000699999975040555
4193.14990234375,0.000699999975040555
4193.2900390625,0.000699999975040555
4193.419921875,0.000699999975040555
4193.56005859375,0.0006000000284984708
4193.68994140625,0.0006000000284984708
4193.81982421875,0.0006000000284984708
4193.9599609375,0.0006000000284984708
4194.08984375,0.0006000000284984708
4194.22998046875,0.0006000000284984708
4194.35986328125,0.0006000000284984708
4194.490234375,0.0006000000284984708
4194.6298828125,0.0005000000237487257
4194.759765625,0.0005000000237487257
4194.89990234375,0.0005000000237487257
4195.02978515625,0.0005000000237487257
4195.16015625,0.0005000000237487257
4195.2998046875,0.0005000000237487257
4195.43017578125,0.0005000000237487257
4195.56982421875,0.00039999998989515007
4195.7001953125,0.00039999998989515007
4195.83984375,0.00039999998989515007
4195.97021484375,0.00039999998989515007
4196.10009765625,0.00039999998989515007
4196.240234375,0.00039999998989515007
4196.3701171875,0.00039999998989515007
4196.509765625,0.0003000000142492354
4196.64013671875,0.0003000000142492354
4196.77978515625,0.0003000000142492354
4196.91015625,0.0003000000142492354
4197.0400390625,0.0003000000142492354
4197.18017578125,0.0003000000142492354
4197.31005859375,0.0003000000142492354
4197.4501953125,0.0003000000142492354
4197.580078125,0.00019999999494757503
4197.72021484375,0.00019999999494757503
4197.85009765625,0.00019999999494757503
4197.990234375,0.00019999999494757503
4198.1201171875,0.00019999999494757503
4198.25,0.00019999999494757503
4198.39013671875,0.00019999999494757503
4198.52001953125,9.999999747378752e-05
4198.66015625,9.999999747378752e-05
4198.7900390625,9.999999747378752e-05
4198.919921875,9.999999747378752e-05
4199.06005859375,9.999999747378752e-05
4199.18994140625,9.999999747378752e-05
4199.330078125,9.999999747378752e-05
4199.4599609375,9.999999747378752e-05
4199.60009765625,0.0
4199.72998046875,0.0
4199.8701171875,0.0
4200.0,0.0
