wavelength,response
4750.0,0.0
4750.2099609375,9.999999747378752e-05
4750.419921875,0.0003000000142492354
4750.6298828125,0.00039999998989515007
4750.83984375,0.0005000000237487257
4751.0498046875,0.0006000000284984708
4751.27001953125,0.0007999999797903001
4751.47998046875,0.0008999999845400453
4751.68994140625,0.0010000000474974513
4751.89990234375,0.0010999999940395355
4752.10986328125,0.0013000000035390258
4752.31982421875,0.00139999995008111
4752.52978515625,0.001500000013038516
4752.740234375,0.0015999999595806003
4752.9501953125,0.0017999999690800905
4753.16015625,0.0019000000320374966
4753.3701171875,0.0020000000949949026
4753.580078125,0.002199999988079071
4753.7900390625,0.002300000051036477
4754.0,0.002400000113993883
4754.2099609375,0.0024999999441206455
4754.43017578125,0.0027000000700354576
4754.6298828125,0.00279999990016222
4754.85009765625,0.002899999963119626
4755.06005859375,0.003000000026077032
4755.27001953125,0.0031999999191612005
4755.47998046875,0.0032999999821186066
4755.68994140625,0.0034000000450760126
4755.89990234375,0.0035000001080334187
4756.10986328125,0.003700000001117587
4756.31982421875,0.003800000064074993
4756.52978515625,0.0038999998942017555
4756.75,0.004000000189989805
4756.9599609375,0.00419999985024333
4757.169921875,0.00430000014603138
4757.3798828125,0.004399999976158142
4757.58984375,0.004600000102072954
4757.7998046875,0.004699999932199717
4758.009765625,0.004800000227987766
4758.22021484375,0.004900000058114529
4758.43017578125,0.005100000184029341
4758.64990234375,0.005200000014156103
4758.85009765625,0.0052999998442828655
4759.06982421875,0.005400000140070915
4759.27978515625,0.00559999980032444
4759.490234375,0.00570000009611249
4759.7001953125,0.005799999926239252
4759.91015625,0.005900000222027302
4760.1201171875,0.006099999882280827
4760.330078125,0.006200000178068876
4760.5400390625,0.006300000008195639
4760.75,0.006500000134110451
4760.97021484375,0.006599999964237213
4761.18017578125,0.0066999997943639755
4761.39013671875,0.006800000090152025
4761.60009765625,0.007000000216066837
4761.81005859375,0.0071000000461936
4762.02001953125,0.007199999876320362
4762.22998046875,0.007300000172108412
4762.4501953125,0.007499999832361937
4762.64990234375,0.007600000128149986
4762.8701171875,0.007699999958276749
4763.080078125,0.007799999788403511
4763.2900390625,0.00800000037997961
4763.5,0.008100000210106373
4763.7099609375,0.008200000040233135
4763.919921875,0.00839999970048666
4764.1298828125,0.008500000461935997
4764.33984375,0.00860000029206276
4764.56005859375,0.008700000122189522
4764.77001953125,0.008899999782443047
4764.97998046875,0.008999999612569809
4765.18994140625,0.009100000374019146
4765.39990234375,0.009200000204145908
4765.60986328125,0.009399999864399433
4765.81982421875,0.009499999694526196
4766.02978515625,0.009600000455975533
4766.25,0.009700000286102295
4766.4599609375,0.00989999994635582
4766.669921875,0.009999999776482582
4766.8798828125,0.010099999606609344
4767.08984375,0.010300000198185444
4767.2998046875,0.010400000028312206
4767.509765625,0.010499999858438969
4767.72021484375,0.010599999688565731
4767.93994140625,0.01080000028014183
4768.14990234375,0.010900000110268593
4768.35986328125,0.010999999940395355
4768.56982421875,0.011099999770522118
4768.77978515625,0.011300000362098217
4768.990234375,0.01140000019222498
4769.2001953125,0.011500000022351742
4769.419921875,0.011599999852478504
4769.6298828125,0.011800000444054604
4769.83984375,0.011900000274181366
4770.0498046875,0.012000000104308128
4770.259765625,0.012199999764561653
4770.47021484375,0.012299999594688416
4770.68994140625,0.012400000356137753
4770.89990234375,0.012500000186264515
4771.10986328125,0.01269999984651804
4771.31982421875,0.012799999676644802
4771.52978515625,0.012900000438094139
4771.740234375,0.013000000268220901
4771.9599609375,0.013199999928474426
4772.169921875,0.013299999758601189
4772.3798828125,0.013399999588727951
4772.58984375,0.01360000018030405
4772.7998046875,0.013700000010430813
4773.009765625,0.013799999840557575
4773.22021484375,0.013899999670684338
4773.43994140625,0.014100000262260437
4773.64990234375,0.0142000000923872
4773.85986328125,0.014299999922513962
4774.06982421875,0.014399999752640724
4774.27978515625,0.014600000344216824
4774.490234375,0.014700000174343586
4774.7001953125,0.014800000004470348
4774.919921875,0.014999999664723873
4775.1298828125,0.01510000042617321
4775.33984375,0.015200000256299973
4775.5498046875,0.015300000086426735
4775.77001953125,0.01549999974668026
4775.97998046875,0.015599999576807022
4776.18994140625,0.015699999406933784
4776.39990234375,0.015799999237060547
4776.60986328125,0.01600000075995922
4776.81982421875,0.016100000590085983
4777.0400390625,0.016200000420212746
4777.25,0.016300000250339508
4777.4599609375,0.016499999910593033
4777.669921875,0.016599999740719795
4777.8798828125,0.016699999570846558
4778.08984375,0.016899999231100082
4778.31005859375,0.017000000923871994
4778.52001953125,0.017100000753998756
4778.72998046875,0.01720000058412552
4778.93994140625,0.017400000244379044
4779.14990234375,0.017500000074505806
4779.35986328125,0.01759999990463257
4779.580078125,0.01769999973475933
4779.7900390625,0.017899999395012856
4780.0,0.017999999225139618
4780.2099609375,0.01810000091791153
4780.419921875,0.018300000578165054
4780.64013671875,0.018400000408291817
4780.85009765625,0.01850000023841858
4781.06005859375,0.01860000006854534
4781.27001953125,0.018799999728798866
4781.47998046875,0.01889999955892563
4781.7001953125,0.01899999938905239
4781.91015625,0.019099999219179153
4782.1201171875,0.019300000742077827
4782.330078125,0.01940000057220459
4782.5498046875,0.019500000402331352
4782.759765625,0.019700000062584877
4782.97021484375,0.01979999989271164
4783.18017578125,0.019899999722838402
4783.39013671875,0.019999999552965164
4783.60986328125,0.02019999921321869
4783.81982421875,0.0203000009059906
4784.02978515625,0.020400000736117363
4784.240234375,0.020500000566244125
4784.4501953125,0.02070000022649765
4784.669921875,0.020800000056624413
4784.8798828125,0.020899999886751175
4785.08984375,0.0210999995470047
4785.2998046875,0.021199999377131462
4785.52001953125,0.021299999207258224
4785.72998046875,0.021400000900030136
4785.93994140625,0.02160000056028366
4786.14990234375,0.021700000390410423
4786.35986328125,0.021800000220537186
4786.56982421875,0.021900000050663948
4786.7900390625,0.022099999710917473
4787.0,0.022199999541044235
4787.2099609375,0.022299999371170998
4787.43017578125,0.02250000089406967
4787.64013671875,0.022600000724196434
4787.85009765625,0.022700000554323196
4788.06005859375,0.02280000038444996
4788.27001953125,0.023000000044703484
4788.490234375,0.023099999874830246
4788.7001953125,0.02319999970495701
4788.91015625,0.02329999953508377
4789.1201171875,0.023499999195337296
4789.33984375,0.023600000888109207
4789.5498046875,0.02370000071823597
4789.759765625,0.023900000378489494
4789.97021484375,0.024000000208616257
4790.18017578125,0.02410000003874302
4790.39990234375,0.02419999986886978
4790.60986328125,0.024399999529123306
4790.81982421875,0.02449999935925007
4791.02978515625,0.02459999918937683
4791.25,0.024700000882148743
4791.4599609375,0.024900000542402267
4791.669921875,0.02500000037252903
4791.8798828125,0.025100000202655792
4792.10009765625,0.025299999862909317
4792.31005859375,0.02539999969303608
4792.52001953125,0.025499999523162842
4792.72998046875,0.025599999353289604
4792.9501953125,0.025800000876188278
4793.16015625,0.02590000070631504
4793.3701171875,0.026000000536441803
4793.58984375,0.026200000196695328
4793.7998046875,0.02630000002682209
4794.009765625,0.026399999856948853
4794.22021484375,0.026499999687075615
4794.43017578125,0.02669999934732914
4794.64990234375,0.026799999177455902
4794.85986328125,0.026900000870227814
4795.06982421875,0.027000000700354576
4795.2900390625,0.0272000003606081
4795.5,0.027300000190734863
4795.7099609375,0.027400000020861626
4795.919921875,0.02759999968111515
4796.14013671875,0.027699999511241913
4796.35009765625,0.027799999341368675
4796.56005859375,0.027899999171495438
4796.77001953125,0.02810000069439411
4796.990234375,0.028200000524520874
4797.2001953125,0.028300000354647636
4797.41015625,0.0284000001847744
4797.6201171875,0.028599999845027924
4797.83984375,0.028699999675154686
4798.0498046875,0.02879999950528145
4798.259765625,0.028999999165534973
4798.47998046875,0.029100000858306885
4798.68994140625,0.029200000688433647
4798.89990234375,0.02930000051856041
4799.1201171875,0.029500000178813934
4799.330078125,0.029600000008940697
4799.5400390625,0.02969999983906746
4799.75,0.029899999499320984
4799.9599609375,0.029999999329447746
4800.18017578125,0.03020000085234642
4800.39013671875,0.030400000512599945
4800.60009765625,0.03060000017285347
4800.81982421875,0.030899999663233757
4801.02978515625,0.031099999323487282
4801.240234375,0.031300000846385956
4801.4599609375,0.031599998474121094
4801.669921875,0.03180000185966492
4801.8798828125,0.03200000151991844
4802.08984375,0.03229999914765358
4802.2998046875,0.032499998807907104
4802.52001953125,0.03269999846816063
4802.72998046875,0.032999999821186066
4802.93994140625,0.03319999948143959
4803.16015625,0.033399999141693115
4803.3701171875,0.03359999880194664
4803.580078125,0.033900000154972076
4803.7998046875,0.0340999998152256
4804.009765625,0.034299999475479126
4804.22021484375,0.03460000082850456
4804.43017578125,0.03480000048875809
4804.64990234375,0.03500000014901161
4804.85986328125,0.03530000150203705
4805.080078125,0.03550000116229057
4805.2900390625,0.0357000008225441
4805.5,0.03590000048279762
4805.7099609375,0.03620000183582306
4805.93017578125,0.036400001496076584
4806.14013671875,0.03660000115633011
4806.35009765625,0.03689999878406525
4806.56982421875,0.03709999844431877
4806.77978515625,0.037300001829862595
4806.990234375,0.03759999945759773
4807.2099609375,0.03779999911785126
4807.419921875,0.03799999877810478
4807.6298828125,0.03819999843835831
4807.83984375,0.03849999979138374
4808.06005859375,0.03869999945163727
4808.27001953125,0.03889999911189079
4808.47998046875,0.03920000046491623
4808.7001953125,0.039400000125169754
4808.91015625,0.03959999978542328
4809.1201171875,0.039900001138448715
4809.33984375,0.04010000079870224
4809.5498046875,0.040300000458955765
4809.759765625,0.04050000011920929
4809.97998046875,0.040800001472234726
4810.18994140625,0.04100000113248825
4810.39990234375,0.041200000792741776
4810.6201171875,0.04149999842047691
4810.830078125,0.04170000180602074
4811.0400390625,0.04190000146627426
4811.259765625,0.0421999990940094
4811.47021484375,0.042399998754262924
4811.68017578125,0.04259999841451645
4811.89990234375,0.04280000180006027
4812.10986328125,0.04309999942779541
4812.31982421875,0.043299999088048935
4812.5400390625,0.04349999874830246
4812.75,0.043800000101327896
4812.9599609375,0.04399999976158142
4813.18017578125,0.044199999421834946
4813.39013671875,0.04450000077486038
4813.60009765625,0.04470000043511391
4813.81982421875,0.04490000009536743
4814.02978515625,0.04520000144839287
4814.25,0.04540000110864639
4814.4599609375,0.04560000076889992
4814.669921875,0.04580000042915344
4814.89013671875,0.04610000178217888
4815.10009765625,0.046300001442432404
4815.31005859375,0.04650000110268593
4815.52001953125,0.046799998730421066
4815.740234375,0.04699999839067459
4815.9501953125,0.047200001776218414
4816.169921875,0.04749999940395355
4816.3798828125,0.04769999906420708
4816.58984375,0.0478999987244606
4816.81005859375,0.04820000007748604
4817.02001953125,0.04839999973773956
4817.22998046875,0.04859999939799309
4817.4501953125,0.04879999905824661
4817.66015625,0.04910000041127205
4817.8701171875,0.049300000071525574
4818.08984375,0.0494999997317791
4818.2998046875,0.049800001084804535
4818.52001953125,0.05000000074505806
4818.72998046875,0.050200000405311584
4818.93994140625,0.05050000175833702
4819.16015625,0.050700001418590546
4819.3701171875,0.05090000107884407
4819.580078125,0.051100000739097595
4819.7998046875,0.05139999836683273
4820.009765625,0.051600001752376556
4820.22998046875,0.05180000141263008
4820.43994140625,0.05209999904036522
4820.64990234375,0.052299998700618744
4820.8701171875,0.05249999836087227
4821.080078125,0.052799999713897705
4821.2900390625,0.05299999937415123
4821.509765625,0.053199999034404755
4821.72021484375,0.05350000038743019
4821.93994140625,0.053700000047683716
4822.14990234375,0.05389999970793724
4822.35986328125,0.05420000106096268
4822.580078125,0.0544000007212162
4822.7900390625,0.05460000038146973
4823.0,0.05480000004172325
4823.22021484375,0.05510000139474869
4823.43017578125,0.05530000105500221
4823.64990234375,0.05550000071525574
4823.85986328125,0.055799998342990875
4824.06982421875,0.0560000017285347
4824.2900390625,0.05620000138878822
4824.5,0.05649999901652336
4824.72021484375,0.056699998676776886
4824.93017578125,0.05689999833703041
4825.14013671875,0.05719999969005585
4825.35986328125,0.05739999935030937
4825.56982421875,0.0575999990105629
4825.7900390625,0.05779999867081642
4826.0,0.05810000002384186
4826.2099609375,0.05829999968409538
4826.43017578125,0.05849999934434891
4826.64013671875,0.058800000697374344
4826.85986328125,0.05900000035762787
4827.06982421875,0.05920000001788139
4827.27978515625,0.05950000137090683
4827.5,0.059700001031160355
4827.7099609375,0.05990000069141388
4827.93017578125,0.06019999831914902
4828.14013671875,0.06040000170469284
4828.35009765625,0.060600001364946365
4828.56982421875,0.0608999989926815
4828.77978515625,0.06109999865293503
4828.990234375,0.06129999831318855
4829.2099609375,0.061500001698732376
4829.419921875,0.061799999326467514
4829.64013671875,0.06199999898672104
4829.85009765625,0.062199998646974564
4830.06982421875,0.0625
4830.27978515625,0.06270000338554382
4830.5,0.06289999932050705
4830.7099609375,0.06319999694824219
4830.919921875,0.06340000033378601
4831.14013671875,0.06360000371932983
4831.35009765625,0.06390000134706497
4831.56005859375,0.0640999972820282
4831.77978515625,0.06430000066757202
4831.990234375,0.06459999829530716
4832.2099609375,0.06480000168085098
4832.419921875,0.06499999761581421
4832.64013671875,0.06520000100135803
4832.85009765625,0.06549999862909317
4833.06982421875,0.065700002014637
4833.27978515625,0.06589999794960022
4833.5,0.06620000302791595
4833.7099609375,0.06639999896287918
4833.919921875,0.066600002348423
4834.14013671875,0.06689999997615814
4834.35009765625,0.06710000336170197
4834.56005859375,0.06729999929666519
4834.77978515625,0.06759999692440033
4834.990234375,0.06780000030994415
4835.2099609375,0.06800000369548798
4835.419921875,0.06830000132322311
4835.64013671875,0.06849999725818634
4835.85009765625,0.06870000064373016
4836.06982421875,0.0689999982714653
4836.27978515625,0.06920000165700912
4836.5,0.06939999759197235
4836.7099609375,0.06960000097751617
4836.919921875,0.06989999860525131
4837.14013671875,0.07010000199079514
4837.35009765625,0.07029999792575836
4837.56982421875,0.0706000030040741
4837.77978515625,0.07079999893903732
4838.0,0.07100000232458115
4838.2099609375,0.07129999995231628
4838.43017578125,0.07150000333786011
4838.64013671875,0.07169999927282333
4838.85009765625,0.07199999690055847
4839.06982421875,0.0722000002861023
4839.27978515625,0.07240000367164612
4839.5,0.07270000129938126
4839.7099609375,0.07289999723434448
4839.93017578125,0.0731000006198883
4840.14013671875,0.07339999824762344
4840.35986328125,0.07360000163316727
4840.56982421875,0.0737999975681305
4840.77978515625,0.07400000095367432
4841.0,0.07429999858140945
4841.2099609375,0.07450000196695328
4841.43017578125,0.0746999979019165
4841.64990234375,0.07500000298023224
4841.85986328125,0.07519999891519547
4842.06982421875,0.07540000230073929
4842.2900390625,0.07569999992847443
4842.5,0.07590000331401825
4842.72021484375,0.07609999924898148
4842.93017578125,0.07639999687671661
4843.14990234375,0.07660000026226044
4843.35986328125,0.07680000364780426
4843.580078125,0.0771000012755394
4843.7900390625,0.07729999721050262
4844.009765625,0.07750000059604645
4844.22021484375,0.07779999822378159
4844.43994140625,0.07800000160932541
4844.64990234375,0.07819999754428864
4844.8701171875,0.07850000262260437
4845.080078125,0.0786999985575676
4845.2998046875,0.07890000194311142
4845.509765625,0.07919999957084656
4845.72998046875,0.07940000295639038
4845.93994140625,0.07959999889135361
4846.14990234375,0.07980000227689743
4846.3701171875,0.08009999990463257
4846.580078125,0.08030000329017639
4846.7998046875,0.08049999922513962
4847.009765625,0.08079999685287476
4847.22998046875,0.08100000023841858
4847.43994140625,0.0812000036239624
4847.66015625,0.08150000125169754
4847.8798828125,0.08169999718666077
4848.08984375,0.08190000057220459
4848.2998046875,0.08219999819993973
4848.52001953125,0.08240000158548355
4848.72998046875,0.08259999752044678
4848.9501953125,0.08290000259876251
4849.169921875,0.08309999853372574
4849.3798828125,0.08330000191926956
4849.58984375,0.0835999995470047
4849.81005859375,0.08380000293254852
4850.02001953125,0.08399999886751175
4850.240234375,0.0843999981880188
4850.4501953125,0.08470000326633453
4850.669921875,0.08510000258684158
4850.8798828125,0.08540000021457672
4851.10009765625,0.08569999784231186
4851.31005859375,0.08609999716281891
4851.52978515625,0.08640000224113464
4851.740234375,0.0868000015616417
4851.9599609375,0.08709999918937683
4852.169921875,0.08739999681711197
4852.39013671875,0.08780000358819962
4852.60009765625,0.08810000121593475
4852.81982421875,0.0885000005364418
4853.0400390625,0.08879999816417694
4853.25,0.08910000324249268
4853.47021484375,0.08950000256299973
4853.68017578125,0.08980000019073486
4853.89990234375,0.09019999951124191
4854.10986328125,0.09049999713897705
4854.330078125,0.09080000221729279
4854.5400390625,0.09120000153779984
4854.759765625,0.09149999916553497
4854.97021484375,0.09189999848604202
4855.18994140625,0.09220000356435776
4855.39990234375,0.0925000011920929
4855.6201171875,0.09290000051259995
4855.830078125,0.09319999814033508
4856.0498046875,0.09359999746084213
4856.259765625,0.09390000253915787
4856.47998046875,0.094200000166893
4856.68994140625,0.09459999948740005
4856.91015625,0.09489999711513519
4857.1298828125,0.09529999643564224
4857.33984375,0.09560000151395798
4857.56005859375,0.09589999914169312
4857.77001953125,0.09629999846220016
4857.990234375,0.0966000035405159
4858.2001953125,0.09700000286102295
4858.419921875,0.09730000048875809
4858.6298828125,0.09759999811649323
4858.85009765625,0.09799999743700027
4859.06982421875,0.09830000251531601
4859.27978515625,0.09870000183582306
4859.5,0.0989999994635582
4859.7099609375,0.09929999709129333
4859.919921875,0.09969999641180038
4860.14013671875,0.10000000149011612
4860.35986328125,0.10040000081062317
4860.56982421875,0.1006999984383583
4860.7900390625,0.10100000351667404
4861.009765625,0.10140000283718109
4861.22021484375,0.10170000046491623
4861.43994140625,0.10209999978542328
4861.64990234375,0.10239999741315842
4861.85986328125,0.10270000249147415
4862.080078125,0.1031000018119812
4862.2998046875,0.10339999943971634
4862.509765625,0.10379999876022339
4862.72998046875,0.10409999638795853
4862.93994140625,0.10440000146627426
4863.16015625,0.10480000078678131
4863.3798828125,0.10509999841451645
4863.58984375,0.1054999977350235
4863.81005859375,0.10580000281333923
4864.02001953125,0.10620000213384628
4864.240234375,0.10649999976158142
4864.4501953125,0.10679999738931656
4864.669921875,0.10719999670982361
4864.8798828125,0.10750000178813934
4865.10009765625,0.10790000110864639
4865.31982421875,0.10819999873638153
4865.52978515625,0.10849999636411667
4865.75,0.10890000313520432
4865.9599609375,0.10920000076293945
4866.18017578125,0.1096000000834465
4866.39013671875,0.10989999771118164
4866.60986328125,0.11020000278949738
4866.830078125,0.11060000211000443
4867.0400390625,0.11089999973773956
4867.259765625,0.11129999905824661
4867.47021484375,0.11159999668598175
4867.68994140625,0.11190000176429749
4867.91015625,0.11230000108480453
4868.1201171875,0.11259999871253967
4868.33984375,0.11299999803304672
4868.5498046875,0.11330000311136246
4868.77001953125,0.1137000024318695
4868.990234375,0.11400000005960464
4869.2001953125,0.11429999768733978
4869.419921875,0.11469999700784683
4869.6298828125,0.11500000208616257
4869.85009765625,0.11540000140666962
4870.06005859375,0.11569999903440475
4870.27978515625,0.11599999666213989
4870.490234375,0.11640000343322754
4870.7099609375,0.11670000106096268
4870.93017578125,0.11710000038146973
4871.14013671875,0.11739999800920486
4871.35986328125,0.1177000030875206
4871.580078125,0.11810000240802765
4871.7900390625,0.11840000003576279
4872.009765625,0.11879999935626984
4872.22021484375,0.11909999698400497
4872.43994140625,0.11949999630451202
4872.66015625,0.11980000138282776
4872.8701171875,0.1200999990105629
4873.08984375,0.12049999833106995
4873.2998046875,0.12080000340938568
4873.52001953125,0.12120000272989273
4873.72998046875,0.12150000035762787
4873.9501953125,0.121799997985363
4874.169921875,0.12219999730587006
4874.3798828125,0.12250000238418579
4874.60009765625,0.12290000170469284
4874.81982421875,0.12319999933242798
4875.02978515625,0.12359999865293503
4875.25,0.12389999628067017
4875.4599609375,0.1242000013589859
4875.68017578125,0.12460000067949295
4875.89990234375,0.12489999830722809
4876.10986328125,0.12530000507831573
4876.330078125,0.12559999525547028
4876.5498046875,0.125900000333786
4876.759765625,0.12630000710487366
4876.97998046875,0.1265999972820282
4877.2001953125,0.12700000405311584
4877.41015625,0.12729999423027039
4877.6298828125,0.12770000100135803
4877.83984375,0.12800000607967377
4878.06005859375,0.1282999962568283
4878.27001953125,0.12870000302791595
4878.490234375,0.1289999932050705
4878.7099609375,0.12939999997615814
4878.93017578125,0.12970000505447388
4879.14013671875,0.12999999523162842
4879.35986328125,0.13040000200271606
4879.56982421875,0.1307000070810318
4879.7900390625,0.13109999895095825
4880.009765625,0.131400004029274
4880.22998046875,0.13179999589920044
4880.43994140625,0.13210000097751617
4880.66015625,0.1324000060558319
4880.8701171875,0.13279999792575836
4881.08984375,0.1331000030040741
4881.2998046875,0.13349999487400055
4881.52001953125,0.13379999995231628
4881.740234375,0.13410000503063202
4881.9501953125,0.13449999690055847
4882.169921875,0.1348000019788742
4882.39013671875,0.13519999384880066
4882.60009765625,0.1354999989271164
4882.81982421875,0.13590000569820404
4883.0400390625,0.13619999587535858
4883.25,0.13650000095367432
4883.47021484375,0.13689999282360077
4883.68994140625,0.1371999979019165
4883.89990234375,0.13760000467300415
4884.1201171875,0.1378999948501587
4884.33984375,0.13830000162124634
4884.5498046875,0.13860000669956207
4884.77001953125,0.1388999968767166
4884.990234375,0.13930000364780426
4885.2001953125,0.1395999938249588
4885.419921875,0.14000000059604645
4885.6298828125,0.14030000567436218
4885.85009765625,0.14059999585151672
4886.06982421875,0.14100000262260437
4886.2900390625,0.1412999927997589
4886.5,0.14169999957084656
4886.72021484375,0.1420000046491623
4886.93994140625,0.14239999651908875
4887.14990234375,0.14270000159740448
4887.3701171875,0.14300000667572021
4887.580078125,0.14339999854564667
4887.7998046875,0.1437000036239624
4888.02001953125,0.14409999549388885
4888.240234375,0.1444000005722046
4888.4501953125,0.14480000734329224
4888.669921875,0.14509999752044678
4888.89013671875,0.1454000025987625
4889.10009765625,0.14579999446868896
4889.31982421875,0.1460999995470047
4889.5400390625,0.14650000631809235
4889.75,0.1467999964952469
4889.97021484375,0.14720000326633453
4890.18994140625,0.14749999344348907
4890.41015625,0.1477999985218048
4890.6201171875,0.14820000529289246
4890.83984375,0.148499995470047
4891.06005859375,0.14890000224113464
4891.27001953125,0.14920000731945038
4891.490234375,0.14959999918937683
4891.7001953125,0.14990000426769257
4891.919921875,0.1501999944448471
4892.14013671875,0.15060000121593475
4892.35009765625,0.1509000062942505
4892.56982421875,0.15129999816417694
4892.7900390625,0.15160000324249268
4893.009765625,0.15189999341964722
4893.22021484375,0.15230000019073486
4893.43994140625,0.1526000052690506
4893.66015625,0.15299999713897705
4893.8701171875,0.15330000221729279
4894.08984375,0.15369999408721924
4894.31005859375,0.15399999916553497
4894.52978515625,0.15440000593662262
4894.740234375,0.15469999611377716
4894.9599609375,0.1550000011920929
4895.18017578125,0.15539999306201935
4895.39013671875,0.15569999814033508
4895.60986328125,0.15610000491142273
4895.830078125,0.15639999508857727
4896.0400390625,0.156700000166893
4896.259765625,0.15710000693798065
4896.47998046875,0.1573999971151352
4896.68994140625,0.15780000388622284
4896.91015625,0.15809999406337738
4897.1298828125,0.15850000083446503
4897.35009765625,0.15880000591278076
4897.56005859375,0.15919999778270721
4897.77978515625,0.15950000286102295
4898.0,0.1597999930381775
4898.22021484375,0.16019999980926514
4898.43017578125,0.16050000488758087
4898.64990234375,0.16089999675750732
4898.8701171875,0.16120000183582306
4899.080078125,0.1615999937057495
4899.2998046875,0.16189999878406525
4899.52001953125,0.16220000386238098
4899.740234375,0.16259999573230743
4899.9501953125,0.16290000081062317
4900.169921875,0.16349999606609344
4900.39013671875,0.16410000622272491
4900.60009765625,0.1647000014781952
4900.81982421875,0.16529999673366547
4901.0400390625,0.16590000689029694
4901.259765625,0.1665000021457672
4901.47021484375,0.1670999974012375
4901.68994140625,0.16769999265670776
4901.91015625,0.16830000281333923
4902.1298828125,0.1688999980688095
4902.33984375,0.16949999332427979
4902.56005859375,0.17010000348091125
4902.77978515625,0.17069999873638153
4902.990234375,0.1712999939918518
4903.2099609375,0.17190000414848328
4903.43017578125,0.17249999940395355
4903.64990234375,0.17309999465942383
4903.8701171875,0.1737000048160553
4904.080078125,0.17430000007152557
4904.2998046875,0.17489999532699585
4904.52001953125,0.17550000548362732
4904.740234375,0.1761000007390976
4904.9501953125,0.17669999599456787
4905.169921875,0.17730000615119934
4905.39013671875,0.17790000140666962
4905.60009765625,0.1784999966621399
4905.81982421875,0.17910000681877136
4906.0400390625,0.17970000207424164
4906.259765625,0.18029999732971191
4906.47998046875,0.1808999925851822
4906.68994140625,0.18150000274181366
4906.91015625,0.18209999799728394
4907.1298828125,0.1826999932527542
4907.35009765625,0.18330000340938568
4907.56005859375,0.18389999866485596
4907.77978515625,0.18449999392032623
4908.0,0.1851000040769577
4908.22021484375,0.18569999933242798
4908.43017578125,0.18629999458789825
4908.64990234375,0.18690000474452972
4908.8701171875,0.1875
4909.08984375,0.18809999525547028
4909.2998046875,0.18870000541210175
4909.52001953125,0.18930000066757202
4909.740234375,0.1898999959230423
4909.9599609375,0.19050000607967377
4910.18017578125,0.19110000133514404
4910.39013671875,0.19169999659061432
4910.60986328125,0.1923000067472458
4910.830078125,0.19290000200271606
4911.0498046875,0.19349999725818634
4911.259765625,0.1941000074148178
4911.47998046875,0.19470000267028809
4911.7001953125,0.19529999792575836
4911.919921875,0.19589999318122864
4912.14013671875,0.1965000033378601
4912.35009765625,0.19709999859333038
4912.56982421875,0.19769999384880066
4912.7900390625,0.19830000400543213
4913.009765625,0.1988999992609024
4913.22021484375,0.19949999451637268
4913.43994140625,0.20010000467300415
4913.66015625,0.20069999992847443
4913.8798828125,0.2012999951839447
4914.10009765625,0.20190000534057617
4914.31005859375,0.20250000059604645
4914.52978515625,0.20309999585151672
4914.75,0.2037000060081482
4914.97021484375,0.20430000126361847
4915.18017578125,0.20489999651908875
4915.39990234375,0.20550000667572021
4915.6201171875,0.2061000019311905
4915.83984375,0.20669999718666077
4916.06005859375,0.20730000734329224
4916.27001953125,0.2079000025987625
4916.490234375,0.2084999978542328
4916.7099609375,0.20909999310970306
4916.93017578125,0.20970000326633453
4917.14990234375,0.2102999985218048
4917.35986328125,0.21089999377727509
4917.580078125,0.21150000393390656
4917.7998046875,0.21209999918937683
4918.02001953125,0.2126999944448471
4918.240234375,0.21330000460147858
4918.4599609375,0.21389999985694885
4918.669921875,0.21449999511241913
4918.89013671875,0.2151000052690506
4919.10986328125,0.21570000052452087
4919.330078125,0.21629999577999115
4919.5498046875,0.21690000593662262
4919.77001953125,0.2176000028848648
4919.97998046875,0.21809999644756317
4920.2001953125,0.21879999339580536
4920.419921875,0.21940000355243683
4920.6298828125,0.2199999988079071
4920.85009765625,0.22059999406337738
4921.06982421875,0.22120000422000885
4921.2900390625,0.22179999947547913
4921.509765625,0.2223999947309494
4921.72998046875,0.22300000488758087
4921.9501953125,0.22360000014305115
4922.16015625,0.22419999539852142
4922.3798828125,0.2248000055551529
4922.60009765625,0.22540000081062317
4922.81982421875,0.22599999606609344
4923.0400390625,0.22660000622272491
4923.25,0.2272000014781952
4923.47021484375,0.22779999673366547
4923.68994140625,0.22840000689029694
4923.91015625,0.2290000021457672
4924.1298828125,0.2295999974012375
4924.35009765625,0.23019999265670776
4924.56005859375,0.23080000281333923
4924.77978515625,0.2313999980688095
4925.0,0.23199999332427979
4925.22021484375,0.23260000348091125
4925.43994140625,0.23319999873638153
4925.66015625,0.2337999939918518
4925.8798828125,0.23440000414848328
4926.08984375,0.23499999940395355
4926.31005859375,0.23559999465942383
4926.52978515625,0.2362000048160553
4926.75,0.23680000007152557
4926.97021484375,0.23739999532699585
4927.18017578125,0.23800000548362732
4927.41015625,0.2386000007390976
4927.6201171875,0.23919999599456787
4927.83984375,0.23980000615119934
4928.06005859375,0.24040000140666962
4928.27978515625,0.2409999966621399
4928.5,0.24169999361038208
4928.72021484375,0.24230000376701355
4928.93017578125,0.24289999902248383
4929.14990234375,0.2434999942779541
4929.3701171875,0.24410000443458557
4929.58984375,0.24469999969005585
4929.81005859375,0.24529999494552612
4930.02978515625,0.2459000051021576
4930.240234375,0.24650000035762787
4930.4599609375,0.24709999561309814
4930.68017578125,0.24770000576972961
4930.89990234375,0.2483000010251999
4931.1201171875,0.24889999628067017
4931.33984375,0.24950000643730164
4931.56005859375,0.2500999867916107
4931.77978515625,0.2506999969482422
4931.990234375,0.25130000710487366
4932.2099609375,0.25189998745918274
4932.43017578125,0.2524999976158142
4932.64990234375,0.2531000077724457
4932.8701171875,0.25369998812675476
4933.08984375,0.25429999828338623
4933.2998046875,0.2549000084400177
4933.52978515625,0.2554999887943268
4933.75,0.25609999895095825
4933.9599609375,0.2567000091075897
4934.18017578125,0.2572999894618988
4934.39990234375,0.2578999996185303
4934.6201171875,0.25850000977516174
4934.83984375,0.25920000672340393
4935.06005859375,0.259799987077713
4935.27978515625,0.2603999972343445
4935.5,0.26100000739097595
4935.7099609375,0.26159998774528503
4935.93017578125,0.2621999979019165
4936.14990234375,0.262800008058548
4936.3701171875,0.26339998841285706
4936.58984375,0.2639999985694885
4936.81005859375,0.26460000872612
4937.02001953125,0.2651999890804291
4937.240234375,0.26579999923706055
4937.47021484375,0.266400009393692
4937.68017578125,0.2669999897480011
4937.89990234375,0.26759999990463257
4938.1201171875,0.26820001006126404
4938.33984375,0.2687999904155731
4938.56005859375,0.2694000005722046
4938.77978515625,0.27000001072883606
4938.990234375,0.27059999108314514
4939.22021484375,0.2712000012397766
4939.43994140625,0.2718000113964081
4939.64990234375,0.27239999175071716
4939.8701171875,0.27309998869895935
4940.08984375,0.2736999988555908
4940.31005859375,0.2743000090122223
4940.52978515625,0.27489998936653137
4940.75,0.27549999952316284
4940.97021484375,0.2761000096797943
4941.18994140625,0.2766999900341034
4941.41015625,0.27730000019073486
4941.6298828125,0.27790001034736633
4941.85009765625,0.2784999907016754
4942.06005859375,0.2791000008583069
4942.27978515625,0.27970001101493835
4942.5,0.28029999136924744
4942.72021484375,0.2809000015258789
4942.93994140625,0.2815000116825104
4943.16015625,0.28209999203681946
4943.3798828125,0.2827000021934509
4943.60009765625,0.2833000123500824
4943.81982421875,0.2838999927043915
4944.0400390625,0.28450000286102295
4944.25,0.2851000130176544
4944.47021484375,0.2858000099658966
4944.68994140625,0.2863999903202057
4944.91015625,0.28700000047683716
4945.1298828125,0.28760001063346863
4945.35009765625,0.2881999909877777
4945.56982421875,0.2888000011444092
4945.7900390625,0.28940001130104065
4946.009765625,0.28999999165534973
4946.22998046875,0.2906000018119812
4946.4501953125,0.29120001196861267
4946.669921875,0.29179999232292175
4946.89013671875,0.2924000024795532
4947.10986328125,0.2930000126361847
4947.330078125,0.2935999929904938
4947.5498046875,0.29420000314712524
4947.759765625,0.2948000133037567
4947.97998046875,0.2953999936580658
4948.2001953125,0.29600000381469727
4948.419921875,0.29660001397132874
4948.64013671875,0.2971999943256378
4948.85986328125,0.29789999127388
4949.080078125,0.2985000014305115
4949.2998046875,0.29910001158714294
4949.52001953125,0.299699991941452
4949.740234375,0.3003000020980835
4949.9599609375,0.30090001225471497
4950.18017578125,0.30160000920295715
4950.39990234375,0.30219998955726624
4950.6201171875,0.3028999865055084
4950.83984375,0.303600013256073
4951.0498046875,0.3043000102043152
4951.27978515625,0.3050000071525574
4951.5,0.30570000410079956
4951.7099609375,0.30640000104904175
4951.93017578125,0.30709999799728394
4952.14990234375,0.3077999949455261
4952.3701171875,0.3084000051021576
4952.58984375,0.3091000020503998
4952.81005859375,0.30979999899864197
4953.02978515625,0.31049999594688416
4953.25,0.31119999289512634
4953.47021484375,0.31189998984336853
4953.68994140625,0.3125999867916107
4953.91015625,0.3133000135421753
4954.1298828125,0.3140000104904175
4954.35009765625,0.31470000743865967
4954.56982421875,0.31529998779296875
4954.7900390625,0.3160000145435333
4955.009765625,0.3167000114917755
4955.22998046875,0.3174000084400177
4955.4501953125,0.3181000053882599
4955.669921875,0.3188000023365021
4955.89013671875,0.31949999928474426
4956.10986328125,0.32019999623298645
4956.330078125,0.32089999318122864
4956.5498046875,0.3215999901294708
4956.759765625,0.3222000002861023
4956.97998046875,0.3228999972343445
4957.2099609375,0.32359999418258667
4957.43017578125,0.32429999113082886
4957.64990234375,0.32499998807907104
4957.8701171875,0.3257000148296356
4958.080078125,0.3264000117778778
4958.31005859375,0.32710000872612
4958.52978515625,0.3278000056743622
4958.740234375,0.32850000262260437
4958.9599609375,0.32910001277923584
4959.18017578125,0.329800009727478
4959.39990234375,0.3305000066757202
4959.6298828125,0.3312000036239624
4959.83984375,0.3319000005722046
4960.06005859375,0.3325999975204468
4960.27978515625,0.33329999446868896
4960.5,0.33399999141693115
4960.72021484375,0.33469998836517334
4960.93994140625,0.3353999853134155
4961.16015625,0.335999995470047
4961.3798828125,0.3366999924182892
4961.60009765625,0.33739998936653137
4961.81982421875,0.33809998631477356
4962.0400390625,0.33880001306533813
4962.259765625,0.3395000100135803
4962.47998046875,0.3402000069618225
4962.7001953125,0.3409000039100647
4962.919921875,0.3416000008583069
4963.14013671875,0.3422999978065491
4963.3701171875,0.34299999475479126
4963.580078125,0.34369999170303345
4963.7998046875,0.3443000018596649
4964.02001953125,0.3449999988079071
4964.25,0.3456999957561493
4964.4599609375,0.3463999927043915
4964.68017578125,0.34709998965263367
4964.89990234375,0.34779998660087585
4965.1201171875,0.34850001335144043
4965.35009765625,0.3492000102996826
4965.56005859375,0.3499000072479248
4965.7900390625,0.350600004196167
4966.009765625,0.3513000011444092
4966.22021484375,0.35190001130104065
4966.4501953125,0.35260000824928284
4966.669921875,0.353300005197525
4966.8798828125,0.3540000021457672
4967.10986328125,0.3546999990940094
4967.330078125,0.3553999960422516
4967.5498046875,0.3560999929904938
4967.77001953125,0.35679998993873596
4967.990234375,0.35749998688697815
4968.2099609375,0.3582000136375427
4968.43017578125,0.3589000105857849
4968.64990234375,0.3596000075340271
4968.8701171875,0.3601999878883362
4969.08984375,0.36090001463890076
4969.31005859375,0.36160001158714294
4969.52978515625,0.36230000853538513
4969.75,0.3630000054836273
4969.97021484375,0.3637000024318695
4970.18994140625,0.3643999993801117
4970.41015625,0.3650999963283539
4970.6298828125,0.36579999327659607
4970.85009765625,0.36649999022483826
4971.06982421875,0.36719998717308044
4971.2900390625,0.367900013923645
4971.509765625,0.3686000108718872
4971.72998046875,0.3691999912261963
4971.9501953125,0.3698999881744385
4972.169921875,0.37059998512268066
4972.39990234375,0.37130001187324524
4972.60986328125,0.3720000088214874
4972.830078125,0.3727000057697296
4973.06005859375,0.3734000027179718
4973.27978515625,0.374099999666214
4973.5,0.3747999966144562
4973.72021484375,0.37549999356269836
4973.93994140625,0.37619999051094055
4974.16015625,0.37689998745918274
4974.3798828125,0.3776000142097473
4974.60009765625,0.3781999945640564
4974.81982421875,0.3788999915122986
4975.0400390625,0.37959998846054077
4975.259765625,0.38029998540878296
4975.47998046875,0.38100001215934753
4975.7001953125,0.3817000091075897
4975.919921875,0.3824000060558319
4976.14013671875,0.3831000030040741
4976.35986328125,0.3837999999523163
4976.580078125,0.38449999690055847
4976.81005859375,0.38519999384880066
4977.02001953125,0.38589999079704285
4977.25,0.38659998774528503
4977.47021484375,0.3873000144958496
4977.68994140625,0.3878999948501587
4977.91015625,0.3885999917984009
4978.1298828125,0.38929998874664307
4978.35009765625,0.38999998569488525
4978.56982421875,0.39070001244544983
4978.7900390625,0.391400009393692
4979.009765625,0.3921000063419342
4979.22998046875,0.3928000032901764
4979.4501953125,0.3935000002384186
4979.68017578125,0.39419999718666077
4979.89990234375,0.39489999413490295
4980.1201171875,0.39559999108314514
4980.33984375,0.39629998803138733
4980.56005859375,0.3970000147819519
4980.77978515625,0.397599995136261
4981.0,0.3982999920845032
4981.22021484375,0.39899998903274536
4981.43994140625,0.39969998598098755
4981.66015625,0.4004000127315521
4981.8798828125,0.4011000096797943
4982.10009765625,0.4018000066280365
4982.31982421875,0.4025000035762787
4982.5498046875,0.4032000005245209
4982.77001953125,0.40389999747276306
4982.990234375,0.40459999442100525
4983.2099609375,0.40529999136924744
4983.43017578125,0.4059999883174896
4983.64990234375,0.4066999852657318
4983.8701171875,0.4074000120162964
4984.08984375,0.40799999237060547
4984.31005859375,0.40869998931884766
4984.5400390625,0.40939998626708984
4984.75,0.4101000130176544
4984.97998046875,0.4108000099658966
4985.2001953125,0.4115000069141388
4985.419921875,0.412200003862381
4985.64013671875,0.41290000081062317
4985.85986328125,0.41359999775886536
4986.080078125,0.41429999470710754
4986.2998046875,0.41499999165534973
4986.52978515625,0.4156999886035919
4986.740234375,0.4163999855518341
4986.97021484375,0.4171000123023987
4987.18994140625,0.41780000925064087
4987.41015625,0.41850000619888306
4987.6298828125,0.41920000314712524
4987.85009765625,0.4198000133037567
4988.06982421875,0.4205000102519989
4988.2900390625,0.4212000072002411
4988.509765625,0.4219000041484833
4988.72998046875,0.42260000109672546
4988.9599609375,0.42329999804496765
4989.18017578125,0.42399999499320984
4989.39990234375,0.424699991941452
4989.6201171875,0.4253999888896942
4989.83984375,0.4260999858379364
4990.06005859375,0.426800012588501
4990.2900390625,0.42750000953674316
4990.5,0.42820000648498535
4990.72998046875,0.42890000343322754
4990.9501953125,0.4296000003814697
4991.169921875,0.4302999973297119
4991.39013671875,0.4309999942779541
4991.60986328125,0.4316999912261963
4991.830078125,0.4323999881744385
4992.06005859375,0.43309998512268066
4992.27001953125,0.43369999527931213
4992.5,0.4343999922275543
4992.72021484375,0.4350999891757965
4992.93994140625,0.4357999861240387
4993.16015625,0.43650001287460327
4993.3798828125,0.43720000982284546
4993.60009765625,0.43790000677108765
4993.830078125,0.43860000371932983
4994.0498046875,0.439300000667572
4994.27001953125,0.4399999976158142
4994.490234375,0.4406999945640564
4994.7099609375,0.4413999915122986
4994.93017578125,0.44209998846054077
4995.16015625,0.44279998540878296
4995.3798828125,0.44350001215934753
4995.60009765625,0.4442000091075897
4995.81982421875,0.4449000060558319
4996.0400390625,0.4456000030040741
4996.259765625,0.4462999999523163
4996.47998046875,0.44699999690055847
4996.7099609375,0.44769999384880066
4996.919921875,0.44830000400543213
4997.14990234375,0.4490000009536743
4997.3701171875,0.4496999979019165
4997.58984375,0.4503999948501587
4997.81005859375,0.4510999917984009
4998.0400390625,0.45179998874664307
4998.259765625,0.45249998569488525
4998.47998046875,0.45320001244544983
4998.7001953125,0.453900009393692
4998.919921875,0.4546000063419342
4999.14013671875,0.4553000032901764
4999.35986328125,0.4560000002384186
4999.58984375,0.45669999718666077
4999.81005859375,0.45739999413490295
5000.02978515625,0.45809999108314514
5000.25,0.45890000462532043
5000.47021484375,0.4596000015735626
5000.68994140625,0.4603999853134155
5000.919921875,0.4611000120639801
5001.14013671875,0.461899995803833
5001.35986328125,0.4627000093460083
5001.580078125,0.4634000062942505
5001.7998046875,0.4641999900341034
5002.02001953125,0.4650000035762787
5002.25,0.4657000005245209
5002.47021484375,0.46650001406669617
5002.68994140625,0.46720001101493835
5002.91015625,0.46799999475479126
5003.14013671875,0.46880000829696655
5003.35986328125,0.46950000524520874
5003.580078125,0.47029998898506165
5003.7998046875,0.47110000252723694
5004.02001953125,0.4717999994754791
5004.240234375,0.4726000130176544
5004.4599609375,0.4733999967575073
5004.68994140625,0.4740999937057495
5004.91015625,0.4749000072479248
5005.1298828125,0.475600004196167
5005.35009765625,0.4763999879360199
5005.580078125,0.4772000014781952
5005.7998046875,0.4778999984264374
5006.02001953125,0.47870001196861267
5006.240234375,0.4794999957084656
5006.4599609375,0.48019999265670776
5006.68017578125,0.48100000619888306
5006.91015625,0.48179998993873596
5007.1298828125,0.48249998688697815
5007.35009765625,0.48330000042915344
5007.56982421875,0.48410001397132874
5007.7900390625,0.4848000109195709
5008.02001953125,0.48559999465942383
5008.240234375,0.486299991607666
5008.4599609375,0.4871000051498413
5008.68017578125,0.4878999888896942
5008.89990234375,0.4885999858379364
5009.1201171875,0.4893999993801117
5009.35009765625,0.490200012922287
5009.56982421875,0.4909000098705292
5009.7900390625,0.4916999936103821
5010.02001953125,0.4925000071525574
5010.240234375,0.49320000410079956
5010.4599609375,0.49399998784065247
5010.68017578125,0.49470001459121704
5010.89990234375,0.49549999833106995
5011.1298828125,0.49630001187324524
5011.35009765625,0.4970000088214874
5011.56982421875,0.49779999256134033
5011.7900390625,0.4986000061035156
5012.02001953125,0.4993000030517578
5012.240234375,0.5001000165939331
5012.4599609375,0.5008999705314636
5012.68017578125,0.5016000270843506
5012.89990234375,0.5023999810218811
5013.1201171875,0.5031999945640564
5013.35009765625,0.5038999915122986
5013.56982421875,0.5047000050544739
5013.7900390625,0.5055000185966492
5014.02001953125,0.5062000155448914
5014.240234375,0.5070000290870667
5014.4599609375,0.5077000260353088
5014.68017578125,0.5084999799728394
5014.89990234375,0.5092999935150146
5015.1298828125,0.5099999904632568
5015.35009765625,0.5108000040054321
5015.56982421875,0.5116000175476074
5015.7998046875,0.5123000144958496
5016.02001953125,0.5131000280380249
5016.240234375,0.5138999819755554
5016.4599609375,0.5145999789237976
5016.68017578125,0.5153999924659729
5016.89990234375,0.5162000060081482
5017.1298828125,0.5169000029563904
5017.35009765625,0.5177000164985657
5017.56982421875,0.5184999704360962
5017.7998046875,0.5192000269889832
5018.02001953125,0.5199999809265137
5018.240234375,0.5206999778747559
5018.4599609375,0.5214999914169312
5018.68017578125,0.5223000049591064
5018.91015625,0.5230000019073486
5019.1298828125,0.5238000154495239
5019.35009765625,0.5246000289916992
5019.580078125,0.5253000259399414
5019.7998046875,0.5260999798774719
5020.02001953125,0.5268999934196472
5020.240234375,0.5275999903678894
5020.47021484375,0.5284000039100647
5020.68994140625,0.52920001745224
5020.91015625,0.5299000144004822
5021.1298828125,0.5307000279426575
5021.35009765625,0.531499981880188
5021.580078125,0.5321999788284302
5021.7998046875,0.5329999923706055
5022.02001953125,0.5338000059127808
5022.25,0.534500002861023
5022.47021484375,0.5353000164031982
5022.68994140625,0.5360999703407288
5022.919921875,0.5368000268936157
5023.14013671875,0.5375999808311462
5023.35986328125,0.5383999943733215
5023.58984375,0.5390999913215637
5023.81005859375,0.539900004863739
5024.02978515625,0.5407000184059143
5024.25,0.5414000153541565
5024.47021484375,0.5422000288963318
5024.7001953125,0.5429999828338623
5024.919921875,0.5436999797821045
5025.14013671875,0.5444999933242798
5025.35986328125,0.5453000068664551
5025.58984375,0.5460000038146973
5025.81005859375,0.5468000173568726
5026.0400390625,0.5475999712944031
5026.259765625,0.54830002784729
5026.47998046875,0.5490999817848206
5026.7001953125,0.5498999953269958
5026.93017578125,0.550599992275238
5027.14990234375,0.5514000058174133
5027.3701171875,0.5522000193595886
5027.58984375,0.5529000163078308
5027.81982421875,0.5536999702453613
5028.0400390625,0.5544999837875366
5028.259765625,0.5551999807357788
5028.490234375,0.5559999942779541
5028.7099609375,0.5568000078201294
5028.93017578125,0.5575000047683716
5029.14990234375,0.5583000183105469
5029.3798828125,0.5590999722480774
5029.60009765625,0.5598000288009644
5029.81982421875,0.5605999827384949
5030.0498046875,0.5613999962806702
5030.27001953125,0.5620999932289124
5030.490234375,0.5629000067710876
5030.72021484375,0.5637000203132629
5030.93994140625,0.5644000172615051
5031.16015625,0.5651999711990356
5031.39013671875,0.5659999847412109
5031.60986328125,0.5666999816894531
5031.830078125,0.5674999952316284
5032.0498046875,0.5683000087738037
5032.27978515625,0.5690000057220459
5032.5,0.5698000192642212
5032.72021484375,0.5705999732017517
5032.9501953125,0.5713000297546387
5033.169921875,0.5720999836921692
5033.39013671875,0.5728999972343445
5033.6201171875,0.5735999941825867
5033.83984375,0.574400007724762
5034.06005859375,0.5752000212669373
5034.2900390625,0.5759000182151794
5034.509765625,0.57669997215271
5034.72998046875,0.5774999856948853
5034.9599609375,0.5781999826431274
5035.18017578125,0.5789999961853027
5035.39990234375,0.579800009727478
5035.6298828125,0.5806000232696533
5035.85009765625,0.5813000202178955
5036.06982421875,0.582099974155426
5036.2998046875,0.5828999876976013
5036.52001953125,0.5835999846458435
5036.740234375,0.5843999981880188
5036.97021484375,0.5852000117301941
5037.18994140625,0.5859000086784363
5037.41015625,0.5867000222206116
5037.64013671875,0.5874999761581421
5037.85986328125,0.5881999731063843
5038.080078125,0.5889999866485596
5038.31005859375,0.5898000001907349
5038.52978515625,0.590499997138977
5038.75,0.5913000106811523
5038.97998046875,0.5921000242233276
5039.2001953125,0.5928000211715698
5039.419921875,0.5935999751091003
5039.64990234375,0.5943999886512756
5039.8701171875,0.5952000021934509
5040.08984375,0.5958999991416931
5040.31982421875,0.5967000126838684
5040.5400390625,0.5975000262260437
5040.759765625,0.5982000231742859
5040.990234375,0.5989999771118164
5041.2099609375,0.5997999906539917
5041.43017578125,0.6004999876022339
5041.66015625,0.6013000011444092
5041.8798828125,0.6021000146865845
5042.10986328125,0.6028000116348267
5042.330078125,0.603600025177002
5042.5498046875,0.6043999791145325
5042.77978515625,0.6050999760627747
5043.0,0.60589998960495
5043.22021484375,0.6067000031471252
5043.4501953125,0.6075000166893005
5043.669921875,0.6082000136375427
5043.89013671875,0.609000027179718
5044.1201171875,0.6097999811172485
5044.33984375,0.6104999780654907
5044.56005859375,0.611299991607666
5044.7900390625,0.6121000051498413
5045.009765625,0.6128000020980835
5045.22998046875,0.6136000156402588
5045.4599609375,0.6144000291824341
5045.68017578125,0.6151000261306763
5045.91015625,0.6158999800682068
5046.1298828125,0.6166999936103821
5046.35009765625,0.6175000071525574
5046.580078125,0.6182000041007996
5046.7998046875,0.6190000176429749
5047.02978515625,0.6197999715805054
5047.25,0.6205000281333923
5047.47998046875,0.6212999820709229
5047.7001953125,0.6220999956130981
5047.919921875,0.6227999925613403
5048.14990234375,0.6236000061035156
5048.3701171875,0.6244000196456909
5048.58984375,0.6251999735832214
5048.81005859375,0.6258999705314636
5049.0400390625,0.6266999840736389
5049.259765625,0.6274999976158142
5049.490234375,0.6281999945640564
5049.7099609375,0.6290000081062317
5049.93994140625,0.629800021648407
5050.16015625,0.6305000185966492
5050.3798828125,0.6310999989509583
5050.60986328125,0.6317999958992004
5050.830078125,0.6324999928474426
5051.0498046875,0.6331999897956848
5051.27978515625,0.6338000297546387
5051.5,0.6345000267028809
5051.72998046875,0.635200023651123
5051.9501953125,0.6359000205993652
5052.169921875,0.6365000009536743
5052.39990234375,0.6371999979019165
5052.6201171875,0.6378999948501587
5052.85009765625,0.6384999752044678
5053.06982421875,0.63919997215271
5053.2900390625,0.6399000287055969
5053.52001953125,0.6406000256538391
5053.740234375,0.6412000060081482
5053.97021484375,0.6419000029563904
5054.18994140625,0.6425999999046326
5054.419921875,0.6431999802589417
5054.64013671875,0.6438999772071838
5054.85986328125,0.644599974155426
5055.08984375,0.6452999711036682
5055.31005859375,0.6459000110626221
5055.5400390625,0.6466000080108643
5055.759765625,0.6473000049591064
5055.97998046875,0.6480000019073486
5056.2099609375,0.6485999822616577
5056.43017578125,0.6492999792098999
5056.66015625,0.6499999761581421
5056.8798828125,0.650600016117096
5057.10986328125,0.6513000130653381
5057.330078125,0.6520000100135803
5057.5498046875,0.6527000069618225
5057.77978515625,0.6532999873161316
5058.0,0.6539999842643738
5058.22998046875,0.654699981212616
5058.4501953125,0.6553999781608582
5058.669921875,0.656000018119812
5058.89990234375,0.6567000150680542
5059.1201171875,0.6574000120162964
5059.35009765625,0.6579999923706055
5059.56982421875,0.6586999893188477
5059.7998046875,0.6593999862670898
5060.02001953125,0.660099983215332
5060.25,0.6607000231742859
5060.47021484375,0.6614000201225281
5060.68994140625,0.6621000170707703
5060.919921875,0.6628000140190125
5061.14013671875,0.6633999943733215
5061.3701171875,0.6640999913215637
5061.58984375,0.6647999882698059
5061.81982421875,0.6654000282287598
5062.0400390625,0.666100025177002
5062.27001953125,0.6668000221252441
5062.490234375,0.6675000190734863
5062.7099609375,0.6680999994277954
5062.93994140625,0.6687999963760376
5063.16015625,0.6694999933242798
5063.39013671875,0.670199990272522
5063.60986328125,0.670799970626831
5063.83984375,0.671500027179718
5064.06005859375,0.6722000241279602
5064.2900390625,0.6729000210762024
5064.509765625,0.6735000014305115
5064.72998046875,0.6741999983787537
5064.9599609375,0.6748999953269958
5065.18017578125,0.6754999756813049
5065.41015625,0.6761999726295471
5065.6298828125,0.6769000291824341
5065.85986328125,0.6776000261306763
5066.080078125,0.6782000064849854
5066.31005859375,0.6789000034332275
5066.52978515625,0.6796000003814697
5066.759765625,0.6802999973297119
5066.97998046875,0.680899977684021
5067.2001953125,0.6815999746322632
5067.43017578125,0.6822999715805054
5067.64990234375,0.6830000281333923
5067.8798828125,0.6836000084877014
5068.10986328125,0.6843000054359436
5068.330078125,0.6850000023841858
5068.5498046875,0.685699999332428
5068.77978515625,0.6862999796867371
5069.0,0.6869999766349792
5069.22998046875,0.6876999735832214
5069.4501953125,0.6883999705314636
5069.68017578125,0.6890000104904175
5069.89990234375,0.6897000074386597
5070.1298828125,0.6904000043869019
5070.35009765625,0.691100001335144
5070.580078125,0.6916999816894531
5070.7998046875,0.6923999786376953
5071.02978515625,0.6930999755859375
5071.25,0.6937999725341797
5071.47998046875,0.6944000124931335
5071.7001953125,0.6951000094413757
5071.93017578125,0.6958000063896179
5072.14990234375,0.696399986743927
5072.3798828125,0.6970999836921692
5072.60009765625,0.6977999806404114
5072.830078125,0.6984999775886536
5073.0498046875,0.6991000175476074
5073.27001953125,0.6998000144958496
5073.5,0.7005000114440918
5073.72021484375,0.701200008392334
5073.9501953125,0.7017999887466431
5074.169921875,0.7024999856948853
5074.39990234375,0.7031999826431274
5074.6298828125,0.7038999795913696
5074.85009765625,0.7045000195503235
5075.06982421875,0.7052000164985657
5075.2998046875,0.7059000134468079
5075.52978515625,0.70660001039505
5075.75,0.7073000073432922
5075.97998046875,0.7078999876976013
5076.2001953125,0.7085999846458435
5076.43017578125,0.7092999815940857
5076.64990234375,0.7099999785423279
5076.8701171875,0.7106000185012817
5077.10009765625,0.7113000154495239
5077.330078125,0.7120000123977661
5077.5498046875,0.7125999927520752
5077.77001953125,0.7132999897003174
5078.0,0.7139999866485596
5078.22998046875,0.7146999835968018
5078.4501953125,0.715399980545044
5078.68017578125,0.7160000205039978
5078.89990234375,0.71670001745224
5079.1298828125,0.7174000144004822
5079.35009765625,0.7181000113487244
5079.580078125,0.7186999917030334
5079.7998046875,0.7193999886512756
5080.02978515625,0.7200999855995178
5080.25,0.72079998254776
5080.47998046875,0.7214000225067139
5080.7001953125,0.722100019454956
5080.93017578125,0.7228000164031982
5081.14990234375,0.7235000133514404
5081.3798828125,0.7240999937057495
5081.60009765625,0.7247999906539917
5081.830078125,0.7254999876022339
5082.0498046875,0.7261999845504761
5082.27978515625,0.7268000245094299
5082.509765625,0.7275000214576721
5082.72998046875,0.7282000184059143
5082.9599609375,0.7289000153541565
5083.18017578125,0.7294999957084656
5083.41015625,0.7301999926567078
5083.6298828125,0.73089998960495
5083.85986328125,0.7315999865531921
5084.080078125,0.7322999835014343
5084.31005859375,0.7329000234603882
5084.52978515625,0.7336000204086304
5084.759765625,0.7343000173568726
5084.990234375,0.7350000143051147
5085.2099609375,0.7355999946594238
5085.43994140625,0.736299991607666
5085.66015625,0.7369999885559082
5085.89013671875,0.7376999855041504
5086.10986328125,0.7383000254631042
5086.33984375,0.7390000224113464
5086.56982421875,0.7397000193595886
5086.7900390625,0.7404000163078308
5087.02001953125,0.7409999966621399
5087.240234375,0.7416999936103821
5087.47021484375,0.7423999905586243
5087.68994140625,0.7430999875068665
5087.919921875,0.7437999844551086
5088.14013671875,0.7444000244140625
5088.3701171875,0.7451000213623047
5088.58984375,0.7458000183105469
5088.81982421875,0.7465000152587891
5089.0498046875,0.7470999956130981
5089.27001953125,0.7477999925613403
5089.5,0.7484999895095825
5089.72021484375,0.7491999864578247
5089.9501953125,0.7498000264167786
5090.169921875,0.7505000233650208
5090.39990234375,0.7512000203132629
5090.6298828125,0.7519000172615051
5090.85009765625,0.7526000142097473
5091.080078125,0.7531999945640564
5091.2998046875,0.7538999915122986
5091.52978515625,0.7545999884605408
5091.75,0.755299985408783
5091.97998046875,0.7559000253677368
5092.2099609375,0.756600022315979
5092.43017578125,0.7573000192642212
5092.66015625,0.7580000162124634
5092.8798828125,0.7587000131607056
5093.10986328125,0.7592999935150146
5093.330078125,0.7599999904632568
5093.56005859375,0.760699987411499
5093.77978515625,0.7613999843597412
5094.009765625,0.7620000243186951
5094.240234375,0.7627000212669373
5094.4599609375,0.7634000182151794
5094.68994140625,0.7641000151634216
5094.91015625,0.7646999955177307
5095.14013671875,0.7653999924659729
5095.3701171875,0.7660999894142151
5095.58984375,0.7667999863624573
5095.81982421875,0.7674999833106995
5096.0498046875,0.7681000232696533
5096.27001953125,0.7688000202178955
5096.5,0.7695000171661377
5096.72021484375,0.7702000141143799
5096.9501953125,0.7709000110626221
5097.169921875,0.7714999914169312
5097.39990234375,0.7721999883651733
5097.6201171875,0.7728999853134155
5097.85009765625,0.7735999822616577
5098.080078125,0.7742000222206116
5098.2998046875,0.7749000191688538
5098.52978515625,0.775600016117096
5098.759765625,0.7763000130653381
5098.990234375,0.7770000100135803
5099.2099609375,0.7775999903678894
5099.43994140625,0.7782999873161316
5099.66015625,0.7789999842643738
5099.89013671875,0.779699981212616
5100.1201171875,0.7803000211715698
5100.33984375,0.7807999849319458
5100.56982421875,0.7813000082969666
5100.7900390625,0.7817999720573425
5101.02001953125,0.7822999954223633
5101.25,0.7828999757766724
5101.47021484375,0.7833999991416931
5101.7001953125,0.7839000225067139
5101.919921875,0.7843999862670898
5102.14990234375,0.7849000096321106
5102.3701171875,0.7854999899864197
5102.60009765625,0.7860000133514404
5102.830078125,0.7864999771118164
5103.0498046875,0.7870000004768372
5103.27978515625,0.7875000238418579
5103.509765625,0.788100004196167
5103.72998046875,0.7886000275611877
5103.9599609375,0.7890999913215637
5104.18994140625,0.7896000146865845
5104.41015625,0.7901999950408936
5104.64013671875,0.7907000184059143
5104.85986328125,0.7911999821662903
5105.08984375,0.791700005531311
5105.31982421875,0.7922000288963318
5105.5400390625,0.7926999926567078
5105.77001953125,0.7932999730110168
5106.0,0.7937999963760376
5106.22021484375,0.7943000197410583
5106.4501953125,0.7947999835014343
5106.68017578125,0.7954000234603882
5106.89990234375,0.7958999872207642
5107.1298828125,0.7964000105857849
5107.35009765625,0.7968999743461609
5107.580078125,0.7973999977111816
5107.81005859375,0.7979999780654907
5108.0400390625,0.7985000014305115
5108.259765625,0.7990000247955322
5108.490234375,0.7994999885559082
5108.72021484375,0.800000011920929
5108.93994140625,0.800599992275238
5109.169921875,0.8011000156402588
5109.39013671875,0.8015999794006348
5109.6201171875,0.8021000027656555
5109.85009765625,0.8026000261306763
5110.06982421875,0.8032000064849854
5110.2998046875,0.8036999702453613
5110.52978515625,0.8041999936103821
5110.75,0.8047000169754028
5110.97998046875,0.8052999973297119
5111.2099609375,0.8058000206947327
5111.43017578125,0.8062999844551086
5111.66015625,0.8068000078201294
5111.89013671875,0.8072999715805054
5112.10986328125,0.8079000115394592
5112.33984375,0.8083999752998352
5112.56982421875,0.808899998664856
5112.7900390625,0.8094000220298767
5113.02001953125,0.8098999857902527
5113.25,0.8105000257492065
5113.47021484375,0.8109999895095825
5113.7001953125,0.8115000128746033
5113.919921875,0.8119999766349792
5114.14990234375,0.8125
5114.3798828125,0.8130999803543091
5114.60009765625,0.8136000037193298
5114.830078125,0.8141000270843506
5115.06005859375,0.8145999908447266
5115.2900390625,0.8151999711990356
5115.509765625,0.8156999945640564
5115.740234375,0.8162000179290771
5115.97021484375,0.8166999816894531
5116.18994140625,0.8172000050544739
5116.419921875,0.817799985408783
5116.64990234375,0.8183000087738037
5116.8798828125,0.8187999725341797
5117.10009765625,0.8192999958992004
5117.330078125,0.8198999762535095
5117.56005859375,0.8203999996185303
5117.77978515625,0.820900022983551
5118.009765625,0.821399986743927
5118.240234375,0.8219000101089478
5118.4599609375,0.8224999904632568
5118.68994140625,0.8230000138282776
5118.919921875,0.8234999775886536
5119.14990234375,0.8240000009536743
5119.3701171875,0.8245999813079834
5119.60009765625,0.8251000046730042
5119.830078125,0.8256000280380249
5120.0498046875,0.8260999917984009
5120.27978515625,0.8266000151634216
5120.509765625,0.8271999955177307
5120.72998046875,0.8277000188827515
5120.9599609375,0.8281999826431274
5121.18994140625,0.8287000060081482
5121.41015625,0.8292999863624573
5121.64013671875,0.829800009727478
5121.8701171875,0.830299973487854
5122.08984375,0.8307999968528748
5122.31982421875,0.8313000202178955
5122.5498046875,0.8319000005722046
5122.77978515625,0.8324000239372253
5123.0,0.8328999876976013
5123.22998046875,0.8334000110626221
5123.4599609375,0.8339999914169312
5123.68994140625,0.8345000147819519
5123.91015625,0.8349999785423279
5124.14013671875,0.8355000019073486
5124.3701171875,0.8360000252723694
5124.58984375,0.8366000056266785
5124.81982421875,0.8371000289916992
5125.0498046875,0.8375999927520752
5125.27978515625,0.838100016117096
5125.5,0.838699996471405
5125.72998046875,0.8392000198364258
5125.9599609375,0.8396999835968018
5126.18994140625,0.8402000069618225
5126.41015625,0.8407999873161316
5126.64013671875,0.8413000106811523
5126.8701171875,0.8417999744415283
5127.08984375,0.8422999978065491
5127.31982421875,0.8428000211715698
5127.5498046875,0.8434000015258789
5127.77978515625,0.8439000248908997
5128.0,0.8443999886512756
5128.22998046875,0.8449000120162964
5128.4599609375,0.8453999757766724
5128.68017578125,0.8460000157356262
5128.919921875,0.8464999794960022
5129.14013671875,0.847000002861023
5129.3701171875,0.8475000262260437
5129.60009765625,0.8481000065803528
5129.81982421875,0.8485999703407288
5130.0498046875,0.8490999937057495
5130.27978515625,0.8496000170707703
5130.5,0.8501999974250793
5130.72998046875,0.8507000207901001
5130.9599609375,0.8511999845504761
5131.18994140625,0.8517000079154968
5131.419921875,0.8522999882698059
5131.64013671875,0.8528000116348267
5131.8701171875,0.8532999753952026
5132.10009765625,0.8537999987602234
5132.31982421875,0.8543000221252441
5132.5498046875,0.8549000024795532
5132.77978515625,0.855400025844574
5133.009765625,0.85589998960495
5133.240234375,0.8564000129699707
5133.4599609375,0.8569999933242798
5133.68994140625,0.8575000166893005
5133.919921875,0.8579999804496765
5134.14990234375,0.8585000038146973
5134.3701171875,0.8590999841690063
5134.60009765625,0.8596000075340271
5134.830078125,0.8600999712944031
5135.0498046875,0.8605999946594238
5135.27978515625,0.8611999750137329
5135.509765625,0.8616999983787537
5135.740234375,0.8622000217437744
5135.97021484375,0.8626999855041504
5136.2001953125,0.8633000254631042
5136.419921875,0.8637999892234802
5136.64990234375,0.864300012588501
5136.8798828125,0.864799976348877
5137.10986328125,0.8652999997138977
5137.33984375,0.8658999800682068
5137.56005859375,0.8664000034332275
5137.7900390625,0.8669000267982483
5138.02001953125,0.8673999905586243
5138.240234375,0.8679999709129333
5138.47021484375,0.8684999942779541
5138.7001953125,0.8690000176429749
5138.93017578125,0.8694999814033508
5139.16015625,0.8701000213623047
5139.3798828125,0.8705999851226807
5139.60986328125,0.8711000084877014
5139.83984375,0.8715999722480774
5140.06982421875,0.8722000122070312
5140.2900390625,0.8726999759674072
5140.52001953125,0.873199999332428
5140.75,0.8737000226974487
5140.97998046875,0.8741999864578247
5141.2099609375,0.8748000264167786
5141.43994140625,0.8752999901771545
5141.66015625,0.8758000135421753
5141.89013671875,0.8763999938964844
5142.1201171875,0.8769000172615051
5142.35009765625,0.8773999810218811
5142.580078125,0.8779000043869019
5142.7998046875,0.8784000277519226
5143.02978515625,0.8790000081062317
5143.259765625,0.8794999718666077
5143.490234375,0.8799999952316284
5143.72021484375,0.8805000185966492
5143.93994140625,0.8810999989509583
5144.169921875,0.881600022315979
5144.39990234375,0.882099986076355
5144.6298828125,0.8826000094413757
5144.85009765625,0.8831999897956848
5145.080078125,0.8837000131607056
5145.31005859375,0.8841999769210815
5145.5400390625,0.8847000002861023
5145.77001953125,0.8852999806404114
5146.0,0.8858000040054321
5146.22998046875,0.8863000273704529
5146.4501953125,0.8867999911308289
5146.68017578125,0.8873999714851379
5146.91015625,0.8878999948501587
5147.14013671875,0.8884000182151794
5147.35986328125,0.8888999819755554
5147.58984375,0.8895000219345093
5147.81982421875,0.8899999856948853
5148.0498046875,0.890500009059906
5148.27978515625,0.890999972820282
5148.509765625,0.8916000127792358
5148.740234375,0.8920999765396118
5148.9599609375,0.8925999999046326
5149.18994140625,0.8931000232696533
5149.419921875,0.8937000036239624
5149.64990234375,0.8942000269889832
5149.8798828125,0.8946999907493591
5150.10986328125,0.8952000141143799
5150.330078125,0.8955000042915344
5150.56005859375,0.895799994468689
5150.7900390625,0.8960999846458435
5151.02001953125,0.8964999914169312
5151.25,0.8967999815940857
5151.47021484375,0.8970999717712402
5151.7001953125,0.8974999785423279
5151.93017578125,0.8978000283241272
5152.16015625,0.8981000185012817
5152.39013671875,0.8984000086784363
5152.6201171875,0.8988000154495239
5152.85009765625,0.8991000056266785
5153.06982421875,0.899399995803833
5153.2998046875,0.8998000025749207
5153.52978515625,0.9000999927520752
5153.759765625,0.9003999829292297
5153.990234375,0.9006999731063843
5154.22021484375,0.9010999798774719
5154.4501953125,0.9014000296592712
5154.669921875,0.9017000198364258
5154.89990234375,0.9021000266075134
5155.1298828125,0.902400016784668
5155.35986328125,0.9027000069618225
5155.58984375,0.902999997138977
5155.81982421875,0.9034000039100647
5156.0498046875,0.9036999940872192
5156.27001953125,0.9039999842643738
5156.5,0.9043999910354614
5156.72998046875,0.904699981212616
5156.9599609375,0.9049999713897705
5157.18994140625,0.9053999781608582
5157.419921875,0.9057000279426575
5157.64990234375,0.906000018119812
5157.8798828125,0.9063000082969666
5158.10009765625,0.9067000150680542
5158.330078125,0.9070000052452087
5158.56005859375,0.9072999954223633
5158.7900390625,0.9077000021934509
5159.02001953125,0.9079999923706055
5159.25,0.90829998254776
5159.47021484375,0.9085999727249146
5159.7001953125,0.9089999794960022
5159.93017578125,0.9093000292778015
5160.16015625,0.909600019454956
5160.39013671875,0.9100000262260437
5160.6201171875,0.9103000164031982
5160.85009765625,0.9106000065803528
5161.080078125,0.9110000133514404
5161.2998046875,0.911300003528595
5161.52978515625,0.9115999937057495
5161.77001953125,0.911899983882904
5161.990234375,0.9122999906539917
5162.22021484375,0.9125999808311462
5162.4501953125,0.9128999710083008
5162.68017578125,0.9132999777793884
5162.91015625,0.9136000275611877
5163.14013671875,0.9139000177383423
5163.35986328125,0.9142000079154968
5163.58984375,0.9146000146865845
5163.81982421875,0.914900004863739
5164.0498046875,0.9151999950408936
5164.27978515625,0.9156000018119812
5164.509765625,0.9158999919891357
5164.740234375,0.9161999821662903
5164.97021484375,0.9165999889373779
5165.2001953125,0.9168999791145325
5165.43017578125,0.9172000288963318
5165.66015625,0.9175000190734863
5165.89013671875,0.917900025844574
5166.1201171875,0.9182000160217285
5166.35009765625,0.9185000061988831
5166.56982421875,0.9189000129699707
5166.7998046875,0.9192000031471252
5167.02978515625,0.9194999933242798
5167.259765625,0.9199000000953674
5167.490234375,0.920199990272522
5167.72021484375,0.9204999804496765
5167.93994140625,0.920799970626831
5168.169921875,0.9211999773979187
5168.39990234375,0.921500027179718
5168.6298828125,0.9218000173568726
5168.85986328125,0.9222000241279602
5169.08984375,0.9225000143051147
5169.31982421875,0.9228000044822693
5169.5498046875,0.9232000112533569
5169.77978515625,0.9235000014305115
5170.009765625,0.923799991607666
5170.240234375,0.9240999817848206
5170.47021484375,0.9244999885559082
5170.7001953125,0.9247999787330627
5170.93017578125,0.9251000285148621
5171.14990234375,0.9254999756813049
5171.3798828125,0.9258000254631042
5171.60986328125,0.9261000156402588
5171.83984375,0.9265000224113464
5172.06982421875,0.926800012588501
5172.2998046875,0.9271000027656555
5172.52978515625,0.9273999929428101
5172.759765625,0.9277999997138977
5172.990234375,0.9280999898910522
5173.22021484375,0.9283999800682068
5173.4501953125,0.9287999868392944
5173.68017578125,0.929099977016449
5173.91015625,0.9294000267982483
5174.14013671875,0.9297999739646912
5174.3701171875,0.9301000237464905
5174.60009765625,0.930400013923645
5174.830078125,0.9308000206947327
5175.06005859375,0.9311000108718872
5175.27978515625,0.9314000010490417
5175.509765625,0.9316999912261963
5175.740234375,0.9320999979972839
5175.97021484375,0.9323999881744385
5176.2001953125,0.932699978351593
5176.43017578125,0.9330999851226807
5176.66015625,0.9333999752998352
5176.89013671875,0.9337000250816345
5177.1201171875,0.9340999722480774
5177.35009765625,0.9344000220298767
5177.580078125,0.9347000122070312
5177.81005859375,0.9350000023841858
5178.0400390625,0.9354000091552734
5178.27001953125,0.935699999332428
5178.5,0.9359999895095825
5178.72998046875,0.9363999962806702
5178.9599609375,0.9366999864578247
5179.18994140625,0.9369999766349792
5179.419921875,0.9373999834060669
5179.64990234375,0.9376999735832214
5179.8701171875,0.9380000233650208
5180.10009765625,0.9383999705314636
5180.330078125,0.9387000203132629
5180.56005859375,0.9390000104904175
5180.7900390625,0.939300000667572
5181.02978515625,0.9397000074386597
5181.25,0.9399999976158142
5181.47998046875,0.9402999877929688
5181.7099609375,0.9406999945640564
5181.93994140625,0.9409999847412109
5182.169921875,0.9412999749183655
5182.39990234375,0.9416999816894531
5182.6298828125,0.9419999718666077
5182.85986328125,0.942300021648407
5183.08984375,0.9427000284194946
5183.31982421875,0.9430000185966492
5183.5498046875,0.9433000087738037
5183.77978515625,0.9435999989509583
5184.009765625,0.9440000057220459
5184.240234375,0.9442999958992004
5184.47021484375,0.944599986076355
5184.7001953125,0.9449999928474426
5184.93017578125,0.9452999830245972
5185.16015625,0.9455999732017517
5185.39013671875,0.9459999799728394
5185.6201171875,0.9463000297546387
5185.85009765625,0.9466000199317932
5186.080078125,0.9470000267028809
5186.31005859375,0.9473000168800354
5186.5400390625,0.9476000070571899
5186.77001953125,0.9480000138282776
5187.0,0.9483000040054321
5187.22998046875,0.9485999941825867
5187.4599609375,0.9488999843597412
5187.68994140625,0.9492999911308289
5187.919921875,0.9495999813079834
5188.14990234375,0.9498999714851379
5188.3798828125,0.9502999782562256
5188.60986328125,0.9506000280380249
5188.83984375,0.9509000182151794
5189.06982421875,0.9513000249862671
5189.2998046875,0.9516000151634216
5189.52978515625,0.9519000053405762
5189.759765625,0.9523000121116638
5189.990234375,0.9526000022888184
5190.22021484375,0.9528999924659729
5190.4501953125,0.9532999992370605
5190.68017578125,0.9535999894142151
5190.91015625,0.9538999795913696
5191.14013671875,0.954200029373169
5191.3701171875,0.9545999765396118
5191.60009765625,0.9549000263214111
5191.830078125,0.9552000164985657
5192.06005859375,0.9556000232696533
5192.2900390625,0.9559000134468079
5192.52001953125,0.9562000036239624
5192.75,0.95660001039505
5192.97998046875,0.9569000005722046
5193.2099609375,0.9571999907493591
5193.43994140625,0.9575999975204468
5193.68017578125,0.9578999876976013
5193.89990234375,0.9581999778747559
5194.1298828125,0.9585999846458435
5194.3701171875,0.958899974822998
5194.58984375,0.9592000246047974
5194.830078125,0.9595000147819519
5195.06005859375,0.9599000215530396
5195.2900390625,0.9602000117301941
5195.52001953125,0.9605000019073486
5195.75,0.9609000086784363
5195.97998046875,0.9611999988555908
5196.2099609375,0.9614999890327454
5196.43994140625,0.961899995803833
5196.669921875,0.9621999859809875
5196.89990234375,0.9624999761581421
5197.1298828125,0.9628999829292297
5197.35986328125,0.9631999731063843
5197.58984375,0.9635000228881836
5197.81982421875,0.9639000296592712
5198.0498046875,0.9642000198364258
5198.27978515625,0.9645000100135803
5198.509765625,0.964900016784668
5198.740234375,0.9652000069618225
5198.97021484375,0.965499997138977
5199.2001953125,0.9659000039100647
5199.43994140625,0.9661999940872192
5199.669921875,0.9664999842643738
5199.89990234375,0.9667999744415283
5200.1298828125,0.9671000242233276
5200.35986328125,0.967199981212616
5200.58984375,0.9674000144004822
5200.81982421875,0.9674999713897705
5201.0498046875,0.9675999879837036
5201.27978515625,0.9678000211715698
5201.509765625,0.9678999781608582
5201.740234375,0.9679999947547913
5201.97021484375,0.9682000279426575
5202.2001953125,0.9682999849319458
5202.43017578125,0.968500018119812
5202.66015625,0.9685999751091003
5202.89013671875,0.9686999917030334
5203.1201171875,0.9689000248908997
5203.35986328125,0.968999981880188
5203.58984375,0.9692000150680542
5203.81982421875,0.9692999720573425
5204.0498046875,0.9693999886512756
5204.27978515625,0.9696000218391418
5204.509765625,0.9696999788284302
5204.740234375,0.9697999954223633
5204.97021484375,0.9700000286102295
5205.2001953125,0.9700999855995178
5205.43017578125,0.970300018787384
5205.66015625,0.9703999757766724
5205.89013671875,0.9704999923706055
5206.1201171875,0.9707000255584717
5206.35986328125,0.97079998254776
5206.580078125,0.9710000157356262
5206.81982421875,0.9710999727249146
5207.0498046875,0.9711999893188477
5207.27978515625,0.9714000225067139
5207.509765625,0.9714999794960022
5207.740234375,0.9715999960899353
5207.97021484375,0.9718000292778015
5208.2001953125,0.9718999862670898
5208.43017578125,0.972100019454956
5208.66015625,0.9721999764442444
5208.89990234375,0.9722999930381775
5209.1201171875,0.9725000262260437
5209.35986328125,0.972599983215332
5209.58984375,0.9728000164031982
5209.81982421875,0.9728999733924866
5210.0498046875,0.9729999899864197
5210.27978515625,0.9732000231742859
5210.509765625,0.9732999801635742
5210.740234375,0.9733999967575073
5210.97021484375,0.9735999703407288
5211.2001953125,0.9736999869346619
5211.43994140625,0.9739000201225281
5211.669921875,0.9739999771118164
5211.89990234375,0.9740999937057495
5212.1298828125,0.9743000268936157
5212.35986328125,0.974399983882904
5212.58984375,0.9746000170707703
5212.81982421875,0.9746999740600586
5213.0498046875,0.9747999906539917
5213.27978515625,0.9750000238418579
5213.52001953125,0.9750999808311462
5213.75,0.9751999974250793
5213.97998046875,0.9753999710083008
5214.2099609375,0.9754999876022339
5214.43994140625,0.9757000207901001
5214.669921875,0.9757999777793884
5214.89990234375,0.9758999943733215
5215.14013671875,0.9761000275611877
5215.35986328125,0.9761999845504761
5215.60009765625,0.9764000177383423
5215.830078125,0.9764999747276306
5216.06005859375,0.9765999913215637
5216.2900390625,0.9768000245094299
5216.52001953125,0.9768999814987183
5216.75,0.9771000146865845
5216.990234375,0.9771999716758728
5217.2099609375,0.9772999882698059
5217.4501953125,0.9775000214576721
5217.68017578125,0.9775999784469604
5217.91015625,0.9776999950408936
5218.14013671875,0.9779000282287598
5218.3701171875,0.9779999852180481
5218.60009765625,0.9782000184059143
5218.83984375,0.9782999753952026
5219.06982421875,0.9783999919891357
5219.2998046875,0.978600025177002
5219.52978515625,0.9786999821662903
5219.759765625,0.9789000153541565
5219.990234375,0.9789999723434448
5220.22998046875,0.9790999889373779
5220.4599609375,0.9793000221252441
5220.68994140625,0.9793999791145325
5220.919921875,0.9796000123023987
5221.14990234375,0.9797000288963318
5221.3798828125,0.9797999858856201
5221.60986328125,0.9800000190734863
5221.83984375,0.9800999760627747
5222.06982421875,0.9801999926567078
5222.31005859375,0.980400025844574
5222.5400390625,0.9804999828338623
5222.77001953125,0.9807000160217285
5223.0,0.9807999730110168
5223.22998046875,0.98089998960495
5223.4599609375,0.9811000227928162
5223.7001953125,0.9811999797821045
5223.93017578125,0.9814000129699707
5224.16015625,0.9815000295639038
5224.39013671875,0.9815999865531921
5224.6201171875,0.9818000197410583
5224.85986328125,0.9818999767303467
5225.08984375,0.9821000099182129
5225.31982421875,0.982200026512146
5225.5498046875,0.9822999835014343
5225.77978515625,0.9825000166893005
5226.009765625,0.9825999736785889
5226.240234375,0.982699990272522
5226.47998046875,0.9829000234603882
5226.7099609375,0.9829999804496765
5226.93994140625,0.9832000136375427
5227.169921875,0.983299970626831
5227.39990234375,0.9833999872207642
5227.64013671875,0.9836000204086304
5227.8701171875,0.9836999773979187
5228.10009765625,0.9839000105857849
5228.330078125,0.984000027179718
5228.56005859375,0.9840999841690063
5228.7998046875,0.9843000173568726
5229.02978515625,0.9843999743461609
5229.259765625,0.9846000075340271
5229.490234375,0.9847000241279602
5229.72021484375,0.9847999811172485
5229.9501953125,0.9850000143051147
5230.18994140625,0.9850999712944031
5230.419921875,0.9853000044822693
5230.64990234375,0.9854000210762024
5230.8798828125,0.9854999780654907
5231.1201171875,0.9857000112533569
5231.35009765625,0.98580002784729
5231.580078125,0.9858999848365784
5231.81005859375,0.9861000180244446
5232.0400390625,0.9861999750137329
5232.27001953125,0.9864000082015991
5232.509765625,0.9865000247955322
5232.740234375,0.9865999817848206
5232.97021484375,0.9868000149726868
5233.2001953125,0.9868999719619751
5233.43017578125,0.9871000051498413
5233.669921875,0.9872000217437744
5233.89990234375,0.9872999787330627
5234.1298828125,0.987500011920929
5234.35986328125,0.9876000285148621
5234.58984375,0.9878000020980835
5234.81982421875,0.9879000186920166
5235.06005859375,0.9879999756813049
5235.2900390625,0.9882000088691711
5235.52001953125,0.9883000254631042
5235.759765625,0.9884999990463257
5235.990234375,0.9886000156402588
5236.22021484375,0.9886999726295471
5236.4501953125,0.9889000058174133
5236.68017578125,0.9890000224113464
5236.919921875,0.9891999959945679
5237.14990234375,0.989300012588501
5237.3798828125,0.9894000291824341
5237.60986328125,0.9896000027656555
5237.85009765625,0.9897000193595886
5238.080078125,0.989799976348877
5238.31005859375,0.9900000095367432
5238.5400390625,0.9901000261306763
5238.77001953125,0.9902999997138977
5239.0,0.9904000163078308
5239.240234375,0.9904999732971191
5239.47021484375,0.9907000064849854
5239.7001953125,0.9908000230789185
5239.93017578125,0.9909999966621399
5240.169921875,0.991100013256073
5240.39990234375,0.9911999702453613
5240.6298828125,0.9914000034332275
5240.85986328125,0.9915000200271606
5241.10009765625,0.9916999936103821
5241.330078125,0.9918000102043152
5241.56005859375,0.9919000267982483
5241.7900390625,0.9921000003814697
5242.02978515625,0.9922000169754028
5242.259765625,0.9923999905586243
5242.490234375,0.9925000071525574
5242.72021484375,0.9926000237464905
5242.9599609375,0.9927999973297119
5243.18994140625,0.992900013923645
5243.419921875,0.9930999875068665
5243.64990234375,0.9932000041007996
5243.89013671875,0.9933000206947327
5244.1201171875,0.9934999942779541
5244.35009765625,0.9936000108718872
5244.580078125,0.9937999844551086
5244.81005859375,0.9939000010490417
5245.0498046875,0.9940000176429749
5245.27978515625,0.9941999912261963
5245.509765625,0.9943000078201294
5245.75,0.9944000244140625
5245.97998046875,0.9945999979972839
5246.2099609375,0.994700014591217
5246.43994140625,0.9948999881744385
5246.68017578125,0.9950000047683716
5246.91015625,0.9951000213623047
5247.14013671875,0.9952999949455261
5247.3701171875,0.9954000115394592
5247.60986328125,0.9955999851226807
5247.83984375,0.9957000017166138
5248.06982421875,0.9958000183105469
5248.31005859375,0.9959999918937683
5248.5400390625,0.9961000084877014
5248.77001953125,0.9962999820709229
5249.0,0.996399998664856
5249.240234375,0.9965000152587891
5249.47021484375,0.9966999888420105
5249.7001953125,0.9968000054359436
5249.93017578125,0.996999979019165
5250.169921875,0.996999979019165
5250.39990234375,0.996999979019165
5250.6298828125,0.996999979019165
5250.85986328125,0.9970999956130981
5251.10009765625,0.9970999956130981
5251.330078125,0.9970999956130981
5251.56005859375,0.9970999956130981
5251.7998046875,0.9970999956130981
5252.02978515625,0.9970999956130981
5252.259765625,0.9970999956130981
5252.5,0.9972000122070312
5252.72998046875,0.9972000122070312
5252.9599609375,0.9972000122070312
5253.18994140625,0.9972000122070312
5253.43017578125,0.9972000122070312
5253.66015625,0.9972000122070312
5253.89990234375,0.9972000122070312
5254.1298828125,0.9972000122070312
5254.35986328125,0.9973000288009644
5254.58984375,0.9973000288009644
5254.81982421875,0.9973000288009644
5255.06005859375,0.9973000288009644
5255.2900390625,0.9973000288009644
5255.52001953125,0.9973000288009644
5255.759765625,0.9973000288009644
5255.990234375,0.9973999857902527
5256.22021484375,0.9973999857902527
5256.4599609375,0.9973999857902527
5256.68994140625,0.9973999857902527
5256.919921875,0.9973999857902527
5257.16015625,0.9973999857902527
5257.39013671875,0.9973999857902527
5257.6201171875,0.9975000023841858
5257.85986328125,0.9975000023841858
5258.08984375,0.9975000023841858
5258.31982421875,0.9975000023841858
5258.56005859375,0.9975000023841858
5258.7900390625,0.9975000023841858
5259.02001953125,0.9975000023841858
5259.25,0.9976000189781189
5259.47998046875,0.9976000189781189
5259.72021484375,0.9976000189781189
5259.9501953125,0.9976000189781189
5260.18017578125,0.9976000189781189
5260.419921875,0.9976000189781189
5260.64990234375,0.9976000189781189
5260.89013671875,0.9976999759674072
5261.1201171875,0.9976999759674072
5261.35009765625,0.9976999759674072
5261.580078125,0.9976999759674072
5261.81982421875,0.9976999759674072
5262.0498046875,0.9976999759674072
5262.2900390625,0.9976999759674072
5262.52001953125,0.9977999925613403
5262.75,0.9977999925613403
5262.990234375,0.9977999925613403
5263.22021484375,0.9977999925613403
5263.4501953125,0.9977999925613403
5263.68017578125,0.9977999925613403
5263.919921875,0.9977999925613403
5264.14990234375,0.9977999925613403
5264.3798828125,0.9979000091552734
5264.6201171875,0.9979000091552734
5264.85009765625,0.9979000091552734
5265.08984375,0.9979000091552734
5265.31982421875,0.9979000091552734
5265.5498046875,0.9979000091552734
5265.7900390625,0.9979000091552734
5266.02001953125,0.9980000257492065
5266.25,0.9980000257492065
5266.490234375,0.9980000257492065
5266.72021484375,0.9980000257492065
5266.9501953125,0.9980000257492065
5267.18994140625,0.9980000257492065
5267.419921875,0.9980000257492065
5267.64990234375,0.9980999827384949
5267.89013671875,0.9980999827384949
5268.1201171875,0.9980999827384949
5268.35009765625,0.9980999827384949
5268.58984375,0.9980999827384949
5268.81982421875,0.9980999827384949
5269.06005859375,0.9980999827384949
5269.2900390625,0.998199999332428
5269.52001953125,0.998199999332428
5269.759765625,0.998199999332428
5269.990234375,0.998199999332428
5270.22998046875,0.998199999332428
5270.4599609375,0.998199999332428
5270.68994140625,0.998199999332428
5270.93017578125,0.9983000159263611
5271.16015625,0.9983000159263611
5271.39013671875,0.9983000159263611
5271.6298828125,0.9983000159263611
5271.85986328125,0.9983000159263611
5272.08984375,0.9983000159263611
5272.330078125,0.9983000159263611
5272.56005859375,0.9983999729156494
5272.7900390625,0.9983999729156494
5273.02978515625,0.9983999729156494
5273.259765625,0.9983999729156494
5273.5,0.9983999729156494
5273.72998046875,0.9983999729156494
5273.9599609375,0.9983999729156494
5274.2001953125,0.9984999895095825
5274.43017578125,0.9984999895095825
5274.669921875,0.9984999895095825
5274.89990234375,0.9984999895095825
5275.1298828125,0.9984999895095825
5275.3701171875,0.9984999895095825
5275.60009765625,0.9984999895095825
5275.83984375,0.9986000061035156
5276.06982421875,0.9986000061035156
5276.2998046875,0.9986000061035156
5276.5400390625,0.9986000061035156
5276.77001953125,0.9986000061035156
5277.0,0.9986000061035156
5277.240234375,0.9986000061035156
5277.47998046875,0.9986000061035156
5277.7099609375,0.9987000226974487
5277.93994140625,0.9987000226974487
5278.18017578125,0.9987000226974487
5278.41015625,0.9987000226974487
5278.64013671875,0.9987000226974487
5278.8798828125,0.9987000226974487
5279.10986328125,0.9987000226974487
5279.35009765625,0.9987999796867371
5279.580078125,0.9987999796867371
5279.81005859375,0.9987999796867371
5280.0498046875,0.9987999796867371
5280.27978515625,0.9987999796867371
5280.52001953125,0.9987999796867371
5280.75,0.9987999796867371
5280.97998046875,0.9988999962806702
5281.22021484375,0.9988999962806702
5281.4501953125,0.9988999962806702
5281.68994140625,0.9988999962806702
5281.919921875,0.9988999962806702
5282.16015625,0.9988999962806702
5282.39013671875,0.9988999962806702
5282.6201171875,0.9990000128746033
5282.85986328125,0.9990000128746033
5283.08984375,0.9990000128746033
5283.330078125,0.9990000128746033
5283.56005859375,0.9990000128746033
5283.7900390625,0.9990000128746033
5284.02978515625,0.9990000128746033
5284.259765625,0.9991000294685364
5284.5,0.9991000294685364
5284.72998046875,0.9991000294685364
5284.97021484375,0.9991000294685364
5285.2001953125,0.9991000294685364
5285.43017578125,0.9991000294685364
5285.669921875,0.9991000294685364
5285.89990234375,0.9991999864578247
5286.14013671875,0.9991999864578247
5286.3701171875,0.9991999864578247
5286.60986328125,0.9991999864578247
5286.83984375,0.9991999864578247
5287.080078125,0.9991999864578247
5287.31005859375,0.9991999864578247
5287.5498046875,0.9993000030517578
5287.77978515625,0.9993000030517578
5288.009765625,0.9993000030517578
5288.25,0.9993000030517578
5288.47998046875,0.9993000030517578
5288.72021484375,0.9993000030517578
5288.9501953125,0.9993000030517578
5289.18017578125,0.9994000196456909
5289.419921875,0.9994000196456909
5289.64990234375,0.9994000196456909
5289.89013671875,0.9994000196456909
5290.1201171875,0.9994000196456909
5290.35986328125,0.9994000196456909
5290.58984375,0.9994000196456909
5290.830078125,0.9994000196456909
5291.06005859375,0.9994999766349792
5291.2998046875,0.9994999766349792
5291.52978515625,0.9994999766349792
5291.77001953125,0.9994999766349792
5292.0,0.9994999766349792
5292.240234375,0.9994999766349792
5292.47021484375,0.9994999766349792
5292.7001953125,0.9995999932289124
5292.93994140625,0.9995999932289124
5293.18017578125,0.9995999932289124
5293.41015625,0.9995999932289124
5293.64013671875,0.9995999932289124
5293.8798828125,0.9995999932289124
5294.10986328125,0.9995999932289124
5294.35009765625,0.9997000098228455
5294.580078125,0.9997000098228455
5294.81982421875,0.9997000098228455
5295.0498046875,0.9997000098228455
5295.2900390625,0.9997000098228455
5295.52001953125,0.9997000098228455
5295.759765625,0.9997000098228455
5295.990234375,0.9998000264167786
5296.22998046875,0.9998000264167786
5296.4599609375,0.9998000264167786
5296.7001953125,0.9998000264167786
5296.93017578125,0.9998000264167786
5297.169921875,0.9998000264167786
5297.39990234375,0.9998000264167786
5297.6298828125,0.9998999834060669
5297.8701171875,0.9998999834060669
5298.10009765625,0.9998999834060669
5298.33984375,0.9998999834060669
5298.56982421875,0.9998999834060669
5298.81005859375,0.9998999834060669
5299.0498046875,0.9998999834060669
5299.27978515625,1.0
5299.509765625,1.0
5299.75,1.0
5299.97998046875,1.0
5300.22021484375,0.9998999834060669
5300.4599609375,0.9998999834060669
5300.68994140625,0.9998000264167786
5300.919921875,0.9998000264167786
5301.16015625,0.9997000098228455
5301.39013671875,0.9997000098228455
5301.6298828125,0.9995999932289124
5301.85986328125,0.9995999932289124
5302.10009765625,0.9994999766349792
5302.330078125,0.9994000196456909
5302.56982421875,0.9994000196456909
5302.81005859375,0.9993000030517578
5303.0400390625,0.9993000030517578
5303.27978515625,0.9991999864578247
5303.509765625,0.9991999864578247
5303.75,0.9991000294685364
5303.97998046875,0.9990000128746033
5304.2099609375,0.9990000128746033
5304.4501953125,0.9988999962806702
5304.68994140625,0.9988999962806702
5304.919921875,0.9987999796867371
5305.16015625,0.9987999796867371
5305.39013671875,0.9987000226974487
5305.6298828125,0.9986000061035156
5305.85986328125,0.9986000061035156
5306.10009765625,0.9984999895095825
5306.330078125,0.9984999895095825
5306.56982421875,0.9983999729156494
5306.7998046875,0.9983999729156494
5307.0400390625,0.9983000159263611
5307.27001953125,0.9983000159263611
5307.509765625,0.998199999332428
5307.740234375,0.9980999827384949
5307.97998046875,0.9980999827384949
5308.22021484375,0.9980000257492065
5308.4501953125,0.9980000257492065
5308.68994140625,0.9979000091552734
5308.919921875,0.9979000091552734
5309.16015625,0.9977999925613403
5309.39013671875,0.9976999759674072
5309.6298828125,0.9976999759674072
5309.85986328125,0.9976000189781189
5310.10009765625,0.9976000189781189
5310.330078125,0.9975000023841858
5310.56982421875,0.9975000023841858
5310.7998046875,0.9973999857902527
5311.0400390625,0.9973999857902527
5311.27001953125,0.9973000288009644
5311.509765625,0.9972000122070312
5311.75,0.9972000122070312
5311.97998046875,0.9970999956130981
5312.22021484375,0.9970999956130981
5312.4501953125,0.996999979019165
5312.68994140625,0.996999979019165
5312.93017578125,0.9969000220298767
5313.16015625,0.9968000054359436
5313.39990234375,0.9968000054359436
5313.6298828125,0.9966999888420105
5313.8701171875,0.9966999888420105
5314.10009765625,0.9965999722480774
5314.33984375,0.9965999722480774
5314.56982421875,0.9965000152587891
5314.81005859375,0.996399998664856
5315.0400390625,0.996399998664856
5315.27978515625,0.9962999820709229
5315.52001953125,0.9962999820709229
5315.75,0.9962000250816345
5315.990234375,0.9962000250816345
5316.22998046875,0.9961000084877014
5316.4599609375,0.9959999918937683
5316.68994140625,0.9959999918937683
5316.93017578125,0.9958999752998352
5317.169921875,0.9958999752998352
5317.39990234375,0.9958000183105469
5317.64013671875,0.9958000183105469
5317.8701171875,0.9957000017166138
5318.10986328125,0.9957000017166138
5318.33984375,0.9955999851226807
5318.580078125,0.9955000281333923
5318.81982421875,0.9955000281333923
5319.0498046875,0.9954000115394592
5319.2900390625,0.9954000115394592
5319.52001953125,0.9952999949455261
5319.759765625,0.9952999949455261
5319.990234375,0.995199978351593
5320.22998046875,0.9951000213623047
5320.47021484375,0.9951000213623047
5320.7001953125,0.9950000047683716
5320.93994140625,0.9950000047683716
5321.18017578125,0.9948999881744385
5321.41015625,0.9948999881744385
5321.64990234375,0.9947999715805054
5321.8798828125,0.994700014591217
5322.1201171875,0.994700014591217
5322.35009765625,0.9945999979972839
5322.58984375,0.9945999979972839
5322.830078125,0.9944999814033508
5323.06005859375,0.9944999814033508
5323.2998046875,0.9944000244140625
5323.52978515625,0.9944000244140625
5323.77001953125,0.9943000078201294
5324.009765625,0.9941999912261963
5324.240234375,0.9941999912261963
5324.47998046875,0.9940999746322632
5324.72021484375,0.9940999746322632
5324.9501953125,0.9940000176429749
5325.18994140625,0.9940000176429749
5325.43017578125,0.9939000010490417
5325.66015625,0.9937999844551086
5325.89990234375,0.9937999844551086
5326.1298828125,0.9937000274658203
5326.3701171875,0.9937000274658203
5326.60009765625,0.9936000108718872
5326.83984375,0.9936000108718872
5327.080078125,0.9934999942779541
5327.31005859375,0.993399977684021
5327.5498046875,0.993399977684021
5327.7900390625,0.9933000206947327
5328.02001953125,0.9933000206947327
5328.259765625,0.9932000041007996
5328.490234375,0.9932000041007996
5328.72998046875,0.9930999875068665
5328.97021484375,0.9929999709129333
5329.2001953125,0.9929999709129333
5329.43994140625,0.992900013923645
5329.68017578125,0.992900013923645
5329.91015625,0.9927999973297119
5330.14990234375,0.9927999973297119
5330.39013671875,0.9926999807357788
5330.6201171875,0.9926000237464905
5330.85986328125,0.9926000237464905
5331.08984375,0.9925000071525574
5331.330078125,0.9925000071525574
5331.56982421875,0.9923999905586243
5331.7998046875,0.9923999905586243
5332.0400390625,0.9922999739646912
5332.27001953125,0.9922999739646912
5332.509765625,0.9922000169754028
5332.75,0.9921000003814697
5332.990234375,0.9921000003814697
5333.22021484375,0.9919999837875366
5333.4599609375,0.9919999837875366
5333.68994140625,0.9919000267982483
5333.93017578125,0.9919000267982483
5334.169921875,0.9918000102043152
5334.41015625,0.9916999936103821
5334.64013671875,0.9916999936103821
5334.8798828125,0.991599977016449
5335.10986328125,0.991599977016449
5335.35009765625,0.9915000200271606
5335.58984375,0.9915000200271606
5335.81982421875,0.9914000034332275
5336.06005859375,0.9912999868392944
5336.2998046875,0.9912999868392944
5336.52978515625,0.9911999702453613
5336.77001953125,0.9911999702453613
5337.0,0.991100013256073
5337.240234375,0.991100013256073
5337.47998046875,0.9909999966621399
5337.72021484375,0.9908999800682068
5337.9501953125,0.9908999800682068
5338.18994140625,0.9908000230789185
5338.43017578125,0.9908000230789185
5338.669921875,0.9907000064849854
5338.89990234375,0.9907000064849854
5339.14013671875,0.9905999898910522
5339.3701171875,0.9905999898910522
5339.60986328125,0.9904999732971191
5339.85009765625,0.9904000163078308
5340.080078125,0.9904000163078308
5340.31982421875,0.9902999997138977
5340.56005859375,0.9902999997138977
5340.7900390625,0.9901999831199646
5341.02978515625,0.9901999831199646
5341.27001953125,0.9901000261306763
5341.5,0.9900000095367432
5341.740234375,0.9900000095367432
5341.97998046875,0.9898999929428101
5342.2099609375,0.9898999929428101
5342.4501953125,0.989799976348877
5342.68994140625,0.989799976348877
5342.93017578125,0.9897000193595886
5343.16015625,0.9896000027656555
5343.39990234375,0.9896000027656555
5343.64013671875,0.9894999861717224
5343.8701171875,0.9894999861717224
5344.10986328125,0.9894000291824341
5344.35009765625,0.9894000291824341
5344.580078125,0.989300012588501
5344.81982421875,0.9891999959945679
5345.06005859375,0.9891999959945679
5345.2900390625,0.9890999794006348
5345.52978515625,0.9890999794006348
5345.77001953125,0.9890000224113464
5346.009765625,0.9890000224113464
5346.240234375,0.9889000058174133
5346.47998046875,0.9887999892234802
5346.72021484375,0.9887999892234802
5346.9501953125,0.9886999726295471
5347.18994140625,0.9886999726295471
5347.43017578125,0.9886000156402588
5347.669921875,0.9886000156402588
5347.89990234375,0.9884999990463257
5348.14013671875,0.9883999824523926
5348.3798828125,0.9883999824523926
5348.60986328125,0.9883000254631042
5348.85009765625,0.9883000254631042
5349.08984375,0.9882000088691711
5349.31982421875,0.9882000088691711
5349.56005859375,0.988099992275238
5349.7998046875,0.9879999756813049
5350.0400390625,0.9879999756813049
5350.27001953125,0.9878000020980835
5350.509765625,0.9876999855041504
5350.75,0.9876000285148621
5350.990234375,0.9873999953269958
5351.22021484375,0.9872999787330627
5351.4599609375,0.9871000051498413
5351.7001953125,0.9869999885559082
5351.93994140625,0.9868000149726868
5352.169921875,0.9866999983787537
5352.41015625,0.9865999817848206
5352.64990234375,0.9864000082015991
5352.8798828125,0.986299991607666
5353.1201171875,0.9861000180244446
5353.35986328125,0.9860000014305115
5353.60009765625,0.98580002784729
5353.830078125,0.9857000112533569
5354.06982421875,0.9855999946594238
5354.31005859375,0.9854000210762024
5354.5400390625,0.9853000044822693
5354.77978515625,0.9850999712944031
5355.02001953125,0.9850000143051147
5355.259765625,0.9847999811172485
5355.5,0.9847000241279602
5355.740234375,0.9846000075340271
5355.97021484375,0.9843999743461609
5356.2099609375,0.9843000173568726
5356.43994140625,0.9840999841690063
5356.68017578125,0.984000027179718
5356.919921875,0.9837999939918518
5357.16015625,0.9836999773979187
5357.39013671875,0.9836000204086304
5357.6298828125,0.9833999872207642
5357.8701171875,0.983299970626831
5358.10986328125,0.9830999970436096
5358.33984375,0.9829999804496765
5358.580078125,0.9828000068664551
5358.81982421875,0.982699990272522
5359.06005859375,0.9825999736785889
5359.2998046875,0.9824000000953674
5359.52978515625,0.9822999835014343
5359.77001953125,0.9821000099182129
5360.009765625,0.9819999933242798
5360.25,0.9818999767303467
5360.490234375,0.9817000031471252
5360.72021484375,0.9815999865531921
5360.9599609375,0.9814000129699707
5361.2001953125,0.9812999963760376
5361.43017578125,0.9811000227928162
5361.669921875,0.9810000061988831
5361.91015625,0.98089998960495
5362.14990234375,0.9807000160217285
5362.3798828125,0.9805999994277954
5362.6201171875,0.980400025844574
5362.85986328125,0.9803000092506409
5363.10009765625,0.9800999760627747
5363.33984375,0.9800000190734863
5363.56982421875,0.9799000024795532
5363.81005859375,0.9797000288963318
5364.0498046875,0.9796000123023987
5364.2900390625,0.9793999791145325
5364.52978515625,0.9793000221252441
5364.77001953125,0.9790999889373779
5365.009765625,0.9789999723434448
5365.240234375,0.9789000153541565
5365.47998046875,0.9786999821662903
5365.72021484375,0.978600025177002
5365.9501953125,0.9783999919891357
5366.18994140625,0.9782999753952026
5366.43017578125,0.9781000018119812
5366.669921875,0.9779999852180481
5366.91015625,0.9779000282287598
5367.14013671875,0.9776999950408936
5367.3798828125,0.9775999784469604
5367.6201171875,0.977400004863739
5367.85986328125,0.9772999882698059
5368.10009765625,0.9771000146865845
5368.330078125,0.9769999980926514
5368.56982421875,0.9768999814987183
5368.81005859375,0.9767000079154968
5369.0498046875,0.9765999913215637
5369.2900390625,0.9764000177383423
5369.52001953125,0.9763000011444092
5369.759765625,0.9761000275611877
5370.0,0.9760000109672546
5370.240234375,0.9758999943733215
5370.47021484375,0.9757000207901001
5370.7099609375,0.975600004196167
5370.9501953125,0.9753999710083008
5371.18994140625,0.9753000140190125
5371.43017578125,0.9750999808311462
5371.669921875,0.9750000238418579
5371.89990234375,0.9749000072479248
5372.14013671875,0.9746999740600586
5372.3798828125,0.9746000170707703
5372.6201171875,0.974399983882904
5372.85986328125,0.9743000268936157
5373.10009765625,0.9740999937057495
5373.330078125,0.9739999771118164
5373.56982421875,0.9739000201225281
5373.81005859375,0.9736999869346619
5374.0498046875,0.9735999703407288
5374.2900390625,0.9733999967575073
5374.52001953125,0.9732999801635742
5374.759765625,0.9731000065803528
5375.0,0.9729999899864197
5375.240234375,0.9728999733924866
5375.47998046875,0.9726999998092651
5375.72021484375,0.972599983215332
5375.9599609375,0.9724000096321106
5376.18994140625,0.9722999930381775
5376.43017578125,0.972100019454956
5376.669921875,0.972000002861023
5376.91015625,0.9718999862670898
5377.14990234375,0.9717000126838684
5377.39013671875,0.9715999960899353
5377.6298828125,0.9714000225067139
5377.85986328125,0.9713000059127808
5378.10009765625,0.9710999727249146
5378.33984375,0.9710000157356262
5378.580078125,0.9708999991416931
5378.81982421875,0.9707000255584717
5379.0498046875,0.9706000089645386
5379.2900390625,0.9703999757766724
5379.52978515625,0.970300018787384
5379.77001953125,0.9700999855995178
5380.009765625,0.9700000286102295
5380.25,0.9699000120162964
5380.490234375,0.9696999788284302
5380.72021484375,0.9696000218391418
5380.9599609375,0.9693999886512756
5381.2001953125,0.9692999720573425
5381.43994140625,0.9690999984741211
5381.68017578125,0.968999981880188
5381.919921875,0.9688000082969666
5382.16015625,0.9686999917030334
5382.39990234375,0.9685999751091003
5382.6298828125,0.9684000015258789
5382.8701171875,0.9682999849319458
5383.10986328125,0.9681000113487244
5383.35009765625,0.9679999947547913
5383.58984375,0.9678000211715698
5383.830078125,0.9677000045776367
5384.06982421875,0.9675999879837036
5384.2998046875,0.9674000144004822
5384.5400390625,0.9672999978065491
5384.77978515625,0.9671000242233276
5385.02001953125,0.9670000076293945
5385.259765625,0.9667999744415283
5385.5,0.96670001745224
5385.740234375,0.9666000008583069
5385.97998046875,0.9664000272750854
5386.22021484375,0.9663000106811523
5386.4501953125,0.9660999774932861
5386.68994140625,0.9660000205039978
5386.93017578125,0.9657999873161316
5387.169921875,0.9656999707221985
5387.41015625,0.9656000137329102
5387.64990234375,0.965399980545044
5387.89013671875,0.9653000235557556
5388.1298828125,0.9650999903678894
5388.35986328125,0.9649999737739563
5388.60009765625,0.9648000001907349
5388.83984375,0.9646999835968018
5389.080078125,0.9646000266075134
5389.31982421875,0.9643999934196472
5389.56005859375,0.9642999768257141
5389.7998046875,0.9641000032424927
5390.0400390625,0.9639999866485596
5390.27978515625,0.9638000130653381
5390.52001953125,0.963699996471405
5390.759765625,0.9635000228881836
5390.990234375,0.9634000062942505
5391.22998046875,0.9632999897003174
5391.47021484375,0.963100016117096
5391.7099609375,0.9629999995231628
5391.9501953125,0.9628000259399414
5392.18994140625,0.9627000093460083
5392.419921875,0.9624999761581421
5392.66015625,0.9624000191688538
5392.89990234375,0.9623000025749207
5393.14013671875,0.9621000289916992
5393.3798828125,0.9620000123977661
5393.6201171875,0.9617999792098999
5393.85986328125,0.9617000222206116
5394.10009765625,0.9614999890327454
5394.33984375,0.9613999724388123
5394.580078125,0.9613000154495239
5394.81982421875,0.9610999822616577
5395.06005859375,0.9610000252723694
5395.2998046875,0.9607999920845032
5395.5400390625,0.9606999754905701
5395.77001953125,0.9605000019073486
5396.02001953125,0.9603999853134155
5396.25,0.9602000117301941
5396.490234375,0.960099995136261
5396.72998046875,0.9599999785423279
5396.97021484375,0.9598000049591064
5397.2099609375,0.9596999883651733
5397.4501953125,0.9595000147819519
5397.68994140625,0.9593999981880188
5397.93017578125,0.9592000246047974
5398.169921875,0.9591000080108643
5398.41015625,0.9589999914169312
5398.64990234375,0.9588000178337097
5398.89013671875,0.9587000012397766
5399.1298828125,0.9585000276565552
5399.3701171875,0.9584000110626221
5399.60986328125,0.9581999778747559
5399.83984375,0.9581000208854675
5400.08984375,0.9578999876976013
5400.31982421875,0.9577000141143799
5400.56005859375,0.9575999975204468
5400.7998046875,0.9574000239372253
5401.0400390625,0.9571999907493591
5401.27978515625,0.9570000171661377
5401.52001953125,0.9567999839782715
5401.759765625,0.95660001039505
5402.0,0.9563999772071838
5402.240234375,0.9563000202178955
5402.47998046875,0.9560999870300293
5402.72021484375,0.9559000134468079
5402.9599609375,0.9556999802589417
5403.2001953125,0.9555000066757202
5403.43994140625,0.955299973487854
5403.68017578125,0.9550999999046326
5403.91015625,0.9549000263214111
5404.16015625,0.954800009727478
5404.39990234375,0.9545999765396118
5404.64013671875,0.9544000029563904
5404.8701171875,0.954200029373169
5405.10986328125,0.9539999961853027
5405.35009765625,0.9538000226020813
5405.58984375,0.9535999894142151
5405.830078125,0.953499972820282
5406.06982421875,0.9532999992370605
5406.31005859375,0.9531000256538391
5406.5498046875,0.9528999924659729
5406.7900390625,0.9527000188827515
5407.02978515625,0.9524999856948853
5407.27001953125,0.9523000121116638
5407.509765625,0.9520999789237976
5407.75,0.9520000219345093
5407.990234375,0.9517999887466431
5408.22998046875,0.9516000151634216
5408.47021484375,0.9513999819755554
5408.7099609375,0.951200008392334
5408.9501953125,0.9509999752044678
5409.18994140625,0.9508000016212463
5409.43017578125,0.9506000280380249
5409.669921875,0.9505000114440918
5409.91015625,0.9502999782562256
5410.14990234375,0.9501000046730042
5410.39013671875,0.9498999714851379
5410.6298828125,0.9496999979019165
5410.8701171875,0.9495000243186951
5411.10986328125,0.9492999911308289
5411.35009765625,0.9491000175476074
5411.58984375,0.9490000009536743
5411.830078125,0.9488000273704529
5412.06982421875,0.9485999941825867
5412.31005859375,0.9484000205993652
5412.5498046875,0.948199987411499
5412.7900390625,0.9480000138282776
5413.02978515625,0.9477999806404114
5413.27001953125,0.9476000070571899
5413.509765625,0.9474999904632568
5413.75,0.9473000168800354
5413.990234375,0.9470999836921692
5414.22998046875,0.9469000101089478
5414.47021484375,0.9466999769210815
5414.7099609375,0.9465000033378601
5414.9501953125,0.9463000297546387
5415.18994140625,0.9462000131607056
5415.43017578125,0.9459999799728394
5415.669921875,0.9458000063896179
5415.91015625,0.9455999732017517
5416.14990234375,0.9453999996185303
5416.39013671875,0.9452000260353088
5416.6298828125,0.9449999928474426
5416.8701171875,0.9448000192642212
5417.10986328125,0.9447000026702881
5417.35009765625,0.9445000290870667
5417.58984375,0.9442999958992004
5417.830078125,0.944100022315979
5418.06982421875,0.9438999891281128
5418.31005859375,0.9437000155448914
5418.5498046875,0.9434999823570251
5418.7900390625,0.9433000087738037
5419.02978515625,0.9431999921798706
5419.27001953125,0.9430000185966492
5419.509765625,0.942799985408783
5419.75,0.9426000118255615
5419.990234375,0.9423999786376953
5420.22998046875,0.9422000050544739
5420.47998046875,0.9419999718666077
5420.72021484375,0.9417999982833862
5420.9501953125,0.9416999816894531
5421.2001953125,0.9415000081062317
5421.43994140625,0.9412999749183655
5421.669921875,0.941100001335144
5421.919921875,0.9409000277519226
5422.14990234375,0.9406999945640564
5422.39990234375,0.940500020980835
5422.64013671875,0.9402999877929688
5422.8701171875,0.9401999711990356
5423.1201171875,0.9399999976158142
5423.35986328125,0.9398000240325928
5423.60009765625,0.9395999908447266
5423.83984375,0.9394000172615051
5424.080078125,0.9391999840736389
5424.31982421875,0.9390000104904175
5424.56005859375,0.9387999773025513
5424.7998046875,0.9387000203132629
5425.0400390625,0.9384999871253967
5425.27978515625,0.9383000135421753
5425.52001953125,0.9380999803543091
5425.759765625,0.9379000067710876
5426.0,0.9376999735832214
5426.240234375,0.9375
5426.490234375,0.9373000264167786
5426.72998046875,0.9372000098228455
5426.9599609375,0.9369999766349792
5427.2099609375,0.9368000030517578
5427.4501953125,0.9366000294685364
5427.68994140625,0.9363999962806702
5427.93017578125,0.9362000226974487
5428.169921875,0.9359999895095825
5428.41015625,0.9358000159263611
5428.64990234375,0.935699999332428
5428.89013671875,0.9355000257492065
5429.1298828125,0.9352999925613403
5429.3701171875,0.9351000189781189
5429.6201171875,0.9348999857902527
5429.85986328125,0.9347000122070312
5430.10009765625,0.934499979019165
5430.330078125,0.9343000054359436
5430.580078125,0.9340999722480774
5430.81982421875,0.9340000152587891
5431.06005859375,0.9337999820709229
5431.2998046875,0.9336000084877014
5431.5400390625,0.9333999752998352
5431.77978515625,0.9332000017166138
5432.02001953125,0.9330000281333923
5432.259765625,0.9327999949455261
5432.5,0.9326000213623047
5432.740234375,0.9325000047683716
5432.990234375,0.9322999715805054
5433.22998046875,0.9320999979972839
5433.47021484375,0.9319000244140625
5433.7099609375,0.9316999912261963
5433.9501953125,0.9315000176429749
5434.18994140625,0.9312999844551086
5434.43017578125,0.9311000108718872
5434.669921875,0.9309999942779541
5434.91015625,0.9308000206947327
5435.14990234375,0.9305999875068665
5435.39013671875,0.930400013923645
5435.6298828125,0.9301999807357788
5435.8798828125,0.9300000071525574
5436.10986328125,0.9297999739646912
5436.35986328125,0.9296000003814697
5436.60009765625,0.9294999837875366
5436.83984375,0.9293000102043152
5437.080078125,0.929099977016449
5437.31982421875,0.9289000034332275
5437.56982421875,0.9286999702453613
5437.81005859375,0.9284999966621399
5438.0498046875,0.9283000230789185
5438.2900390625,0.9280999898910522
5438.52978515625,0.9279000163078308
5438.77001953125,0.9277999997138977
5439.009765625,0.9276000261306763
5439.25,0.9273999929428101
5439.490234375,0.9272000193595886
5439.740234375,0.9269999861717224
5439.97998046875,0.926800012588501
5440.2099609375,0.9265999794006348
5440.4599609375,0.9264000058174133
5440.7001953125,0.9262999892234802
5440.93994140625,0.9261000156402588
5441.18017578125,0.9258999824523926
5441.419921875,0.9257000088691711
5441.66015625,0.9254999756813049
5441.89990234375,0.9253000020980835
5442.14990234375,0.9251000285148621
5442.39013671875,0.9248999953269958
5442.6298828125,0.9247000217437744
5442.8701171875,0.9246000051498413
5443.10986328125,0.9243999719619751
5443.35009765625,0.9241999983787537
5443.60009765625,0.9240000247955322
5443.83984375,0.923799991607666
5444.080078125,0.9236000180244446
5444.31982421875,0.9233999848365784
5444.56005859375,0.9232000112533569
5444.7998046875,0.9230999946594238
5445.0400390625,0.9229000210762024
5445.27978515625,0.9226999878883362
5445.52978515625,0.9225000143051147
5445.77001953125,0.9222999811172485
5446.009765625,0.9221000075340271
5446.25,0.9218999743461609
5446.490234375,0.9217000007629395
5446.72998046875,0.921500027179718
5446.97998046875,0.9214000105857849
5447.22021484375,0.9211999773979187
5447.4599609375,0.9210000038146973
5447.7001953125,0.920799970626831
5447.93994140625,0.9205999970436096
5448.18017578125,0.9204000234603882
5448.419921875,0.920199990272522
5448.66015625,0.9200000166893005
5448.91015625,0.9199000000953674
5449.14990234375,0.919700026512146
5449.39013671875,0.9194999933242798
5449.6298828125,0.9193000197410583
5449.8701171875,0.9190999865531921
5450.10986328125,0.9189000129699707
5450.35986328125,0.9186999797821045
5450.60009765625,0.9185000061988831
5450.83984375,0.9182999730110168
5451.080078125,0.9180999994277954
5451.330078125,0.917900025844574
5451.56982421875,0.9176999926567078
5451.81005859375,0.9175000190734863
5452.0498046875,0.9172999858856201
5452.2900390625,0.9171000123023987
5452.52978515625,0.9168999791145325
5452.77001953125,0.916700005531311
5453.009765625,0.9164999723434448
5453.259765625,0.9162999987602234
5453.5,0.916100025177002
5453.740234375,0.9158999919891357
5453.97998046875,0.9157000184059143
5454.22021484375,0.9154999852180481
5454.47021484375,0.9151999950408936
5454.7099609375,0.9150000214576721
5454.9501953125,0.9147999882698059
5455.18994140625,0.9146000146865845
5455.43994140625,0.9143999814987183
5455.68017578125,0.9142000079154968
5455.919921875,0.9139999747276306
5456.16015625,0.9138000011444092
5456.39990234375,0.9136000275611877
5456.64013671875,0.9133999943733215
5456.89013671875,0.9132000207901001
5457.1298828125,0.9129999876022339
5457.3701171875,0.9128000140190125
5457.60986328125,0.9125999808311462
5457.85009765625,0.9124000072479248
5458.08984375,0.9121999740600586
5458.33984375,0.9120000004768372
5458.580078125,0.9118000268936157
5458.81982421875,0.9115999937057495
5459.06005859375,0.9114000201225281
5459.31005859375,0.9111999869346619
5459.5498046875,0.9110000133514404
5459.7900390625,0.9107999801635742
5460.02978515625,0.9106000065803528
5460.27978515625,0.9103999733924866
5460.52001953125,0.9101999998092651
5460.759765625,0.9100000262260437
5461.0,0.9097999930381775
5461.240234375,0.909600019454956
5461.47998046875,0.9093999862670898
5461.72998046875,0.9092000126838684
5461.97021484375,0.9089000225067139
5462.2099609375,0.9086999893188477
5462.4501953125,0.9085000157356262
5462.7001953125,0.90829998254776
5462.93994140625,0.9081000089645386
5463.18017578125,0.9078999757766724
5463.419921875,0.9077000021934509
5463.66015625,0.9075000286102295
5463.91015625,0.9072999954223633
5464.14990234375,0.9071000218391418
5464.39013671875,0.9068999886512756
5464.64013671875,0.9067000150680542
5464.8798828125,0.906499981880188
5465.1201171875,0.9063000082969666
5465.35986328125,0.9060999751091003
5465.60009765625,0.9059000015258789
5465.83984375,0.9057000279426575
5466.080078125,0.9054999947547913
5466.330078125,0.9053000211715698
5466.56982421875,0.9050999879837036
5466.81005859375,0.9049000144004822
5467.0498046875,0.904699981212616
5467.2998046875,0.9045000076293945
5467.5400390625,0.9042999744415283
5467.77978515625,0.9041000008583069
5468.02978515625,0.9039000272750854
5468.27001953125,0.9036999940872192
5468.509765625,0.9034000039100647
5468.759765625,0.9031999707221985
5469.0,0.902999997138977
5469.240234375,0.9028000235557556
5469.47998046875,0.9025999903678894
5469.72021484375,0.902400016784668
5469.97021484375,0.9021999835968018
5470.2099609375,0.9020000100135803
5470.4501953125,0.9017999768257141
5470.68994140625,0.9016000032424927
5470.93994140625,0.9014000296592712
5471.18017578125,0.901199996471405
5471.419921875,0.9010000228881836
5471.66015625,0.9007999897003174
5471.91015625,0.900600016117096
5472.14990234375,0.9003999829292297
5472.39013671875,0.9002000093460083
5472.64013671875,0.8999999761581421
5472.8798828125,0.8998000025749207
5473.1201171875,0.8996000289916992
5473.35986328125,0.899399995803833
5473.60986328125,0.8992000222206116
5473.85009765625,0.8989999890327454
5474.08984375,0.8988000154495239
5474.330078125,0.8985999822616577
5474.580078125,0.8984000086784363
5474.81982421875,0.8981999754905701
5475.06005859375,0.8978999853134155
5475.2998046875,0.8977000117301941
5475.5498046875,0.8974999785423279
5475.7900390625,0.8973000049591064
5476.02978515625,0.8970999717712402
5476.27978515625,0.8968999981880188
5476.52001953125,0.8967000246047974
5476.759765625,0.8964999914169312
5477.009765625,0.8963000178337097
5477.25,0.8960999846458435
5477.490234375,0.8959000110626221
5477.72998046875,0.8956999778747559
5477.97998046875,0.8955000042915344
5478.22021484375,0.8952999711036682
5478.4599609375,0.8950999975204468
5478.7099609375,0.8949000239372253
5478.9501953125,0.8946999907493591
5479.18994140625,0.8945000171661377
5479.43017578125,0.8942999839782715
5479.669921875,0.89410001039505
5479.919921875,0.8938999772071838
5480.16015625,0.8937000036239624
5480.41015625,0.8934999704360962
5480.64990234375,0.8932999968528748
5480.89013671875,0.8930000066757202
5481.1298828125,0.892799973487854
5481.3798828125,0.8925999999046326
5481.6201171875,0.8924000263214111
5481.85986328125,0.8921999931335449
5482.10986328125,0.8920000195503235
5482.35009765625,0.8917999863624573
5482.58984375,0.8916000127792358
5482.83984375,0.8913999795913696
5483.080078125,0.8912000060081482
5483.31982421875,0.890999972820282
5483.56005859375,0.8907999992370605
5483.81005859375,0.8906000256538391
5484.0498046875,0.8903999924659729
5484.2900390625,0.8902000188827515
5484.52978515625,0.8899999856948853
5484.77978515625,0.8898000121116638
5485.02978515625,0.8895999789237976
5485.27001953125,0.8894000053405762
5485.509765625,0.88919997215271
5485.75,0.8889999985694885
5486.0,0.8888000249862671
5486.240234375,0.8885999917984009
5486.47998046875,0.8884000182151794
5486.72998046875,0.8881000280380249
5486.97021484375,0.8878999948501587
5487.2099609375,0.8877000212669373
5487.4599609375,0.887499988079071
5487.7001953125,0.8873000144958496
5487.93994140625,0.8870999813079834
5488.18994140625,0.886900007724762
5488.43017578125,0.8866999745368958
5488.669921875,0.8865000009536743
5488.91015625,0.8863000273704529
5489.16015625,0.8860999941825867
5489.39990234375,0.8859000205993652
5489.64990234375,0.885699987411499
5489.89013671875,0.8855000138282776
5490.1298828125,0.8852999806404114
5490.3798828125,0.8851000070571899
5490.6201171875,0.8848999738693237
5490.85986328125,0.8847000002861023
5491.10986328125,0.8845000267028809
5491.35009765625,0.8842999935150146
5491.58984375,0.8841000199317932
5491.83984375,0.883899986743927
5492.080078125,0.8837000131607056
5492.31982421875,0.883400022983551
5492.56982421875,0.8831999897956848
5492.81005859375,0.8830000162124634
5493.0498046875,0.8827999830245972
5493.2998046875,0.8826000094413757
5493.5400390625,0.8823999762535095
5493.7900390625,0.8822000026702881
5494.02978515625,0.8820000290870667
5494.27001953125,0.8817999958992004
5494.52001953125,0.881600022315979
5494.759765625,0.8813999891281128
5495.0,0.8812000155448914
5495.25,0.8809999823570251
5495.490234375,0.8808000087738037
5495.72998046875,0.8805999755859375
5495.97998046875,0.8804000020027161
5496.22021484375,0.8802000284194946
5496.4599609375,0.8799999952316284
5496.7099609375,0.879800021648407
5496.9501953125,0.8795999884605408
5497.2001953125,0.8794000148773193
5497.43994140625,0.8791999816894531
5497.68017578125,0.8788999915122986
5497.93017578125,0.8787000179290771
5498.169921875,0.8784999847412109
5498.419921875,0.8783000111579895
5498.66015625,0.8780999779701233
5498.89990234375,0.8779000043869019
5499.14990234375,0.8776999711990356
5499.39013671875,0.8774999976158142
5499.64013671875,0.8773000240325928
5499.8798828125,0.8770999908447266
5500.1201171875,0.8769000172615051
5500.3701171875,0.8766000270843506
5500.60986328125,0.8762999773025513
5500.85009765625,0.8759999871253967
5501.10009765625,0.8756999969482422
5501.33984375,0.8754000067710876
5501.580078125,0.8751999735832214
5501.830078125,0.8748999834060669
5502.06982421875,0.8745999932289124
5502.31982421875,0.8743000030517578
5502.56005859375,0.8740000128746033
5502.81005859375,0.8737000226974487
5503.0498046875,0.8734999895095825
5503.2900390625,0.873199999332428
5503.5400390625,0.8729000091552734
5503.77978515625,0.8726000189781189
5504.02978515625,0.8723000288009644
5504.27001953125,0.871999979019165
5504.52001953125,0.8718000054359436
5504.759765625,0.8715000152587891
5505.0,0.8712000250816345
5505.25,0.8708999752998352
5505.490234375,0.8705999851226807
5505.72998046875,0.8702999949455261
5505.97998046875,0.8701000213623047
5506.22021484375,0.8697999715805054
5506.4599609375,0.8694999814033508
5506.7099609375,0.8691999912261963
5506.9501953125,0.8689000010490417
5507.2001953125,0.8686000108718872
5507.43994140625,0.868399977684021
5507.68994140625,0.8680999875068665
5507.93017578125,0.8677999973297119
5508.18017578125,0.8675000071525574
5508.419921875,0.8672000169754028
5508.669921875,0.8669000267982483
5508.91015625,0.8666999936103821
5509.14990234375,0.8664000034332275
5509.39990234375,0.866100013256073
5509.64013671875,0.8658000230789185
5509.8798828125,0.8654999732971191
5510.1298828125,0.8651999831199646
5510.3701171875,0.8650000095367432
5510.6201171875,0.8647000193595886
5510.85986328125,0.8644000291824341
5511.10986328125,0.8640999794006348
5511.35009765625,0.8637999892234802
5511.58984375,0.8636000156402588
5511.83984375,0.8633000254631042
5512.080078125,0.8629999756813049
5512.330078125,0.8626999855041504
5512.56982421875,0.8623999953269958
5512.81982421875,0.8621000051498413
5513.06005859375,0.8618000149726868
5513.31005859375,0.8615999817848206
5513.5498046875,0.861299991607666
5513.7998046875,0.8610000014305115
5514.0400390625,0.8607000112533569
5514.27978515625,0.8604000210762024
5514.52978515625,0.8600999712944031
5514.77001953125,0.8598999977111816
5515.02001953125,0.8596000075340271
5515.259765625,0.8593000173568726
5515.509765625,0.859000027179718
5515.75,0.8586999773979187
5516.0,0.8583999872207642
5516.240234375,0.8582000136375427
5516.490234375,0.8579000234603882
5516.72998046875,0.8575999736785889
5516.97998046875,0.8572999835014343
5517.22021484375,0.8569999933242798
5517.4599609375,0.8567000031471252
5517.7099609375,0.8565000295639038
5517.9501953125,0.8561999797821045
5518.2001953125,0.85589998960495
5518.43994140625,0.8555999994277954
5518.68994140625,0.8553000092506409
5518.93017578125,0.8550000190734863
5519.18017578125,0.8547999858856201
5519.419921875,0.8544999957084656
5519.66015625,0.854200005531311
5519.91015625,0.8539000153541565
5520.16015625,0.853600025177002
5520.39990234375,0.8532999753952026
5520.64990234375,0.8531000018119812
5520.89013671875,0.8528000116348267
5521.14013671875,0.8525000214576721
5521.3798828125,0.8521999716758728
5521.6201171875,0.8518999814987183
5521.8701171875,0.8515999913215637
5522.1201171875,0.8513000011444092
5522.35986328125,0.8511000275611877
5522.60009765625,0.8507999777793884
5522.85009765625,0.8504999876022339
5523.08984375,0.8501999974250793
5523.33984375,0.8499000072479248
5523.580078125,0.8496000170707703
5523.830078125,0.849399983882904
5524.06982421875,0.8490999937057495
5524.31982421875,0.848800003528595
5524.56005859375,0.8485000133514404
5524.81005859375,0.8482000231742859
5525.0498046875,0.8478999733924866
5525.2998046875,0.8476999998092651
5525.5498046875,0.8474000096321106
5525.7900390625,0.847100019454956
5526.02978515625,0.8468000292778015
5526.27978515625,0.8464999794960022
5526.52001953125,0.8461999893188477
5526.77001953125,0.8460000157356262
5527.009765625,0.8457000255584717
5527.259765625,0.8453999757766724
5527.5,0.8450999855995178
5527.75,0.8447999954223633
5527.990234375,0.8445000052452087
5528.240234375,0.8442000150680542
5528.47998046875,0.843999981880188
5528.72998046875,0.8436999917030334
5528.97021484375,0.8434000015258789
5529.22021484375,0.8431000113487244
5529.47021484375,0.8428000211715698
5529.7099609375,0.8424999713897705
5529.9501953125,0.8422999978065491
5530.2001953125,0.8420000076293945
5530.4501953125,0.84170001745224
5530.68994140625,0.8414000272750854
5530.93994140625,0.8410999774932861
5531.18017578125,0.8407999873161316
5531.43017578125,0.840499997138977
5531.669921875,0.8403000235557556
5531.919921875,0.8399999737739563
5532.16015625,0.8396999835968018
5532.39990234375,0.8393999934196472
5532.64990234375,0.8391000032424927
5532.89990234375,0.8388000130653381
5533.14013671875,0.8385999798774719
5533.39013671875,0.8382999897003174
5533.64013671875,0.8379999995231628
5533.8798828125,0.8377000093460083
5534.1201171875,0.8374000191688538
5534.3701171875,0.8371000289916992
5534.6201171875,0.8367999792098999
5534.85986328125,0.8366000056266785
5535.10986328125,0.8363000154495239
5535.35009765625,0.8360000252723694
5535.60009765625,0.8356999754905701
5535.83984375,0.8353999853134155
5536.08984375,0.835099995136261
5536.330078125,0.8349000215530396
5536.580078125,0.8345999717712402
5536.81982421875,0.8342999815940857
5537.06982421875,0.8339999914169312
5537.31005859375,0.8337000012397766
5537.56005859375,0.8334000110626221
5537.81005859375,0.8331000208854675
5538.0498046875,0.8328999876976013
5538.2998046875,0.8325999975204468
5538.5400390625,0.8323000073432922
5538.7900390625,0.8320000171661377
5539.0400390625,0.8317000269889832
5539.27978515625,0.8313999772071838
5539.52978515625,0.8312000036239624
5539.77001953125,0.8309000134468079
5540.02001953125,0.8306000232696533
5540.259765625,0.830299973487854
5540.509765625,0.8299999833106995
5540.75,0.8296999931335449
5541.0,0.8294000029563904
5541.240234375,0.829200029373169
5541.490234375,0.8288999795913696
5541.72998046875,0.8285999894142151
5541.97998046875,0.8282999992370605
5542.22998046875,0.828000009059906
5542.47021484375,0.8277000188827515
5542.72021484375,0.8274000287055969
5542.97021484375,0.8271999955177307
5543.2099609375,0.8269000053405762
5543.4599609375,0.8266000151634216
5543.7001953125,0.8263000249862671
5543.9501953125,0.8259999752044678
5544.2001953125,0.8256999850273132
5544.43994140625,0.8255000114440918
5544.68994140625,0.8252000212669373
5544.93017578125,0.8248999714851379
5545.18017578125,0.8245999813079834
5545.419921875,0.8242999911308289
5545.669921875,0.8240000009536743
5545.91015625,0.8237000107765198
5546.16015625,0.8234999775886536
5546.41015625,0.823199987411499
5546.64990234375,0.8228999972343445
5546.89990234375,0.8226000070571899
5547.14990234375,0.8223000168800354
5547.39013671875,0.8220000267028809
5547.64013671875,0.8216999769210815
5547.8798828125,0.8215000033378601
5548.1298828125,0.8212000131607056
5548.3798828125,0.820900022983551
5548.6201171875,0.8205999732017517
5548.8701171875,0.8202999830245972
5549.10986328125,0.8199999928474426
5549.35986328125,0.8197000026702881
5549.60009765625,0.8195000290870667
5549.85009765625,0.8191999793052673
5550.08984375,0.8188999891281128
5550.33984375,0.8185999989509583
5550.58984375,0.8184000253677368
5550.830078125,0.8180999755859375
5551.080078125,0.817799985408783
5551.330078125,0.8176000118255615
5551.56982421875,0.817300021648407
5551.81982421875,0.8169999718666077
5552.06982421875,0.8167999982833862
5552.31005859375,0.8165000081062317
5552.56005859375,0.8162000179290771
5552.81005859375,0.8159999847412109
5553.0498046875,0.8156999945640564
5553.2998046875,0.8154000043869019
5553.5400390625,0.8151999711990356
5553.7900390625,0.8148999810218811
5554.0400390625,0.8145999908447266
5554.27978515625,0.8144000172615051
5554.52978515625,0.8141000270843506
5554.77001953125,0.8137999773025513
5555.02001953125,0.8136000037193298
5555.27001953125,0.8133000135421753
5555.509765625,0.8130000233650208
5555.759765625,0.8127999901771545
5556.009765625,0.8125
5556.25,0.8122000098228455
5556.5,0.8119999766349792
5556.75,0.8116999864578247
5556.990234375,0.8113999962806702
5557.240234375,0.8112000226974487
5557.47998046875,0.8108999729156494
5557.72998046875,0.8105999827384949
5557.97998046875,0.8104000091552734
5558.22021484375,0.8101000189781189
5558.47021484375,0.8098999857902527
5558.72021484375,0.8095999956130981
5558.9599609375,0.8093000054359436
5559.2099609375,0.8090999722480774
5559.4599609375,0.8087999820709229
5559.7001953125,0.8084999918937683
5559.9501953125,0.8083000183105469
5560.18994140625,0.8080000281333923
5560.43994140625,0.807699978351593
5560.68994140625,0.8075000047683716
5560.93017578125,0.807200014591217
5561.18017578125,0.8069000244140625
5561.43017578125,0.8066999912261963
5561.68017578125,0.8064000010490417
5561.919921875,0.8061000108718872
5562.169921875,0.805899977684021
5562.41015625,0.8055999875068665
5562.66015625,0.8052999973297119
5562.91015625,0.8051000237464905
5563.14990234375,0.8047999739646912
5563.39990234375,0.8044999837875366
5563.64990234375,0.8043000102043152
5563.89013671875,0.8040000200271606
5564.14013671875,0.8036999702453613
5564.39013671875,0.8034999966621399
5564.6298828125,0.8032000064849854
5564.8798828125,0.8029000163078308
5565.1298828125,0.8026999831199646
5565.3701171875,0.8023999929428101
5565.6201171875,0.8021000027656555
5565.8701171875,0.8019000291824341
5566.1201171875,0.8015999794006348
5566.35986328125,0.8012999892234802
5566.60986328125,0.8011000156402588
5566.85986328125,0.8008000254631042
5567.10009765625,0.8004999756813049
5567.35009765625,0.8003000020980835
5567.60009765625,0.800000011920929
5567.83984375,0.7997000217437744
5568.08984375,0.7994999885559082
5568.33984375,0.7991999983787537
5568.580078125,0.7989000082015991
5568.830078125,0.7986999750137329
5569.080078125,0.7983999848365784
5569.31982421875,0.7980999946594238
5569.56982421875,0.7979000210762024
5569.81982421875,0.7975999712944031
5570.06982421875,0.7972999811172485
5570.31005859375,0.7971000075340271
5570.56005859375,0.7968000173568726
5570.81005859375,0.796500027179718
5571.0498046875,0.7962999939918518
5571.2998046875,0.7960000038146973
5571.5498046875,0.7957000136375427
5571.7900390625,0.7954999804496765
5572.0400390625,0.795199990272522
5572.2900390625,0.7949000000953674
5572.52978515625,0.794700026512146
5572.77978515625,0.7943999767303467
5573.02978515625,0.7940999865531921
5573.27978515625,0.7939000129699707
5573.52001953125,0.7936000227928162
5573.77001953125,0.7932999730110168
5574.02001953125,0.7930999994277954
5574.27001953125,0.7928000092506409
5574.509765625,0.7925000190734863
5574.759765625,0.7922999858856201
5575.009765625,0.7919999957084656
5575.25,0.791700005531311
5575.5,0.7914999723434448
5575.75,0.7911999821662903
5576.0,0.7908999919891357
5576.240234375,0.7907000184059143
5576.490234375,0.7904000282287598
5576.740234375,0.7900999784469604
5576.97998046875,0.789900004863739
5577.22998046875,0.7896000146865845
5577.47998046875,0.7893000245094299
5577.72998046875,0.7890999913215637
5577.97021484375,0.7888000011444092
5578.22021484375,0.7885000109672546
5578.47021484375,0.7882999777793884
5578.7099609375,0.7879999876022339
5578.97021484375,0.7876999974250793
5579.2099609375,0.7875000238418579
5579.4599609375,0.7871999740600586
5579.7099609375,0.786899983882904
5579.9501953125,0.7865999937057495
5580.2001953125,0.7864000201225281
5580.4501953125,0.7860999703407288
5580.7001953125,0.7857999801635742
5580.93994140625,0.7856000065803528
5581.18994140625,0.7853000164031982
5581.43994140625,0.7850000262260437
5581.68017578125,0.7847999930381775
5581.93017578125,0.784500002861023
5582.18017578125,0.7842000126838684
5582.43017578125,0.7839999794960022
5582.68017578125,0.7836999893188477
5582.919921875,0.7833999991416931
5583.169921875,0.7832000255584717
5583.419921875,0.7828999757766724
5583.669921875,0.7825999855995178
5583.91015625,0.7824000120162964
5584.16015625,0.7821000218391418
5584.41015625,0.7817999720573425
5584.66015625,0.7815999984741211
5584.89990234375,0.7813000082969666
5585.14990234375,0.781000018119812
5585.39990234375,0.7807999849319458
5585.64990234375,0.7804999947547913
5585.89013671875,0.7802000045776367
5586.14013671875,0.7799999713897705
5586.39013671875,0.779699981212616
5586.64013671875,0.7793999910354614
5586.89013671875,0.77920001745224
5587.1298828125,0.7789000272750854
5587.3798828125,0.7785999774932861
5587.6298828125,0.7784000039100647
5587.8798828125,0.7781000137329102
5588.1201171875,0.7778000235557556
5588.3701171875,0.7775999903678894
5588.6201171875,0.7773000001907349
5588.8701171875,0.7770000100135803
5589.1201171875,0.7767999768257141
5589.35986328125,0.7764999866485596
5589.60986328125,0.776199996471405
5589.85986328125,0.7760000228881836
5590.10009765625,0.7756999731063843
5590.35009765625,0.7753999829292297
5590.60009765625,0.7752000093460083
5590.85009765625,0.7749000191688538
5591.08984375,0.7746000289916992
5591.33984375,0.7742999792098999
5591.58984375,0.7741000056266785
5591.83984375,0.7738000154495239
5592.08984375,0.7735000252723694
5592.33984375,0.7732999920845032
5592.58984375,0.7730000019073486
5592.830078125,0.7727000117301941
5593.080078125,0.7724999785423279
5593.330078125,0.7721999883651733
5593.580078125,0.7718999981880188
5593.81982421875,0.7717000246047974
5594.06982421875,0.771399974822998
5594.31982421875,0.7710999846458435
5594.56982421875,0.7709000110626221
5594.81005859375,0.7706000208854675
5595.06005859375,0.7702999711036682
5595.31005859375,0.7700999975204468
5595.56005859375,0.7698000073432922
5595.81005859375,0.7695000171661377
5596.06005859375,0.7692999839782715
5596.31005859375,0.7689999938011169
5596.5498046875,0.7687000036239624
5596.7998046875,0.7684999704360962
5597.0498046875,0.7681999802589417
5597.2998046875,0.7678999900817871
5597.5498046875,0.7675999999046326
5597.7998046875,0.7674000263214111
5598.0400390625,0.7670999765396118
5598.2900390625,0.7667999863624573
5598.5400390625,0.7666000127792358
5598.7900390625,0.7663000226020813
5599.02978515625,0.765999972820282
5599.27978515625,0.7657999992370605
5599.52978515625,0.765500009059906
5599.77978515625,0.7652000188827515
5600.02978515625,0.7649999856948853
5600.27978515625,0.7646999955177307
5600.52978515625,0.7644000053405762
5600.77001953125,0.76419997215271
5601.02001953125,0.7638999819755554
5601.27001953125,0.7635999917984009
5601.52001953125,0.7634000182151794
5601.77001953125,0.7631000280380249
5602.02001953125,0.7627999782562256
5602.259765625,0.7626000046730042
5602.509765625,0.7623000144958496
5602.759765625,0.7620000243186951
5603.009765625,0.7617999911308289
5603.259765625,0.7615000009536743
5603.509765625,0.7612000107765198
5603.75,0.7609000205993652
5604.0,0.760699987411499
5604.25,0.7603999972343445
5604.5,0.7601000070571899
5604.75,0.7598999738693237
5604.990234375,0.7595999836921692
5605.240234375,0.7592999935150146
5605.490234375,0.7591000199317932
5605.740234375,0.7588000297546387
5605.990234375,0.7584999799728394
5606.240234375,0.7583000063896179
5606.490234375,0.7580000162124634
5606.740234375,0.7577000260353088
5606.990234375,0.7574999928474426
5607.22998046875,0.7572000026702881
5607.47998046875,0.7569000124931335
5607.72998046875,0.7566999793052673
5607.97998046875,0.7563999891281128
5608.22998046875,0.7560999989509583
5608.47021484375,0.7558000087738037
5608.72998046875,0.7555999755859375
5608.97021484375,0.755299985408783
5609.22021484375,0.7549999952316284
5609.47021484375,0.754800021648407
5609.72021484375,0.7544999718666077
5609.97021484375,0.7541999816894531
5610.22021484375,0.7540000081062317
5610.47021484375,0.7537000179290771
5610.7099609375,0.7534000277519226
5610.9599609375,0.7531999945640564
5611.2099609375,0.7529000043869019
5611.4599609375,0.7526000142097473
5611.7099609375,0.7523999810218811
5611.9599609375,0.7520999908447266
5612.2099609375,0.751800000667572
5612.4599609375,0.7515000104904175
5612.7001953125,0.7512999773025513
5612.9501953125,0.7509999871253967
5613.2001953125,0.7506999969482422
5613.4501953125,0.7505000233650208
5613.7001953125,0.7501999735832214
5613.9501953125,0.7498999834060669
5614.2001953125,0.7497000098228455
5614.4501953125,0.7494000196456909
5614.7001953125,0.7491000294685364
5614.9501953125,0.7488999962806702
5615.2001953125,0.7486000061035156
5615.43994140625,0.7483000159263611
5615.68994140625,0.7480000257492065
5615.93994140625,0.7477999925613403
5616.18994140625,0.7475000023841858
5616.43994140625,0.7472000122070312
5616.68994140625,0.746999979019165
5616.93994140625,0.7466999888420105
5617.18994140625,0.746399998664856
5617.43017578125,0.7462000250816345
5617.68017578125,0.7458999752998352
5617.93017578125,0.7455999851226807
5618.18017578125,0.7454000115394592
5618.43017578125,0.7451000213623047
5618.68017578125,0.7447999715805054
5618.93017578125,0.7445999979972839
5619.18017578125,0.7443000078201294
5619.43017578125,0.7440000176429749
5619.68017578125,0.7437000274658203
5619.93017578125,0.7434999942779541
5620.18017578125,0.7432000041007996
5620.43017578125,0.742900013923645
5620.68017578125,0.7426999807357788
5620.919921875,0.7423999905586243
5621.169921875,0.7421000003814697
5621.419921875,0.7419000267982483
5621.669921875,0.741599977016449
5621.919921875,0.7412999868392944
5622.169921875,0.741100013256073
5622.419921875,0.7408000230789185
5622.669921875,0.7404999732971191
5622.919921875,0.7402999997138977
5623.169921875,0.7400000095367432
5623.419921875,0.7397000193595886
5623.669921875,0.7394000291824341
5623.919921875,0.7391999959945679
5624.169921875,0.7389000058174133
5624.41015625,0.7386000156402588
5624.66015625,0.7383999824523926
5624.91015625,0.738099992275238
5625.16015625,0.7378000020980835
5625.41015625,0.7376000285148621
5625.66015625,0.7372999787330627
5625.91015625,0.7369999885559082
5626.16015625,0.7366999983787537
5626.41015625,0.7365000247955322
5626.66015625,0.7361999750137329
5626.91015625,0.7358999848365784
5627.16015625,0.7357000112533569
5627.41015625,0.7354000210762024
5627.66015625,0.7350999712944031
5627.91015625,0.7348999977111816
5628.16015625,0.7346000075340271
5628.41015625,0.7343000173568726
5628.64990234375,0.7340999841690063
5628.89990234375,0.7337999939918518
5629.16015625,0.7335000038146973
5629.39990234375,0.7332000136375427
5629.64990234375,0.7329999804496765
5629.89990234375,0.732699990272522
5630.14990234375,0.7324000000953674
5630.39990234375,0.732200026512146
5630.64990234375,0.7318999767303467
5630.89990234375,0.7315999865531921
5631.14990234375,0.7314000129699707
5631.39990234375,0.7311000227928162
5631.64990234375,0.7307999730110168
5631.89990234375,0.7304999828338623
5632.14990234375,0.7303000092506409
5632.39990234375,0.7300000190734863
5632.64990234375,0.7297000288963318
5632.89990234375,0.7294999957084656
5633.14990234375,0.729200005531311
5633.39990234375,0.7289000153541565
5633.64990234375,0.7286999821662903
5633.89990234375,0.7283999919891357
5634.14990234375,0.7281000018119812
5634.39990234375,0.7278000116348267
5634.64990234375,0.7275999784469604
5634.89990234375,0.7272999882698059
5635.14990234375,0.7269999980926514
5635.39990234375,0.7268000245094299
5635.64990234375,0.7264999747276306
5635.89990234375,0.7261999845504761
5636.14990234375,0.7260000109672546
5636.39990234375,0.7257000207901001
5636.64990234375,0.7253999710083008
5636.89990234375,0.7251999974250793
5637.14990234375,0.7249000072479248
5637.39990234375,0.7246000170707703
5637.64990234375,0.7243000268936157
5637.89990234375,0.7240999937057495
5638.14990234375,0.723800003528595
5638.39990234375,0.7235000133514404
5638.64990234375,0.7232999801635742
5638.89990234375,0.7229999899864197
5639.14990234375,0.7226999998092651
5639.39990234375,0.7225000262260437
5639.64013671875,0.7221999764442444
5639.89990234375,0.7218999862670898
5640.14990234375,0.7215999960899353
5640.39990234375,0.7214000225067139
5640.64013671875,0.7210999727249146
5640.89990234375,0.72079998254776
5641.14990234375,0.7206000089645386
5641.39990234375,0.720300018787384
5641.64990234375,0.7200000286102295
5641.89990234375,0.7197999954223633
5642.14990234375,0.7195000052452087
5642.39990234375,0.7192000150680542
5642.64990234375,0.7189000248908997
5642.89990234375,0.7186999917030334
5643.14990234375,0.7184000015258789
5643.39990234375,0.7181000113487244
5643.64990234375,0.7178999781608582
5643.89990234375,0.7175999879837036
5644.14990234375,0.7172999978065491
5644.39990234375,0.7170000076293945
5644.64990234375,0.7167999744415283
5644.89990234375,0.7164999842643738
5645.14990234375,0.7161999940872192
5645.39990234375,0.7160000205039978
5645.64990234375,0.7156999707221985
5645.89990234375,0.715399980545044
5646.14990234375,0.7152000069618225
5646.39990234375,0.714900016784668
5646.64990234375,0.7146000266075134
5646.91015625,0.7142999768257141
5647.14990234375,0.7141000032424927
5647.39990234375,0.7138000130653381
5647.64990234375,0.7135000228881836
5647.89990234375,0.7132999897003174
5648.16015625,0.7129999995231628
5648.39990234375,0.7127000093460083
5648.64990234375,0.7124999761581421
5648.91015625,0.7121999859809875
5649.14990234375,0.711899995803833
5649.41015625,0.7116000056266785
5649.66015625,0.7113999724388123
5649.91015625,0.7110999822616577
5650.16015625,0.7107999920845032
5650.41015625,0.7106000185012817
5650.66015625,0.7103000283241272
5650.91015625,0.7099999785423279
5651.16015625,0.7096999883651733
5651.41015625,0.7095000147819519
5651.66015625,0.7092000246047974
5651.91015625,0.708899974822998
5652.16015625,0.7087000012397766
5652.41015625,0.7084000110626221
5652.66015625,0.7081000208854675
5652.91015625,0.7078999876976013
5653.169921875,0.7075999975204468
5653.41015625,0.7073000073432922
5653.669921875,0.7070000171661377
5653.919921875,0.7067999839782715
5654.169921875,0.7064999938011169
5654.419921875,0.7062000036239624
5654.669921875,0.7059999704360962
5654.919921875,0.7056999802589417
5655.169921875,0.7053999900817871
5655.419921875,0.7050999999046326
5655.669921875,0.7049000263214111
5655.919921875,0.7045999765396118
5656.169921875,0.7042999863624573
5656.43017578125,0.7041000127792358
5656.68017578125,0.7038000226020813
5656.919921875,0.703499972820282
5657.18017578125,0.7031999826431274
5657.43017578125,0.703000009059906
5657.68017578125,0.7027000188827515
5657.93017578125,0.7024000287055969
5658.18017578125,0.7021999955177307
5658.43017578125,0.7019000053405762
5658.68017578125,0.7016000151634216
5658.93017578125,0.7013999819755554
5659.18017578125,0.7010999917984009
5659.43017578125,0.7008000016212463
5659.68994140625,0.7005000114440918
5659.93994140625,0.7002999782562256
5660.18994140625,0.699999988079071
5660.43994140625,0.6996999979019165
5660.68994140625,0.6995000243186951
5660.93994140625,0.6991999745368958
5661.18994140625,0.6988999843597412
5661.43994140625,0.6985999941825867
5661.68994140625,0.6984000205993652
5661.9501953125,0.6980999708175659
5662.18994140625,0.6977999806404114
5662.4501953125,0.6976000070571899
5662.7001953125,0.6973000168800354
5662.9501953125,0.6970000267028809
5663.2001953125,0.6966999769210815
5663.4501953125,0.6965000033378601
5663.7001953125,0.6962000131607056
5663.9501953125,0.695900022983551
5664.2099609375,0.6956999897956848
5664.4501953125,0.6953999996185303
5664.7099609375,0.6951000094413757
5664.9599609375,0.6948000192642212
5665.2099609375,0.694599986076355
5665.4599609375,0.6942999958992004
5665.7099609375,0.6940000057220459
5665.9599609375,0.6937999725341797
5666.2099609375,0.6934999823570251
5666.4599609375,0.6931999921798706
5666.72021484375,0.6929000020027161
5666.97021484375,0.6927000284194946
5667.22021484375,0.6923999786376953
5667.47021484375,0.6920999884605408
5667.72021484375,0.6919000148773193
5667.97021484375,0.6916000247001648
5668.22021484375,0.6912999749183655
5668.47998046875,0.6909999847412109
5668.72998046875,0.6908000111579895
5668.97998046875,0.690500020980835
5669.22998046875,0.6901999711990356
5669.47998046875,0.6899999976158142
5669.72998046875,0.6897000074386597
5669.97998046875,0.6894000172615051
5670.240234375,0.6891000270843506
5670.490234375,0.6888999938964844
5670.740234375,0.6886000037193298
5670.990234375,0.6883000135421753
5671.240234375,0.6880999803543091
5671.490234375,0.6877999901771545
5671.740234375,0.6875
5671.990234375,0.6872000098228455
5672.25,0.6869999766349792
5672.5,0.6866999864578247
5672.75,0.6863999962806702
5673.0,0.6862000226974487
5673.25,0.6858999729156494
5673.5,0.6855999827384949
5673.759765625,0.6852999925613403
5674.009765625,0.6851000189781189
5674.259765625,0.6848000288009644
5674.509765625,0.684499979019165
5674.759765625,0.6843000054359436
5675.009765625,0.6840000152587891
5675.259765625,0.6837000250816345
5675.52001953125,0.6833999752998352
5675.77001953125,0.6832000017166138
5676.02001953125,0.6829000115394592
5676.27001953125,0.6826000213623047
5676.52001953125,0.6823999881744385
5676.77001953125,0.6820999979972839
5677.02978515625,0.6818000078201294
5677.27978515625,0.6815000176429749
5677.52978515625,0.6812999844551086
5677.77978515625,0.6809999942779541
5678.0400390625,0.6807000041007996
5678.2900390625,0.680400013923645
5678.5400390625,0.6801999807357788
5678.7900390625,0.6798999905586243
5679.0400390625,0.6796000003814697
5679.2900390625,0.6794000267982483
5679.5400390625,0.679099977016449
5679.7998046875,0.6787999868392944
5680.0498046875,0.6784999966621399
5680.2998046875,0.6783000230789185
5680.5498046875,0.6779999732971191
5680.7998046875,0.6776999831199646
5681.0498046875,0.6775000095367432
5681.31005859375,0.6772000193595886
5681.56005859375,0.6769000291824341
5681.81005859375,0.6765999794006348
5682.06005859375,0.6764000058174133
5682.31982421875,0.6761000156402588
5682.56982421875,0.6758000254631042
5682.81982421875,0.675599992275238
5683.06982421875,0.6753000020980835
5683.31982421875,0.675000011920929
5683.580078125,0.6747000217437744
5683.830078125,0.6744999885559082
5684.080078125,0.6741999983787537
5684.330078125,0.6739000082015991
5684.580078125,0.6736999750137329
5684.830078125,0.6733999848365784
5685.08984375,0.6730999946594238
5685.33984375,0.6728000044822693
5685.58984375,0.6725999712944031
5685.83984375,0.6722999811172485
5686.10009765625,0.671999990940094
5686.35009765625,0.6717000007629395
5686.60009765625,0.671500027179718
5686.85009765625,0.6711999773979187
5687.10009765625,0.6708999872207642
5687.35986328125,0.6707000136375427
5687.60986328125,0.6704000234603882
5687.85986328125,0.6700999736785889
5688.1201171875,0.6697999835014343
5688.3701171875,0.6696000099182129
5688.6201171875,0.6693000197410583
5688.8701171875,0.6690000295639038
5689.1201171875,0.6686999797821045
5689.3701171875,0.6685000061988831
5689.6201171875,0.6682000160217285
5689.8798828125,0.667900025844574
5690.1298828125,0.6676999926567078
5690.3798828125,0.6674000024795532
5690.6298828125,0.6671000123023987
5690.89013671875,0.6668000221252441
5691.14013671875,0.6665999889373779
5691.39013671875,0.6662999987602234
5691.64990234375,0.6660000085830688
5691.89990234375,0.6657999753952026
5692.14990234375,0.6654999852180481
5692.39990234375,0.6651999950408936
5692.66015625,0.664900004863739
5692.91015625,0.6646999716758728
5693.16015625,0.6643999814987183
5693.41015625,0.6640999913215637
5693.66015625,0.6638000011444092
5693.919921875,0.6636000275611877
5694.169921875,0.6632999777793884
5694.419921875,0.6629999876022339
5694.669921875,0.6628000140190125
5694.919921875,0.6625000238418579
5695.18017578125,0.6621999740600586
5695.43017578125,0.661899983882904
5695.68017578125,0.6617000102996826
5695.93994140625,0.6614000201225281
5696.18994140625,0.6610999703407288
5696.43994140625,0.6607999801635742
5696.68994140625,0.6606000065803528
5696.9501953125,0.6603000164031982
5697.2001953125,0.6600000262260437
5697.4501953125,0.6597999930381775
5697.7001953125,0.659500002861023
5697.9599609375,0.6592000126838684
5698.2099609375,0.6589000225067139
5698.4599609375,0.6586999893188477
5698.7099609375,0.6583999991416931
5698.97021484375,0.6581000089645386
5699.22021484375,0.657800018787384
5699.47021484375,0.6575999855995178
5699.72998046875,0.6572999954223633
5699.97998046875,0.6570000052452087
5700.22998046875,0.6567000150680542
5700.490234375,0.656499981880188
5700.740234375,0.6561999917030334
5700.990234375,0.6559000015258789
5701.25,0.6556000113487244
5701.5,0.6553999781608582
5701.75,0.6550999879837036
5702.0,0.6547999978065491
5702.25,0.6545000076293945
5702.509765625,0.65420001745224
5702.759765625,0.6539999842643738
5703.009765625,0.6536999940872192
5703.259765625,0.6534000039100647
5703.52001953125,0.6531000137329102
5703.77001953125,0.652899980545044
5704.02001953125,0.6525999903678894
5704.27978515625,0.6523000001907349
5704.52978515625,0.6520000100135803
5704.77978515625,0.6517000198364258
5705.02978515625,0.6514999866485596
5705.2900390625,0.651199996471405
5705.5400390625,0.6509000062942505
5705.7998046875,0.650600016117096
5706.0498046875,0.6503000259399414
5706.2998046875,0.6500999927520752
5706.56005859375,0.6498000025749207
5706.81005859375,0.6495000123977661
5707.06005859375,0.6492000222206116
5707.31005859375,0.6489999890327454
5707.56982421875,0.6486999988555908
5707.81982421875,0.6484000086784363
5708.06982421875,0.6481000185012817
5708.31982421875,0.6478000283241272
5708.580078125,0.647599995136261
5708.830078125,0.6473000049591064
5709.080078125,0.6470000147819519
5709.33984375,0.6467000246047974
5709.58984375,0.6464999914169312
5709.83984375,0.6462000012397766
5710.10009765625,0.6459000110626221
5710.35009765625,0.6456000208854675
5710.60986328125,0.6452999711036682
5710.85986328125,0.6450999975204468
5711.10986328125,0.6448000073432922
5711.35986328125,0.6445000171661377
5711.6201171875,0.6442000269889832
5711.8701171875,0.6438999772071838
5712.1201171875,0.6437000036239624
5712.3701171875,0.6434000134468079
5712.6298828125,0.6431000232696533
5712.8798828125,0.642799973487854
5713.14013671875,0.6425999999046326
5713.39013671875,0.642300009727478
5713.64013671875,0.6420000195503235
5713.89990234375,0.641700029373169
5714.14990234375,0.6413999795913696
5714.39990234375,0.6412000060081482
5714.64990234375,0.6409000158309937
5714.91015625,0.6406000256538391
5715.169921875,0.6402999758720398
5715.419921875,0.6399999856948853
5715.669921875,0.6398000121116638
5715.919921875,0.6395000219345093
5716.18017578125,0.63919997215271
5716.43017578125,0.6388999819755554
5716.68017578125,0.6385999917984009
5716.93994140625,0.6384000182151794
5717.18994140625,0.6381000280380249
5717.43994140625,0.6377999782562256
5717.68994140625,0.637499988079071
5717.9501953125,0.6373000144958496
5718.2001953125,0.6370000243186951
5718.4599609375,0.6366999745368958
5718.7099609375,0.6363999843597412
5718.9599609375,0.6360999941825867
5719.22021484375,0.6359000205993652
5719.47998046875,0.6355999708175659
5719.72998046875,0.6352999806404114
5719.97998046875,0.6349999904632568
5720.22998046875,0.6347000002861023
5720.490234375,0.6345000267028809
5720.740234375,0.6341999769210815
5721.0,0.633899986743927
5721.25,0.6335999965667725
5721.5,0.6333000063896179
5721.75,0.6330999732017517
5722.009765625,0.6327999830245972
5722.259765625,0.6324999928474426
5722.52001953125,0.6322000026702881
5722.77001953125,0.6320000290870667
5723.02001953125,0.6316999793052673
5723.27978515625,0.6313999891281128
5723.52978515625,0.6310999989509583
5723.77978515625,0.6308000087738037
5724.0400390625,0.6305999755859375
5724.2900390625,0.630299985408783
5724.5498046875,0.6299999952316284
5724.7998046875,0.6297000050544739
5725.0498046875,0.6294000148773193
5725.31005859375,0.6291999816894531
5725.56005859375,0.6288999915122986
5725.81005859375,0.628600001335144
5726.06982421875,0.6283000111579895
5726.31982421875,0.628000020980835
5726.580078125,0.6277999877929688
5726.830078125,0.6274999976158142
5727.080078125,0.6272000074386597
5727.33984375,0.6269000172615051
5727.58984375,0.6266000270843506
5727.85009765625,0.6263999938964844
5728.10009765625,0.6261000037193298
5728.35009765625,0.6258000135421753
5728.60986328125,0.6255000233650208
5728.85986328125,0.6251999735832214
5729.1201171875,0.625
5729.3701171875,0.6247000098228455
5729.6298828125,0.6244000196456909
5729.8798828125,0.6241000294685364
5730.1298828125,0.6238999962806702
5730.39013671875,0.6236000061035156
5730.64013671875,0.6233000159263611
5730.89013671875,0.6230000257492065
5731.14990234375,0.6226999759674072
5731.39990234375,0.6225000023841858
5731.64990234375,0.6222000122070312
5731.91015625,0.6219000220298767
5732.16015625,0.6215999722480774
5732.419921875,0.6212999820709229
5732.669921875,0.6211000084877014
5732.93017578125,0.6208000183105469
5733.18017578125,0.6205000281333923
5733.43994140625,0.620199978351593
5733.68994140625,0.6198999881744385
5733.9501953125,0.619700014591217
5734.2001953125,0.6194000244140625
5734.4501953125,0.6190999746322632
5734.7099609375,0.6187999844551086
5734.9599609375,0.6184999942779541
5735.2099609375,0.6183000206947327
5735.47021484375,0.6179999709129333
5735.72998046875,0.6176999807357788
5735.97998046875,0.6173999905586243
5736.22998046875,0.6171000003814697
5736.490234375,0.6169000267982483
5736.740234375,0.616599977016449
5737.0,0.6162999868392944
5737.25,0.6159999966621399
5737.5,0.6157000064849854
5737.759765625,0.6154999732971191
5738.009765625,0.6151999831199646
5738.27001953125,0.6148999929428101
5738.52001953125,0.6146000027656555
5738.77978515625,0.614300012588501
5739.02978515625,0.6140999794006348
5739.2900390625,0.6137999892234802
5739.5400390625,0.6134999990463257
5739.7900390625,0.6132000088691711
5740.0498046875,0.6129000186920166
5740.2998046875,0.6126999855041504
5740.56005859375,0.6123999953269958
5740.81005859375,0.6121000051498413
5741.06982421875,0.6118000149726868
5741.31982421875,0.6115000247955322
5741.580078125,0.611299991607666
5741.830078125,0.6110000014305115
5742.08984375,0.6107000112533569
5742.33984375,0.6104000210762024
5742.60009765625,0.6100999712944031
5742.85009765625,0.6098999977111816
5743.10986328125,0.6096000075340271
5743.35986328125,0.6093000173568726
5743.60986328125,0.609000027179718
5743.8701171875,0.6086999773979187
5744.1201171875,0.6085000038146973
5744.3798828125,0.6082000136375427
5744.6298828125,0.6079000234603882
5744.89013671875,0.6075999736785889
5745.14013671875,0.6072999835014343
5745.39990234375,0.6071000099182129
5745.64990234375,0.6068000197410583
5745.89990234375,0.6065000295639038
5746.16015625,0.6061999797821045
5746.419921875,0.60589998960495
5746.669921875,0.6057000160217285
5746.93017578125,0.605400025844574
5747.18017578125,0.6050999760627747
5747.43994140625,0.6047999858856201
5747.68994140625,0.6044999957084656
5747.9501953125,0.6043000221252441
5748.2001953125,0.6039999723434448
5748.4501953125,0.6036999821662903
5748.7099609375,0.6033999919891357
5748.97021484375,0.6031000018119812
5749.22021484375,0.6029000282287598
5749.47021484375,0.6025999784469604
5749.72998046875,0.6022999882698059
5749.97998046875,0.6019999980926514
5750.240234375,0.6017000079154968
5750.490234375,0.6014000177383423
5750.75,0.6011000275611877
5751.0,0.6008999943733215
5751.259765625,0.600600004196167
5751.52001953125,0.6003000140190125
5751.77001953125,0.6000000238418579
5752.02001953125,0.5996999740600586
5752.27978515625,0.599399983882904
5752.5400390625,0.5990999937057495
5752.7900390625,0.598800003528595
5753.0400390625,0.5985000133514404
5753.2998046875,0.5982000231742859
5753.5498046875,0.5979999899864197
5753.81005859375,0.5976999998092651
5754.06005859375,0.5974000096321106
5754.31982421875,0.597100019454956
5754.56982421875,0.5968000292778015
5754.830078125,0.5964999794960022
5755.080078125,0.5961999893188477
5755.33984375,0.5958999991416931
5755.58984375,0.5956000089645386
5755.85009765625,0.595300018787384
5756.10986328125,0.5950000286102295
5756.35986328125,0.5946999788284302
5756.6201171875,0.5945000052452087
5756.8701171875,0.5942000150680542
5757.1298828125,0.5939000248908997
5757.3798828125,0.5935999751091003
5757.64013671875,0.5932999849319458
5757.89013671875,0.5929999947547913
5758.14990234375,0.5927000045776367
5758.39990234375,0.5924000144004822
5758.66015625,0.5921000242233276
5758.91015625,0.5917999744415283
5759.169921875,0.5914999842643738
5759.419921875,0.5913000106811523
5759.68017578125,0.5910000205039978
5759.93017578125,0.5906999707221985
5760.18994140625,0.590399980545044
5760.4501953125,0.5900999903678894
5760.7001953125,0.5898000001907349
5760.9599609375,0.5895000100135803
5761.2099609375,0.5892000198364258
5761.47021484375,0.5889000296592712
5761.72021484375,0.5885999798774719
5761.97998046875,0.5882999897003174
5762.22998046875,0.588100016117096
5762.490234375,0.5878000259399414
5762.75,0.5874999761581421
5763.0,0.5871999859809875
5763.25,0.586899995803833
5763.509765625,0.5866000056266785
5763.77001953125,0.5863000154495239
5764.02001953125,0.5860000252723694
5764.27978515625,0.5856999754905701
5764.52978515625,0.5853999853134155
5764.7900390625,0.585099995136261
5765.0498046875,0.5848000049591064
5765.2998046875,0.5845999717712402
5765.56005859375,0.5842999815940857
5765.81005859375,0.5839999914169312
5766.06982421875,0.5837000012397766
5766.31982421875,0.5834000110626221
5766.580078125,0.5831000208854675
5766.830078125,0.5827999711036682
5767.08984375,0.5824999809265137
5767.35009765625,0.5821999907493591
5767.60009765625,0.5819000005722046
5767.85986328125,0.58160001039505
5768.10986328125,0.5813999772071838
5768.3701171875,0.5810999870300293
5768.6201171875,0.5807999968528748
5768.8798828125,0.5805000066757202
5769.14013671875,0.5802000164985657
5769.39013671875,0.5799000263214111
5769.64990234375,0.5795999765396118
5769.91015625,0.5792999863624573
5770.16015625,0.5789999961853027
5770.419921875,0.5787000060081482
5770.669921875,0.5784000158309937
5770.93017578125,0.5781000256538391
5771.18017578125,0.5778999924659729
5771.43994140625,0.5776000022888184
5771.7001953125,0.5773000121116638
5771.9501953125,0.5770000219345093
5772.2099609375,0.57669997215271
5772.4599609375,0.5763999819755554
5772.72021484375,0.5760999917984009
5772.97021484375,0.5758000016212463
5773.22998046875,0.5755000114440918
5773.490234375,0.5752000212669373
5773.740234375,0.5748999714851379
5774.0,0.5745999813079834
5774.25,0.574400007724762
5774.509765625,0.5741000175476074
5774.77001953125,0.5738000273704529
5775.02001953125,0.5734999775886536
5775.27978515625,0.573199987411499
5775.5400390625,0.5728999972343445
5775.7900390625,0.5726000070571899
5776.0498046875,0.5723000168800354
5776.2998046875,0.5720000267028809
5776.56005859375,0.5716999769210815
5776.81005859375,0.571399986743927
5777.06982421875,0.5710999965667725
5777.330078125,0.5708000063896179
5777.580078125,0.5705999732017517
5777.83984375,0.5702999830245972
5778.10009765625,0.5699999928474426
5778.35009765625,0.5697000026702881
5778.60986328125,0.5694000124931335
5778.85986328125,0.569100022315979
5779.1201171875,0.5687999725341797
5779.3798828125,0.5684999823570251
5779.64013671875,0.5681999921798706
5779.89013671875,0.5679000020027161
5780.14990234375,0.5676000118255615
5780.39990234375,0.567300021648407
5780.66015625,0.5670999884605408
5780.91015625,0.5667999982833862
5781.169921875,0.5665000081062317
5781.43017578125,0.5662000179290771
5781.68017578125,0.5659000277519226
5781.93994140625,0.5655999779701233
5782.2001953125,0.5652999877929688
5782.4501953125,0.5649999976158142
5782.7099609375,0.5647000074386597
5782.9599609375,0.5644000172615051
5783.22021484375,0.5641000270843506
5783.47998046875,0.5637999773025513
5783.740234375,0.5634999871253967
5783.990234375,0.5631999969482422
5784.25,0.5630000233650208
5784.5,0.5626999735832214
5784.759765625,0.5623999834060669
5785.02001953125,0.5620999932289124
5785.27001953125,0.5618000030517578
5785.52978515625,0.5615000128746033
5785.7900390625,0.5612000226974487
5786.0400390625,0.5608999729156494
5786.2998046875,0.5605999827384949
5786.56005859375,0.5602999925613403
5786.81005859375,0.5600000023841858
5787.06982421875,0.5597000122070312
5787.330078125,0.5594000220298767
5787.580078125,0.5591999888420105
5787.83984375,0.558899998664856
5788.10009765625,0.5586000084877014
5788.35009765625,0.5583000183105469
5788.60986328125,0.5580000281333923
5788.8701171875,0.557699978351593
5789.1201171875,0.5573999881744385
5789.3798828125,0.5570999979972839
5789.64013671875,0.5568000078201294
5789.89013671875,0.5565000176429749
5790.14990234375,0.5562000274658203
5790.39990234375,0.555899977684021
5790.66015625,0.5555999875068665
5790.919921875,0.555400013923645
5791.169921875,0.5551000237464905
5791.43017578125,0.5547999739646912
5791.68994140625,0.5544999837875366
5791.9501953125,0.5541999936103821
5792.2001953125,0.5539000034332275
5792.4599609375,0.553600013256073
5792.72021484375,0.5533000230789185
5792.97021484375,0.5529999732971191
5793.22998046875,0.5526999831199646
5793.490234375,0.5523999929428101
5793.75,0.5521000027656555
5794.0,0.551800012588501
5794.259765625,0.5515000224113464
5794.52001953125,0.5512999892234802
5794.77001953125,0.5509999990463257
5795.02978515625,0.5507000088691711
5795.2900390625,0.5504000186920166
5795.5400390625,0.5501000285148621
5795.7998046875,0.5497999787330627
5796.06005859375,0.5494999885559082
5796.31005859375,0.5491999983787537
5796.56982421875,0.5489000082015991
5796.830078125,0.5486000180244446
5797.080078125,0.54830002784729
5797.33984375,0.5479999780654907
5797.60009765625,0.5476999878883362
5797.85986328125,0.5473999977111816
5798.1201171875,0.5471000075340271
5798.3701171875,0.5468999743461609
5798.6298828125,0.5465999841690063
5798.89013671875,0.5462999939918518
5799.14013671875,0.5460000038146973
5799.39990234375,0.5457000136375427
5799.66015625,0.5454000234603882
5799.91015625,0.5450999736785889
5800.169921875,0.5447999835014343
5800.43017578125,0.5444999933242798
5800.68017578125,0.5442000031471252
5800.93994140625,0.5439000129699707
5801.2001953125,0.5436000227928162
5801.4599609375,0.5432999730110168
5801.7099609375,0.5429999828338623
5801.97021484375,0.5428000092506409
5802.22998046875,0.5425000190734863
5802.490234375,0.5422000288963318
5802.75,0.5418999791145325
5803.0,0.5415999889373779
5803.259765625,0.5412999987602234
5803.52001953125,0.5410000085830688
5803.77001953125,0.5407000184059143
5804.02978515625,0.5404000282287598
5804.2900390625,0.5400999784469604
5804.5400390625,0.5397999882698059
5804.7998046875,0.5394999980926514
5805.06005859375,0.5392000079154968
5805.31005859375,0.5389000177383423
5805.56982421875,0.5386000275611877
5805.830078125,0.5383999943733215
5806.08984375,0.538100004196167
5806.35009765625,0.5378000140190125
5806.60009765625,0.5375000238418579
5806.85986328125,0.5371999740600586
5807.1201171875,0.536899983882904
5807.3798828125,0.5365999937057495
5807.6298828125,0.536300003528595
5807.89013671875,0.5360000133514404
5808.14990234375,0.5357000231742859
5808.41015625,0.5353999733924866
5808.66015625,0.535099983215332
5808.919921875,0.5347999930381775
5809.18017578125,0.534500002861023
5809.43994140625,0.5342000126838684
5809.68994140625,0.5339999794960022
5809.9501953125,0.5336999893188477
5810.2099609375,0.5333999991416931
5810.47021484375,0.5331000089645386
5810.72021484375,0.532800018787384
5810.97998046875,0.5325000286102295
5811.240234375,0.5321999788284302
5811.5,0.5318999886512756
5811.75,0.5315999984741211
5812.009765625,0.5313000082969666
5812.27001953125,0.531000018119812
5812.52978515625,0.5307000279426575
5812.7900390625,0.5303999781608582
5813.0400390625,0.5300999879837036
5813.2998046875,0.5297999978065491
5813.56005859375,0.5295000076293945
5813.81982421875,0.5292999744415283
5814.06982421875,0.5289999842643738
5814.330078125,0.5286999940872192
5814.58984375,0.5284000039100647
5814.85009765625,0.5281000137329102
5815.10009765625,0.5278000235557556
5815.35986328125,0.5274999737739563
5815.6201171875,0.5271999835968018
5815.8798828125,0.5268999934196472
5816.14013671875,0.5266000032424927
5816.39990234375,0.5263000130653381
5816.64990234375,0.5260000228881836
5816.91015625,0.5256999731063843
5817.169921875,0.5253999829292297
5817.43017578125,0.5250999927520752
5817.68017578125,0.5248000025749207
5817.93994140625,0.5245000123977661
5818.2001953125,0.5242999792098999
5818.4599609375,0.5239999890327454
5818.7099609375,0.5236999988555908
5818.97021484375,0.5234000086784363
5819.22998046875,0.5231000185012817
5819.490234375,0.5228000283241272
5819.75,0.5224999785423279
5820.0,0.5221999883651733
5820.259765625,0.5218999981880188
5820.52001953125,0.5216000080108643
5820.77978515625,0.5213000178337097
5821.0400390625,0.5210000276565552
5821.2998046875,0.5206999778747559
5821.56005859375,0.5203999876976013
5821.81005859375,0.5200999975204468
5822.06982421875,0.5198000073432922
5822.330078125,0.5195000171661377
5822.58984375,0.5192999839782715
5822.85009765625,0.5189999938011169
5823.10009765625,0.5187000036239624
5823.35986328125,0.5184000134468079
5823.6201171875,0.5181000232696533
5823.8798828125,0.517799973487854
5824.1298828125,0.5174999833106995
5824.39013671875,0.5171999931335449
5824.64990234375,0.5169000029563904
5824.91015625,0.5166000127792358
5825.169921875,0.5163000226020813
5825.43017578125,0.515999972820282
5825.68994140625,0.5156999826431274
5825.9501953125,0.5153999924659729
5826.2001953125,0.5151000022888184
5826.4599609375,0.5148000121116638
5826.72021484375,0.5145000219345093
5826.97998046875,0.51419997215271
5827.240234375,0.5139999985694885
5827.490234375,0.513700008392334
5827.75,0.5134000182151794
5828.009765625,0.5131000280380249
5828.27001953125,0.5127999782562256
5828.52978515625,0.512499988079071
5828.7900390625,0.5121999979019165
5829.0400390625,0.511900007724762
5829.2998046875,0.5116000175476074
5829.56005859375,0.5113000273704529
5829.81982421875,0.5109999775886536
5830.080078125,0.510699987411499
5830.33984375,0.5103999972343445
5830.60009765625,0.5101000070571899
5830.85986328125,0.5098000168800354
5831.10986328125,0.5095000267028809
5831.3701171875,0.5091999769210815
5831.6298828125,0.508899986743927
5831.89013671875,0.5085999965667725
5832.14990234375,0.508400022983551
5832.41015625,0.5080999732017517
5832.66015625,0.5077999830245972
5832.919921875,0.5074999928474426
5833.18017578125,0.5072000026702881
5833.43994140625,0.5069000124931335
5833.7001953125,0.506600022315979
5833.9599609375,0.5062999725341797
5834.2099609375,0.5059999823570251
5834.47021484375,0.5056999921798706
5834.72998046875,0.5054000020027161
5834.990234375,0.5051000118255615
5835.25,0.504800021648407
5835.509765625,0.5044999718666077
5835.77001953125,0.5041999816894531
5836.02978515625,0.5038999915122986
5836.27978515625,0.503600001335144
5836.5498046875,0.5033000111579895
5836.7998046875,0.503000020980835
5837.06005859375,0.5026999711990356
5837.31982421875,0.5024999976158142
5837.580078125,0.5022000074386597
5837.83984375,0.5019000172615051
5838.08984375,0.5016000270843506
5838.35009765625,0.5012999773025513
5838.60986328125,0.5009999871253967
5838.8701171875,0.5006999969482422
5839.1298828125,0.5004000067710876
5839.39013671875,0.5001000165939331
5839.64990234375,0.4997999966144562
5839.91015625,0.49950000643730164
5840.169921875,0.4991999864578247
5840.43017578125,0.49889999628067017
5840.68994140625,0.4986000061035156
5840.9501953125,0.4982999861240387
5841.2001953125,0.49799999594688416
5841.4599609375,0.4977000057697296
5841.72021484375,0.4973999857902527
5841.97998046875,0.49709999561309814
5842.240234375,0.4968000054359436
5842.5,0.4966000020503998
5842.759765625,0.49630001187324524
5843.02001953125,0.4959999918937683
5843.27978515625,0.49570000171661377
5843.5400390625,0.49540001153945923
5843.7998046875,0.4950999915599823
5844.0498046875,0.49480000138282776
5844.31005859375,0.4945000112056732
5844.580078125,0.4941999912261963
5844.830078125,0.49390000104904175
5845.08984375,0.4936000108718872
5845.35009765625,0.4932999908924103
5845.60986328125,0.49300000071525574
5845.8701171875,0.4927000105381012
5846.1201171875,0.49239999055862427
5846.39013671875,0.4921000003814697
5846.64990234375,0.4918000102043152
5846.89990234375,0.49149999022483826
5847.16015625,0.4912000000476837
5847.419921875,0.4909000098705292
5847.68017578125,0.49059998989105225
5847.93994140625,0.4902999997138977
5848.2001953125,0.49000000953674316
5848.4599609375,0.48980000615119934
5848.72021484375,0.4894999861717224
5848.97998046875,0.48919999599456787
5849.240234375,0.48890000581741333
5849.5,0.4885999858379364
5849.759765625,0.48829999566078186
5850.02001953125,0.4880000054836273
5850.27978515625,0.4876999855041504
5850.52978515625,0.48739999532699585
5850.7998046875,0.4871000051498413
5851.0498046875,0.4869000017642975
5851.31005859375,0.48660001158714294
5851.56982421875,0.486299991607666
5851.830078125,0.4860000014305115
5852.08984375,0.48570001125335693
5852.35009765625,0.4855000078678131
5852.60986328125,0.4851999878883362
5852.8701171875,0.48489999771118164
5853.1298828125,0.4846000075340271
5853.39013671875,0.48429998755455017
5853.64990234375,0.48410001397132874
5853.91015625,0.4837999939918518
5854.169921875,0.48350000381469727
5854.43017578125,0.4832000136375427
5854.68994140625,0.4828999936580658
5854.93994140625,0.482699990272522
5855.2099609375,0.48240000009536743
5855.47021484375,0.4821000099182129
5855.72998046875,0.48179998993873596
5855.97998046875,0.4814999997615814
5856.240234375,0.4812999963760376
5856.5,0.48100000619888306
5856.759765625,0.48069998621940613
5857.02001953125,0.4803999960422516
5857.27978515625,0.48010000586509705
5857.5400390625,0.4799000024795532
5857.7998046875,0.4796000123023987
5858.06005859375,0.47929999232292175
5858.31982421875,0.4790000021457672
5858.580078125,0.47870001196861267
5858.85009765625,0.47839999198913574
5859.10009765625,0.4781999886035919
5859.35986328125,0.4778999984264374
5859.6201171875,0.47760000824928284
5859.8798828125,0.4772999882698059
5860.14013671875,0.47699999809265137
5860.39990234375,0.47679999470710754
5860.66015625,0.476500004529953
5860.919921875,0.47620001435279846
5861.18017578125,0.47589999437332153
5861.43994140625,0.475600004196167
5861.7001953125,0.47540000081062317
5861.9599609375,0.47510001063346863
5862.22021484375,0.4747999906539917
5862.47998046875,0.47450000047683716
5862.740234375,0.4742000102996826
5863.0,0.4740000069141388
5863.259765625,0.47369998693466187
5863.52001953125,0.4733999967575073
5863.77978515625,0.4731000065803528
5864.0400390625,0.47279998660087585
5864.2998046875,0.4726000130176544
5864.56005859375,0.4722999930381775
5864.81982421875,0.47200000286102295
5865.080078125,0.4717000126838684
5865.33984375,0.4713999927043915
5865.60009765625,0.47119998931884766
5865.85986328125,0.4708999991416931
5866.1201171875,0.4706000089645386
5866.3798828125,0.47029998898506165
5866.64013671875,0.4699999988079071
5866.89990234375,0.46970000863075256
5867.16015625,0.46950000524520874
5867.419921875,0.4691999852657318
5867.68017578125,0.46889999508857727
5867.93994140625,0.46860000491142273
5868.2001953125,0.4683000147342682
5868.4599609375,0.46810001134872437
5868.72021484375,0.46779999136924744
5868.97998046875,0.4675000011920929
5869.240234375,0.46720001101493835
5869.5,0.4668999910354614
5869.759765625,0.4666999876499176
5870.02001953125,0.46639999747276306
5870.27978515625,0.4661000072956085
5870.5400390625,0.4657999873161316
5870.7998046875,0.46549999713897705
5871.06005859375,0.4652999937534332
5871.31982421875,0.4650000035762787
5871.580078125,0.46470001339912415
5871.83984375,0.4643999934196472
5872.10009765625,0.4641000032424927
5872.3701171875,0.46380001306533813
5872.6298828125,0.4636000096797943
5872.89013671875,0.4632999897003174
5873.14990234375,0.46299999952316284
5873.41015625,0.4627000093460083
5873.669921875,0.46239998936653137
5873.93017578125,0.46219998598098755
5874.18994140625,0.461899995803833
5874.4501953125,0.46160000562667847
5874.7099609375,0.46129998564720154
5874.97021484375,0.460999995470047
5875.22998046875,0.4607999920845032
5875.490234375,0.46050000190734863
5875.75,0.4602000117301941
5876.009765625,0.45989999175071716
5876.27001953125,0.4596000015735626
5876.52978515625,0.4593000113964081
5876.7900390625,0.45910000801086426
5877.0498046875,0.45879998803138733
5877.31982421875,0.4584999978542328
5877.580078125,0.45820000767707825
5877.83984375,0.4578999876976013
5878.10009765625,0.4577000141143799
5878.35986328125,0.45739999413490295
5878.6201171875,0.4571000039577484
5878.8798828125,0.45680001378059387
5879.14013671875,0.45649999380111694
5879.39990234375,0.4562000036239624
5879.66015625,0.4560000002384186
5879.919921875,0.45570001006126404
5880.18017578125,0.4553999900817871
5880.43994140625,0.45509999990463257
5880.7001953125,0.454800009727478
5880.9599609375,0.4546000063419342
5881.22998046875,0.4542999863624573
5881.47998046875,0.45399999618530273
5881.75,0.4537000060081482
5882.009765625,0.45339998602867126
5882.27001953125,0.45320001244544983
5882.52978515625,0.4528999924659729
5882.7900390625,0.45260000228881836
5883.0498046875,0.4523000121116638
5883.31005859375,0.4519999921321869
5883.56982421875,0.45170000195503235
5883.830078125,0.4514999985694885
5884.08984375,0.451200008392334
5884.35009765625,0.45089998841285706
5884.60986328125,0.4505999982357025
5884.8798828125,0.450300008058548
5885.14013671875,0.45010000467300415
5885.39990234375,0.4498000144958496
5885.66015625,0.4494999945163727
5885.919921875,0.44920000433921814
5886.18017578125,0.4489000141620636
5886.43994140625,0.44859999418258667
5886.7001953125,0.44839999079704285
5886.97021484375,0.4481000006198883
5887.22998046875,0.44780001044273376
5887.490234375,0.44749999046325684
5887.75,0.4472000002861023
5888.009765625,0.44690001010894775
5888.27001953125,0.44670000672340393
5888.52978515625,0.446399986743927
5888.7900390625,0.44609999656677246
5889.0498046875,0.4458000063896179
5889.31005859375,0.445499986410141
5889.56982421875,0.44530001282691956
5889.83984375,0.4449999928474426
5890.08984375,0.4447000026702881
5890.35986328125,0.44440001249313354
5890.6201171875,0.4440999925136566
5890.8798828125,0.4438000023365021
5891.14013671875,0.44359999895095825
5891.39990234375,0.4433000087738037
5891.669921875,0.4429999887943268
5891.93017578125,0.44269999861717224
5892.18994140625,0.4424000084400177
5892.4501953125,0.4422000050544739
5892.7099609375,0.44190001487731934
5892.97021484375,0.4415999948978424
5893.22998046875,0.44130000472068787
5893.490234375,0.4410000145435333
5893.759765625,0.4406999945640564
5894.02001953125,0.4404999911785126
5894.27978515625,0.44020000100135803
5894.5400390625,0.4399000108242035
5894.7998046875,0.43959999084472656
5895.06005859375,0.439300000667572
5895.31982421875,0.4390999972820282
5895.580078125,0.43880000710487366
5895.83984375,0.43849998712539673
5896.10986328125,0.4381999969482422
5896.3701171875,0.43790000677108765
5896.6298828125,0.4375999867916107
5896.89013671875,0.4374000132083893
5897.14990234375,0.43709999322891235
5897.41015625,0.4368000030517578
5897.68017578125,0.43650001287460327
5897.93994140625,0.43619999289512634
5898.2001953125,0.4359000027179718
5898.4599609375,0.435699999332428
5898.72021484375,0.43540000915527344
5898.97998046875,0.4350999891757965
5899.240234375,0.43479999899864197
5899.509765625,0.4345000088214874
5899.77001953125,0.4341999888420105
5900.02978515625,0.4339999854564667
5900.2900390625,0.43369999527931213
5900.56005859375,0.4334999918937683
5900.81005859375,0.43320000171661377
5901.080078125,0.43299999833106995
5901.33984375,0.4327000081539154
5901.60009765625,0.4325000047683716
5901.85986328125,0.43220001459121704
5902.1201171875,0.4320000112056732
5902.39013671875,0.4316999912261963
5902.64990234375,0.43149998784065247
5902.91015625,0.4311999976634979
5903.169921875,0.4309999942779541
5903.43017578125,0.43070000410079956
5903.68994140625,0.43050000071525574
5903.9501953125,0.4302000105381012
5904.22021484375,0.4300000071525574
5904.47998046875,0.42969998717308044
5904.740234375,0.429500013589859
5905.0,0.4291999936103821
5905.259765625,0.42890000343322754
5905.52978515625,0.4287000000476837
5905.7900390625,0.4284000098705292
5906.0498046875,0.42820000648498535
5906.31005859375,0.4278999865055084
5906.56982421875,0.427700012922287
5906.83984375,0.42739999294281006
5907.10009765625,0.42719998955726624
5907.35986328125,0.4268999993801117
5907.6201171875,0.42669999599456787
5907.8798828125,0.42640000581741333
5908.14013671875,0.4262000024318695
5908.41015625,0.42590001225471497
5908.669921875,0.42570000886917114
5908.93017578125,0.4253999888896942
5909.18994140625,0.4251999855041504
5909.4599609375,0.42489999532699585
5909.72021484375,0.424699991941452
5909.97998046875,0.4244000017642975
5910.240234375,0.42419999837875366
5910.5,0.4239000082015991
5910.77001953125,0.4237000048160553
5911.02978515625,0.42340001463890076
5911.2900390625,0.42320001125335693
5911.5498046875,0.42289999127388
5911.81005859375,0.4226999878883362
5912.080078125,0.42239999771118164
5912.33984375,0.4221999943256378
5912.60009765625,0.4219000041484833
5912.85986328125,0.42170000076293945
5913.1201171875,0.4214000105857849
5913.3798828125,0.4212000072002411
5913.64990234375,0.42089998722076416
5913.91015625,0.4205999970436096
5914.169921875,0.4203999936580658
5914.43994140625,0.42010000348091125
5914.7001953125,0.41990000009536743
5914.9599609375,0.4196000099182129
5915.22021484375,0.41940000653266907
5915.47998046875,0.41909998655319214
5915.75,0.4189000129699707
5916.009765625,0.4185999929904938
5916.27001953125,0.41839998960494995
5916.52978515625,0.4180999994277954
5916.7998046875,0.4178999960422516
5917.06005859375,0.41760000586509705
5917.31982421875,0.4174000024795532
5917.580078125,0.4171000123023987
5917.83984375,0.41690000891685486
5918.10986328125,0.41659998893737793
5918.3701171875,0.4163999855518341
5918.6298828125,0.41609999537467957
5918.89990234375,0.41589999198913574
5919.14990234375,0.4156000018119812
5919.419921875,0.4153999984264374
5919.68017578125,0.41510000824928284
5919.93994140625,0.414900004863739
5920.2099609375,0.4146000146865845
5920.47021484375,0.41429999470710754
5920.72998046875,0.4140999913215637
5920.990234375,0.4138000011444092
5921.259765625,0.41359999775886536
5921.52001953125,0.4133000075817108
5921.77978515625,0.413100004196167
5922.0400390625,0.41280001401901245
5922.2998046875,0.41260001063346863
5922.56982421875,0.4122999906539917
5922.830078125,0.4120999872684479
5923.08984375,0.41179999709129333
5923.35009765625,0.4115999937057495
5923.6201171875,0.41130000352859497
5923.8798828125,0.41110000014305115
5924.14990234375,0.4108000099658966
5924.41015625,0.4106000065803528
5924.669921875,0.41029998660087585
5924.93994140625,0.4101000130176544
5925.2001953125,0.4097999930381775
5925.4599609375,0.40959998965263367
5925.72021484375,0.4092999994754791
5925.97998046875,0.4090999960899353
5926.25,0.40880000591278076
5926.509765625,0.40860000252723694
5926.77001953125,0.4083000123500824
5927.02978515625,0.40799999237060547
5927.2998046875,0.40779998898506165
5927.56005859375,0.4074999988079071
5927.81982421875,0.4072999954223633
5928.080078125,0.40700000524520874
5928.35009765625,0.4068000018596649
5928.60986328125,0.4065000116825104
5928.8798828125,0.40630000829696655
5929.14013671875,0.4059999883174896
5929.39990234375,0.4058000147342682
5929.66015625,0.40549999475479126
5929.93017578125,0.40529999136924744
5930.18994140625,0.4050000011920929
5930.4501953125,0.4047999978065491
5930.7099609375,0.40450000762939453
5930.97998046875,0.4043000042438507
5931.240234375,0.40400001406669617
5931.509765625,0.40380001068115234
5931.77001953125,0.4034999907016754
5932.02978515625,0.4032999873161316
5932.2900390625,0.40299999713897705
5932.5498046875,0.4027000069618225
5932.81982421875,0.4025000035762787
5933.080078125,0.40220001339912415
5933.35009765625,0.4020000100135803
5933.60986328125,0.4016999900341034
5933.8701171875,0.40149998664855957
5934.1298828125,0.40119999647140503
5934.39990234375,0.4009999930858612
5934.66015625,0.40070000290870667
5934.919921875,0.40049999952316284
5935.18994140625,0.4002000093460083
5935.4501953125,0.4000000059604645
5935.7099609375,0.39969998598098755
5935.97998046875,0.3995000123977661
5936.240234375,0.3991999924182892
5936.5,0.39899998903274536
5936.77001953125,0.3986999988555908
5937.02978515625,0.3984000086784363
5937.2998046875,0.39820000529289246
5937.56005859375,0.3978999853134155
5937.81982421875,0.3977000117301941
5938.080078125,0.39739999175071716
5938.35009765625,0.39719998836517334
5938.60986328125,0.3968999981880188
5938.8701171875,0.396699994802475
5939.14013671875,0.39640000462532043
5939.39990234375,0.3962000012397766
5939.66015625,0.39590001106262207
5939.93017578125,0.39570000767707825
5940.18994140625,0.3953999876976013
5940.4501953125,0.3952000141143799
5940.72021484375,0.39489999413490295
5940.97998046875,0.39469999074935913
5941.240234375,0.3944000005722046
5941.509765625,0.39419999718666077
5941.77001953125,0.3939000070095062
5942.02978515625,0.3935999870300293
5942.2998046875,0.39340001344680786
5942.56005859375,0.39309999346733093
5942.830078125,0.3928999900817871
5943.08984375,0.39259999990463257
5943.35009765625,0.39239999651908875
5943.6201171875,0.3921000063419342
5943.8798828125,0.3919000029563904
5944.14013671875,0.39160001277923584
5944.41015625,0.391400009393692
5944.669921875,0.3910999894142151
5944.93017578125,0.39089998602867126
5945.18994140625,0.3905999958515167
5945.4599609375,0.3903999924659729
5945.72021484375,0.39010000228881836
5945.990234375,0.38989999890327454
5946.25,0.38960000872612
5946.509765625,0.38929998874664307
5946.77978515625,0.38909998536109924
5947.0400390625,0.3887999951839447
5947.31005859375,0.3885999917984009
5947.56982421875,0.38830000162124634
5947.830078125,0.3880999982357025
5948.08984375,0.387800008058548
5948.35986328125,0.38760000467300415
5948.6201171875,0.3873000144958496
5948.89013671875,0.3871000111103058
5949.14990234375,0.38679999113082886
5949.41015625,0.38659998774528503
5949.68017578125,0.3862999975681305
5949.93994140625,0.38609999418258667
5950.2099609375,0.38580000400543213
5950.47021484375,0.3855000138282776
5950.72998046875,0.38519999384880066
5951.0,0.3849000036716461
5951.259765625,0.3846000134944916
5951.52001953125,0.38429999351501465
5951.7900390625,0.3840000033378601
5952.0498046875,0.38370001316070557
5952.31982421875,0.38339999318122864
5952.580078125,0.3831999897956848
5952.85009765625,0.3828999996185303
5953.10986328125,0.38260000944137573
5953.3701171875,0.3822999894618988
5953.64013671875,0.38199999928474426
5953.89990234375,0.3817000091075897
5954.16015625,0.3813999891281128
5954.43017578125,0.38109999895095825
5954.68994140625,0.3808000087738037
5954.9599609375,0.3804999887943268
5955.22021484375,0.38029998540878296
5955.47998046875,0.3799999952316284
5955.75,0.3797000050544739
5956.009765625,0.37940001487731934
5956.27978515625,0.3790999948978424
5956.5400390625,0.37880000472068787
5956.81005859375,0.3785000145435333
5957.06982421875,0.3781999945640564
5957.33984375,0.37790000438690186
5957.60009765625,0.3776000142097473
5957.85986328125,0.3774000108242035
5958.1298828125,0.37709999084472656
5958.39013671875,0.376800000667572
5958.64990234375,0.3765000104904175
5958.919921875,0.37619999051094055
5959.18017578125,0.375900000333786
5959.4501953125,0.37560001015663147
5959.7099609375,0.37529999017715454
5959.97998046875,0.375
5960.240234375,0.37470000982284546
5960.509765625,0.37439998984336853
5960.77001953125,0.3741999864578247
5961.02978515625,0.37389999628067017
5961.2998046875,0.3736000061035156
5961.56005859375,0.3732999861240387
5961.830078125,0.37299999594688416
5962.08984375,0.3727000057697296
5962.35009765625,0.3723999857902527
5962.6201171875,0.37209999561309814
5962.8798828125,0.3718000054359436
5963.14990234375,0.3714999854564667
5963.41015625,0.37119999527931213
5963.68017578125,0.3709999918937683
5963.93994140625,0.37070000171661377
5964.2001953125,0.37040001153945923
5964.47021484375,0.3700999915599823
5964.72998046875,0.36980000138282776
5965.0,0.3695000112056732
5965.27001953125,0.3691999912261963
5965.52978515625,0.36890000104904175
5965.7900390625,0.3686000108718872
5966.0498046875,0.3682999908924103
5966.31982421875,0.36800000071525574
5966.580078125,0.3677999973297119
5966.85009765625,0.3675000071525574
5967.1201171875,0.36719998717308044
5967.3798828125,0.3668999969959259
5967.64013671875,0.36660000681877136
5967.91015625,0.36629998683929443
5968.169921875,0.3659999966621399
5968.43994140625,0.36570000648498535
5968.7001953125,0.3653999865055084
5968.97021484375,0.3650999963283539
5969.22998046875,0.36480000615119934
5969.490234375,0.3646000027656555
5969.759765625,0.364300012588501
5970.02978515625,0.36399999260902405
5970.2900390625,0.3637000024318695
5970.5498046875,0.36340001225471497
5970.81982421875,0.36309999227523804
5971.080078125,0.3628000020980835
5971.35009765625,0.36250001192092896
5971.6201171875,0.362199991941452
5971.8798828125,0.3619000017642975
5972.14013671875,0.36160001158714294
5972.41015625,0.3614000082015991
5972.669921875,0.3610999882221222
5972.93994140625,0.36079999804496765
5973.2001953125,0.3605000078678131
5973.47021484375,0.3601999878883362
5973.72998046875,0.35989999771118164
5974.0,0.3596000075340271
5974.259765625,0.35929998755455017
5974.52978515625,0.35899999737739563
5974.7900390625,0.3587000072002411
5975.06005859375,0.35839998722076416
5975.31982421875,0.3580999970436096
5975.58984375,0.3578999936580658
5975.85009765625,0.35760000348091125
5976.1201171875,0.3573000133037567
5976.3798828125,0.3569999933242798
5976.64990234375,0.35670000314712524
5976.91015625,0.3564000129699707
5977.169921875,0.3560999929904938
5977.43994140625,0.35580000281333923
5977.7099609375,0.3555000126361847
5977.97021484375,0.35519999265670776
5978.240234375,0.3549000024795532
5978.5,0.3546000123023987
5978.77001953125,0.35440000891685486
5979.02978515625,0.35409998893737793
5979.2998046875,0.3537999987602234
5979.56005859375,0.35350000858306885
5979.830078125,0.3531999886035919
5980.08984375,0.3528999984264374
5980.35986328125,0.35260000824928284
5980.6201171875,0.3522999882698059
5980.89013671875,0.35199999809265137
5981.16015625,0.3517000079154968
5981.419921875,0.3513999879360199
5981.68017578125,0.35109999775886536
5981.9501953125,0.35089999437332153
5982.2099609375,0.350600004196167
5982.47998046875,0.35030001401901245
5982.740234375,0.3499999940395355
5983.009765625,0.349700003862381
5983.27978515625,0.34940001368522644
5983.5400390625,0.3490999937057495
5983.81005859375,0.34880000352859497
5984.06982421875,0.34850001335144043
5984.33984375,0.3481999933719635
5984.60009765625,0.34790000319480896
5984.8701171875,0.3476000130176544
5985.1298828125,0.3474000096321106
5985.39990234375,0.34709998965263367
5985.66015625,0.3467999994754791
5985.93017578125,0.3465000092983246
5986.18994140625,0.34619998931884766
5986.4599609375,0.3458999991416931
5986.72998046875,0.3456000089645386
5986.990234375,0.34529998898506165
5987.259765625,0.3449999988079071
5987.52001953125,0.34470000863075256
5987.7900390625,0.34439998865127563
5988.0498046875,0.3440999984741211
5988.31005859375,0.34389999508857727
5988.580078125,0.34360000491142273
5988.85009765625,0.3433000147342682
5989.10986328125,0.34299999475479126
5989.3798828125,0.3427000045776367
5989.64990234375,0.3424000144004822
5989.91015625,0.34209999442100525
5990.18017578125,0.3418000042438507
5990.43994140625,0.34150001406669617
5990.7099609375,0.34119999408721924
5990.97998046875,0.3409000039100647
5991.240234375,0.34060001373291016
5991.5,0.3402999937534332
5991.77001953125,0.3400999903678894
5992.0400390625,0.33980000019073486
5992.2998046875,0.3395000100135803
5992.56982421875,0.3391999900341034
5992.830078125,0.33889999985694885
5993.10009765625,0.3386000096797943
5993.35986328125,0.3382999897003174
5993.6298828125,0.33799999952316284
5993.89990234375,0.3377000093460083
5994.16015625,0.33739998936653137
5994.43017578125,0.33709999918937683
5994.68994140625,0.3368000090122223
5994.9599609375,0.33649998903274536
5995.22021484375,0.33629998564720154
5995.490234375,0.335999995470047
5995.759765625,0.33570000529289246
5996.02001953125,0.3353999853134155
5996.2900390625,0.335099995136261
5996.56005859375,0.33480000495910645
5996.81982421875,0.3345000147819519
5997.08984375,0.334199994802475
5997.35009765625,0.33390000462532043
5997.6201171875,0.3336000144481659
5997.89013671875,0.33329999446868896
5998.14990234375,0.3330000042915344
5998.419921875,0.3327000141143799
5998.68017578125,0.33250001072883606
5998.9501953125,0.33219999074935913
5999.2099609375,0.3319000005722046
5999.47998046875,0.33160001039505005
5999.75,0.3312999904155731
6000.009765625,0.3310000002384186
6000.27978515625,0.33079999685287476
6000.5400390625,0.3305000066757202
6000.81005859375,0.3303000032901764
6001.080078125,0.33009999990463257
6001.33984375,0.32989999651908875
6001.60986328125,0.3296000063419342
6001.8798828125,0.3294000029563904
6002.14013671875,0.32919999957084656
6002.41015625,0.32899999618530273
6002.669921875,0.3287999927997589
6002.93994140625,0.32850000262260437
6003.2099609375,0.32829999923706055
6003.47021484375,0.3280999958515167
6003.740234375,0.3278999924659729
6004.0,0.32760000228881836
6004.27001953125,0.32739999890327454
6004.52978515625,0.3271999955177307
6004.7998046875,0.3269999921321869
6005.06982421875,0.32670000195503235
6005.33984375,0.3264999985694885
6005.60009765625,0.3262999951839447
6005.8701171875,0.3260999917984009
6006.1298828125,0.32580000162124634
6006.39990234375,0.3255999982357025
6006.669921875,0.3253999948501587
6006.93017578125,0.32519999146461487
6007.2001953125,0.32499998807907104
6007.47021484375,0.3246999979019165
6007.72998046875,0.3244999945163727
6008.0,0.32429999113082886
6008.259765625,0.32409998774528503
6008.52978515625,0.3237999975681305
6008.7998046875,0.32359999418258667
6009.06982421875,0.32339999079704285
6009.330078125,0.323199987411499
6009.60009765625,0.3228999972343445
6009.85986328125,0.32269999384880066
6010.1298828125,0.32249999046325684
6010.39990234375,0.322299987077713
6010.66015625,0.32199999690055847
6010.93017578125,0.32179999351501465
6011.2001953125,0.3215999901294708
6011.4599609375,0.321399986743927
6011.72998046875,0.32109999656677246
6012.0,0.32089999318122864
6012.259765625,0.3206999897956848
6012.52978515625,0.320499986410141
6012.7900390625,0.32030001282691956
6013.06005859375,0.3199999928474426
6013.330078125,0.3197999894618988
6013.58984375,0.319599986076355
6013.85986328125,0.31940001249313354
6014.1298828125,0.3190999925136566
6014.39990234375,0.3188999891281128
6014.66015625,0.31869998574256897
6014.93017578125,0.31850001215934753
6015.18994140625,0.3181999921798706
6015.4599609375,0.3179999887943268
6015.72998046875,0.31779998540878296
6016.0,0.3176000118255615
6016.259765625,0.3172999918460846
6016.52978515625,0.31709998846054077
6016.7900390625,0.31690001487731934
6017.06005859375,0.3167000114917755
6017.330078125,0.3163999915122986
6017.60009765625,0.31619998812675476
6017.85986328125,0.3160000145435333
6018.1298828125,0.3158000111579895
6018.39990234375,0.3154999911785126
6018.66015625,0.31529998779296875
6018.93017578125,0.3151000142097473
6019.18994140625,0.3149000108242035
6019.47021484375,0.31459999084472656
6019.72998046875,0.31439998745918274
6020.0,0.3142000138759613
6020.27001953125,0.3140000104904175
6020.52978515625,0.31380000710487366
6020.7998046875,0.31349998712539673
6021.06982421875,0.3133000135421753
6021.330078125,0.31310001015663147
6021.60009765625,0.31290000677108765
6021.8701171875,0.3125999867916107
6022.1298828125,0.3124000132083893
6022.39990234375,0.31220000982284546
6022.669921875,0.31200000643730164
6022.93994140625,0.3116999864578247
6023.2001953125,0.31150001287460327
6023.47021484375,0.31130000948905945
6023.740234375,0.3111000061035156
6024.0,0.3107999861240387
6024.27001953125,0.31060001254081726
6024.52978515625,0.31040000915527344
6024.7998046875,0.3102000057697296
6025.06982421875,0.3098999857902527
6025.33984375,0.30970001220703125
6025.60986328125,0.3095000088214874
6025.8701171875,0.3093000054359436
6026.14013671875,0.3089999854564667
6026.41015625,0.30880001187324524
6026.669921875,0.3086000084877014
6026.93994140625,0.3084000051021576
6027.2099609375,0.30809998512268066
6027.47021484375,0.30790001153945923
6027.740234375,0.3077000081539154
6028.009765625,0.3075000047683716
6028.27978515625,0.30720001459121704
6028.5498046875,0.3070000112056732
6028.81005859375,0.3068000078201294
6029.080078125,0.30660000443458557
6029.35009765625,0.30630001425743103
6029.60986328125,0.3061000108718872
6029.8798828125,0.3059000074863434
6030.14990234375,0.30570000410079956
6030.419921875,0.305400013923645
6030.68994140625,0.3052000105381012
6030.9501953125,0.3050000071525574
6031.22021484375,0.30480000376701355
6031.47998046875,0.3046000003814697
6031.75,0.3043000102043152
6032.02001953125,0.30410000681877136
6032.2900390625,0.30390000343322754
6032.56005859375,0.3037000000476837
6032.81982421875,0.3034000098705292
6033.08984375,0.30320000648498535
6033.35986328125,0.30300000309944153
6033.6201171875,0.3027999997138977
6033.89013671875,0.30250000953674316
6034.16015625,0.30230000615119934
6034.43017578125,0.3021000027656555
6034.7001953125,0.3018999993801117
6034.9599609375,0.30160000920295715
6035.22998046875,0.30140000581741333
6035.5,0.3012000024318695
6035.77001953125,0.3009999990463257
6036.02978515625,0.30070000886917114
6036.2998046875,0.3005000054836273
6036.56982421875,0.3003000020980835
6036.83984375,0.3000999987125397
6037.10009765625,0.29980000853538513
6037.3701171875,0.2996000051498413
6037.64013671875,0.2994000017642975
6037.91015625,0.29919999837875366
6038.18017578125,0.2989000082015991
6038.43994140625,0.2987000048160553
6038.7099609375,0.2985000014305115
6038.97998046875,0.29829999804496765
6039.240234375,0.2980000078678131
6039.509765625,0.2978000044822693
6039.77978515625,0.29760000109672546
6040.0498046875,0.29739999771118164
6040.31982421875,0.2971000075340271
6040.580078125,0.2969000041484833
6040.85009765625,0.29670000076293945
6041.1201171875,0.29649999737739563
6041.39013671875,0.2962000072002411
6041.66015625,0.29600000381469727
6041.93017578125,0.29580000042915344
6042.18994140625,0.2955999970436096
6042.4599609375,0.2953000068664551
6042.72998046875,0.29510000348091125
6043.0,0.29490000009536743
6043.27001953125,0.2946999967098236
6043.52978515625,0.29440000653266907
6043.7998046875,0.29420000314712524
6044.06982421875,0.2939999997615814
6044.330078125,0.2937999963760376
6044.60009765625,0.29350000619888306
6044.8701171875,0.29330000281333923
6045.14013671875,0.2930999994277954
6045.41015625,0.2928999960422516
6045.669921875,0.29260000586509705
6045.93994140625,0.2924000024795532
6046.2099609375,0.2921999990940094
6046.47998046875,0.2919999957084656
6046.75,0.29170000553131104
6047.02001953125,0.2915000021457672
6047.27978515625,0.2912999987602234
6047.5498046875,0.29109999537467957
6047.81982421875,0.290800005197525
6048.08984375,0.2906000018119812
6048.35009765625,0.2903999984264374
6048.6298828125,0.29019999504089355
6048.89990234375,0.289900004863739
6049.16015625,0.2897000014781952
6049.43017578125,0.28949999809265137
6049.7001953125,0.28929999470710754
6049.9599609375,0.289000004529953
6050.22998046875,0.2888000011444092
6050.5,0.28859999775886536
6050.77001953125,0.28839999437332153
6051.0400390625,0.2881999909877777
6051.31005859375,0.2879999876022339
6051.580078125,0.28780001401901245
6051.83984375,0.28760001063346863
6052.10986328125,0.2874000072479248
6052.3798828125,0.2870999872684479
6052.64990234375,0.28690001368522644
6052.919921875,0.2867000102996826
6053.18994140625,0.2865000069141388
6053.4501953125,0.28630000352859497
6053.72021484375,0.28610000014305115
6053.990234375,0.2858999967575073
6054.259765625,0.2856999933719635
6054.52978515625,0.2854999899864197
6054.7998046875,0.28529998660087585
6055.06005859375,0.2849999964237213
6055.330078125,0.2847999930381775
6055.60009765625,0.28459998965263367
6055.8701171875,0.28439998626708984
6056.14013671875,0.2842000126838684
6056.41015625,0.2840000092983246
6056.68017578125,0.28380000591278076
6056.93994140625,0.28360000252723694
6057.2099609375,0.2833999991416931
6057.47998046875,0.2831999957561493
6057.75,0.28299999237060547
6058.02001953125,0.2827000021934509
6058.2900390625,0.2824999988079071
6058.56005859375,0.2822999954223633
6058.830078125,0.28209999203681946
6059.08984375,0.28189998865127563
6059.35986328125,0.2816999852657318
6059.6298828125,0.2815000116825104
6059.89990234375,0.28130000829696655
6060.169921875,0.28110000491142273
6060.43994140625,0.2809000015258789
6060.7099609375,0.28060001134872437
6060.97021484375,0.28040000796318054
6061.240234375,0.2802000045776367
6061.509765625,0.2800000011920929
6061.77978515625,0.2797999978065491
6062.0498046875,0.27959999442100525
6062.31982421875,0.2793999910354614
6062.58984375,0.2791999876499176
6062.85009765625,0.27900001406669617
6063.1201171875,0.27880001068115234
6063.39013671875,0.2786000072956085
6063.66015625,0.2782999873161316
6063.93017578125,0.27810001373291016
6064.2001953125,0.27790001034736633
6064.47021484375,0.2777000069618225
6064.740234375,0.2775000035762787
6065.009765625,0.27730000019073486
6065.27001953125,0.27709999680519104
6065.5400390625,0.2768999934196472
6065.81005859375,0.2766999900341034
6066.080078125,0.27649998664855957
6066.35009765625,0.27619999647140503
6066.6201171875,0.2759999930858612
6066.89013671875,0.2757999897003174
6067.16015625,0.27559998631477356
6067.43017578125,0.2754000127315521
6067.7001953125,0.2752000093460083
6067.97021484375,0.2750000059604645
6068.22998046875,0.27480000257492065
6068.5,0.27459999918937683
6068.77001953125,0.274399995803833
6069.0400390625,0.27410000562667847
6069.31005859375,0.27390000224113464
6069.580078125,0.2736999988555908
6069.85009765625,0.273499995470047
6070.1201171875,0.2732999920845032
6070.39013671875,0.27309998869895935
6070.66015625,0.2728999853134155
6070.919921875,0.2727000117301941
6071.18994140625,0.27250000834465027
6071.4599609375,0.27230000495910645
6071.72998046875,0.2720000147819519
6072.0,0.2718000113964081
6072.27001953125,0.27160000801086426
6072.5400390625,0.27140000462532043
6072.81005859375,0.2712000012397766
6073.080078125,0.2709999978542328
6073.35009765625,0.27079999446868896
6073.6201171875,0.27059999108314514
6073.89013671875,0.2703999876976013
6074.16015625,0.2702000141143799
6074.43017578125,0.26989999413490295
6074.7001953125,0.26969999074935913
6074.97021484375,0.2694999873638153
6075.22998046875,0.26930001378059387
6075.5,0.26910001039505005
6075.77001953125,0.2689000070095062
6076.0400390625,0.2687000036239624
6076.31005859375,0.2685000002384186
6076.580078125,0.26829999685287476
6076.85009765625,0.26809999346733093
6077.1201171875,0.2678000032901764
6077.39013671875,0.26759999990463257
6077.66015625,0.26739999651908875
6077.93017578125,0.2671999931335449
6078.2001953125,0.2669999897480011
6078.47021484375,0.2667999863624573
6078.740234375,0.26660001277923584
6079.009765625,0.266400009393692
6079.27001953125,0.2662000060081482
6079.5400390625,0.26600000262260437
6079.81982421875,0.26570001244544983
6080.080078125,0.265500009059906
6080.35009765625,0.2653000056743622
6080.6201171875,0.26510000228881836
6080.89013671875,0.26489999890327454
6081.16015625,0.2646999955177307
6081.43017578125,0.2644999921321869
6081.7001953125,0.26429998874664307
6081.97021484375,0.26409998536109924
6082.240234375,0.2639000117778778
6082.509765625,0.2635999917984009
6082.77978515625,0.26339998841285706
6083.0498046875,0.2632000148296356
6083.31982421875,0.2630000114440918
6083.58984375,0.262800008058548
6083.85986328125,0.26260000467300415
6084.1298828125,0.2624000012874603
6084.39990234375,0.2621999979019165
6084.669921875,0.2619999945163727
6084.93994140625,0.26179999113082886
6085.2099609375,0.2615000009536743
6085.47998046875,0.2612999975681305
6085.75,0.26109999418258667
6086.02001953125,0.26089999079704285
6086.2900390625,0.260699987411499
6086.56005859375,0.2605000138282776
6086.830078125,0.26030001044273376
6087.08984375,0.26010000705718994
6087.3701171875,0.2599000036716461
6087.64013671875,0.2596000134944916
6087.91015625,0.25940001010894775
6088.18017578125,0.25920000672340393
6088.4501953125,0.2590000033378601
6088.7099609375,0.2587999999523163
6088.990234375,0.25859999656677246
6089.259765625,0.25839999318122864
6089.52978515625,0.2581999897956848
6089.7998046875,0.257999986410141
6090.06982421875,0.25769999623298645
6090.33984375,0.2574999928474426
6090.60009765625,0.2572999894618988
6090.8798828125,0.257099986076355
6091.14990234375,0.25690001249313354
6091.419921875,0.2567000091075897
6091.68994140625,0.2565000057220459
6091.9599609375,0.2563000023365021
6092.22998046875,0.25609999895095825
6092.5,0.25589999556541443
6092.77001953125,0.2556000053882599
6093.0400390625,0.25540000200271606
6093.31005859375,0.25519999861717224
6093.580078125,0.2549999952316284
6093.85009765625,0.2547999918460846
6094.1201171875,0.25459998846054077
6094.39013671875,0.25440001487731934
6094.66015625,0.2542000114917755
6094.93017578125,0.2540000081062317
6095.2001953125,0.25369998812675476
6095.47021484375,0.2535000145435333
6095.740234375,0.2533000111579895
6096.009765625,0.2531000077724457
6096.27978515625,0.25290000438690186
6096.5498046875,0.25270000100135803
6096.81982421875,0.2524999976158142
6097.08984375,0.2522999942302704
6097.35986328125,0.25209999084472656
6097.6298828125,0.251800000667572
6097.89990234375,0.2515999972820282
6098.169921875,0.2513999938964844
6098.43994140625,0.25119999051094055
6098.7099609375,0.25099998712539673
6098.990234375,0.2508000135421753
6099.25,0.25060001015663147
6099.52001953125,0.25040000677108765
6099.7900390625,0.2502000033855438
6100.06982421875,0.25
6100.33984375,0.24979999661445618
6100.60986328125,0.24959999322891235
6100.8798828125,0.24940000474452972
6101.14990234375,0.2492000013589859
6101.419921875,0.24899999797344208
6101.68994140625,0.24879999458789825
6101.9599609375,0.24860000610351562
6102.22998046875,0.2484000027179718
6102.5,0.24819999933242798
6102.77001953125,0.24799999594688416
6103.0400390625,0.24779999256134033
6103.31005859375,0.2476000040769577
6103.580078125,0.24740000069141388
6103.85986328125,0.24719999730587006
6104.1201171875,0.24699999392032623
6104.39990234375,0.2468000054359436
6104.669921875,0.24660000205039978
6104.93017578125,0.24639999866485596
6105.2099609375,0.24629999697208405
6105.47021484375,0.24609999358654022
6105.75,0.2459000051021576
6106.02001953125,0.24570000171661377
6106.2900390625,0.24549999833106995
6106.56005859375,0.24529999494552612
6106.830078125,0.2451000064611435
6107.10009765625,0.24490000307559967
6107.3701171875,0.24469999969005585
6107.64013671875,0.24449999630451202
6107.91015625,0.2442999929189682
6108.18994140625,0.24410000443458557
6108.4501953125,0.24390000104904175
6108.72998046875,0.24369999766349792
6108.990234375,0.2434999942779541
6109.27001953125,0.24330000579357147
6109.5400390625,0.24310000240802765
6109.81005859375,0.24289999902248383
6110.080078125,0.24269999563694
6110.35009765625,0.24250000715255737
6110.6201171875,0.24240000545978546
6110.89013671875,0.24220000207424164
6111.16015625,0.24199999868869781
6111.43994140625,0.241799995303154
6111.7099609375,0.24160000681877136
6111.97998046875,0.24140000343322754
6112.25,0.24120000004768372
6112.52001953125,0.2409999966621399
6112.7900390625,0.24079999327659607
6113.06005859375,0.24060000479221344
6113.330078125,0.24040000140666962
6113.60009765625,0.2401999980211258
6113.8798828125,0.23999999463558197
6114.14013671875,0.23980000615119934
6114.419921875,0.23960000276565552
6114.68994140625,0.2393999993801117
6114.9599609375,0.23919999599456787
6115.22998046875,0.23899999260902405
6115.5,0.23880000412464142
6115.77001953125,0.2386000007390976
6116.0400390625,0.23839999735355377
6116.31005859375,0.23829999566078186
6116.58984375,0.23810000717639923
6116.85986328125,0.2379000037908554
6117.1298828125,0.23770000040531158
6117.39990234375,0.23749999701976776
6117.669921875,0.23729999363422394
6117.93994140625,0.2371000051498413
6118.2099609375,0.23690000176429749
6118.47998046875,0.23669999837875366
6118.759765625,0.23649999499320984
6119.02978515625,0.2363000065088272
6119.2998046875,0.2361000031232834
6119.56982421875,0.23589999973773956
6119.83984375,0.23569999635219574
6120.10986328125,0.23549999296665192
6120.3798828125,0.2353000044822693
6120.66015625,0.23510000109672546
6120.93017578125,0.23489999771118164
6121.2001953125,0.23469999432563782
6121.47021484375,0.2345000058412552
6121.740234375,0.23430000245571136
6122.009765625,0.23420000076293945
6122.2900390625,0.23399999737739563
6122.56005859375,0.2337999939918518
6122.830078125,0.23360000550746918
6123.10009765625,0.23340000212192535
6123.3701171875,0.23319999873638153
6123.64013671875,0.2329999953508377
6123.91015625,0.23280000686645508
6124.18994140625,0.23260000348091125
6124.4599609375,0.23240000009536743
6124.72998046875,0.2321999967098236
6125.0,0.23199999332427979
6125.27001953125,0.23180000483989716
6125.5400390625,0.23160000145435333
6125.81005859375,0.2313999980688095
6126.08984375,0.23119999468326569
6126.35986328125,0.23100000619888306
6126.6298828125,0.23080000281333923
6126.89990234375,0.2305999994277954
6127.169921875,0.2303999960422516
6127.43994140625,0.23019999265670776
6127.7099609375,0.23000000417232513
6127.990234375,0.2298000007867813
6128.259765625,0.2296999990940094
6128.52978515625,0.22949999570846558
6128.7998046875,0.22930000722408295
6129.06982421875,0.22910000383853912
6129.35009765625,0.2289000004529953
6129.60986328125,0.22869999706745148
6129.89013671875,0.22849999368190765
6130.16015625,0.22830000519752502
6130.43017578125,0.2281000018119812
6130.7001953125,0.22789999842643738
6130.97998046875,0.22769999504089355
6131.25,0.22750000655651093
6131.52001953125,0.2273000031709671
6131.7900390625,0.22709999978542328
6132.06005859375,0.22689999639987946
6132.33984375,0.22669999301433563
6132.60986328125,0.226500004529953
6132.8798828125,0.22630000114440918
6133.14990234375,0.22609999775886536
6133.419921875,0.22589999437332153
6133.7001953125,0.2257000058889389
6133.97021484375,0.22550000250339508
6134.240234375,0.22529999911785126
6134.509765625,0.22519999742507935
6134.77978515625,0.22499999403953552
6135.0498046875,0.2248000055551529
6135.330078125,0.22460000216960907
6135.60009765625,0.22439999878406525
6135.8701171875,0.22419999539852142
6136.14013671875,0.2240000069141388
6136.419921875,0.22380000352859497
6136.68994140625,0.22360000014305115
6136.9599609375,0.22339999675750732
6137.22998046875,0.2231999933719635
6137.5,0.22300000488758087
6137.77978515625,0.22280000150203705
6138.0498046875,0.22259999811649323
6138.31982421875,0.2223999947309494
6138.58984375,0.22220000624656677
6138.85986328125,0.22200000286102295
6139.14013671875,0.22179999947547913
6139.41015625,0.2215999960899353
6139.68017578125,0.22139999270439148
6139.9501953125,0.22120000422000885
6140.22998046875,0.22100000083446503
6140.5,0.2207999974489212
6140.77001953125,0.22059999406337738
6141.0400390625,0.22040000557899475
6141.31982421875,0.22030000388622284
6141.58984375,0.22010000050067902
6141.85986328125,0.2198999971151352
6142.1298828125,0.21969999372959137
6142.39990234375,0.21950000524520874
6142.669921875,0.21930000185966492
6142.9501953125,0.2190999984741211
6143.22021484375,0.21889999508857727
6143.490234375,0.21870000660419464
6143.77001953125,0.21850000321865082
6144.0400390625,0.218299999833107
6144.31005859375,0.21809999644756317
6144.580078125,0.21789999306201935
6144.85986328125,0.21770000457763672
6145.1298828125,0.2175000011920929
6145.39990234375,0.21729999780654907
6145.669921875,0.21709999442100525
6145.9501953125,0.21690000593662262
6146.22021484375,0.2167000025510788
6146.490234375,0.21649999916553497
6146.759765625,0.21629999577999115
6147.0400390625,0.21610000729560852
6147.31005859375,0.2159000039100647
6147.580078125,0.21570000052452087
6147.85009765625,0.21549999713897705
6148.1201171875,0.21539999544620514
6148.39990234375,0.2152000069618225
6148.669921875,0.2150000035762787
6148.93994140625,0.21480000019073486
6149.22021484375,0.21459999680519104
6149.490234375,0.21439999341964722
6149.759765625,0.2142000049352646
6150.02978515625,0.21400000154972076
6150.31005859375,0.21379999816417694
6150.580078125,0.21359999477863312
6150.85009765625,0.2134000062942505
6151.1201171875,0.21330000460147858
6151.39990234375,0.21310000121593475
6151.669921875,0.21289999783039093
6151.93994140625,0.2126999944448471
6152.22021484375,0.21250000596046448
6152.490234375,0.21240000426769257
6152.759765625,0.21220000088214874
6153.0400390625,0.21199999749660492
6153.31005859375,0.2117999941110611
6153.580078125,0.21160000562667847
6153.85009765625,0.21150000393390656
6154.1298828125,0.21130000054836273
6154.39990234375,0.2110999971628189
6154.669921875,0.21089999377727509
6154.93994140625,0.21070000529289246
6155.22021484375,0.21060000360012054
6155.490234375,0.21040000021457672
6155.77001953125,0.2101999968290329
6156.0400390625,0.20999999344348907
6156.31005859375,0.20980000495910645
6156.580078125,0.20970000326633453
6156.85009765625,0.2094999998807907
6157.1298828125,0.2092999964952469
6157.39990234375,0.20909999310970306
6157.68017578125,0.20890000462532043
6157.9501953125,0.20880000293254852
6158.22021484375,0.2085999995470047
6158.490234375,0.20839999616146088
6158.77001953125,0.20819999277591705
6159.0400390625,0.20800000429153442
6159.31005859375,0.2079000025987625
6159.58984375,0.2076999992132187
6159.85986328125,0.20749999582767487
6160.1298828125,0.20730000734329224
6160.39990234375,0.2071000039577484
6160.68017578125,0.2070000022649765
6160.9501953125,0.20679999887943268
6161.22021484375,0.20659999549388885
6161.5,0.20640000700950623
6161.77001953125,0.2062000036239624
6162.0400390625,0.2061000019311905
6162.31982421875,0.20589999854564667
6162.58984375,0.20569999516010284
6162.85986328125,0.20550000667572021
6163.1298828125,0.2053000032901764
6163.41015625,0.20509999990463257
6163.68994140625,0.20499999821186066
6163.9599609375,0.20479999482631683
6164.22998046875,0.2046000063419342
6164.5,0.20440000295639038
6164.77001953125,0.20419999957084656
6165.0498046875,0.20409999787807465
6165.31982421875,0.20389999449253082
6165.60009765625,0.2037000060081482
6165.8701171875,0.20350000262260437
6166.14013671875,0.20329999923706055
6166.419921875,0.20319999754428864
6166.68994140625,0.2029999941587448
6166.9599609375,0.20280000567436218
6167.240234375,0.20260000228881836
6167.509765625,0.20239999890327454
6167.77978515625,0.20229999721050262
6168.06005859375,0.2020999938249588
6168.330078125,0.20190000534057617
6168.60009765625,0.20170000195503235
6168.8798828125,0.20149999856948853
6169.14990234375,0.2013999968767166
6169.43017578125,0.2011999934911728
6169.7001953125,0.20100000500679016
6169.97021484375,0.20080000162124634
6170.25,0.20059999823570251
6170.52001953125,0.2004999965429306
6170.7998046875,0.20029999315738678
6171.06982421875,0.20010000467300415
6171.33984375,0.19990000128746033
6171.6201171875,0.1996999979019165
6171.89013671875,0.1995999962091446
6172.16015625,0.19939999282360077
6172.43994140625,0.19920000433921814
6172.7099609375,0.19900000095367432
6172.97998046875,0.1987999975681305
6173.259765625,0.19869999587535858
6173.52978515625,0.19850000739097595
6173.7998046875,0.19830000400543213
6174.080078125,0.1981000006198883
6174.35009765625,0.19789999723434448
6174.6201171875,0.19769999384880066
6174.89990234375,0.19760000705718994
6175.169921875,0.19740000367164612
6175.43994140625,0.1972000002861023
6175.72021484375,0.19699999690055847
6175.990234375,0.19679999351501465
6176.27001953125,0.19670000672340393
6176.5400390625,0.1965000033378601
6176.81005859375,0.19629999995231628
6177.08984375,0.19609999656677246
6177.35986328125,0.19589999318122864
6177.64013671875,0.19580000638961792
6177.91015625,0.1956000030040741
6178.18017578125,0.19539999961853027
6178.4599609375,0.19519999623298645
6178.72998046875,0.19499999284744263
6179.009765625,0.1949000060558319
6179.27978515625,0.19470000267028809
6179.56005859375,0.19449999928474426
6179.830078125,0.19429999589920044
6180.10009765625,0.1941000074148178
6180.3798828125,0.1940000057220459
6180.64990234375,0.19380000233650208
6180.93017578125,0.19359999895095825
6181.2001953125,0.19339999556541443
6181.47021484375,0.1932000070810318
6181.75,0.19300000369548798
6182.02001953125,0.19290000200271606
6182.2998046875,0.19269999861717224
6182.56982421875,0.19249999523162842
6182.83984375,0.1923000067472458
6183.1201171875,0.19210000336170197
6183.39013671875,0.19200000166893005
6183.66015625,0.19179999828338623
6183.93994140625,0.1915999948978424
6184.2099609375,0.19140000641345978
6184.490234375,0.19120000302791595
6184.759765625,0.19110000133514404
6185.0400390625,0.19089999794960022
6185.31005859375,0.1906999945640564
6185.580078125,0.19050000607967377
6185.85986328125,0.19030000269412994
6186.1298828125,0.19020000100135803
6186.41015625,0.1899999976158142
6186.68017578125,0.18979999423027039
6186.9599609375,0.18960000574588776
6187.22998046875,0.18940000236034393
6187.5,0.1891999989748001
6187.77978515625,0.1890999972820282
6188.06005859375,0.18889999389648438
6188.330078125,0.18870000541210175
6188.60009765625,0.18850000202655792
6188.8798828125,0.1882999986410141
6189.14990234375,0.1881999969482422
6189.419921875,0.18799999356269836
6189.7001953125,0.18780000507831573
6189.97998046875,0.1876000016927719
6190.25,0.1873999983072281
6190.52001953125,0.18729999661445618
6190.7998046875,0.18709999322891235
6191.06982421875,0.18690000474452972
6191.35009765625,0.1867000013589859
6191.6201171875,0.18649999797344208
6191.89990234375,0.18629999458789825
6192.169921875,0.18619999289512634
6192.4501953125,0.1860000044107437
6192.72021484375,0.1858000010251999
6192.990234375,0.18559999763965607
6193.27001953125,0.18539999425411224
6193.5400390625,0.18529999256134033
6193.81982421875,0.1851000040769577
6194.08984375,0.18490000069141388
6194.3701171875,0.18469999730587006
6194.64013671875,0.18449999392032623
6194.919921875,0.18440000712871552
6195.18994140625,0.1842000037431717
6195.47021484375,0.18400000035762787
6195.740234375,0.18379999697208405
6196.02001953125,0.18359999358654022
6196.2900390625,0.1834000051021576
6196.56005859375,0.18330000340938568
6196.83984375,0.18310000002384186
6197.1201171875,0.18289999663829803
6197.39013671875,0.1826999932527542
6197.66015625,0.18250000476837158
6197.93994140625,0.18240000307559967
6198.2099609375,0.18219999969005585
6198.490234375,0.18199999630451202
6198.759765625,0.1817999929189682
6199.0400390625,0.18160000443458557
6199.31005859375,0.18150000274181366
6199.58984375,0.18129999935626984
6199.85986328125,0.181099995970726
6200.14013671875,0.1808999925851822
6200.41015625,0.18080000579357147
6200.68994140625,0.18060000240802765
6200.9599609375,0.18039999902248383
6201.240234375,0.18029999732971191
6201.509765625,0.1800999939441681
6201.7900390625,0.17990000545978546
6202.06005859375,0.17980000376701355
6202.33984375,0.17960000038146973
6202.60986328125,0.1793999969959259
6202.89013671875,0.179299995303154
6203.16015625,0.17910000681877136
6203.43994140625,0.17890000343322754
6203.7099609375,0.17880000174045563
6203.990234375,0.1785999983549118
6204.259765625,0.17839999496936798
6204.5400390625,0.17829999327659607
6204.81005859375,0.17810000479221344
6205.08984375,0.17790000140666962
6205.35986328125,0.1777999997138977
6205.64013671875,0.17759999632835388
6205.91015625,0.17749999463558197
6206.18994140625,0.17730000615119934
6206.4599609375,0.17710000276565552
6206.740234375,0.1770000010728836
6207.009765625,0.17679999768733978
6207.2900390625,0.17659999430179596
6207.56982421875,0.17649999260902405
6207.83984375,0.17630000412464142
6208.10986328125,0.1761000007390976
6208.39013671875,0.17599999904632568
6208.669921875,0.17579999566078186
6208.93994140625,0.17560000717639923
6209.2099609375,0.17550000548362732
6209.490234375,0.1753000020980835
6209.77001953125,0.17509999871253967
6210.0400390625,0.17499999701976776
6210.31982421875,0.17479999363422394
6210.58984375,0.1746000051498413
6210.8701171875,0.1745000034570694
6211.14013671875,0.17430000007152557
6211.419921875,0.17409999668598175
6211.68994140625,0.17399999499320984
6211.97021484375,0.1738000065088272
6212.25,0.1737000048160553
6212.52001953125,0.17350000143051147
6212.7998046875,0.17329999804496765
6213.06982421875,0.17319999635219574
6213.35009765625,0.17299999296665192
6213.6201171875,0.1728000044822693
6213.89990234375,0.17270000278949738
6214.169921875,0.17249999940395355
6214.4501953125,0.17229999601840973
6214.72998046875,0.17219999432563782
6215.0,0.1720000058412552
6215.27978515625,0.17180000245571136
6215.5498046875,0.17170000076293945
6215.830078125,0.17149999737739563
6216.10009765625,0.1712999939918518
6216.3798828125,0.1712000072002411
6216.64990234375,0.17100000381469727
6216.93017578125,0.17080000042915344
6217.2001953125,0.17069999873638153
6217.47998046875,0.1704999953508377
6217.759765625,0.17030000686645508
6218.02978515625,0.17020000517368317
6218.31005859375,0.17000000178813934
6218.580078125,0.16990000009536743
6218.85986328125,0.1696999967098236
6219.14013671875,0.16949999332427979
6219.41015625,0.16940000653266907
6219.68994140625,0.16920000314712524
6219.9599609375,0.16899999976158142
6220.240234375,0.1688999980688095
6220.52001953125,0.16869999468326569
6220.7900390625,0.16850000619888306
6221.06005859375,0.16840000450611115
6221.33984375,0.16820000112056732
6221.6201171875,0.1679999977350235
6221.89990234375,0.1678999960422516
6222.169921875,0.16769999265670776
6222.43994140625,0.16750000417232513
6222.72021484375,0.16740000247955322
6222.990234375,0.1671999990940094
6223.27001953125,0.16699999570846558
6223.5498046875,0.16689999401569366
6223.81982421875,0.16670000553131104
6224.10009765625,0.1665000021457672
6224.3798828125,0.1664000004529953
6224.64990234375,0.16619999706745148
6224.93017578125,0.16599999368190765
6225.2099609375,0.16590000689029694
6225.47998046875,0.1657000035047531
6225.759765625,0.1655000001192093
6226.02978515625,0.16539999842643738
6226.31005859375,0.16519999504089355
6226.580078125,0.16500000655651093
6226.85986328125,0.164900004863739
6227.14013671875,0.1647000014781952
6227.41015625,0.16459999978542328
6227.68994140625,0.16439999639987946
6227.9599609375,0.16419999301433563
6228.240234375,0.16410000622272491
6228.52001953125,0.1639000028371811
6228.7900390625,0.16369999945163727
6229.06982421875,0.16359999775886536
6229.35009765625,0.16339999437332153
6229.6201171875,0.1632000058889389
6229.89990234375,0.163100004196167
6230.169921875,0.16290000081062317
6230.4501953125,0.16269999742507935
6230.72998046875,0.16259999573230743
6231.0,0.1624000072479248
6231.27978515625,0.16220000386238098
6231.56005859375,0.16210000216960907
6231.830078125,0.16189999878406525
6232.10986328125,0.16169999539852142
6232.3798828125,0.1615999937057495
6232.66015625,0.16140000522136688
6232.93994140625,0.16120000183582306
6233.2099609375,0.16110000014305115
6233.490234375,0.16089999675750732
6233.77001953125,0.1606999933719635
6234.0400390625,0.16060000658035278
6234.31982421875,0.16040000319480896
6234.58984375,0.16019999980926514
6234.8701171875,0.16009999811649323
6235.14990234375,0.1598999947309494
6235.43017578125,0.15970000624656677
6235.7001953125,0.15960000455379486
6235.97998046875,0.15940000116825104
6236.25,0.15919999778270721
6236.52978515625,0.1590999960899353
6236.81005859375,0.15889999270439148
6237.08984375,0.15870000422000885
6237.35986328125,0.15860000252723694
6237.64013671875,0.15839999914169312
6237.91015625,0.1582999974489212
6238.18994140625,0.15809999406337738
6238.47021484375,0.15790000557899475
6238.740234375,0.15780000388622284
6239.02001953125,0.15760000050067902
6239.2998046875,0.1573999971151352
6239.56982421875,0.15729999542236328
6239.85009765625,0.15710000693798065
6240.1298828125,0.15690000355243683
6240.39990234375,0.15680000185966492
6240.68017578125,0.1565999984741211
6240.9599609375,0.15639999508857727
6241.22998046875,0.15629999339580536
6241.509765625,0.15610000491142273
6241.7900390625,0.1559000015258789
6242.06005859375,0.155799999833107
6242.33984375,0.15559999644756317
6242.6201171875,0.15539999306201935
6242.89990234375,0.15530000627040863
6243.169921875,0.1551000028848648
6243.4501953125,0.15489999949932098
6243.72998046875,0.15479999780654907
6244.0,0.15459999442100525
6244.27978515625,0.15440000593662262
6244.5498046875,0.1543000042438507
6244.830078125,0.15410000085830688
6245.10986328125,0.15389999747276306
6245.3798828125,0.15379999577999115
6245.66015625,0.15360000729560852
6245.93994140625,0.1534000039100647
6246.22021484375,0.15330000221729279
6246.5,0.15309999883174896
6246.77001953125,0.15289999544620514
6247.0498046875,0.15279999375343323
6247.330078125,0.1526000052690506
6247.60009765625,0.15240000188350677
6247.8798828125,0.15230000019073486
6248.16015625,0.15209999680519104
6248.43017578125,0.15189999341964722
6248.7099609375,0.1518000066280365
6248.990234375,0.15160000324249268
6249.259765625,0.15139999985694885
6249.5400390625,0.15129999816417694
6249.81982421875,0.15109999477863312
6250.10009765625,0.1509000062942505
6250.3701171875,0.15080000460147858
6250.64990234375,0.15060000121593475
6250.93017578125,0.15039999783039093
6251.2001953125,0.15029999613761902
6251.47998046875,0.1500999927520752
6251.759765625,0.14990000426769257
6252.0400390625,0.14970000088214874
6252.31005859375,0.14959999918937683
6252.58984375,0.149399995803833
6252.8701171875,0.14920000731945038
6253.14013671875,0.14900000393390656
6253.419921875,0.14890000224113464
6253.7001953125,0.14869999885559082
6253.97998046875,0.148499995470047
6254.25,0.14839999377727509
6254.52978515625,0.14820000529289246
6254.81005859375,0.14800000190734863
6255.080078125,0.1477999985218048
6255.35986328125,0.1476999968290329
6255.64013671875,0.14749999344348907
6255.919921875,0.14730000495910645
6256.18994140625,0.14720000326633453
6256.47021484375,0.1469999998807907
6256.75,0.1467999964952469
6257.02001953125,0.14659999310970306
6257.31005859375,0.14650000631809235
6257.580078125,0.14630000293254852
6257.85986328125,0.1460999995470047
6258.14013671875,0.1459999978542328
6258.41015625,0.14579999446868896
6258.68994140625,0.14560000598430634
6258.97021484375,0.1454000025987625
6259.25,0.1453000009059906
6259.52978515625,0.14509999752044678
6259.7998046875,0.14489999413490295
6260.080078125,0.14480000734329224
6260.35986328125,0.1446000039577484
6260.6298828125,0.1444000005722046
6260.91015625,0.14419999718666077
6261.18994140625,0.14409999549388885
6261.47021484375,0.14390000700950623
6261.75,0.1437000036239624
6262.02001953125,0.14350000023841858
6262.2998046875,0.14339999854564667
6262.580078125,0.14319999516010284
6262.85009765625,0.14300000667572021
6263.14013671875,0.1429000049829483
6263.41015625,0.14270000159740448
6263.68994140625,0.14249999821186066
6263.97021484375,0.14229999482631683
6264.240234375,0.14219999313354492
6264.52001953125,0.1420000046491623
6264.7998046875,0.14180000126361847
6265.080078125,0.14169999957084656
6265.35986328125,0.14149999618530273
6265.6298828125,0.1412999927997589
6265.91015625,0.14110000431537628
6266.18994140625,0.14100000262260437
6266.4599609375,0.14079999923706055
6266.740234375,0.14059999585151672
6267.02978515625,0.1404000073671341
6267.2998046875,0.14030000567436218
6267.580078125,0.14010000228881836
6267.85009765625,0.13989999890327454
6268.1298828125,0.13979999721050262
6268.41015625,0.1395999938249588
6268.68994140625,0.13940000534057617
6268.97021484375,0.13920000195503235
6269.240234375,0.13910000026226044
6269.52001953125,0.1388999968767166
6269.7998046875,0.1386999934911728
6270.080078125,0.13860000669956207
6270.35986328125,0.13840000331401825
6270.64013671875,0.13819999992847443
6270.91015625,0.1379999965429306
6271.18994140625,0.1378999948501587
6271.47021484375,0.13770000636577606
6271.75,0.13750000298023224
6272.02978515625,0.13729999959468842
6272.2998046875,0.1371999979019165
6272.580078125,0.13699999451637268
6272.85986328125,0.13680000603199005
6273.14013671875,0.13670000433921814
6273.419921875,0.13650000095367432
6273.68994140625,0.1362999975681305
6273.97021484375,0.13609999418258667
6274.25,0.13600000739097595
6274.52978515625,0.13580000400543213
6274.81005859375,0.1356000006198883
6275.080078125,0.13539999723434448
6275.35986328125,0.13529999554157257
6275.64013671875,0.13510000705718994
6275.919921875,0.13490000367164612
6276.2001953125,0.1348000019788742
6276.47998046875,0.13459999859333038
6276.759765625,0.13439999520778656
6277.02978515625,0.13420000672340393
6277.31005859375,0.13410000503063202
6277.58984375,0.1339000016450882
6277.8701171875,0.13369999825954437
6278.14013671875,0.13359999656677246
6278.43017578125,0.13339999318122864
6278.7001953125,0.133200004696846
6278.97998046875,0.13300000131130219
6279.259765625,0.13289999961853027
6279.5400390625,0.13269999623298645
6279.81982421875,0.13249999284744263
6280.10009765625,0.13230000436306
6280.3701171875,0.13220000267028809
6280.64990234375,0.13199999928474426
6280.93017578125,0.13179999589920044
6281.2099609375,0.1316000074148178
6281.490234375,0.1315000057220459
6281.759765625,0.13130000233650208
6282.0498046875,0.13109999895095825
6282.31982421875,0.13099999725818634
6282.60009765625,0.13079999387264252
6282.8798828125,0.1306000053882599
6283.16015625,0.13040000200271606
6283.43994140625,0.13030000030994415
6283.72021484375,0.13009999692440033
6284.0,0.1298999935388565
6284.27978515625,0.12970000505447388
6284.5498046875,0.12960000336170197
6284.830078125,0.12939999997615814
6285.10986328125,0.12919999659061432
6285.39013671875,0.1290999948978424
6285.669921875,0.12890000641345978
6285.9501953125,0.12870000302791595
6286.22998046875,0.12849999964237213
6286.5,0.12839999794960022
6286.77978515625,0.1281999945640564
6287.06005859375,0.12800000607967377
6287.33984375,0.12780000269412994
6287.6201171875,0.12770000100135803
6287.89990234375,0.1274999976158142
6288.169921875,0.12729999423027039
6288.4501953125,0.12720000743865967
6288.72998046875,0.12700000405311584
6289.009765625,0.12680000066757202
6289.2900390625,0.1265999972820282
6289.56982421875,0.1264999955892563
6289.85009765625,0.12630000710487366
6290.1298828125,0.12610000371932983
6290.41015625,0.125900000333786
6290.68994140625,0.1257999986410141
6290.9599609375,0.12559999525547028
6291.240234375,0.12540000677108765
6291.52001953125,0.12530000507831573
6291.7998046875,0.1251000016927719
6292.080078125,0.12489999830722809
6292.35986328125,0.12470000237226486
6292.64013671875,0.12460000067949295
6292.919921875,0.12439999729394913
6293.2001953125,0.1242000013589859
6293.47998046875,0.12399999797344208
6293.759765625,0.12389999628067017
6294.02978515625,0.12370000034570694
6294.31005859375,0.12349999696016312
6294.58984375,0.1234000027179718
6294.8701171875,0.12319999933242798
6295.14990234375,0.12300000339746475
6295.43017578125,0.12280000001192093
6295.7099609375,0.12269999831914902
6295.990234375,0.12250000238418579
6296.27001953125,0.12229999899864197
6296.5400390625,0.12210000306367874
6296.81982421875,0.12200000137090683
6297.10009765625,0.121799997985363
6297.3798828125,0.12160000205039978
6297.66015625,0.12139999866485596
6297.93994140625,0.12129999697208405
6298.22021484375,0.12110000103712082
6298.5,0.120899997651577
6298.77978515625,0.12080000340938568
6299.06005859375,0.12060000002384186
6299.33984375,0.12039999663829803
6299.6201171875,0.12020000070333481
6299.89990234375,0.1200999990105629
6300.18017578125,0.11990000307559967
6300.4599609375,0.11980000138282776
6300.72998046875,0.11959999799728394
6301.009765625,0.11949999630451202
6301.2998046875,0.1193000003695488
6301.56982421875,0.11919999867677689
6301.85009765625,0.11900000274181366
6302.1298828125,0.11879999935626984
6302.41015625,0.11869999766349792
6302.68994140625,0.1185000017285347
6302.97021484375,0.11840000003576279
6303.25,0.11819999665021896
6303.52978515625,0.11810000240802765
6303.81005859375,0.11789999902248383
6304.08984375,0.11779999732971191
6304.3701171875,0.11760000139474869
6304.64990234375,0.11749999970197678
6304.93017578125,0.11729999631643295
6305.2099609375,0.11720000207424164
6305.490234375,0.11699999868869781
6305.759765625,0.1168999969959259
6306.0400390625,0.11670000106096268
6306.31982421875,0.11659999936819077
6306.60009765625,0.11640000343322754
6306.89013671875,0.11630000174045563
6307.169921875,0.1160999983549118
6307.43994140625,0.11599999666213989
6307.72021484375,0.11580000072717667
6308.0,0.11569999903440475
6308.27978515625,0.11550000309944153
6308.56005859375,0.11540000140666962
6308.83984375,0.1151999980211258
6309.1201171875,0.11509999632835388
6309.39990234375,0.11490000039339066
6309.68017578125,0.11479999870061874
6309.9599609375,0.11460000276565552
6310.240234375,0.1145000010728836
6310.52001953125,0.11429999768733978
6310.7998046875,0.11420000344514847
6311.080078125,0.11400000005960464
6311.35986328125,0.11389999836683273
6311.64013671875,0.1137000024318695
6311.919921875,0.1136000007390976
6312.2001953125,0.11339999735355377
6312.47998046875,0.11330000311136246
6312.759765625,0.11309999972581863
6313.0400390625,0.11299999803304672
6313.31982421875,0.1128000020980835
6313.60009765625,0.11270000040531158
6313.8798828125,0.11249999701976776
6314.16015625,0.11240000277757645
6314.43994140625,0.11219999939203262
6314.72021484375,0.11209999769926071
6315.0,0.11190000176429749
6315.27978515625,0.11180000007152557
6315.56005859375,0.11159999668598175
6315.83984375,0.11140000075101852
6316.1201171875,0.11129999905824661
6316.39990234375,0.11110000312328339
6316.68017578125,0.11100000143051147
6316.9599609375,0.11079999804496765
6317.240234375,0.11069999635219574
6317.52001953125,0.11050000041723251
6317.7998046875,0.1103999987244606
6318.080078125,0.11020000278949738
6318.35986328125,0.11010000109672546
6318.64013671875,0.10989999771118164
6318.919921875,0.10980000346899033
6319.2001953125,0.1096000000834465
6319.47998046875,0.10949999839067459
6319.759765625,0.10930000245571136
6320.0400390625,0.10920000076293945
6320.31982421875,0.10899999737739563
6320.60009765625,0.10890000313520432
6320.8798828125,0.10869999974966049
6321.16015625,0.10859999805688858
6321.43994140625,0.10840000212192535
6321.72021484375,0.10830000042915344
6322.0,0.10809999704360962
6322.27978515625,0.1080000028014183
6322.56005859375,0.10779999941587448
6322.83984375,0.10769999772310257
6323.1201171875,0.10750000178813934
6323.39990234375,0.10740000009536743
6323.68017578125,0.10719999670982361
6323.9599609375,0.1071000024676323
6324.25,0.10689999908208847
6324.52978515625,0.10679999738931656
6324.7998046875,0.10660000145435333
6325.08984375,0.10649999976158142
6325.3701171875,0.1062999963760376
6325.64013671875,0.10620000213384628
6325.93017578125,0.10599999874830246
6326.2099609375,0.10580000281333923
6326.490234375,0.10570000112056732
6326.77001953125,0.1054999977350235
6327.0498046875,0.10540000349283218
6327.330078125,0.10520000010728836
6327.60986328125,0.10509999841451645
6327.89013671875,0.10490000247955322
6328.169921875,0.10480000078678131
6328.4501953125,0.10459999740123749
6328.72998046875,0.10450000315904617
6329.009765625,0.10429999977350235
6329.2900390625,0.10419999808073044
6329.56982421875,0.10400000214576721
6329.85986328125,0.1039000004529953
6330.14013671875,0.10369999706745148
6330.419921875,0.10360000282526016
6330.7001953125,0.10339999943971634
6330.97998046875,0.10329999774694443
6331.259765625,0.1031000018119812
6331.5400390625,0.10300000011920929
6331.81982421875,0.10279999673366547
6332.10009765625,0.10270000249147415
6332.3798828125,0.10249999910593033
6332.66015625,0.10239999741315842
6332.93994140625,0.10220000147819519
6333.22021484375,0.10209999978542328
6333.5,0.10189999639987946
6333.7900390625,0.10180000215768814
6334.06982421875,0.10159999877214432
6334.35009765625,0.1014999970793724
6334.6298828125,0.10130000114440918
6334.91015625,0.10109999775886536
6335.18994140625,0.10100000351667404
6335.47021484375,0.10080000013113022
6335.75,0.1006999984383583
6336.02978515625,0.10050000250339508
6336.31005859375,0.10040000081062317
6336.58984375,0.10019999742507935
6336.8701171875,0.10010000318288803
6337.16015625,0.09989999979734421
6337.43017578125,0.0997999981045723
6337.72021484375,0.09960000216960907
6338.0,0.09950000047683716
6338.27978515625,0.09929999709129333
6338.56005859375,0.09920000284910202
6338.83984375,0.0989999994635582
6339.1201171875,0.09889999777078629
6339.41015625,0.09870000183582306
6339.68994140625,0.09860000014305115
6339.97021484375,0.09839999675750732
6340.25,0.09830000251531601
6340.52978515625,0.09809999912977219
6340.81005859375,0.09799999743700027
6341.08984375,0.09780000150203705
6341.3701171875,0.09769999980926514
6341.66015625,0.09749999642372131
6341.93994140625,0.09740000218153
6342.22021484375,0.09719999879598618
6342.5,0.09709999710321426
6342.77978515625,0.09690000116825104
6343.06005859375,0.09669999778270721
6343.33984375,0.0966000035405159
6343.6201171875,0.09640000015497208
6343.89990234375,0.09629999846220016
6344.18017578125,0.09610000252723694
6344.47021484375,0.09600000083446503
6344.75,0.0957999974489212
6345.02978515625,0.09570000320672989
6345.31005859375,0.09549999982118607
6345.58984375,0.09539999812841415
6345.8701171875,0.09520000219345093
6346.14990234375,0.09510000050067902
6346.43017578125,0.09489999711513519
6346.72021484375,0.09480000287294388
6347.0,0.09459999948740005
6347.27978515625,0.09449999779462814
6347.56005859375,0.09430000185966492
6347.83984375,0.094200000166893
6348.1201171875,0.09399999678134918
6348.39990234375,0.09390000253915787
6348.68994140625,0.09369999915361404
6348.97021484375,0.09359999746084213
6349.25,0.0934000015258789
6349.52978515625,0.093299999833107
6349.81005859375,0.09309999644756317
6350.08984375,0.09300000220537186
6350.3798828125,0.09279999881982803
6350.66015625,0.09269999712705612
6350.93994140625,0.0925000011920929
6351.22021484375,0.09239999949932098
6351.5,0.09229999780654907
6351.7900390625,0.09210000187158585
6352.06005859375,0.09200000017881393
6352.35009765625,0.09189999848604202
6352.6298828125,0.0917000025510788
6352.91015625,0.09160000085830688
6353.18994140625,0.09149999916553497
6353.47021484375,0.09130000323057175
6353.759765625,0.09120000153779984
6354.0400390625,0.09109999984502792
6354.31982421875,0.0908999964594841
6354.60009765625,0.09080000221729279
6354.89013671875,0.09070000052452087
6355.16015625,0.09049999713897705
6355.4501953125,0.09040000289678574
6355.72998046875,0.09030000120401382
6356.009765625,0.09009999781847
6356.2900390625,0.09000000357627869
6356.56982421875,0.08980000019073486
6356.85986328125,0.08969999849796295
6357.14013671875,0.08959999680519104
6357.419921875,0.08940000087022781
6357.7001953125,0.0892999991774559
6357.97998046875,0.08919999748468399
6358.259765625,0.08900000154972076
6358.5498046875,0.08889999985694885
6358.830078125,0.08879999816417694
6359.10986328125,0.08860000222921371
6359.39013671875,0.0885000005364418
6359.669921875,0.08839999884366989
6359.9599609375,0.08820000290870667
6360.240234375,0.08810000121593475
6360.52001953125,0.08799999952316284
6360.81005859375,0.08780000358819962
6361.080078125,0.0877000018954277
6361.3701171875,0.08749999850988388
6361.64990234375,0.08739999681711197
6361.93017578125,0.08730000257492065
6362.2099609375,0.08709999918937683
6362.5,0.08699999749660492
6362.77978515625,0.0869000032544136
6363.06005859375,0.08669999986886978
6363.33984375,0.08659999817609787
6363.6201171875,0.08649999648332596
6363.89990234375,0.08630000054836273
6364.18994140625,0.08619999885559082
6364.47021484375,0.08609999716281891
6364.75,0.08590000122785568
6365.0400390625,0.08579999953508377
6365.31005859375,0.08560000360012054
6365.60009765625,0.08550000190734863
6365.8798828125,0.08540000021457672
6366.16015625,0.0851999968290329
6366.4501953125,0.08510000258684158
6366.72998046875,0.08500000089406967
6367.009765625,0.08479999750852585
6367.2900390625,0.08470000326633453
6367.56982421875,0.08460000157356262
6367.85986328125,0.0843999981880188
6368.14013671875,0.08429999649524689
6368.419921875,0.08420000225305557
6368.7099609375,0.08399999886751175
6368.990234375,0.08389999717473984
6369.27001953125,0.08380000293254852
6369.5498046875,0.0835999995470047
6369.830078125,0.08349999785423279
6370.10986328125,0.08330000191926956
6370.39990234375,0.08320000022649765
6370.68017578125,0.08309999853372574
6370.9599609375,0.08290000259876251
6371.240234375,0.0828000009059906
6371.52978515625,0.08269999921321869
6371.81005859375,0.08250000327825546
6372.08984375,0.08240000158548355
6372.3798828125,0.08229999989271164
6372.66015625,0.08209999650716782
6372.93994140625,0.0820000022649765
6373.22021484375,0.08190000057220459
6373.5,0.08169999718666077
6373.7900390625,0.08160000294446945
6374.06982421875,0.08139999955892563
6374.35009765625,0.08129999786615372
6374.64013671875,0.0812000036239624
6374.919921875,0.08100000023841858
6375.2001953125,0.08089999854564667
6375.47998046875,0.08079999685287476
6375.759765625,0.08060000091791153
6376.0498046875,0.08049999922513962
6376.33984375,0.0803999975323677
6376.6201171875,0.08020000159740448
6376.89990234375,0.08009999990463257
6377.18017578125,0.07999999821186066
6377.4599609375,0.07980000227689743
6377.75,0.07970000058412552
6378.02978515625,0.0794999971985817
6378.31005859375,0.07940000295639038
6378.60009765625,0.07930000126361847
6378.8798828125,0.07909999787807465
6379.16015625,0.07900000363588333
6379.43994140625,0.07890000194311142
6379.72021484375,0.0786999985575676
6380.009765625,0.07859999686479568
6380.2900390625,0.07850000262260437
6380.580078125,0.07829999923706055
6380.85986328125,0.07819999754428864
6381.14013671875,0.07810000330209732
6381.419921875,0.0778999999165535
6381.7001953125,0.07779999822378159
6381.990234375,0.07760000228881836
6382.27001953125,0.07750000059604645
6382.56005859375,0.07739999890327454
6382.83984375,0.07720000296831131
6383.1201171875,0.0771000012755394
6383.39990234375,0.07699999958276749
6383.68994140625,0.07680000364780426
6383.97021484375,0.07670000195503235
6384.25,0.07660000026226044
6384.5400390625,0.07639999687671661
6384.81982421875,0.0763000026345253
6385.10009765625,0.07620000094175339
6385.3798828125,0.07599999755620956
6385.669921875,0.07590000331401825
6385.9599609375,0.07569999992847443
6386.240234375,0.07559999823570251
6386.52001953125,0.0754999965429306
6386.7998046875,0.07530000060796738
6387.080078125,0.07519999891519547
6387.3701171875,0.07509999722242355
6387.64990234375,0.07490000128746033
6387.93994140625,0.07479999959468842
6388.22021484375,0.0746999979019165
6388.5,0.07450000196695328
6388.77978515625,0.07440000027418137
6389.06982421875,0.07419999688863754
6389.35009765625,0.07410000264644623
6389.64013671875,0.07400000095367432
6389.919921875,0.0737999975681305
6390.2001953125,0.07370000332593918
6390.47998046875,0.07360000163316727
6390.77001953125,0.07339999824762344
6391.0498046875,0.07329999655485153
6391.330078125,0.07320000231266022
6391.6201171875,0.0729999989271164
6391.89990234375,0.07289999723434448
6392.18017578125,0.07280000299215317
6392.47021484375,0.07259999960660934
6392.75,0.07249999791383743
6393.02978515625,0.0723000019788742
6393.31982421875,0.0722000002861023
6393.60009765625,0.07209999859333038
6393.89013671875,0.07190000265836716
6394.169921875,0.07180000096559525
6394.4501953125,0.07169999927282333
6394.740234375,0.07150000333786011
6395.02001953125,0.0714000016450882
6395.2998046875,0.07129999995231628
6395.58984375,0.07109999656677246
6395.8701171875,0.07100000232458115
6396.14990234375,0.07079999893903732
6396.43994140625,0.07069999724626541
6396.72021484375,0.0706000030040741
6397.0,0.07039999961853027
6397.2900390625,0.07029999792575836
6397.56982421875,0.07020000368356705
6397.85986328125,0.07000000029802322
6398.14013671875,0.06989999860525131
6398.419921875,0.0697999969124794
6398.7001953125,0.06960000097751617
6398.990234375,0.06949999928474426
6399.27978515625,0.06930000334978104
6399.56005859375,0.06920000165700912
6399.83984375,0.06909999996423721
6400.1201171875,0.0689999982714653
6400.41015625,0.06889999657869339
6400.68994140625,0.06880000233650208
6400.97021484375,0.06859999895095825
6401.259765625,0.06849999725818634
6401.5498046875,0.06840000301599503
6401.830078125,0.06830000132322311
6402.10986328125,0.0681999996304512
6402.39013671875,0.06809999793767929
6402.68017578125,0.06800000369548798
6402.9599609375,0.06790000200271606
6403.25,0.06780000030994415
6403.52978515625,0.06769999861717224
6403.81982421875,0.06759999692440033
6404.10009765625,0.06750000268220901
6404.3798828125,0.0674000009894371
6404.66015625,0.06729999929666519
6404.9501953125,0.06719999760389328
6405.240234375,0.06710000336170197
6405.52001953125,0.06700000166893005
6405.7998046875,0.06689999997615814
6406.080078125,0.06679999828338623
6406.3701171875,0.06669999659061432
6406.64990234375,0.066600002348423
6406.93994140625,0.06650000065565109
6407.22021484375,0.06639999896287918
6407.509765625,0.06629999727010727
6407.7900390625,0.06620000302791595
6408.080078125,0.06610000133514404
6408.35986328125,0.06599999964237213
6408.64013671875,0.06589999794960022
6408.93017578125,0.0658000037074089
6409.2099609375,0.065700002014637
6409.5,0.06560000032186508
6409.77978515625,0.06549999862909317
6410.06005859375,0.06539999693632126
6410.35009765625,0.06530000269412994
6410.6298828125,0.06520000100135803
6410.919921875,0.06509999930858612
6411.2001953125,0.06499999761581421
6411.490234375,0.0649000033736229
6411.77001953125,0.06480000168085098
6412.0498046875,0.06469999998807907
6412.33984375,0.06459999829530716
6412.6201171875,0.06449999660253525
6412.91015625,0.06440000236034393
6413.18994140625,0.06430000066757202
6413.47998046875,0.0640999972820282
6413.759765625,0.06400000303983688
6414.0400390625,0.06390000134706497
6414.330078125,0.06379999965429306
6414.60986328125,0.06369999796152115
6414.89990234375,0.06360000371932983
6415.18017578125,0.06350000202655792
6415.47021484375,0.06340000033378601
6415.75,0.0632999986410141
6416.02978515625,0.06319999694824219
6416.31982421875,0.06310000270605087
6416.60009765625,0.06300000101327896
6416.89013671875,0.06289999932050705
6417.18017578125,0.06279999762773514
6417.4599609375,0.06270000338554382
6417.740234375,0.06260000169277191
6418.02978515625,0.0625
6418.31005859375,0.06239999830722809
6418.60009765625,0.062300000339746475
6418.8798828125,0.062199998646974564
6419.169921875,0.06210000067949295
6419.4501953125,0.06199999898672104
6419.72998046875,0.061900001019239426
6420.02001953125,0.061799999326467514
6420.2998046875,0.0617000013589859
6420.58984375,0.06159999966621399
6420.8798828125,0.061500001698732376
6421.16015625,0.061400000005960464
6421.43994140625,0.06129999831318855
6421.72998046875,0.06120000034570694
6422.009765625,0.06109999865293503
6422.2998046875,0.061000000685453415
6422.580078125,0.0608999989926815
6422.8701171875,0.06080000102519989
6423.14990234375,0.06069999933242798
6423.43994140625,0.060600001364946365
6423.72021484375,0.060499999672174454
6424.0,0.06040000170469284
6424.2900390625,0.06030000001192093
6424.580078125,0.06019999831914902
6424.85986328125,0.05999999865889549
6425.14990234375,0.05990000069141388
6425.43017578125,0.05979999899864197
6425.7099609375,0.059700001031160355
6426.0,0.05959999933838844
6426.27978515625,0.05950000137090683
6426.56982421875,0.05939999967813492
6426.85986328125,0.059300001710653305
6427.14013671875,0.05920000001788139
6427.43017578125,0.05909999832510948
6427.7099609375,0.05900000035762787
6427.990234375,0.05889999866485596
6428.27978515625,0.058800000697374344
6428.56005859375,0.05869999900460243
6428.85009765625,0.05860000103712082
6429.14013671875,0.05849999934434891
6429.419921875,0.058400001376867294
6429.7099609375,0.05829999968409538
6429.990234375,0.05820000171661377
6430.27001953125,0.05810000002384186
6430.56005859375,0.057999998331069946
6430.85009765625,0.05790000036358833
6431.1298828125,0.05779999867081642
6431.41015625,0.05770000070333481
6431.7001953125,0.0575999990105629
6431.990234375,0.057500001043081284
6432.27001953125,0.05739999935030937
6432.56005859375,0.05730000138282776
6432.83984375,0.05719999969005585
6433.1298828125,0.057100001722574234
6433.41015625,0.05700000002980232
6433.7001953125,0.05689999833703041
6433.97998046875,0.0568000003695488
6434.27001953125,0.056699998676776886
6434.5498046875,0.05660000070929527
6434.83984375,0.05649999901652336
6435.1298828125,0.05640000104904175
6435.41015625,0.056299999356269836
6435.68994140625,0.05620000138878822
6435.97998046875,0.0560000017285347
6436.27001953125,0.05590000003576279
6436.5498046875,0.055799998342990875
6436.83984375,0.05570000037550926
6437.1201171875,0.05559999868273735
6437.39990234375,0.05550000071525574
6437.68994140625,0.055399999022483826
6437.97998046875,0.05530000105500221
6438.259765625,0.0551999993622303
6438.5498046875,0.05510000139474869
6438.83984375,0.054999999701976776
6439.1201171875,0.05490000173449516
6439.41015625,0.05480000004172325
6439.68994140625,0.05469999834895134
6439.97021484375,0.05460000038146973
6440.259765625,0.054499998688697815
6440.5498046875,0.0544000007212162
6440.830078125,0.05429999902844429
6441.1201171875,0.05420000106096268
6441.39990234375,0.054099999368190765
6441.68994140625,0.05400000140070915
6441.97021484375,0.05389999970793724
6442.259765625,0.05380000174045563
6442.5498046875,0.053700000047683716
6442.830078125,0.053599998354911804
6443.1201171875,0.05350000038743019
6443.39990234375,0.05339999869465828
6443.68994140625,0.053300000727176666
6443.97998046875,0.053199999034404755
6444.259765625,0.05310000106692314
6444.5498046875,0.05299999937415123
6444.830078125,0.05290000140666962
6445.1201171875,0.052799999713897705
6445.39990234375,0.05270000174641609
6445.68994140625,0.05260000005364418
6445.97998046875,0.052400000393390656
6446.259765625,0.052299998700618744
6446.5498046875,0.05220000073313713
6446.830078125,0.05209999904036522
6447.1201171875,0.052000001072883606
6447.39990234375,0.051899999380111694
6447.68994140625,0.05180000141263008
6447.97998046875,0.05169999971985817
6448.259765625,0.051600001752376556
6448.5498046875,0.051500000059604645
6448.830078125,0.05139999836683273
6449.1201171875,0.05130000039935112
6449.39990234375,0.05119999870657921
6449.68994140625,0.051100000739097595
6449.97998046875,0.050999999046325684
6450.259765625,0.05090000107884407
6450.5498046875,0.05079999938607216
6450.830078125,0.05079999938607216
6451.1201171875,0.050700001418590546
6451.41015625,0.050599999725818634
6451.68994140625,0.05050000175833702
6451.97998046875,0.05040000006556511
6452.27001953125,0.0502999983727932
6452.5498046875,0.050200000405311584
6452.83984375,0.05009999871253967
6453.1201171875,0.05009999871253967
6453.41015625,0.05000000074505806
6453.7001953125,0.04989999905228615
6453.97998046875,0.049800001084804535
6454.27001953125,0.04969999939203262
6454.56005859375,0.04960000142455101
6454.83984375,0.0494999997317791
6455.1298828125,0.0494999997317791
6455.41015625,0.049400001764297485
6455.7001953125,0.049300000071525574
6455.990234375,0.04919999837875366
6456.27001953125,0.04910000041127205
6456.56005859375,0.04899999871850014
6456.83984375,0.048900000751018524
6457.1298828125,0.048900000751018524
6457.419921875,0.04879999905824661
6457.7001953125,0.048700001090765
6457.990234375,0.04859999939799309
6458.27978515625,0.048500001430511475
6458.56005859375,0.04839999973773956
6458.85009765625,0.04830000177025795
6459.1298828125,0.04830000177025795
6459.419921875,0.04820000007748604
6459.7099609375,0.04809999838471413
6459.990234375,0.04800000041723251
6460.27978515625,0.0478999987244606
6460.56982421875,0.04780000075697899
6460.85009765625,0.04769999906420708
6461.14013671875,0.04769999906420708
6461.419921875,0.047600001096725464
6461.7099609375,0.04749999940395355
6462.0,0.04740000143647194
6462.2900390625,0.04729999974370003
6462.56982421875,0.047200001776218414
6462.85986328125,0.0471000000834465
6463.14013671875,0.0471000000834465
6463.43017578125,0.04699999839067459
6463.72021484375,0.04690000042319298
6464.009765625,0.046799998730421066
6464.2900390625,0.04670000076293945
6464.580078125,0.04659999907016754
6464.8701171875,0.04650000110268593
6465.14990234375,0.04650000110268593
6465.43994140625,0.04639999940991402
6465.72998046875,0.046300001442432404
6466.009765625,0.04619999974966049
6466.2998046875,0.04610000178217888
6466.580078125,0.04600000008940697
6466.8701171875,0.045899998396635056
6467.16015625,0.045899998396635056
6467.43994140625,0.04580000042915344
6467.72998046875,0.04569999873638153
6468.02001953125,0.04560000076889992
6468.31005859375,0.045499999076128006
6468.58984375,0.04540000110864639
6468.8798828125,0.04529999941587448
6469.169921875,0.04520000144839287
6469.4599609375,0.04520000144839287
6469.740234375,0.045099999755620956
6470.02978515625,0.04500000178813934
6470.31982421875,0.04490000009536743
6470.60009765625,0.04479999840259552
6470.89013671875,0.04470000043511391
6471.169921875,0.044599998742341995
6471.4599609375,0.044599998742341995
6471.75,0.04450000077486038
6472.0400390625,0.04439999908208847
6472.31982421875,0.04430000111460686
6472.60986328125,0.044199999421834946
6472.89990234375,0.04410000145435333
6473.18017578125,0.04399999976158142
6473.47021484375,0.04399999976158142
6473.759765625,0.04390000179409981
6474.0498046875,0.043800000101327896
6474.330078125,0.043699998408555984
6474.6201171875,0.04360000044107437
6474.89990234375,0.04349999874830246
6475.18994140625,0.04340000078082085
6475.47998046875,0.04340000078082085
6475.77001953125,0.043299999088048935
6476.06005859375,0.04320000112056732
6476.33984375,0.04309999942779541
6476.6298828125,0.0430000014603138
6476.919921875,0.042899999767541885
6477.2001953125,0.04280000180006027
6477.490234375,0.04280000180006027
6477.77978515625,0.04270000010728836
6478.06005859375,0.04259999841451645
6478.35009765625,0.042500000447034836
6478.64013671875,0.042399998754262924
6478.919921875,0.04230000078678131
6479.2099609375,0.0421999990940094
6479.5,0.042100001126527786
6479.7900390625,0.042100001126527786
6480.080078125,0.041999999433755875
6480.35986328125,0.04190000146627426
6480.64990234375,0.04179999977350235
6480.93017578125,0.04170000180602074
6481.22998046875,0.041600000113248825
6481.509765625,0.04149999842047691
6481.7998046875,0.04149999842047691
6482.08984375,0.0414000004529953
6482.3701171875,0.04129999876022339
6482.66015625,0.041200000792741776
6482.9501953125,0.041099999099969864
6483.240234375,0.04100000113248825
6483.52978515625,0.04089999943971634
6483.81005859375,0.04089999943971634
6484.10009765625,0.040800001472234726
6484.39013671875,0.040699999779462814
6484.669921875,0.0406000018119812
6484.9599609375,0.04050000011920929
6485.25,0.04039999842643738
6485.5400390625,0.040300000458955765
6485.830078125,0.040300000458955765
6486.10986328125,0.04019999876618385
6486.39990234375,0.04010000079870224
6486.68994140625,0.03999999910593033
6486.97021484375,0.039900001138448715
6487.259765625,0.039799999445676804
6487.5498046875,0.03970000147819519
6487.83984375,0.03959999978542328
6488.1298828125,0.03959999978542328
6488.41015625,0.039500001817941666
6488.7001953125,0.039400000125169754
6488.990234375,0.03929999843239784
6489.27978515625,0.03920000046491623
6489.56005859375,0.03909999877214432
6489.85009765625,0.039000000804662704
6490.14013671875,0.039000000804662704
6490.43017578125,0.03889999911189079
6490.7099609375,0.03880000114440918
6491.0,0.03869999945163727
6491.2900390625,0.038600001484155655
6491.580078125,0.03849999979138374
6491.8701171875,0.03840000182390213
6492.16015625,0.03840000182390213
6492.43994140625,0.03830000013113022
6492.72998046875,0.03819999843835831
6493.02001953125,0.038100000470876694
6493.31005859375,0.03799999877810478
6493.60009765625,0.03790000081062317
6493.8798828125,0.03779999911785126
6494.169921875,0.037700001150369644
6494.4501953125,0.037700001150369644
6494.740234375,0.03759999945759773
6495.0400390625,0.03750000149011612
6495.31982421875,0.03739999979734421
6495.60986328125,0.037300001829862595
6495.89990234375,0.03720000013709068
6496.18017578125,0.03709999844431877
6496.47021484375,0.03709999844431877
6496.759765625,0.03700000047683716
6497.0498046875,0.03689999878406525
6497.33984375,0.03680000081658363
6497.6201171875,0.03669999912381172
6497.91015625,0.03660000115633011
6498.2001953125,0.0364999994635582
6498.490234375,0.0364999994635582
6498.77978515625,0.036400001496076584
6499.06982421875,0.03629999980330467
6499.35009765625,0.03620000183582306
6499.64013671875,0.03610000014305115
6499.93017578125,0.035999998450279236
6500.22021484375,0.035999998450279236
6500.5,0.03590000048279762
6500.7900390625,0.03590000048279762
6501.08984375,0.03579999879002571
6501.3701171875,0.03579999879002571
6501.66015625,0.0357000008225441
6501.9501953125,0.035599999129772186
6502.22998046875,0.035599999129772186
6502.52001953125,0.03550000116229057
6502.81005859375,0.03550000116229057
6503.10009765625,0.03539999946951866
6503.39013671875,0.03539999946951866
6503.68017578125,0.03530000150203705
6503.97021484375,0.03530000150203705
6504.25,0.03519999980926514
6504.5400390625,0.03519999980926514
6504.830078125,0.035100001841783524
6505.1201171875,0.035100001841783524
6505.41015625,0.03500000014901161
6505.7001953125,0.03500000014901161
6505.97998046875,0.0348999984562397
6506.27001953125,0.0348999984562397
6506.56005859375,0.03480000048875809
6506.85009765625,0.03480000048875809
6507.14013671875,0.034699998795986176
6507.43017578125,0.034699998795986176
6507.72021484375,0.03460000082850456
6508.0,0.03460000082850456
6508.2900390625,0.03449999913573265
6508.580078125,0.03449999913573265
6508.8701171875,0.03440000116825104
6509.16015625,0.03440000116825104
6509.4501953125,0.034299999475479126
6509.740234375,0.03420000150799751
6510.02001953125,0.03420000150799751
6510.31005859375,0.0340999998152256
6510.60009765625,0.0340999998152256
6510.89013671875,0.03400000184774399
6511.18017578125,0.03400000184774399
6511.47021484375,0.033900000154972076
6511.759765625,0.033900000154972076
6512.0400390625,0.033799998462200165
6512.330078125,0.033799998462200165
6512.6201171875,0.03370000049471855
6512.91015625,0.03370000049471855
6513.2001953125,0.03359999880194664
6513.490234375,0.03359999880194664
6513.77978515625,0.03350000083446503
6514.06005859375,0.03350000083446503
6514.35009765625,0.033399999141693115
6514.64013671875,0.033399999141693115
6514.93017578125,0.0333000011742115
6515.22021484375,0.0333000011742115
6515.509765625,0.03319999948143959
6515.7998046875,0.03319999948143959
6516.08984375,0.03310000151395798
6516.3798828125,0.03310000151395798
6516.669921875,0.032999999821186066
6516.9599609375,0.03290000185370445
6517.240234375,0.03290000185370445
6517.52978515625,0.03280000016093254
6517.81982421875,0.03280000016093254
6518.10986328125,0.03269999846816063
6518.39990234375,0.03269999846816063
6518.68994140625,0.032600000500679016
6518.97998046875,0.032600000500679016
6519.27001953125,0.032499998807907104
6519.56005859375,0.032499998807907104
6519.85009765625,0.03240000084042549
6520.1298828125,0.03240000084042549
6520.419921875,0.03229999914765358
6520.72021484375,0.03229999914765358
6521.0,0.03220000118017197
6521.2900390625,0.03220000118017197
6521.580078125,0.032099999487400055
6521.8701171875,0.032099999487400055
6522.16015625,0.03200000151991844
6522.4501953125,0.03200000151991844
6522.740234375,0.03189999982714653
6523.02978515625,0.03189999982714653
6523.31982421875,0.03180000185966492
6523.60986328125,0.03180000185966492
6523.89013671875,0.031700000166893005
6524.18017578125,0.031599998474121094
6524.47021484375,0.031599998474121094
6524.759765625,0.03150000050663948
6525.0498046875,0.03150000050663948
6525.33984375,0.03139999881386757
6525.6298828125,0.03139999881386757
6525.919921875,0.031300000846385956
6526.2099609375,0.031300000846385956
6526.5,0.031199999153614044
6526.7900390625,0.031199999153614044
6527.080078125,0.031099999323487282
6527.3701171875,0.031099999323487282
6527.66015625,0.03099999949336052
6527.93994140625,0.03099999949336052
6528.22998046875,0.030899999663233757
6528.52001953125,0.030899999663233757
6528.81005859375,0.030799999833106995
6529.10986328125,0.030799999833106995
6529.39013671875,0.030700000002980232
6529.68017578125,0.030700000002980232
6529.97021484375,0.03060000017285347
6530.259765625,0.03060000017285347
6530.5498046875,0.030500000342726707
6530.83984375,0.030400000512599945
6531.1298828125,0.030400000512599945
6531.419921875,0.030300000682473183
6531.7099609375,0.030300000682473183
6532.0,0.03020000085234642
6532.2900390625,0.03020000085234642
6532.580078125,0.03009999915957451
6532.8701171875,0.03009999915957451
6533.16015625,0.029999999329447746
6533.4501953125,0.029999999329447746
6533.740234375,0.029899999499320984
6534.02001953125,0.029899999499320984
6534.31982421875,0.02979999966919422
6534.60986328125,0.02979999966919422
6534.89990234375,0.02969999983906746
6535.18994140625,0.02969999983906746
6535.47021484375,0.029600000008940697
6535.759765625,0.029600000008940697
6536.0498046875,0.029500000178813934
6536.33984375,0.029500000178813934
6536.64013671875,0.029400000348687172
6536.919921875,0.029400000348687172
6537.2099609375,0.02930000051856041
6537.509765625,0.029200000688433647
6537.7900390625,0.029200000688433647
6538.080078125,0.029100000858306885
6538.3701171875,0.029100000858306885
6538.66015625,0.028999999165534973
6538.9599609375,0.028999999165534973
6539.240234375,0.02889999933540821
6539.52978515625,0.02889999933540821
6539.81982421875,0.02879999950528145
6540.10986328125,0.02879999950528145
6540.41015625,0.028699999675154686
6540.68994140625,0.028699999675154686
6540.97998046875,0.028599999845027924
6541.27001953125,0.028599999845027924
6541.56005859375,0.02850000001490116
6541.85009765625,0.02850000001490116
6542.14013671875,0.0284000001847744
6542.43017578125,0.0284000001847744
6542.72998046875,0.028300000354647636
6543.009765625,0.028300000354647636
6543.2998046875,0.028200000524520874
6543.58984375,0.028200000524520874
6543.8798828125,0.02810000069439411
6544.169921875,0.02800000086426735
6544.4599609375,0.02800000086426735
6544.759765625,0.027899999171495438
6545.0498046875,0.027899999171495438
6545.330078125,0.027799999341368675
6545.6201171875,0.027799999341368675
6545.91015625,0.027699999511241913
6546.2001953125,0.027699999511241913
6546.5,0.02759999968111515
6546.7900390625,0.02759999968111515
6547.080078125,0.027499999850988388
6547.35986328125,0.027499999850988388
6547.66015625,0.027400000020861626
6547.9501953125,0.027400000020861626
6548.22998046875,0.027300000190734863
6548.52978515625,0.027300000190734863
6548.81982421875,0.0272000003606081
6549.10986328125,0.0272000003606081
6549.39990234375,0.02710000053048134
6549.68994140625,0.02710000053048134
6549.97998046875,0.027000000700354576
6550.27001953125,0.027000000700354576
6550.56005859375,0.026900000870227814
6550.85009765625,0.026900000870227814
6551.14013671875,0.026900000870227814
6551.43017578125,0.026799999177455902
6551.72021484375,0.026799999177455902
6552.009765625,0.026799999177455902
6552.2998046875,0.02669999934732914
6552.60009765625,0.02669999934732914
6552.8798828125,0.02669999934732914
6553.18017578125,0.026599999517202377
6553.47021484375,0.026599999517202377
6553.75,0.026599999517202377
6554.0498046875,0.026499999687075615
6554.33984375,0.026499999687075615
6554.6298828125,0.026399999856948853
6554.919921875,0.026399999856948853
6555.2099609375,0.026399999856948853
6555.5,0.02630000002682209
6555.7900390625,0.02630000002682209
6556.080078125,0.02630000002682209
6556.3701171875,0.026200000196695328
6556.66015625,0.026200000196695328
6556.9501953125,0.026200000196695328
6557.25,0.026100000366568565
6557.52978515625,0.026100000366568565
6557.830078125,0.026100000366568565
6558.10986328125,0.026000000536441803
6558.41015625,0.026000000536441803
6558.7001953125,0.026000000536441803
6558.990234375,0.02590000070631504
6559.27978515625,0.02590000070631504
6559.56982421875,0.02590000070631504
6559.85986328125,0.025800000876188278
6560.14990234375,0.025800000876188278
6560.43994140625,0.025699999183416367
6560.72998046875,0.025699999183416367
6561.02978515625,0.025699999183416367
6561.31005859375,0.025599999353289604
6561.60986328125,0.025599999353289604
6561.89013671875,0.025599999353289604
6562.18994140625,0.025499999523162842
6562.47998046875,0.025499999523162842
6562.77001953125,0.025499999523162842
6563.06005859375,0.02539999969303608
6563.35009765625,0.02539999969303608
6563.64013671875,0.02539999969303608
6563.93017578125,0.025299999862909317
6564.22998046875,0.025299999862909317
6564.52001953125,0.025299999862909317
6564.81005859375,0.025200000032782555
6565.10009765625,0.025200000032782555
6565.39013671875,0.025200000032782555
6565.68017578125,0.025100000202655792
6565.97021484375,0.025100000202655792
6566.27001953125,0.02500000037252903
6566.5498046875,0.02500000037252903
6566.85009765625,0.02500000037252903
6567.14013671875,0.024900000542402267
6567.43017578125,0.024900000542402267
6567.72021484375,0.024900000542402267
6568.009765625,0.024800000712275505
6568.2998046875,0.024800000712275505
6568.58984375,0.024800000712275505
6568.8798828125,0.024700000882148743
6569.18017578125,0.024700000882148743
6569.47021484375,0.024700000882148743
6569.759765625,0.02459999918937683
6570.0498046875,0.02459999918937683
6570.33984375,0.02459999918937683
6570.6298828125,0.02449999935925007
6570.919921875,0.02449999935925007
6571.2099609375,0.02449999935925007
6571.509765625,0.024399999529123306
6571.7900390625,0.024399999529123306
6572.08984375,0.024399999529123306
6572.3798828125,0.024299999698996544
6572.669921875,0.024299999698996544
6572.9599609375,0.02419999986886978
6573.259765625,0.02419999986886978
6573.5400390625,0.02419999986886978
6573.83984375,0.02410000003874302
6574.1201171875,0.02410000003874302
6574.419921875,0.02410000003874302
6574.7099609375,0.024000000208616257
6575.0,0.024000000208616257
6575.2900390625,0.024000000208616257
6575.58984375,0.023900000378489494
6575.8798828125,0.023900000378489494
6576.169921875,0.023900000378489494
6576.4599609375,0.023800000548362732
6576.75,0.023800000548362732
6577.0498046875,0.023800000548362732
6577.330078125,0.02370000071823597
6577.6298828125,0.02370000071823597
6577.919921875,0.023600000888109207
6578.2099609375,0.023600000888109207
6578.5,0.023600000888109207
6578.7900390625,0.023499999195337296
6579.08984375,0.023499999195337296
6579.3701171875,0.023499999195337296
6579.669921875,0.023399999365210533
6579.9599609375,0.023399999365210533
6580.25,0.023399999365210533
6580.5400390625,0.02329999953508377
6580.83984375,0.02329999953508377
6581.1298828125,0.02329999953508377
6581.419921875,0.02319999970495701
6581.7099609375,0.02319999970495701
6582.0,0.02319999970495701
6582.2998046875,0.023099999874830246
6582.58984375,0.023099999874830246
6582.8798828125,0.023099999874830246
6583.169921875,0.023000000044703484
6583.4599609375,0.023000000044703484
6583.75,0.02290000021457672
6584.0400390625,0.02290000021457672
6584.33984375,0.02290000021457672
6584.6298828125,0.02280000038444996
6584.919921875,0.02280000038444996
6585.2099609375,0.02280000038444996
6585.509765625,0.022700000554323196
6585.7998046875,0.022700000554323196
6586.08984375,0.022700000554323196
6586.3798828125,0.022600000724196434
6586.669921875,0.022600000724196434
6586.97021484375,0.022600000724196434
6587.259765625,0.02250000089406967
6587.5498046875,0.02250000089406967
6587.83984375,0.02250000089406967
6588.14013671875,0.02239999920129776
6588.43017578125,0.02239999920129776
6588.72021484375,0.02239999920129776
6589.009765625,0.022299999371170998
6589.2998046875,0.022299999371170998
6589.58984375,0.022199999541044235
6589.89013671875,0.022199999541044235
6590.18017578125,0.022199999541044235
6590.47021484375,0.022099999710917473
6590.77001953125,0.022099999710917473
6591.06005859375,0.022099999710917473
6591.35009765625,0.02199999988079071
6591.64013671875,0.02199999988079071
6591.93017578125,0.02199999988079071
6592.22998046875,0.021900000050663948
6592.52001953125,0.021900000050663948
6592.81005859375,0.021900000050663948
6593.10009765625,0.021800000220537186
6593.39013671875,0.021800000220537186
6593.68994140625,0.021800000220537186
6593.97998046875,0.021700000390410423
6594.27001953125,0.021700000390410423
6594.56982421875,0.021700000390410423
6594.85986328125,0.02160000056028366
6595.14990234375,0.02160000056028366
6595.43994140625,0.0215000007301569
6595.72998046875,0.0215000007301569
6596.02001953125,0.0215000007301569
6596.31982421875,0.021400000900030136
6596.60986328125,0.021400000900030136
6596.89990234375,0.021400000900030136
6597.18994140625,0.021299999207258224
6597.490234375,0.021299999207258224
6597.77978515625,0.021299999207258224
6598.06982421875,0.021199999377131462
6598.3701171875,0.021199999377131462
6598.66015625,0.021199999377131462
6598.9501953125,0.0210999995470047
6599.25,0.0210999995470047
6599.52978515625,0.0210999995470047
6599.830078125,0.020999999716877937
6600.1201171875,0.020999999716877937
6600.419921875,0.020999999716877937
6600.7099609375,0.020999999716877937
6601.0,0.020899999886751175
6601.2900390625,0.020899999886751175
6601.58984375,0.020899999886751175
6601.8798828125,0.020899999886751175
6602.169921875,0.020899999886751175
6602.4599609375,0.020899999886751175
6602.759765625,0.020800000056624413
6603.0498046875,0.020800000056624413
6603.33984375,0.020800000056624413
6603.6298828125,0.020800000056624413
6603.919921875,0.020800000056624413
6604.22021484375,0.02070000022649765
6604.509765625,0.02070000022649765
6604.7998046875,0.02070000022649765
6605.10009765625,0.02070000022649765
6605.39013671875,0.02070000022649765
6605.68017578125,0.02070000022649765
6605.97998046875,0.020600000396370888
6606.27001953125,0.020600000396370888
6606.56005859375,0.020600000396370888
6606.85986328125,0.020600000396370888
6607.14990234375,0.020600000396370888
6607.43994140625,0.020600000396370888
6607.72998046875,0.020500000566244125
6608.02978515625,0.020500000566244125
6608.31982421875,0.020500000566244125
6608.60986328125,0.020500000566244125
6608.91015625,0.020500000566244125
6609.2001953125,0.020400000736117363
6609.490234375,0.020400000736117363
6609.7900390625,0.020400000736117363
6610.080078125,0.020400000736117363
6610.3701171875,0.020400000736117363
6610.669921875,0.020400000736117363
6610.9599609375,0.0203000009059906
6611.25,0.0203000009059906
6611.5400390625,0.0203000009059906
6611.83984375,0.0203000009059906
6612.1298828125,0.0203000009059906
6612.419921875,0.0203000009059906
6612.72021484375,0.02019999921321869
6613.009765625,0.02019999921321869
6613.2998046875,0.02019999921321869
6613.60009765625,0.02019999921321869
6613.89013671875,0.02019999921321869
6614.18017578125,0.020099999383091927
6614.47998046875,0.020099999383091927
6614.77001953125,0.020099999383091927
6615.06005859375,0.020099999383091927
6615.35986328125,0.020099999383091927
6615.64990234375,0.020099999383091927
6615.93994140625,0.019999999552965164
6616.240234375,0.019999999552965164
6616.52978515625,0.019999999552965164
6616.81982421875,0.019999999552965164
6617.1201171875,0.019999999552965164
6617.41015625,0.019999999552965164
6617.7001953125,0.019899999722838402
6617.990234375,0.019899999722838402
6618.2900390625,0.019899999722838402
6618.580078125,0.019899999722838402
6618.8798828125,0.019899999722838402
6619.169921875,0.01979999989271164
6619.4599609375,0.01979999989271164
6619.759765625,0.01979999989271164
6620.0498046875,0.01979999989271164
6620.35009765625,0.01979999989271164
6620.64013671875,0.01979999989271164
6620.93017578125,0.019700000062584877
6621.22998046875,0.019700000062584877
6621.52001953125,0.019700000062584877
6621.81005859375,0.019700000062584877
6622.10009765625,0.019700000062584877
6622.39990234375,0.019700000062584877
6622.68994140625,0.019600000232458115
6622.990234375,0.019600000232458115
6623.27978515625,0.019600000232458115
6623.56982421875,0.019600000232458115
6623.85986328125,0.019600000232458115
6624.16015625,0.019600000232458115
6624.4599609375,0.019500000402331352
6624.75,0.019500000402331352
6625.0400390625,0.019500000402331352
6625.33984375,0.019500000402331352
6625.6298828125,0.019500000402331352
6625.919921875,0.01940000057220459
6626.22021484375,0.01940000057220459
6626.509765625,0.01940000057220459
6626.81005859375,0.01940000057220459
6627.10009765625,0.01940000057220459
6627.39013671875,0.01940000057220459
6627.68994140625,0.019300000742077827
6627.97998046875,0.019300000742077827
6628.27978515625,0.019300000742077827
6628.56982421875,0.019300000742077827
6628.85986328125,0.019300000742077827
6629.16015625,0.019300000742077827
6629.4501953125,0.019200000911951065
6629.740234375,0.019200000911951065
6630.02978515625,0.019200000911951065
6630.330078125,0.019200000911951065
6630.6298828125,0.019200000911951065
6630.919921875,0.019099999219179153
6631.2099609375,0.019099999219179153
6631.509765625,0.019099999219179153
6631.7998046875,0.019099999219179153
6632.10009765625,0.019099999219179153
6632.39013671875,0.019099999219179153
6632.68994140625,0.01899999938905239
6632.97998046875,0.01899999938905239
6633.27001953125,0.01899999938905239
6633.56982421875,0.01899999938905239
6633.85986328125,0.01899999938905239
6634.14990234375,0.01899999938905239
6634.4501953125,0.01889999955892563
6634.740234375,0.01889999955892563
6635.0400390625,0.01889999955892563
6635.330078125,0.01889999955892563
6635.6201171875,0.01889999955892563
6635.919921875,0.018799999728798866
6636.2099609375,0.018799999728798866
6636.509765625,0.018799999728798866
6636.7998046875,0.018799999728798866
6637.10009765625,0.018799999728798866
6637.39013671875,0.018799999728798866
6637.68017578125,0.018699999898672104
6637.97998046875,0.018699999898672104
6638.27978515625,0.018699999898672104
6638.56982421875,0.018699999898672104
6638.85986328125,0.018699999898672104
6639.16015625,0.018699999898672104
6639.4501953125,0.01860000006854534
6639.75,0.01860000006854534
6640.0400390625,0.01860000006854534
6640.33984375,0.01860000006854534
6640.6298828125,0.01860000006854534
6640.919921875,0.01850000023841858
6641.22021484375,0.01850000023841858
6641.509765625,0.01850000023841858
6641.81005859375,0.01850000023841858
6642.10009765625,0.01850000023841858
6642.39990234375,0.01850000023841858
6642.68994140625,0.018400000408291817
6642.990234375,0.018400000408291817
6643.27978515625,0.018400000408291817
6643.56982421875,0.018400000408291817
6643.8701171875,0.018400000408291817
6644.16015625,0.018400000408291817
6644.4599609375,0.018300000578165054
6644.75,0.018300000578165054
6645.0498046875,0.018300000578165054
6645.33984375,0.018300000578165054
6645.6298828125,0.018300000578165054
6645.93017578125,0.018200000748038292
6646.22021484375,0.018200000748038292
6646.52001953125,0.018200000748038292
6646.81982421875,0.018200000748038292
6647.10986328125,0.018200000748038292
6647.39990234375,0.018200000748038292
6647.7001953125,0.01810000091791153
6647.990234375,0.01810000091791153
6648.2900390625,0.01810000091791153
6648.580078125,0.01810000091791153
6648.8798828125,0.01810000091791153
6649.169921875,0.017999999225139618
6649.47021484375,0.017999999225139618
6649.759765625,0.017999999225139618
6650.06005859375,0.017999999225139618
6650.35009765625,0.017999999225139618
6650.64990234375,0.017999999225139618
6650.93994140625,0.017999999225139618
6651.240234375,0.017999999225139618
6651.52978515625,0.017899999395012856
6651.830078125,0.017899999395012856
6652.1201171875,0.017899999395012856
6652.419921875,0.017899999395012856
6652.7099609375,0.017899999395012856
6653.009765625,0.017899999395012856
6653.2998046875,0.017899999395012856
6653.60009765625,0.017899999395012856
6653.89013671875,0.017799999564886093
6654.18017578125,0.017799999564886093
6654.47998046875,0.017799999564886093
6654.77978515625,0.017799999564886093
6655.06982421875,0.017799999564886093
6655.3701171875,0.017799999564886093
6655.66015625,0.017799999564886093
6655.9599609375,0.017799999564886093
6656.25,0.017799999564886093
6656.5498046875,0.01769999973475933
6656.83984375,0.01769999973475933
6657.14013671875,0.01769999973475933
6657.43017578125,0.01769999973475933
6657.72998046875,0.01769999973475933
6658.02001953125,0.01769999973475933
6658.31982421875,0.01769999973475933
6658.60986328125,0.01769999973475933
6658.91015625,0.01759999990463257
6659.2099609375,0.01759999990463257
6659.5,0.01759999990463257
6659.7900390625,0.01759999990463257
6660.08984375,0.01759999990463257
6660.3798828125,0.01759999990463257
6660.68017578125,0.01759999990463257
6660.97998046875,0.01759999990463257
6661.27001953125,0.017500000074505806
6661.56982421875,0.017500000074505806
6661.85986328125,0.017500000074505806
6662.16015625,0.017500000074505806
6662.4501953125,0.017500000074505806
6662.75,0.017500000074505806
6663.0498046875,0.017500000074505806
6663.33984375,0.017500000074505806
6663.6298828125,0.017500000074505806
6663.93017578125,0.017400000244379044
6664.22021484375,0.017400000244379044
6664.52001953125,0.017400000244379044
6664.81982421875,0.017400000244379044
6665.10986328125,0.017400000244379044
6665.41015625,0.017400000244379044
6665.7001953125,0.017400000244379044
6666.0,0.017400000244379044
6666.2900390625,0.01730000041425228
6666.58984375,0.01730000041425228
6666.89013671875,0.01730000041425228
6667.18017578125,0.01730000041425228
6667.47998046875,0.01730000041425228
6667.77001953125,0.01730000041425228
6668.06982421875,0.01730000041425228
6668.35986328125,0.01730000041425228
6668.66015625,0.01730000041425228
6668.9599609375,0.01720000058412552
6669.25,0.01720000058412552
6669.5400390625,0.01720000058412552
6669.83984375,0.01720000058412552
6670.1298828125,0.01720000058412552
6670.43017578125,0.01720000058412552
6670.72998046875,0.01720000058412552
6671.02001953125,0.01720000058412552
6671.31982421875,0.017100000753998756
6671.6201171875,0.017100000753998756
6671.91015625,0.017100000753998756
6672.2099609375,0.017100000753998756
6672.5,0.017100000753998756
6672.7998046875,0.017100000753998756
6673.10009765625,0.017100000753998756
6673.39013671875,0.017100000753998756
6673.68994140625,0.017100000753998756
6673.97998046875,0.017000000923871994
6674.27978515625,0.017000000923871994
6674.580078125,0.017000000923871994
6674.8701171875,0.017000000923871994
6675.169921875,0.017000000923871994
6675.4599609375,0.017000000923871994
6675.759765625,0.017000000923871994
6676.0498046875,0.017000000923871994
6676.35009765625,0.016899999231100082
6676.64990234375,0.016899999231100082
6676.9501953125,0.016899999231100082
6677.240234375,0.016899999231100082
6677.5400390625,0.016899999231100082
6677.830078125,0.016899999231100082
6678.1298828125,0.016899999231100082
6678.419921875,0.016899999231100082
6678.72021484375,0.016899999231100082
6679.02001953125,0.01679999940097332
6679.31005859375,0.01679999940097332
6679.60986328125,0.01679999940097332
6679.89990234375,0.01679999940097332
6680.2001953125,0.01679999940097332
6680.490234375,0.01679999940097332
6680.7900390625,0.01679999940097332
6681.08984375,0.01679999940097332
6681.39013671875,0.016699999570846558
6681.68017578125,0.016699999570846558
6681.97998046875,0.016699999570846558
6682.27001953125,0.016699999570846558
6682.56982421875,0.016699999570846558
6682.8701171875,0.016699999570846558
6683.16015625,0.016699999570846558
6683.4599609375,0.016699999570846558
6683.759765625,0.016599999740719795
6684.0498046875,0.016599999740719795
6684.35009765625,0.016599999740719795
6684.64013671875,0.016599999740719795
6684.93994140625,0.016599999740719795
6685.240234375,0.016599999740719795
6685.5400390625,0.016599999740719795
6685.830078125,0.016599999740719795
6686.1298828125,0.016599999740719795
6686.419921875,0.016499999910593033
6686.72021484375,0.016499999910593033
6687.02001953125,0.016499999910593033
6687.31005859375,0.016499999910593033
6687.60986328125,0.016499999910593033
6687.91015625,0.016499999910593033
6688.2001953125,0.016499999910593033
6688.5,0.016499999910593033
6688.7998046875,0.01640000008046627
6689.08984375,0.01640000008046627
6689.39013671875,0.01640000008046627
6689.68017578125,0.01640000008046627
6689.97998046875,0.01640000008046627
6690.27978515625,0.01640000008046627
6690.56982421875,0.01640000008046627
6690.8701171875,0.01640000008046627
6691.169921875,0.01640000008046627
6691.47021484375,0.016300000250339508
6691.759765625,0.016300000250339508
6692.06005859375,0.016300000250339508
6692.35009765625,0.016300000250339508
6692.64990234375,0.016300000250339508
6692.9501953125,0.016300000250339508
6693.25,0.016300000250339508
6693.5400390625,0.016300000250339508
6693.83984375,0.016200000420212746
6694.14013671875,0.016200000420212746
6694.43017578125,0.016200000420212746
6694.72998046875,0.016200000420212746
6695.02978515625,0.016200000420212746
6695.31982421875,0.016200000420212746
6695.6201171875,0.016200000420212746
6695.919921875,0.016200000420212746
6696.2099609375,0.016200000420212746
6696.509765625,0.016100000590085983
6696.81005859375,0.016100000590085983
6697.10986328125,0.016100000590085983
6697.39990234375,0.016100000590085983
6697.7001953125,0.016100000590085983
6698.0,0.016100000590085983
6698.2900390625,0.016100000590085983
6698.58984375,0.016100000590085983
6698.89013671875,0.01600000075995922
6699.18017578125,0.01600000075995922
6699.47998046875,0.01600000075995922
6699.77978515625,0.01600000075995922
6700.06982421875,0.01600000075995922
6700.3701171875,0.01600000075995922
6700.669921875,0.01600000075995922
6700.97021484375,0.01600000075995922
6701.259765625,0.01590000092983246
6701.56005859375,0.01590000092983246
6701.85986328125,0.01590000092983246
6702.14990234375,0.01590000092983246
6702.4501953125,0.01590000092983246
6702.75,0.01590000092983246
6703.0498046875,0.01590000092983246
6703.33984375,0.01590000092983246
6703.64013671875,0.01590000092983246
6703.93994140625,0.015799999237060547
6704.240234375,0.015799999237060547
6704.52978515625,0.015799999237060547
6704.830078125,0.015799999237060547
6705.1298828125,0.015799999237060547
6705.419921875,0.015799999237060547
6705.72021484375,0.015799999237060547
6706.02001953125,0.015799999237060547
6706.31982421875,0.015699999406933784
6706.60986328125,0.015699999406933784
6706.91015625,0.015699999406933784
6707.2099609375,0.015699999406933784
6707.5,0.015699999406933784
6707.7998046875,0.015699999406933784
6708.10009765625,0.015699999406933784
6708.39990234375,0.015699999406933784
6708.68994140625,0.015699999406933784
6708.990234375,0.015599999576807022
6709.2900390625,0.015599999576807022
6709.58984375,0.015599999576807022
6709.8798828125,0.015599999576807022
6710.18017578125,0.015599999576807022
6710.47998046875,0.015599999576807022
6710.77978515625,0.015599999576807022
6711.080078125,0.015599999576807022
6711.3701171875,0.01549999974668026
6711.669921875,0.01549999974668026
6711.97021484375,0.01549999974668026
6712.259765625,0.01549999974668026
6712.56005859375,0.01549999974668026
6712.85986328125,0.01549999974668026
6713.16015625,0.01549999974668026
6713.4599609375,0.01549999974668026
6713.75,0.015399999916553497
6714.0498046875,0.015399999916553497
6714.35009765625,0.015399999916553497
6714.64013671875,0.015399999916553497
6714.93994140625,0.015399999916553497
6715.240234375,0.015399999916553497
6715.5400390625,0.015399999916553497
6715.83984375,0.015399999916553497
6716.1298828125,0.015399999916553497
6716.43017578125,0.015300000086426735
6716.72998046875,0.015300000086426735
6717.02978515625,0.015300000086426735
6717.330078125,0.015300000086426735
6717.6201171875,0.015300000086426735
6717.919921875,0.015300000086426735
6718.22021484375,0.015300000086426735
6718.52001953125,0.015300000086426735
6718.81005859375,0.015200000256299973
6719.10986328125,0.015200000256299973
6719.41015625,0.015200000256299973
6719.7099609375,0.015200000256299973
6720.009765625,0.015200000256299973
6720.31005859375,0.015200000256299973
6720.60009765625,0.015200000256299973
6720.89990234375,0.015200000256299973
6721.2001953125,0.015200000256299973
6721.5,0.01510000042617321
6721.7998046875,0.01510000042617321
6722.08984375,0.01510000042617321
6722.39013671875,0.01510000042617321
6722.68994140625,0.01510000042617321
6722.97998046875,0.01510000042617321
6723.2900390625,0.01510000042617321
6723.58984375,0.01510000042617321
6723.8798828125,0.014999999664723873
6724.18017578125,0.014999999664723873
6724.47998046875,0.014999999664723873
6724.77001953125,0.014999999664723873
6725.06982421875,0.014999999664723873
6725.3701171875,0.014999999664723873
6725.669921875,0.014999999664723873
6725.97021484375,0.014999999664723873
6726.27001953125,0.01489999983459711
6726.56982421875,0.01489999983459711
6726.85986328125,0.01489999983459711
6727.16015625,0.01489999983459711
6727.4599609375,0.01489999983459711
6727.759765625,0.01489999983459711
6728.06005859375,0.01489999983459711
6728.35986328125,0.01489999983459711
6728.64990234375,0.01489999983459711
6728.9501953125,0.014800000004470348
6729.25,0.014800000004470348
6729.5498046875,0.014800000004470348
6729.85009765625,0.014800000004470348
6730.14013671875,0.014800000004470348
6730.43994140625,0.014800000004470348
6730.740234375,0.014800000004470348
6731.0400390625,0.014800000004470348
6731.33984375,0.014700000174343586
6731.64013671875,0.014700000174343586
6731.93994140625,0.014700000174343586
6732.240234375,0.014700000174343586
6732.52978515625,0.014700000174343586
6732.830078125,0.014700000174343586
6733.1298828125,0.014700000174343586
6733.43017578125,0.014700000174343586
6733.72998046875,0.014700000174343586
6734.02001953125,0.014600000344216824
6734.31982421875,0.014600000344216824
6734.6201171875,0.014600000344216824
6734.919921875,0.014600000344216824
6735.22021484375,0.014600000344216824
6735.52001953125,0.014600000344216824
6735.81982421875,0.014600000344216824
6736.1201171875,0.014600000344216824
6736.41015625,0.014499999582767487
6736.7099609375,0.014499999582767487
6737.009765625,0.014499999582767487
6737.31005859375,0.014499999582767487
6737.60986328125,0.014499999582767487
6737.91015625,0.014499999582767487
6738.2099609375,0.014499999582767487
6738.509765625,0.014499999582767487
6738.7998046875,0.014399999752640724
6739.10009765625,0.014399999752640724
6739.39990234375,0.014399999752640724
6739.7001953125,0.014399999752640724
6740.0,0.014399999752640724
6740.2998046875,0.014399999752640724
6740.60009765625,0.014399999752640724
6740.89990234375,0.014399999752640724
6741.18994140625,0.014399999752640724
6741.490234375,0.014299999922513962
6741.7900390625,0.014299999922513962
6742.08984375,0.014299999922513962
6742.39013671875,0.014299999922513962
6742.68994140625,0.014299999922513962
6742.990234375,0.014299999922513962
6743.2900390625,0.014299999922513962
6743.580078125,0.014299999922513962
6743.89013671875,0.0142000000923872
6744.18017578125,0.0142000000923872
6744.47998046875,0.0142000000923872
6744.77978515625,0.0142000000923872
6745.080078125,0.0142000000923872
6745.3798828125,0.0142000000923872
6745.68017578125,0.0142000000923872
6745.97998046875,0.0142000000923872
6746.27978515625,0.014100000262260437
6746.580078125,0.014100000262260437
6746.8798828125,0.014100000262260437
6747.18017578125,0.014100000262260437
6747.47021484375,0.014100000262260437
6747.77978515625,0.014100000262260437
6748.06982421875,0.014100000262260437
6748.3701171875,0.014100000262260437
6748.669921875,0.014100000262260437
6748.97021484375,0.014000000432133675
6749.27001953125,0.014000000432133675
6749.56982421875,0.014000000432133675
6749.8701171875,0.014000000432133675
6750.169921875,0.014000000432133675
6750.47021484375,0.014000000432133675
6750.77001953125,0.014000000432133675
6751.06982421875,0.014000000432133675
6751.35986328125,0.013899999670684338
6751.66015625,0.013899999670684338
6751.9599609375,0.013899999670684338
6752.259765625,0.013899999670684338
6752.56005859375,0.013899999670684338
6752.85986328125,0.013899999670684338
6753.16015625,0.013899999670684338
6753.4599609375,0.013899999670684338
6753.759765625,0.013799999840557575
6754.06005859375,0.013799999840557575
6754.35986328125,0.013799999840557575
6754.66015625,0.013799999840557575
6754.9599609375,0.013799999840557575
6755.259765625,0.013799999840557575
6755.56005859375,0.013799999840557575
6755.85009765625,0.013799999840557575
6756.16015625,0.013799999840557575
6756.4599609375,0.013700000010430813
6756.75,0.013700000010430813
6757.06005859375,0.013700000010430813
6757.35986328125,0.013700000010430813
6757.64990234375,0.013700000010430813
6757.9599609375,0.013700000010430813
6758.25,0.013700000010430813
6758.5498046875,0.013700000010430813
6758.85009765625,0.01360000018030405
6759.14990234375,0.01360000018030405
6759.4501953125,0.01360000018030405
6759.75,0.01360000018030405
6760.0498046875,0.01360000018030405
6760.35009765625,0.01360000018030405
6760.64990234375,0.01360000018030405
6760.9501953125,0.01360000018030405
6761.25,0.01360000018030405
6761.5498046875,0.013500000350177288
6761.85009765625,0.013500000350177288
6762.14990234375,0.013500000350177288
6762.4501953125,0.013500000350177288
6762.75,0.013500000350177288
6763.0498046875,0.013500000350177288
6763.35009765625,0.013500000350177288
6763.64990234375,0.013500000350177288
6763.9501953125,0.013399999588727951
6764.25,0.013399999588727951
6764.5498046875,0.013399999588727951
6764.85009765625,0.013399999588727951
6765.14990234375,0.013399999588727951
6765.4501953125,0.013399999588727951
6765.75,0.013399999588727951
6766.0498046875,0.013399999588727951
6766.35009765625,0.013299999758601189
6766.64990234375,0.013299999758601189
6766.9501953125,0.013299999758601189
6767.25,0.013299999758601189
6767.5498046875,0.013299999758601189
6767.85009765625,0.013299999758601189
6768.14990234375,0.013299999758601189
6768.4501953125,0.013299999758601189
6768.75,0.013199999928474426
6769.0498046875,0.013199999928474426
6769.35009765625,0.013199999928474426
6769.64990234375,0.013199999928474426
6769.9501953125,0.013199999928474426
6770.25,0.013199999928474426
6770.5498046875,0.013199999928474426
6770.85009765625,0.013199999928474426
6771.14990234375,0.013199999928474426
6771.4501953125,0.013100000098347664
6771.75,0.013100000098347664
6772.0498046875,0.013100000098347664
6772.35009765625,0.013100000098347664
6772.64990234375,0.013100000098347664
6772.9501953125,0.013100000098347664
6773.25,0.013100000098347664
6773.5498046875,0.013100000098347664
6773.85009765625,0.013000000268220901
6774.14990234375,0.013000000268220901
6774.4599609375,0.013000000268220901
6774.75,0.013000000268220901
6775.06005859375,0.013000000268220901
6775.35986328125,0.013000000268220901
6775.64990234375,0.013000000268220901
6775.9599609375,0.013000000268220901
6776.259765625,0.013000000268220901
6776.56005859375,0.012900000438094139
6776.85986328125,0.012900000438094139
6777.16015625,0.012900000438094139
6777.4599609375,0.012900000438094139
6777.759765625,0.012900000438094139
6778.06005859375,0.012900000438094139
6778.35986328125,0.012900000438094139
6778.66015625,0.012900000438094139
6778.9599609375,0.012799999676644802
6779.259765625,0.012799999676644802
6779.56005859375,0.012799999676644802
6779.85986328125,0.012799999676644802
6780.16015625,0.012799999676644802
6780.4599609375,0.012799999676644802
6780.77001953125,0.012799999676644802
6781.06005859375,0.012799999676644802
6781.3701171875,0.01269999984651804
6781.669921875,0.01269999984651804
6781.97021484375,0.01269999984651804
6782.27001953125,0.01269999984651804
6782.56982421875,0.01269999984651804
6782.8701171875,0.01269999984651804
6783.169921875,0.01269999984651804
6783.47021484375,0.01269999984651804
6783.77001953125,0.012600000016391277
6784.06982421875,0.012600000016391277
6784.3701171875,0.012600000016391277
6784.68017578125,0.012600000016391277
6784.97021484375,0.012600000016391277
6785.27978515625,0.012600000016391277
6785.580078125,0.012600000016391277
6785.8798828125,0.012600000016391277
6786.18017578125,0.012600000016391277
6786.47998046875,0.012500000186264515
6786.77978515625,0.012500000186264515
6787.080078125,0.012500000186264515
6787.3798828125,0.012500000186264515
6787.68017578125,0.012500000186264515
6787.97998046875,0.012500000186264515
6788.27978515625,0.012500000186264515
6788.580078125,0.012500000186264515
6788.89013671875,0.012400000356137753
6789.18994140625,0.012400000356137753
6789.490234375,0.012400000356137753
6789.7900390625,0.012400000356137753
6790.08984375,0.012400000356137753
6790.39013671875,0.012400000356137753
6790.68994140625,0.012400000356137753
6791.0,0.012400000356137753
6791.2900390625,0.012299999594688416
6791.60009765625,0.012299999594688416
6791.89990234375,0.012299999594688416
6792.2001953125,0.012299999594688416
6792.5,0.012299999594688416
6792.7998046875,0.012299999594688416
6793.10009765625,0.012299999594688416
6793.41015625,0.012299999594688416
6793.7001953125,0.012299999594688416
6794.009765625,0.012199999764561653
6794.31005859375,0.012199999764561653
6794.60986328125,0.012199999764561653
6794.91015625,0.012199999764561653
6795.2099609375,0.012199999764561653
6795.509765625,0.012199999764561653
6795.81005859375,0.012199999764561653
6796.10986328125,0.012199999764561653
6796.419921875,0.01209999993443489
6796.72021484375,0.01209999993443489
6797.02001953125,0.01209999993443489
6797.31982421875,0.01209999993443489
6797.6201171875,0.01209999993443489
6797.919921875,0.01209999993443489
6798.22998046875,0.01209999993443489
6798.52001953125,0.01209999993443489
6798.830078125,0.012000000104308128
6799.1298828125,0.012000000104308128
6799.43017578125,0.012000000104308128
6799.72998046875,0.012000000104308128
6800.02978515625,0.012000000104308128
6800.330078125,0.012000000104308128
6800.64013671875,0.012000000104308128
6800.93994140625,0.012000000104308128
6801.240234375,0.012000000104308128
6801.5400390625,0.012000000104308128
6801.83984375,0.012000000104308128
6802.14990234375,0.012000000104308128
6802.43994140625,0.012000000104308128
6802.75,0.011900000274181366
6803.0498046875,0.011900000274181366
6803.35009765625,0.011900000274181366
6803.64990234375,0.011900000274181366
6803.9501953125,0.011900000274181366
6804.259765625,0.011900000274181366
6804.56005859375,0.011900000274181366
6804.85986328125,0.011900000274181366
6805.16015625,0.011900000274181366
6805.4599609375,0.011900000274181366
6805.759765625,0.011900000274181366
6806.06982421875,0.011900000274181366
6806.3701171875,0.011900000274181366
6806.669921875,0.011900000274181366
6806.97021484375,0.011900000274181366
6807.27001953125,0.011900000274181366
6807.580078125,0.011800000444054604
6807.8798828125,0.011800000444054604
6808.18017578125,0.011800000444054604
6808.47998046875,0.011800000444054604
6808.77978515625,0.011800000444054604
6809.080078125,0.011800000444054604
6809.39013671875,0.011800000444054604
6809.68994140625,0.011800000444054604
6809.990234375,0.011800000444054604
6810.2900390625,0.011800000444054604
6810.58984375,0.011800000444054604
6810.89990234375,0.011800000444054604
6811.2001953125,0.011800000444054604
6811.5,0.011800000444054604
6811.7998046875,0.011800000444054604
6812.10009765625,0.011800000444054604
6812.41015625,0.011800000444054604
6812.7099609375,0.011699999682605267
6813.009765625,0.011699999682605267
6813.31005859375,0.011699999682605267
6813.6201171875,0.011699999682605267
6813.919921875,0.011699999682605267
6814.22021484375,0.011699999682605267
6814.52001953125,0.011699999682605267
6814.81982421875,0.011699999682605267
6815.1201171875,0.011699999682605267
6815.43017578125,0.011699999682605267
6815.72998046875,0.011699999682605267
6816.02978515625,0.011699999682605267
6816.330078125,0.011699999682605267
6816.6298828125,0.011699999682605267
6816.93994140625,0.011699999682605267
6817.240234375,0.011699999682605267
6817.5400390625,0.011599999852478504
6817.85009765625,0.011599999852478504
6818.14990234375,0.011599999852478504
6818.4501953125,0.011599999852478504
6818.75,0.011599999852478504
6819.0498046875,0.011599999852478504
6819.35986328125,0.011599999852478504
6819.66015625,0.011599999852478504
6819.9599609375,0.011599999852478504
6820.27001953125,0.011599999852478504
6820.56005859375,0.011599999852478504
6820.8701171875,0.011599999852478504
6821.169921875,0.011599999852478504
6821.47021484375,0.011599999852478504
6821.77978515625,0.011599999852478504
6822.080078125,0.011599999852478504
6822.3798828125,0.011599999852478504
6822.68017578125,0.011500000022351742
6822.97998046875,0.011500000022351742
6823.2900390625,0.011500000022351742
6823.58984375,0.011500000022351742
6823.89013671875,0.011500000022351742
6824.2001953125,0.011500000022351742
6824.5,0.011500000022351742
6824.7998046875,0.011500000022351742
6825.10009765625,0.011500000022351742
6825.39990234375,0.011500000022351742
6825.7099609375,0.011500000022351742
6826.009765625,0.011500000022351742
6826.31005859375,0.011500000022351742
6826.6201171875,0.011500000022351742
6826.919921875,0.011500000022351742
6827.22021484375,0.011500000022351742
6827.52978515625,0.01140000019222498
6827.830078125,0.01140000019222498
6828.1298828125,0.01140000019222498
6828.43017578125,0.01140000019222498
6828.740234375,0.01140000019222498
6829.0400390625,0.01140000019222498
6829.33984375,0.01140000019222498
6829.64013671875,0.01140000019222498
6829.9501953125,0.01140000019222498
6830.25,0.01140000019222498
6830.5498046875,0.01140000019222498
6830.85009765625,0.01140000019222498
6831.16015625,0.01140000019222498
6831.4599609375,0.01140000019222498
6831.759765625,0.01140000019222498
6832.06982421875,0.01140000019222498
6832.3701171875,0.01140000019222498
6832.669921875,0.011300000362098217
6832.97998046875,0.011300000362098217
6833.27978515625,0.011300000362098217
6833.580078125,0.011300000362098217
6833.89013671875,0.011300000362098217
6834.18994140625,0.011300000362098217
6834.490234375,0.011300000362098217
6834.7900390625,0.011300000362098217
6835.10009765625,0.011300000362098217
6835.39990234375,0.011300000362098217
6835.7001953125,0.011300000362098217
6836.009765625,0.011300000362098217
6836.31005859375,0.011300000362098217
6836.60986328125,0.011300000362098217
6836.919921875,0.011300000362098217
6837.22021484375,0.011300000362098217
6837.52001953125,0.011300000362098217
6837.830078125,0.01119999960064888
6838.1298828125,0.01119999960064888
6838.43017578125,0.01119999960064888
6838.72998046875,0.01119999960064888
6839.0400390625,0.01119999960064888
6839.33984375,0.01119999960064888
6839.64013671875,0.01119999960064888
6839.9501953125,0.01119999960064888
6840.25,0.01119999960064888
6840.56005859375,0.01119999960064888
6840.85986328125,0.01119999960064888
6841.16015625,0.01119999960064888
6841.4599609375,0.01119999960064888
6841.77001953125,0.01119999960064888
6842.06982421875,0.01119999960064888
6842.3701171875,0.01119999960064888
6842.68017578125,0.011099999770522118
6842.97998046875,0.011099999770522118
6843.2900390625,0.011099999770522118
6843.58984375,0.011099999770522118
6843.89013671875,0.011099999770522118
6844.2001953125,0.011099999770522118
6844.5,0.011099999770522118
6844.7998046875,0.011099999770522118
6845.10009765625,0.011099999770522118
6845.41015625,0.011099999770522118
6845.7099609375,0.011099999770522118
6846.009765625,0.011099999770522118
6846.31982421875,0.011099999770522118
6846.6298828125,0.011099999770522118
6846.93017578125,0.011099999770522118
6847.22998046875,0.011099999770522118
6847.52978515625,0.010999999940395355
6847.83984375,0.010999999940395355
6848.14013671875,0.010999999940395355
6848.43994140625,0.010999999940395355
6848.75,0.010999999940395355
6849.0498046875,0.010999999940395355
6849.35986328125,0.010999999940395355
6849.66015625,0.010999999940395355
6849.9599609375,0.010999999940395355
6850.27001953125,0.010999999940395355
6850.56982421875,0.010999999940395355
6850.8798828125,0.010999999940395355
6851.18017578125,0.010999999940395355
6851.47998046875,0.010999999940395355
6851.7900390625,0.010999999940395355
6852.08984375,0.010999999940395355
6852.39013671875,0.010999999940395355
6852.7001953125,0.010900000110268593
6853.0,0.010900000110268593
6853.31005859375,0.010900000110268593
6853.60986328125,0.010900000110268593
6853.91015625,0.010900000110268593
6854.22021484375,0.010900000110268593
6854.52001953125,0.010900000110268593
6854.81982421875,0.010900000110268593
6855.1298828125,0.010900000110268593
6855.43017578125,0.010900000110268593
6855.740234375,0.010900000110268593
6856.0400390625,0.010900000110268593
6856.33984375,0.010900000110268593
6856.64990234375,0.010900000110268593
6856.9501953125,0.010900000110268593
6857.259765625,0.010900000110268593
6857.56005859375,0.01080000028014183
6857.85986328125,0.01080000028014183
6858.169921875,0.01080000028014183
6858.47021484375,0.01080000028014183
6858.77001953125,0.01080000028014183
6859.080078125,0.01080000028014183
6859.3798828125,0.01080000028014183
6859.68994140625,0.01080000028014183
6859.990234375,0.01080000028014183
6860.2998046875,0.01080000028014183
6860.60009765625,0.01080000028014183
6860.91015625,0.01080000028014183
6861.2099609375,0.01080000028014183
6861.52001953125,0.01080000028014183
6861.81982421875,0.01080000028014183
6862.1201171875,0.01080000028014183
6862.43017578125,0.01080000028014183
6862.72998046875,0.010700000450015068
6863.02978515625,0.010700000450015068
6863.33984375,0.010700000450015068
6863.64013671875,0.010700000450015068
6863.9501953125,0.010700000450015068
6864.25,0.010700000450015068
6864.56005859375,0.010700000450015068
6864.85986328125,0.010700000450015068
6865.16015625,0.010700000450015068
6865.47021484375,0.010700000450015068
6865.77001953125,0.010700000450015068
6866.080078125,0.010700000450015068
6866.3798828125,0.010700000450015068
6866.68994140625,0.010700000450015068
6866.990234375,0.010700000450015068
6867.2998046875,0.010700000450015068
6867.60009765625,0.010599999688565731
6867.91015625,0.010599999688565731
6868.2099609375,0.010599999688565731
6868.509765625,0.010599999688565731
6868.81982421875,0.010599999688565731
6869.1201171875,0.010599999688565731
6869.43017578125,0.010599999688565731
6869.72998046875,0.010599999688565731
6870.0400390625,0.010599999688565731
6870.33984375,0.010599999688565731
6870.64990234375,0.010599999688565731
6870.9501953125,0.010599999688565731
6871.259765625,0.010599999688565731
6871.56005859375,0.010599999688565731
6871.8701171875,0.010599999688565731
6872.169921875,0.010599999688565731
6872.47021484375,0.010599999688565731
6872.77978515625,0.010499999858438969
6873.080078125,0.010499999858438969
6873.39013671875,0.010499999858438969
6873.7001953125,0.010499999858438969
6874.0,0.010499999858438969
6874.2998046875,0.010499999858438969
6874.60986328125,0.010499999858438969
6874.91015625,0.010499999858438969
6875.22021484375,0.010499999858438969
6875.52001953125,0.010499999858438969
6875.830078125,0.010499999858438969
6876.1298828125,0.010499999858438969
6876.43994140625,0.010499999858438969
6876.740234375,0.010499999858438969
6877.0400390625,0.010499999858438969
6877.35009765625,0.010499999858438969
6877.66015625,0.010400000028312206
6877.9599609375,0.010400000028312206
6878.27001953125,0.010400000028312206
6878.56982421875,0.010400000028312206
6878.8798828125,0.010400000028312206
6879.18017578125,0.010400000028312206
6879.47998046875,0.010400000028312206
6879.7900390625,0.010400000028312206
6880.10009765625,0.010400000028312206
6880.39990234375,0.010400000028312206
6880.7099609375,0.010400000028312206
6881.009765625,0.010400000028312206
6881.31982421875,0.010400000028312206
6881.6201171875,0.010400000028312206
6881.919921875,0.010400000028312206
6882.22998046875,0.010400000028312206
6882.5400390625,0.010300000198185444
6882.83984375,0.010300000198185444
6883.14990234375,0.010300000198185444
6883.4501953125,0.010300000198185444
6883.759765625,0.010300000198185444
6884.06982421875,0.010300000198185444
6884.3701171875,0.010300000198185444
6884.68017578125,0.010300000198185444
6884.97998046875,0.010300000198185444
6885.27978515625,0.010300000198185444
6885.58984375,0.010300000198185444
6885.89013671875,0.010300000198185444
6886.2001953125,0.010300000198185444
6886.5,0.010300000198185444
6886.81005859375,0.010300000198185444
6887.1201171875,0.010300000198185444
6887.419921875,0.010300000198185444
6887.72998046875,0.010200000368058681
6888.02978515625,0.010200000368058681
6888.33984375,0.010200000368058681
6888.64990234375,0.010200000368058681
6888.9501953125,0.010200000368058681
6889.25,0.010200000368058681
6889.56005859375,0.010200000368058681
6889.85986328125,0.010200000368058681
6890.169921875,0.010200000368058681
6890.47998046875,0.010200000368058681
6890.77978515625,0.010200000368058681
6891.08984375,0.010200000368058681
6891.39013671875,0.010200000368058681
6891.7001953125,0.010200000368058681
6892.0,0.010200000368058681
6892.31005859375,0.010200000368058681
6892.6201171875,0.010099999606609344
6892.919921875,0.010099999606609344
6893.22998046875,0.010099999606609344
6893.52978515625,0.010099999606609344
6893.83984375,0.010099999606609344
6894.14013671875,0.010099999606609344
6894.4501953125,0.010099999606609344
6894.759765625,0.010099999606609344
6895.06005859375,0.010099999606609344
6895.35986328125,0.010099999606609344
6895.669921875,0.010099999606609344
6895.97998046875,0.010099999606609344
6896.27978515625,0.010099999606609344
6896.58984375,0.010099999606609344
6896.89990234375,0.010099999606609344
6897.2001953125,0.010099999606609344
6897.509765625,0.009999999776482582
6897.81005859375,0.009999999776482582
6898.1201171875,0.009999999776482582
6898.419921875,0.009999999776482582
6898.72998046875,0.009999999776482582
6899.0400390625,0.009999999776482582
6899.33984375,0.009999999776482582
6899.64990234375,0.009999999776482582
6899.9501953125,0.009999999776482582
6900.259765625,0.009999999776482582
6900.56005859375,0.009999999776482582
6900.8701171875,0.009999999776482582
6901.18017578125,0.009999999776482582
6901.47998046875,0.009999999776482582
6901.7900390625,0.009999999776482582
6902.08984375,0.009999999776482582
6902.39990234375,0.009999999776482582
6902.7001953125,0.00989999994635582
6903.02001953125,0.00989999994635582
6903.31982421875,0.00989999994635582
6903.6298828125,0.00989999994635582
6903.93017578125,0.00989999994635582
6904.240234375,0.00989999994635582
6904.5400390625,0.00989999994635582
6904.85009765625,0.00989999994635582
6905.16015625,0.00989999994635582
6905.4599609375,0.00989999994635582
6905.77001953125,0.00989999994635582
6906.06982421875,0.00989999994635582
6906.3798828125,0.00989999994635582
6906.68994140625,0.00989999994635582
6906.990234375,0.00989999994635582
6907.2998046875,0.00989999994635582
6907.60986328125,0.009800000116229057
6907.91015625,0.009800000116229057
6908.22021484375,0.009800000116229057
6908.52001953125,0.009800000116229057
6908.830078125,0.009800000116229057
6909.14013671875,0.009800000116229057
6909.4501953125,0.009800000116229057
6909.75,0.009800000116229057
6910.06005859375,0.009800000116229057
6910.35986328125,0.009800000116229057
6910.669921875,0.009800000116229057
6910.97021484375,0.009800000116229057
6911.2900390625,0.009800000116229057
6911.58984375,0.009800000116229057
6911.89990234375,0.009800000116229057
6912.2001953125,0.009800000116229057
6912.509765625,0.009800000116229057
6912.81005859375,0.009700000286102295
6913.1201171875,0.009700000286102295
6913.43017578125,0.009700000286102295
6913.740234375,0.009700000286102295
6914.0400390625,0.009700000286102295
6914.35009765625,0.009700000286102295
6914.64990234375,0.009700000286102295
6914.9599609375,0.009700000286102295
6915.27001953125,0.009700000286102295
6915.56982421875,0.009700000286102295
6915.8798828125,0.009700000286102295
6916.18994140625,0.009700000286102295
6916.490234375,0.009700000286102295
6916.7998046875,0.009700000286102295
6917.10009765625,0.009700000286102295
6917.41015625,0.009700000286102295
6917.72021484375,0.009600000455975533
6918.02978515625,0.009600000455975533
6918.330078125,0.009600000455975533
6918.64013671875,0.009600000455975533
6918.9501953125,0.009600000455975533
6919.25,0.009600000455975533
6919.56005859375,0.009600000455975533
6919.8701171875,0.009600000455975533
6920.169921875,0.009600000455975533
6920.47998046875,0.009600000455975533
6920.7900390625,0.009600000455975533
6921.08984375,0.009600000455975533
6921.39990234375,0.009600000455975533
6921.7099609375,0.009600000455975533
6922.02001953125,0.009600000455975533
6922.31982421875,0.009600000455975533
6922.6298828125,0.009499999694526196
6922.93994140625,0.009499999694526196
6923.240234375,0.009499999694526196
6923.5498046875,0.009499999694526196
6923.85986328125,0.009499999694526196
6924.169921875,0.009499999694526196
6924.47021484375,0.009499999694526196
6924.77978515625,0.009499999694526196
6925.080078125,0.009499999694526196
6925.39013671875,0.009499999694526196
6925.7001953125,0.009499999694526196
6926.009765625,0.009499999694526196
6926.31982421875,0.009499999694526196
6926.6201171875,0.009499999694526196
6926.93017578125,0.009499999694526196
6927.240234375,0.009499999694526196
6927.5400390625,0.009399999864399433
6927.85009765625,0.009399999864399433
6928.16015625,0.009399999864399433
6928.4599609375,0.009399999864399433
6928.77001953125,0.009399999864399433
6929.080078125,0.009399999864399433
6929.3798828125,0.009399999864399433
6929.68994140625,0.009399999864399433
6930.0,0.009399999864399433
6930.31005859375,0.009399999864399433
6930.60986328125,0.009399999864399433
6930.919921875,0.009399999864399433
6931.22998046875,0.009399999864399433
6931.52978515625,0.009399999864399433
6931.83984375,0.009399999864399433
6932.14990234375,0.009399999864399433
6932.4599609375,0.009399999864399433
6932.77001953125,0.00930000003427267
6933.06982421875,0.00930000003427267
6933.3798828125,0.00930000003427267
6933.68994140625,0.00930000003427267
6933.990234375,0.00930000003427267
6934.31005859375,0.00930000003427267
6934.60986328125,0.00930000003427267
6934.919921875,0.00930000003427267
6935.22998046875,0.00930000003427267
6935.52978515625,0.00930000003427267
6935.83984375,0.00930000003427267
6936.14990234375,0.00930000003427267
6936.4599609375,0.00930000003427267
6936.759765625,0.00930000003427267
6937.06982421875,0.00930000003427267
6937.3798828125,0.00930000003427267
6937.68994140625,0.009200000204145908
6937.990234375,0.009200000204145908
6938.2998046875,0.009200000204145908
6938.60986328125,0.009200000204145908
6938.919921875,0.009200000204145908
6939.22998046875,0.009200000204145908
6939.52978515625,0.009200000204145908
6939.83984375,0.009200000204145908
6940.14990234375,0.009200000204145908
6940.4501953125,0.009200000204145908
6940.759765625,0.009200000204145908
6941.06982421875,0.009200000204145908
6941.3798828125,0.009200000204145908
6941.68994140625,0.009200000204145908
6941.990234375,0.009200000204145908
6942.2998046875,0.009200000204145908
6942.60986328125,0.009100000374019146
6942.919921875,0.009100000374019146
6943.22998046875,0.009100000374019146
6943.52978515625,0.009100000374019146
6943.83984375,0.009100000374019146
6944.14990234375,0.009100000374019146
6944.4501953125,0.009100000374019146
6944.759765625,0.009100000374019146
6945.080078125,0.009100000374019146
6945.3798828125,0.009100000374019146
6945.68994140625,0.009100000374019146
6945.990234375,0.009100000374019146
6946.2998046875,0.009100000374019146
6946.60986328125,0.009100000374019146
6946.919921875,0.009100000374019146
6947.22998046875,0.009100000374019146
6947.52978515625,0.008999999612569809
6947.83984375,0.008999999612569809
6948.14990234375,0.008999999612569809
6948.4599609375,0.008999999612569809
6948.77001953125,0.008999999612569809
6949.080078125,0.008999999612569809
6949.3798828125,0.008999999612569809
6949.68994140625,0.008999999612569809
6950.0,0.008999999612569809
6950.31005859375,0.008999999612569809
6950.6201171875,0.008999999612569809
6950.919921875,0.008999999612569809
6951.240234375,0.008999999612569809
6951.5400390625,0.008999999612569809
6951.85009765625,0.008999999612569809
6952.16015625,0.008999999612569809
6952.4599609375,0.008999999612569809
6952.77001953125,0.008899999782443047
6953.080078125,0.008899999782443047
6953.39013671875,0.008899999782443047
6953.7001953125,0.008899999782443047
6954.009765625,0.008899999782443047
6954.31982421875,0.008899999782443047
6954.6201171875,0.008899999782443047
6954.93017578125,0.008899999782443047
6955.240234375,0.008899999782443047
6955.5498046875,0.008899999782443047
6955.85986328125,0.008899999782443047
6956.169921875,0.008899999782443047
6956.47021484375,0.008899999782443047
6956.77978515625,0.008899999782443047
6957.08984375,0.008899999782443047
6957.39990234375,0.008899999782443047
6957.7099609375,0.008799999952316284
6958.02001953125,0.008799999952316284
6958.330078125,0.008799999952316284
6958.6298828125,0.008799999952316284
6958.93994140625,0.008799999952316284
6959.25,0.008799999952316284
6959.56005859375,0.008799999952316284
6959.8701171875,0.008799999952316284
6960.18017578125,0.008799999952316284
6960.47998046875,0.008799999952316284
6960.7900390625,0.008799999952316284
6961.10009765625,0.008799999952316284
6961.41015625,0.008799999952316284
6961.72021484375,0.008799999952316284
6962.02978515625,0.008799999952316284
6962.33984375,0.008799999952316284
6962.64990234375,0.008700000122189522
6962.9501953125,0.008700000122189522
6963.259765625,0.008700000122189522
6963.56982421875,0.008700000122189522
6963.8798828125,0.008700000122189522
6964.18994140625,0.008700000122189522
6964.5,0.008700000122189522
6964.81005859375,0.008700000122189522
6965.1201171875,0.008700000122189522
6965.419921875,0.008700000122189522
6965.72998046875,0.008700000122189522
6966.0498046875,0.008700000122189522
6966.35009765625,0.008700000122189522
6966.66015625,0.008700000122189522
6966.97021484375,0.008700000122189522
6967.27978515625,0.008700000122189522
6967.58984375,0.00860000029206276
6967.89013671875,0.00860000029206276
6968.2099609375,0.00860000029206276
6968.52001953125,0.00860000029206276
6968.81982421875,0.00860000029206276
6969.1298828125,0.00860000029206276
6969.43994140625,0.00860000029206276
6969.75,0.00860000029206276
6970.06005859375,0.00860000029206276
6970.3701171875,0.00860000029206276
6970.68017578125,0.00860000029206276
6970.97998046875,0.00860000029206276
6971.2900390625,0.00860000029206276
6971.60009765625,0.00860000029206276
6971.91015625,0.00860000029206276
6972.22021484375,0.00860000029206276
6972.5400390625,0.008500000461935997
6972.83984375,0.008500000461935997
6973.14990234375,0.008500000461935997
6973.4599609375,0.008500000461935997
6973.77001953125,0.008500000461935997
6974.080078125,0.008500000461935997
6974.39013671875,0.008500000461935997
6974.7001953125,0.008500000461935997
6975.009765625,0.008500000461935997
6975.31005859375,0.008500000461935997
6975.6201171875,0.008500000461935997
6975.93017578125,0.008500000461935997
6976.240234375,0.008500000461935997
6976.56005859375,0.008500000461935997
6976.85986328125,0.008500000461935997
6977.169921875,0.008500000461935997
6977.47998046875,0.00839999970048666
6977.7900390625,0.00839999970048666
6978.10009765625,0.00839999970048666
6978.41015625,0.00839999970048666
6978.72021484375,0.00839999970048666
6979.02978515625,0.00839999970048666
6979.33984375,0.00839999970048666
6979.64990234375,0.00839999970048666
6979.9501953125,0.00839999970048666
6980.259765625,0.00839999970048666
6980.56982421875,0.00839999970048666
6980.8798828125,0.00839999970048666
6981.18994140625,0.00839999970048666
6981.5,0.00839999970048666
6981.81005859375,0.00839999970048666
6982.1201171875,0.00839999970048666
6982.43017578125,0.00839999970048666
6982.740234375,0.008299999870359898
6983.0498046875,0.008299999870359898
6983.35986328125,0.008299999870359898
6983.669921875,0.008299999870359898
6983.97998046875,0.008299999870359898
6984.2900390625,0.008299999870359898
6984.60009765625,0.008299999870359898
6984.91015625,0.008299999870359898
6985.22021484375,0.008299999870359898
6985.52978515625,0.008299999870359898
6985.83984375,0.008299999870359898
6986.14990234375,0.008299999870359898
6986.4599609375,0.008299999870359898
6986.77001953125,0.008299999870359898
6987.080078125,0.008299999870359898
6987.39013671875,0.008299999870359898
6987.7001953125,0.008200000040233135
6988.0,0.008200000040233135
6988.31982421875,0.008200000040233135
6988.6298828125,0.008200000040233135
6988.93017578125,0.008200000040233135
6989.25,0.008200000040233135
6989.56005859375,0.008200000040233135
6989.8701171875,0.008200000040233135
6990.18017578125,0.008200000040233135
6990.47998046875,0.008200000040233135
6990.7900390625,0.008200000040233135
6991.10986328125,0.008200000040233135
6991.419921875,0.008200000040233135
6991.72998046875,0.008200000040233135
6992.02978515625,0.008200000040233135
6992.35009765625,0.008200000040233135
6992.66015625,0.008100000210106373
6992.9599609375,0.008100000210106373
6993.27001953125,0.008100000210106373
6993.58984375,0.008100000210106373
6993.89990234375,0.008100000210106373
6994.2099609375,0.008100000210106373
6994.509765625,0.008100000210106373
6994.830078125,0.008100000210106373
6995.14013671875,0.008100000210106373
6995.43994140625,0.008100000210106373
6995.759765625,0.008100000210106373
6996.06982421875,0.008100000210106373
6996.3798828125,0.008100000210106373
6996.68994140625,0.008100000210106373
6997.0,0.008100000210106373
6997.31005859375,0.008100000210106373
6997.6201171875,0.00800000037997961
6997.93017578125,0.00800000037997961
6998.240234375,0.00800000037997961
6998.5498046875,0.00800000037997961
6998.85986328125,0.00800000037997961
6999.169921875,0.00800000037997961
6999.47998046875,0.00800000037997961
6999.7900390625,0.00800000037997961
7000.10009765625,0.00800000037997961
7000.41015625,0.00800000037997961
7000.72021484375,0.00800000037997961
7001.02978515625,0.00800000037997961
7001.33984375,0.00800000037997961
7001.64990234375,0.00800000037997961
7001.9599609375,0.00800000037997961
7002.27001953125,0.00800000037997961
7002.58984375,0.007899999618530273
7002.89013671875,0.007899999618530273
7003.2099609375,0.007899999618530273
7003.509765625,0.007899999618530273
7003.81982421875,0.007899999618530273
7004.14013671875,0.007899999618530273
7004.4501953125,0.007899999618530273
7004.759765625,0.007899999618530273
7005.06982421875,0.007899999618530273
7005.3798828125,0.007899999618530273
7005.68994140625,0.007899999618530273
7006.0,0.007899999618530273
7006.31005859375,0.007899999618530273
7006.6201171875,0.007899999618530273
7006.93017578125,0.007899999618530273
7007.240234375,0.007899999618530273
7007.5498046875,0.007799999788403511
7007.85986328125,0.007799999788403511
7008.169921875,0.007799999788403511
7008.490234375,0.007799999788403511
7008.7998046875,0.007799999788403511
7009.10986328125,0.007799999788403511
7009.419921875,0.007799999788403511
7009.72998046875,0.007799999788403511
7010.0400390625,0.007799999788403511
7010.35009765625,0.007799999788403511
7010.66015625,0.007799999788403511
7010.97021484375,0.007799999788403511
7011.27978515625,0.007799999788403511
7011.58984375,0.007799999788403511
7011.89990234375,0.007799999788403511
7012.22021484375,0.007799999788403511
7012.52978515625,0.007699999958276749
7012.83984375,0.007699999958276749
7013.14990234375,0.007699999958276749
7013.4599609375,0.007699999958276749
7013.77001953125,0.007699999958276749
7014.080078125,0.007699999958276749
7014.39013671875,0.007699999958276749
7014.7099609375,0.007699999958276749
7015.009765625,0.007699999958276749
7015.330078125,0.007699999958276749
7015.6298828125,0.007699999958276749
7015.9501953125,0.007699999958276749
7016.259765625,0.007699999958276749
7016.56982421875,0.007699999958276749
7016.8798828125,0.007699999958276749
7017.18994140625,0.007699999958276749
7017.5,0.007600000128149986
7017.81005859375,0.007600000128149986
7018.1201171875,0.007600000128149986
7018.43994140625,0.007600000128149986
7018.75,0.007600000128149986
7019.06005859375,0.007600000128149986
7019.3701171875,0.007600000128149986
7019.68017578125,0.007600000128149986
7019.990234375,0.007600000128149986
7020.2998046875,0.007600000128149986
7020.60986328125,0.007600000128149986
7020.919921875,0.007600000128149986
7021.240234375,0.007600000128149986
7021.5498046875,0.007600000128149986
7021.85986328125,0.007600000128149986
7022.169921875,0.007600000128149986
7022.47998046875,0.007600000128149986
7022.7900390625,0.007499999832361937
7023.10986328125,0.007499999832361937
7023.419921875,0.007499999832361937
7023.72998046875,0.007499999832361937
7024.0400390625,0.007499999832361937
7024.35009765625,0.007499999832361937
7024.66015625,0.007499999832361937
7024.97021484375,0.007499999832361937
7025.2900390625,0.007499999832361937
7025.60009765625,0.007499999832361937
7025.91015625,0.007499999832361937
7026.22021484375,0.007499999832361937
7026.52978515625,0.007499999832361937
7026.83984375,0.007499999832361937
7027.14990234375,0.007499999832361937
7027.47021484375,0.007499999832361937
7027.77978515625,0.007400000002235174
7028.08984375,0.007400000002235174
7028.39990234375,0.007400000002235174
7028.7099609375,0.007400000002235174
7029.02001953125,0.007400000002235174
7029.33984375,0.007400000002235174
7029.64990234375,0.007400000002235174
7029.9599609375,0.007400000002235174
7030.27001953125,0.007400000002235174
7030.580078125,0.007400000002235174
7030.89990234375,0.007400000002235174
7031.2001953125,0.007400000002235174
7031.52001953125,0.007400000002235174
7031.830078125,0.007400000002235174
7032.14013671875,0.007400000002235174
7032.4501953125,0.007400000002235174
7032.759765625,0.007300000172108412
7033.080078125,0.007300000172108412
7033.39013671875,0.007300000172108412
7033.7001953125,0.007300000172108412
7034.009765625,0.007300000172108412
7034.330078125,0.007300000172108412
7034.64013671875,0.007300000172108412
7034.9501953125,0.007300000172108412
7035.259765625,0.007300000172108412
7035.56982421875,0.007300000172108412
7035.8798828125,0.007300000172108412
7036.2001953125,0.007300000172108412
7036.509765625,0.007300000172108412
7036.81982421875,0.007300000172108412
7037.1298828125,0.007300000172108412
7037.43994140625,0.007300000172108412
7037.75,0.007199999876320362
7038.06982421875,0.007199999876320362
7038.3798828125,0.007199999876320362
7038.68994140625,0.007199999876320362
7039.009765625,0.007199999876320362
7039.31005859375,0.007199999876320362
7039.6298828125,0.007199999876320362
7039.93994140625,0.007199999876320362
7040.25,0.007199999876320362
7040.56982421875,0.007199999876320362
7040.8798828125,0.007199999876320362
7041.18994140625,0.007199999876320362
7041.5,0.007199999876320362
7041.81005859375,0.007199999876320362
7042.1201171875,0.007199999876320362
7042.43994140625,0.007199999876320362
7042.75,0.0071000000461936
7043.06005859375,0.0071000000461936
7043.3701171875,0.0071000000461936
7043.68994140625,0.0071000000461936
7044.0,0.0071000000461936
7044.31005859375,0.0071000000461936
7044.6298828125,0.0071000000461936
7044.93994140625,0.0071000000461936
7045.25,0.0071000000461936
7045.56005859375,0.0071000000461936
7045.8701171875,0.0071000000461936
7046.18994140625,0.0071000000461936
7046.5,0.0071000000461936
7046.81005859375,0.0071000000461936
7047.1201171875,0.0071000000461936
7047.43994140625,0.0071000000461936
7047.75,0.007000000216066837
7048.06005859375,0.007000000216066837
7048.3701171875,0.007000000216066837
7048.68994140625,0.007000000216066837
7049.0,0.007000000216066837
7049.31005859375,0.007000000216066837
7049.6201171875,0.007000000216066837
7049.93017578125,0.007000000216066837
7050.25,0.007000000216066837
7050.56005859375,0.007000000216066837
7050.8701171875,0.007000000216066837
7051.18994140625,0.007000000216066837
7051.5,0.007000000216066837
7051.81005859375,0.007000000216066837
7052.1201171875,0.007000000216066837
7052.43994140625,0.007000000216066837
7052.75,0.006899999920278788
7053.06982421875,0.006899999920278788
7053.3798828125,0.006899999920278788
7053.68994140625,0.006899999920278788
7054.0,0.006899999920278788
7054.31005859375,0.006899999920278788
7054.6298828125,0.006899999920278788
7054.93994140625,0.006899999920278788
7055.25,0.006899999920278788
7055.56982421875,0.006899999920278788
7055.8798828125,0.006899999920278788
7056.18994140625,0.006899999920278788
7056.5,0.006899999920278788
7056.81005859375,0.006899999920278788
7057.1298828125,0.006899999920278788
7057.43994140625,0.006899999920278788
7057.759765625,0.006800000090152025
7058.06982421875,0.006800000090152025
7058.3798828125,0.006800000090152025
7058.68994140625,0.006800000090152025
7059.0,0.006800000090152025
7059.31982421875,0.006800000090152025
7059.64013671875,0.006800000090152025
7059.9501953125,0.006800000090152025
7060.259765625,0.006800000090152025
7060.56982421875,0.006800000090152025
7060.8798828125,0.006800000090152025
7061.2001953125,0.006800000090152025
7061.509765625,0.006800000090152025
7061.830078125,0.006800000090152025
7062.14013671875,0.006800000090152025
7062.4501953125,0.006800000090152025
7062.759765625,0.0066999997943639755
7063.06982421875,0.0066999997943639755
7063.39013671875,0.0066999997943639755
7063.7099609375,0.0066999997943639755
7064.02001953125,0.0066999997943639755
7064.330078125,0.0066999997943639755
7064.64990234375,0.0066999997943639755
7064.9599609375,0.0066999997943639755
7065.27001953125,0.0066999997943639755
7065.580078125,0.0066999997943639755
7065.89990234375,0.0066999997943639755
7066.2099609375,0.0066999997943639755
7066.52001953125,0.0066999997943639755
7066.83984375,0.0066999997943639755
7067.14990234375,0.0066999997943639755
7067.4599609375,0.0066999997943639755
7067.77978515625,0.006599999964237213
7068.08984375,0.006599999964237213
7068.39990234375,0.006599999964237213
7068.72021484375,0.006599999964237213
7069.02978515625,0.006599999964237213
7069.33984375,0.006599999964237213
7069.64990234375,0.006599999964237213
7069.97021484375,0.006599999964237213
7070.2900390625,0.006599999964237213
7070.60009765625,0.006599999964237213
7070.91015625,0.006599999964237213
7071.22021484375,0.006599999964237213
7071.5400390625,0.006599999964237213
7071.85009765625,0.006599999964237213
7072.16015625,0.006599999964237213
7072.47998046875,0.006599999964237213
7072.7900390625,0.006500000134110451
7073.10009765625,0.006500000134110451
7073.419921875,0.006500000134110451
7073.72998046875,0.006500000134110451
7074.0400390625,0.006500000134110451
7074.35986328125,0.006500000134110451
7074.669921875,0.006500000134110451
7074.990234375,0.006500000134110451
7075.2998046875,0.006500000134110451
7075.60986328125,0.006500000134110451
7075.93017578125,0.006500000134110451
7076.240234375,0.006500000134110451
7076.56005859375,0.006500000134110451
7076.8701171875,0.006500000134110451
7077.18017578125,0.006500000134110451
7077.5,0.006399999838322401
7077.81005859375,0.006399999838322401
7078.1201171875,0.006399999838322401
7078.43994140625,0.006399999838322401
7078.75,0.006399999838322401
7079.06982421875,0.006399999838322401
7079.3798828125,0.006399999838322401
7079.68994140625,0.006399999838322401
7080.009765625,0.006399999838322401
7080.31982421875,0.006399999838322401
7080.6298828125,0.006399999838322401
7080.9501953125,0.006399999838322401
7081.259765625,0.006399999838322401
7081.580078125,0.006399999838322401
7081.89013671875,0.006399999838322401
7082.2001953125,0.006399999838322401
7082.52001953125,0.006399999838322401
7082.830078125,0.006300000008195639
7083.14990234375,0.006300000008195639
7083.4599609375,0.006300000008195639
7083.77978515625,0.006300000008195639
7084.08984375,0.006300000008195639
7084.39990234375,0.006300000008195639
7084.72021484375,0.006300000008195639
7085.02978515625,0.006300000008195639
7085.35009765625,0.006300000008195639
7085.66015625,0.006300000008195639
7085.97998046875,0.006300000008195639
7086.2900390625,0.006300000008195639
7086.60009765625,0.006300000008195639
7086.91015625,0.006300000008195639
7087.22998046875,0.006300000008195639
7087.5498046875,0.006200000178068876
7087.85986328125,0.006200000178068876
7088.18017578125,0.006200000178068876
7088.490234375,0.006200000178068876
7088.7998046875,0.006200000178068876
7089.1201171875,0.006200000178068876
7089.43017578125,0.006200000178068876
7089.75,0.006200000178068876
7090.06005859375,0.006200000178068876
7090.3701171875,0.006200000178068876
7090.68994140625,0.006200000178068876
7091.0,0.006200000178068876
7091.31982421875,0.006200000178068876
7091.64013671875,0.006200000178068876
7091.9501953125,0.006200000178068876
7092.259765625,0.006200000178068876
7092.580078125,0.006099999882280827
7092.89013671875,0.006099999882280827
7093.2001953125,0.006099999882280827
7093.52001953125,0.006099999882280827
7093.83984375,0.006099999882280827
7094.14990234375,0.006099999882280827
7094.4599609375,0.006099999882280827
7094.77978515625,0.006099999882280827
7095.08984375,0.006099999882280827
7095.39990234375,0.006099999882280827
7095.72021484375,0.006099999882280827
7096.0400390625,0.006099999882280827
7096.35009765625,0.006099999882280827
7096.669921875,0.006099999882280827
7096.97998046875,0.006099999882280827
7097.2900390625,0.006099999882280827
7097.60986328125,0.006000000052154064
7097.919921875,0.006000000052154064
7098.240234375,0.006000000052154064
7098.5498046875,0.006000000052154064
7098.8701171875,0.006000000052154064
7099.18017578125,0.006000000052154064
7099.5,0.006000000052154064
7099.81005859375,0.006000000052154064
7100.1201171875,0.006000000052154064
7100.43994140625,0.006000000052154064
7100.759765625,0.006000000052154064
7101.06982421875,0.006000000052154064
7101.39013671875,0.006000000052154064
7101.7001953125,0.006000000052154064
7102.009765625,0.006000000052154064
7102.330078125,0.006000000052154064
7102.64990234375,0.005900000222027302
7102.9599609375,0.005900000222027302
7103.27978515625,0.005900000222027302
7103.58984375,0.005900000222027302
7103.91015625,0.005900000222027302
7104.22021484375,0.005900000222027302
7104.5400390625,0.005900000222027302
7104.85009765625,0.005900000222027302
7105.169921875,0.005900000222027302
7105.47998046875,0.005900000222027302
7105.7900390625,0.005900000222027302
7106.10986328125,0.005900000222027302
7106.43017578125,0.005900000222027302
7106.740234375,0.005900000222027302
7107.06005859375,0.005900000222027302
7107.3701171875,0.005900000222027302
7107.68994140625,0.005799999926239252
7108.0,0.005799999926239252
7108.31005859375,0.005799999926239252
7108.6298828125,0.005799999926239252
7108.9501953125,0.005799999926239252
7109.259765625,0.005799999926239252
7109.580078125,0.005799999926239252
7109.89013671875,0.005799999926239252
7110.2099609375,0.005799999926239252
7110.52001953125,0.005799999926239252
7110.830078125,0.005799999926239252
7111.16015625,0.005799999926239252
7111.47021484375,0.005799999926239252
7111.77978515625,0.005799999926239252
7112.10009765625,0.005799999926239252
7112.41015625,0.005799999926239252
7112.72998046875,0.00570000009611249
7113.0400390625,0.00570000009611249
7113.35986328125,0.00570000009611249
7113.68017578125,0.00570000009611249
7113.990234375,0.00570000009611249
7114.31005859375,0.00570000009611249
7114.6201171875,0.00570000009611249
7114.93994140625,0.00570000009611249
7115.259765625,0.00570000009611249
7115.56982421875,0.00570000009611249
7115.8798828125,0.00570000009611249
7116.2001953125,0.00570000009611249
7116.509765625,0.00570000009611249
7116.830078125,0.00570000009611249
7117.14990234375,0.00570000009611249
7117.4599609375,0.00570000009611249
7117.77978515625,0.00559999980032444
7118.10009765625,0.00559999980032444
7118.41015625,0.00559999980032444
7118.72998046875,0.00559999980032444
7119.0400390625,0.00559999980032444
7119.35009765625,0.00559999980032444
7119.669921875,0.00559999980032444
7119.990234375,0.00559999980032444
7120.2998046875,0.00559999980032444
7120.6201171875,0.00559999980032444
7120.93017578125,0.00559999980032444
7121.25,0.00559999980032444
7121.56005859375,0.00559999980032444
7121.8798828125,0.00559999980032444
7122.2001953125,0.00559999980032444
7122.509765625,0.00559999980032444
7122.830078125,0.005499999970197678
7123.14013671875,0.005499999970197678
7123.4599609375,0.005499999970197678
7123.77978515625,0.005499999970197678
7124.08984375,0.005499999970197678
7124.41015625,0.005499999970197678
7124.72998046875,0.005499999970197678
7125.0400390625,0.005499999970197678
7125.35986328125,0.005499999970197678
7125.669921875,0.005499999970197678
7125.990234375,0.005499999970197678
7126.31005859375,0.005499999970197678
7126.6201171875,0.005499999970197678
7126.93994140625,0.005499999970197678
7127.25,0.005499999970197678
7127.56982421875,0.005400000140070915
7127.8798828125,0.005400000140070915
7128.2001953125,0.005400000140070915
7128.52001953125,0.005400000140070915
7128.830078125,0.005400000140070915
7129.14990234375,0.005400000140070915
7129.4599609375,0.005400000140070915
7129.77978515625,0.005400000140070915
7130.08984375,0.005400000140070915
7130.419921875,0.005400000140070915
7130.72998046875,0.005400000140070915
7131.0498046875,0.005400000140070915
7131.35986328125,0.005400000140070915
7131.68017578125,0.005400000140070915
7131.990234375,0.005400000140070915
7132.31005859375,0.005400000140070915
7132.6298828125,0.0052999998442828655
7132.93994140625,0.0052999998442828655
7133.259765625,0.0052999998442828655
7133.580078125,0.0052999998442828655
7133.89013671875,0.0052999998442828655
7134.2099609375,0.0052999998442828655
7134.52001953125,0.0052999998442828655
7134.83984375,0.0052999998442828655
7135.16015625,0.0052999998442828655
7135.47998046875,0.0052999998442828655
7135.7900390625,0.0052999998442828655
7136.10986328125,0.0052999998442828655
7136.419921875,0.0052999998442828655
7136.740234375,0.0052999998442828655
7137.06005859375,0.0052999998442828655
7137.3701171875,0.0052999998442828655
7137.68994140625,0.005200000014156103
7138.009765625,0.005200000014156103
7138.31982421875,0.005200000014156103
7138.64013671875,0.005200000014156103
7138.9501953125,0.005200000014156103
7139.27001953125,0.005200000014156103
7139.58984375,0.005200000014156103
7139.89990234375,0.005200000014156103
7140.22021484375,0.005200000014156103
7140.52978515625,0.005200000014156103
7140.85009765625,0.005200000014156103
7141.169921875,0.005200000014156103
7141.490234375,0.005200000014156103
7141.7998046875,0.005200000014156103
7142.1201171875,0.005200000014156103
7142.43994140625,0.005200000014156103
7142.75,0.005100000184029341
7143.06982421875,0.005100000184029341
7143.39013671875,0.005100000184029341
7143.7099609375,0.005100000184029341
7144.02001953125,0.005100000184029341
7144.33984375,0.005100000184029341
7144.64990234375,0.005100000184029341
7144.97021484375,0.005100000184029341
7145.2900390625,0.005100000184029341
7145.60009765625,0.005100000184029341
7145.919921875,0.005100000184029341
7146.240234375,0.005100000184029341
7146.5498046875,0.005100000184029341
7146.8701171875,0.005100000184029341
7147.18994140625,0.005100000184029341
7147.5,0.004999999888241291
7147.81982421875,0.004999999888241291
7148.14013671875,0.004999999888241291
7148.4599609375,0.004999999888241291
7148.77001953125,0.004999999888241291
7149.08984375,0.004999999888241291
7149.41015625,0.004999999888241291
7149.72021484375,0.004999999888241291
7150.0400390625,0.004999999888241291
7150.35986328125,0.004999999888241291
7150.669921875,0.004999999888241291
7150.990234375,0.004999999888241291
7151.31005859375,0.004999999888241291
7151.6201171875,0.004999999888241291
7151.93994140625,0.004999999888241291
7152.259765625,0.004999999888241291
7152.580078125,0.004900000058114529
7152.89990234375,0.004900000058114529
7153.2099609375,0.004900000058114529
7153.52978515625,0.004900000058114529
7153.83984375,0.004900000058114529
7154.169921875,0.004900000058114529
7154.47998046875,0.004900000058114529
7154.7998046875,0.004900000058114529
7155.1201171875,0.004900000058114529
7155.43017578125,0.004900000058114529
7155.75,0.004900000058114529
7156.06982421875,0.004900000058114529
7156.3798828125,0.004900000058114529
7156.7001953125,0.004900000058114529
7157.02001953125,0.004900000058114529
7157.330078125,0.004900000058114529
7157.64990234375,0.004800000227987766
7157.97021484375,0.004800000227987766
7158.2900390625,0.004800000227987766
7158.60986328125,0.004800000227987766
7158.919921875,0.004800000227987766
7159.240234375,0.004800000227987766
7159.56005859375,0.004800000227987766
7159.8701171875,0.004800000227987766
7160.18994140625,0.004800000227987766
7160.509765625,0.004800000227987766
7160.830078125,0.004800000227987766
7161.14990234375,0.004800000227987766
7161.4599609375,0.004800000227987766
7161.77978515625,0.004800000227987766
7162.10009765625,0.004800000227987766
7162.41015625,0.004800000227987766
7162.72998046875,0.004699999932199717
7163.0498046875,0.004699999932199717
7163.3701171875,0.004699999932199717
7163.68994140625,0.004699999932199717
7164.0,0.004699999932199717
7164.31982421875,0.004699999932199717
7164.64013671875,0.004699999932199717
7164.9501953125,0.004699999932199717
7165.27978515625,0.004699999932199717
7165.58984375,0.004699999932199717
7165.91015625,0.004699999932199717
7166.22998046875,0.004699999932199717
7166.5400390625,0.004699999932199717
7166.85986328125,0.004699999932199717
7167.18017578125,0.004699999932199717
7167.5,0.004600000102072954
7167.81982421875,0.004600000102072954
7168.1298828125,0.004600000102072954
7168.4501953125,0.004600000102072954
7168.77001953125,0.004600000102072954
7169.08984375,0.004600000102072954
7169.41015625,0.004600000102072954
7169.72021484375,0.004600000102072954
7170.0400390625,0.004600000102072954
7170.35986328125,0.004600000102072954
7170.68017578125,0.004600000102072954
7170.990234375,0.004600000102072954
7171.31005859375,0.004600000102072954
7171.6298828125,0.004600000102072954
7171.9501953125,0.004600000102072954
7172.27001953125,0.004600000102072954
7172.580078125,0.0044999998062849045
7172.89990234375,0.0044999998062849045
7173.22021484375,0.0044999998062849045
7173.5400390625,0.0044999998062849045
7173.85986328125,0.0044999998062849045
7174.18017578125,0.0044999998062849045
7174.5,0.0044999998062849045
7174.81005859375,0.0044999998062849045
7175.1298828125,0.0044999998062849045
7175.43994140625,0.0044999998062849045
7175.759765625,0.0044999998062849045
7176.08984375,0.0044999998062849045
7176.39990234375,0.0044999998062849045
7176.72021484375,0.0044999998062849045
7177.0400390625,0.0044999998062849045
7177.35009765625,0.0044999998062849045
7177.669921875,0.004399999976158142
7177.990234375,0.004399999976158142
7178.31005859375,0.004399999976158142
7178.6298828125,0.004399999976158142
7178.9501953125,0.004399999976158142
7179.27001953125,0.004399999976158142
7179.580078125,0.004399999976158142
7179.89990234375,0.004399999976158142
7180.22021484375,0.004399999976158142
7180.5400390625,0.004399999976158142
7180.85986328125,0.004399999976158142
7181.18017578125,0.004399999976158142
7181.490234375,0.004399999976158142
7181.81005859375,0.004399999976158142
7182.1298828125,0.004399999976158142
7182.4501953125,0.004399999976158142
7182.77001953125,0.00430000014603138
7183.08984375,0.00430000014603138
7183.41015625,0.00430000014603138
7183.72998046875,0.00430000014603138
7184.0400390625,0.00430000014603138
7184.35986328125,0.00430000014603138
7184.68017578125,0.00430000014603138
7185.0,0.00430000014603138
7185.31982421875,0.00430000014603138
7185.6298828125,0.00430000014603138
7185.9501953125,0.00430000014603138
7186.27001953125,0.00430000014603138
7186.58984375,0.00430000014603138
7186.91015625,0.00430000014603138
7187.22998046875,0.00430000014603138
7187.5498046875,0.00419999985024333
7187.8701171875,0.00419999985024333
7188.18017578125,0.00419999985024333
7188.5,0.00419999985024333
7188.81982421875,0.00419999985024333
7189.14013671875,0.00419999985024333
7189.4599609375,0.00419999985024333
7189.77978515625,0.00419999985024333
7190.10009765625,0.00419999985024333
7190.419921875,0.00419999985024333
7190.72998046875,0.00419999985024333
7191.0498046875,0.00419999985024333
7191.3701171875,0.00419999985024333
7191.68994140625,0.00419999985024333
7192.009765625,0.00419999985024333
7192.330078125,0.00419999985024333
7192.64990234375,0.004100000020116568
7192.9599609375,0.004100000020116568
7193.27978515625,0.004100000020116568
7193.60986328125,0.004100000020116568
7193.919921875,0.004100000020116568
7194.240234375,0.004100000020116568
7194.56005859375,0.004100000020116568
7194.8798828125,0.004100000020116568
7195.2001953125,0.004100000020116568
7195.52001953125,0.004100000020116568
7195.83984375,0.004100000020116568
7196.16015625,0.004100000020116568
7196.47021484375,0.004100000020116568
7196.7900390625,0.004100000020116568
7197.10986328125,0.004100000020116568
7197.43017578125,0.004100000020116568
7197.75,0.004000000189989805
7198.06982421875,0.004000000189989805
7198.39013671875,0.004000000189989805
7198.7099609375,0.004000000189989805
7199.02978515625,0.004000000189989805
7199.35009765625,0.004000000189989805
7199.66015625,0.004000000189989805
7199.990234375,0.004000000189989805
7200.31005859375,0.004000000189989805
7200.6201171875,0.004000000189989805
7200.93994140625,0.004000000189989805
7201.259765625,0.004000000189989805
7201.580078125,0.004000000189989805
7201.89990234375,0.004000000189989805
7202.22021484375,0.004000000189989805
7202.5400390625,0.0038999998942017555
7202.85986328125,0.0038999998942017555
7203.18017578125,0.0038999998942017555
7203.5,0.0038999998942017555
7203.81005859375,0.0038999998942017555
7204.14013671875,0.0038999998942017555
7204.4599609375,0.0038999998942017555
7204.77978515625,0.0038999998942017555
7205.10009765625,0.0038999998942017555
7205.419921875,0.0038999998942017555
7205.72998046875,0.0038999998942017555
7206.0498046875,0.0038999998942017555
7206.3701171875,0.0038999998942017555
7206.68994140625,0.0038999998942017555
7207.02001953125,0.0038999998942017555
7207.330078125,0.0038999998942017555
7207.64990234375,0.003800000064074993
7207.97021484375,0.003800000064074993
7208.2900390625,0.003800000064074993
7208.60986328125,0.003800000064074993
7208.93017578125,0.003800000064074993
7209.25,0.003800000064074993
7209.56982421875,0.003800000064074993
7209.89013671875,0.003800000064074993
7210.2099609375,0.003800000064074993
7210.52978515625,0.003800000064074993
7210.85009765625,0.003800000064074993
7211.169921875,0.003800000064074993
7211.490234375,0.003800000064074993
7211.81005859375,0.003800000064074993
7212.1298828125,0.003800000064074993
7212.4501953125,0.003800000064074993
7212.77001953125,0.003700000001117587
7213.08984375,0.003700000001117587
7213.41015625,0.003700000001117587
7213.72998046875,0.003700000001117587
7214.0400390625,0.003700000001117587
7214.3701171875,0.003700000001117587
7214.68017578125,0.003700000001117587
7215.0,0.003700000001117587
7215.330078125,0.003700000001117587
7215.64990234375,0.003700000001117587
7215.97021484375,0.003700000001117587
7216.2900390625,0.003700000001117587
7216.60009765625,0.003700000001117587
7216.919921875,0.003700000001117587
7217.240234375,0.003700000001117587
7217.56982421875,0.003599999938160181
7217.89013671875,0.003599999938160181
7218.2001953125,0.003599999938160181
7218.52978515625,0.003599999938160181
7218.85009765625,0.003599999938160181
7219.16015625,0.003599999938160181
7219.47998046875,0.003599999938160181
7219.81005859375,0.003599999938160181
7220.1298828125,0.003599999938160181
7220.4501953125,0.003599999938160181
7220.77001953125,0.003599999938160181
7221.08984375,0.003599999938160181
7221.39990234375,0.003599999938160181
7221.72998046875,0.003599999938160181
7222.0498046875,0.003599999938160181
7222.3701171875,0.003599999938160181
7222.68994140625,0.0035000001080334187
7223.009765625,0.0035000001080334187
7223.330078125,0.0035000001080334187
7223.64990234375,0.0035000001080334187
7223.97021484375,0.0035000001080334187
7224.2900390625,0.0035000001080334187
7224.60986328125,0.0035000001080334187
7224.93017578125,0.0035000001080334187
7225.25,0.0035000001080334187
7225.56982421875,0.0035000001080334187
7225.89013671875,0.0035000001080334187
7226.2099609375,0.0035000001080334187
7226.52978515625,0.0035000001080334187
7226.85009765625,0.0035000001080334187
7227.169921875,0.0035000001080334187
7227.490234375,0.0034000000450760126
7227.81005859375,0.0034000000450760126
7228.1298828125,0.0034000000450760126
7228.4599609375,0.0034000000450760126
7228.77978515625,0.0034000000450760126
7229.08984375,0.0034000000450760126
7229.419921875,0.0034000000450760126
7229.740234375,0.0034000000450760126
7230.0498046875,0.0034000000450760126
7230.3798828125,0.0034000000450760126
7230.7001953125,0.0034000000450760126
7231.02001953125,0.0034000000450760126
7231.33984375,0.0034000000450760126
7231.66015625,0.0034000000450760126
7231.97998046875,0.0034000000450760126
7232.2998046875,0.0034000000450760126
7232.6201171875,0.0032999999821186066
7232.93994140625,0.0032999999821186066
7233.259765625,0.0032999999821186066
7233.580078125,0.0032999999821186066
7233.91015625,0.0032999999821186066
7234.22021484375,0.0032999999821186066
7234.5498046875,0.0032999999821186066
7234.8701171875,0.0032999999821186066
7235.18994140625,0.0032999999821186066
7235.509765625,0.0032999999821186066
7235.830078125,0.0032999999821186066
7236.14990234375,0.0032999999821186066
7236.47021484375,0.0032999999821186066
7236.7900390625,0.0032999999821186066
7237.1201171875,0.0032999999821186066
7237.43017578125,0.0032999999821186066
7237.75,0.0031999999191612005
7238.080078125,0.0031999999191612005
7238.39990234375,0.0031999999191612005
7238.72021484375,0.0031999999191612005
7239.02978515625,0.0031999999191612005
7239.35986328125,0.0031999999191612005
7239.68017578125,0.0031999999191612005
7240.0,0.0031999999191612005
7240.31982421875,0.0031999999191612005
7240.64013671875,0.0031999999191612005
7240.9599609375,0.0031999999191612005
7241.27978515625,0.0031999999191612005
7241.60986328125,0.0031999999191612005
7241.93017578125,0.0031999999191612005
7242.25,0.0031999999191612005
7242.56982421875,0.003100000089034438
7242.89013671875,0.003100000089034438
7243.2099609375,0.003100000089034438
7243.52978515625,0.003100000089034438
7243.85986328125,0.003100000089034438
7244.169921875,0.003100000089034438
7244.5,0.003100000089034438
7244.81982421875,0.003100000089034438
7245.14013671875,0.003100000089034438
7245.4599609375,0.003100000089034438
7245.77978515625,0.003100000089034438
7246.10009765625,0.003100000089034438
7246.43017578125,0.003100000089034438
7246.740234375,0.003100000089034438
7247.06982421875,0.003100000089034438
7247.39013671875,0.003100000089034438
7247.7099609375,0.003000000026077032
7248.02978515625,0.003000000026077032
7248.35009765625,0.003000000026077032
7248.669921875,0.003000000026077032
7249.0,0.003000000026077032
7249.31005859375,0.003000000026077032
7249.64013671875,0.003000000026077032
7249.9599609375,0.003000000026077032
7250.27978515625,0.003000000026077032
7250.60009765625,0.003000000026077032
7250.919921875,0.003000000026077032
7251.25,0.003000000026077032
7251.56982421875,0.003000000026077032
7251.89013671875,0.003000000026077032
7252.2099609375,0.003000000026077032
7252.52978515625,0.002899999963119626
7252.85009765625,0.002899999963119626
7253.18017578125,0.002899999963119626
7253.490234375,0.002899999963119626
7253.81982421875,0.002899999963119626
7254.14013671875,0.002899999963119626
7254.4599609375,0.002899999963119626
7254.7900390625,0.002899999963119626
7255.10009765625,0.002899999963119626
7255.43017578125,0.002899999963119626
7255.75,0.002899999963119626
7256.06982421875,0.002899999963119626
7256.39013671875,0.002899999963119626
7256.7099609375,0.002899999963119626
7257.0400390625,0.002899999963119626
7257.35986328125,0.002899999963119626
7257.68017578125,0.00279999990016222
7258.0,0.00279999990016222
7258.31982421875,0.00279999990016222
7258.64013671875,0.00279999990016222
7258.9599609375,0.00279999990016222
7259.2900390625,0.00279999990016222
7259.60986328125,0.00279999990016222
7259.93017578125,0.00279999990016222
7260.25,0.00279999990016222
7260.56982421875,0.00279999990016222
7260.89013671875,0.00279999990016222
7261.22021484375,0.00279999990016222
7261.5400390625,0.00279999990016222
7261.85986328125,0.00279999990016222
7262.18017578125,0.00279999990016222
7262.509765625,0.00279999990016222
7262.830078125,0.0027000000700354576
7263.14990234375,0.0027000000700354576
7263.47021484375,0.0027000000700354576
7263.7998046875,0.0027000000700354576
7264.1201171875,0.0027000000700354576
7264.43994140625,0.0027000000700354576
7264.759765625,0.0027000000700354576
7265.080078125,0.0027000000700354576
7265.39990234375,0.0027000000700354576
7265.72998046875,0.0027000000700354576
7266.0498046875,0.0027000000700354576
7266.3701171875,0.0027000000700354576
7266.7001953125,0.0027000000700354576
7267.009765625,0.0027000000700354576
7267.33984375,0.0027000000700354576
7267.66015625,0.0026000000070780516
7267.97998046875,0.0026000000070780516
7268.31005859375,0.0026000000070780516
7268.6298828125,0.0026000000070780516
7268.9501953125,0.0026000000070780516
7269.27001953125,0.0026000000070780516
7269.58984375,0.0026000000070780516
7269.919921875,0.0026000000070780516
7270.240234375,0.0026000000070780516
7270.56005859375,0.0026000000070780516
7270.89013671875,0.0026000000070780516
7271.2001953125,0.0026000000070780516
7271.52978515625,0.0026000000070780516
7271.85009765625,0.0026000000070780516
7272.169921875,0.0026000000070780516
7272.5,0.0026000000070780516
7272.81982421875,0.0024999999441206455
7273.14013671875,0.0024999999441206455
7273.4599609375,0.0024999999441206455
7273.77978515625,0.0024999999441206455
7274.10986328125,0.0024999999441206455
7274.43017578125,0.0024999999441206455
7274.75,0.0024999999441206455
7275.080078125,0.0024999999441206455
7275.39990234375,0.0024999999441206455
7275.72021484375,0.0024999999441206455
7276.0400390625,0.0024999999441206455
7276.35986328125,0.0024999999441206455
7276.68994140625,0.0024999999441206455
7277.009765625,0.0024999999441206455
7277.330078125,0.0024999999441206455
7277.66015625,0.002400000113993883
7277.97998046875,0.002400000113993883
7278.2998046875,0.002400000113993883
7278.6201171875,0.002400000113993883
7278.9501953125,0.002400000113993883
7279.27001953125,0.002400000113993883
7279.58984375,0.002400000113993883
7279.919921875,0.002400000113993883
7280.240234375,0.002400000113993883
7280.56005859375,0.002400000113993883
7280.8798828125,0.002400000113993883
7281.2099609375,0.002400000113993883
7281.52978515625,0.002400000113993883
7281.85009765625,0.002400000113993883
7282.169921875,0.002400000113993883
7282.5,0.002400000113993883
7282.81982421875,0.002300000051036477
7283.14013671875,0.002300000051036477
7283.47021484375,0.002300000051036477
7283.7900390625,0.002300000051036477
7284.10986328125,0.002300000051036477
7284.43994140625,0.002300000051036477
7284.759765625,0.002300000051036477
7285.080078125,0.002300000051036477
7285.39990234375,0.002300000051036477
7285.72998046875,0.002300000051036477
7286.0498046875,0.002300000051036477
7286.3701171875,0.002300000051036477
7286.7001953125,0.002300000051036477
7287.02001953125,0.002300000051036477
7287.33984375,0.002300000051036477
7287.669921875,0.002199999988079071
7287.990234375,0.002199999988079071
7288.31005859375,0.002199999988079071
7288.64013671875,0.002199999988079071
7288.9599609375,0.002199999988079071
7289.27978515625,0.002199999988079071
7289.60009765625,0.002199999988079071
7289.93017578125,0.002199999988079071
7290.25,0.002199999988079071
7290.56982421875,0.002199999988079071
7290.89990234375,0.002199999988079071
7291.22021484375,0.002199999988079071
7291.5400390625,0.002199999988079071
7291.8701171875,0.002199999988079071
7292.18994140625,0.002199999988079071
7292.52001953125,0.002199999988079071
7292.83984375,0.002099999925121665
7293.16015625,0.002099999925121665
7293.47998046875,0.002099999925121665
7293.81005859375,0.002099999925121665
7294.1298828125,0.002099999925121665
7294.4599609375,0.002099999925121665
7294.77978515625,0.002099999925121665
7295.10009765625,0.002099999925121665
7295.43017578125,0.002099999925121665
7295.75,0.002099999925121665
7296.06982421875,0.002099999925121665
7296.39013671875,0.002099999925121665
7296.72021484375,0.002099999925121665
7297.0400390625,0.002099999925121665
7297.3701171875,0.002099999925121665
7297.68994140625,0.0020000000949949026
7298.009765625,0.0020000000949949026
7298.330078125,0.0020000000949949026
7298.66015625,0.0020000000949949026
7298.97998046875,0.0020000000949949026
7299.31005859375,0.0020000000949949026
7299.6298828125,0.0020000000949949026
7299.9501953125,0.0020000000949949026
7300.27978515625,0.0020000000949949026
7300.60009765625,0.0020000000949949026
7300.93017578125,0.0020000000949949026
7301.25,0.0020000000949949026
7301.56982421875,0.0020000000949949026
7301.89990234375,0.0020000000949949026
7302.22021484375,0.0020000000949949026
7302.5400390625,0.0019000000320374966
7302.8701171875,0.0019000000320374966
7303.18994140625,0.0019000000320374966
7303.52001953125,0.0019000000320374966
7303.83984375,0.0019000000320374966
7304.16015625,0.0019000000320374966
7304.490234375,0.0019000000320374966
7304.81005859375,0.0019000000320374966
7305.1298828125,0.0019000000320374966
7305.4599609375,0.0019000000320374966
7305.77978515625,0.0019000000320374966
7306.10986328125,0.0019000000320374966
7306.43017578125,0.0019000000320374966
7306.75,0.0019000000320374966
7307.080078125,0.0019000000320374966
7307.39990234375,0.0019000000320374966
7307.72998046875,0.0017999999690800905
7308.0498046875,0.0017999999690800905
7308.3701171875,0.0017999999690800905
7308.7001953125,0.0017999999690800905
7309.02001953125,0.0017999999690800905
7309.35009765625,0.0017999999690800905
7309.669921875,0.0017999999690800905
7310.0,0.0017999999690800905
7310.31982421875,0.0017999999690800905
7310.64990234375,0.0017999999690800905
7310.97021484375,0.0017999999690800905
7311.2900390625,0.0017999999690800905
7311.6201171875,0.0017999999690800905
7311.93994140625,0.0017999999690800905
7312.27001953125,0.0017999999690800905
7312.58984375,0.0017000000225380063
7312.91015625,0.0017000000225380063
7313.240234375,0.0017000000225380063
7313.56005859375,0.0017000000225380063
7313.89013671875,0.0017000000225380063
7314.2099609375,0.0017000000225380063
7314.5400390625,0.0017000000225380063
7314.85986328125,0.0017000000225380063
7315.18017578125,0.0017000000225380063
7315.509765625,0.0017000000225380063
7315.830078125,0.0017000000225380063
7316.14990234375,0.0017000000225380063
7316.47998046875,0.0017000000225380063
7316.7998046875,0.0017000000225380063
7317.1298828125,0.0017000000225380063
7317.4599609375,0.0017000000225380063
7317.77978515625,0.0015999999595806003
7318.10009765625,0.0015999999595806003
7318.43017578125,0.0015999999595806003
7318.75,0.0015999999595806003
7319.080078125,0.0015999999595806003
7319.39990234375,0.0015999999595806003
7319.72998046875,0.0015999999595806003
7320.0498046875,0.0015999999595806003
7320.3701171875,0.0015999999595806003
7320.7001953125,0.0015999999595806003
7321.02001953125,0.0015999999595806003
7321.35009765625,0.0015999999595806003
7321.669921875,0.0015999999595806003
7322.0,0.0015999999595806003
7322.31982421875,0.0015999999595806003
7322.64990234375,0.001500000013038516
7322.97021484375,0.001500000013038516
7323.2998046875,0.001500000013038516
7323.6201171875,0.001500000013038516
7323.9501953125,0.001500000013038516
7324.27001953125,0.001500000013038516
7324.58984375,0.001500000013038516
7324.919921875,0.001500000013038516
7325.25,0.001500000013038516
7325.56982421875,0.001500000013038516
7325.89990234375,0.001500000013038516
7326.22021484375,0.001500000013038516
7326.5400390625,0.001500000013038516
7326.8701171875,0.001500000013038516
7327.18994140625,0.001500000013038516
7327.52001953125,0.00139999995008111
7327.83984375,0.00139999995008111
7328.169921875,0.00139999995008111
7328.5,0.00139999995008111
7328.81982421875,0.00139999995008111
7329.14013671875,0.00139999995008111
7329.47021484375,0.00139999995008111
7329.7900390625,0.00139999995008111
7330.1201171875,0.00139999995008111
7330.43994140625,0.00139999995008111
7330.77001953125,0.00139999995008111
7331.08984375,0.00139999995008111
7331.419921875,0.00139999995008111
7331.740234375,0.00139999995008111
7332.06982421875,0.00139999995008111
7332.39013671875,0.00139999995008111
7332.72021484375,0.0013000000035390258
7333.0400390625,0.0013000000035390258
7333.3701171875,0.0013000000035390258
7333.68994140625,0.0013000000035390258
7334.02001953125,0.0013000000035390258
7334.35009765625,0.0013000000035390258
7334.669921875,0.0013000000035390258
7335.0,0.0013000000035390258
7335.31982421875,0.0013000000035390258
7335.64013671875,0.0013000000035390258
7335.97021484375,0.0013000000035390258
7336.2998046875,0.0013000000035390258
7336.6201171875,0.0013000000035390258
7336.9501953125,0.0013000000035390258
7337.27001953125,0.0013000000035390258
7337.60009765625,0.0012000000569969416
7337.919921875,0.0012000000569969416
7338.25,0.0012000000569969416
7338.56982421875,0.0012000000569969416
7338.89990234375,0.0012000000569969416
7339.22021484375,0.0012000000569969416
7339.5498046875,0.0012000000569969416
7339.8701171875,0.0012000000569969416
7340.2001953125,0.0012000000569969416
7340.52978515625,0.0012000000569969416
7340.85009765625,0.0012000000569969416
7341.18017578125,0.0012000000569969416
7341.5,0.0012000000569969416
7341.830078125,0.0012000000569969416
7342.14990234375,0.0012000000569969416
7342.47998046875,0.0012000000569969416
7342.7998046875,0.0010999999940395355
7343.1298828125,0.0010999999940395355
7343.4599609375,0.0010999999940395355
7343.77978515625,0.0010999999940395355
7344.10986328125,0.0010999999940395355
7344.43017578125,0.0010999999940395355
7344.759765625,0.0010999999940395355
7345.080078125,0.0010999999940395355
7345.41015625,0.0010999999940395355
7345.72998046875,0.0010999999940395355
7346.06005859375,0.0010999999940395355
7346.39013671875,0.0010999999940395355
7346.7099609375,0.0010999999940395355
7347.0400390625,0.0010999999940395355
7347.35986328125,0.0010999999940395355
7347.68994140625,0.0010000000474974513
7348.02001953125,0.0010000000474974513
7348.33984375,0.0010000000474974513
7348.669921875,0.0010000000474974513
7348.990234375,0.0010000000474974513
7349.31982421875,0.0010000000474974513
7349.64013671875,0.0010000000474974513
7349.97021484375,0.0010000000474974513
7350.2998046875,0.0010000000474974513
7350.6201171875,0.0010000000474974513
7350.9501953125,0.0010000000474974513
7351.27001953125,0.0010000000474974513
7351.60009765625,0.0010000000474974513
7351.93017578125,0.0010000000474974513
7352.25,0.0010000000474974513
7352.580078125,0.0008999999845400453
7352.89990234375,0.0008999999845400453
7353.22998046875,0.0008999999845400453
7353.5498046875,0.0008999999845400453
7353.8798828125,0.0008999999845400453
7354.2099609375,0.0008999999845400453
7354.5400390625,0.0008999999845400453
7354.85986328125,0.0008999999845400453
7355.18994140625,0.0008999999845400453
7355.509765625,0.0008999999845400453
7355.83984375,0.0008999999845400453
7356.16015625,0.0008999999845400453
7356.490234375,0.0008999999845400453
7356.81982421875,0.0008999999845400453
7357.14013671875,0.0008999999845400453
7357.47021484375,0.0008999999845400453
7357.7900390625,0.0007999999797903001
7358.1201171875,0.0007999999797903001
7358.4501953125,0.0007999999797903001
7358.77978515625,0.0007999999797903001
7359.10009765625,0.0007999999797903001
7359.43017578125,0.0007999999797903001
7359.75,0.0007999999797903001
7360.080078125,0.0007999999797903001
7360.39990234375,0.0007999999797903001
7360.72998046875,0.0007999999797903001
7361.06005859375,0.0007999999797903001
7361.39013671875,0.0007999999797903001
7361.7099609375,0.0007999999797903001
7362.0400390625,0.0007999999797903001
7362.35986328125,0.0007999999797903001
7362.68994140625,0.000699999975040555
7363.009765625,0.000699999975040555
7363.35009765625,0.000699999975040555
7363.669921875,0.000699999975040555
7364.0,0.000699999975040555
7364.31982421875,0.000699999975040555
7364.64990234375,0.000699999975040555
7364.97998046875,0.000699999975040555
7365.2998046875,0.000699999975040555
7365.6298828125,0.000699999975040555
7365.9599609375,0.000699999975040555
7366.27978515625,0.000699999975040555
7366.60986328125,0.000699999975040555
7366.93994140625,0.000699999975040555
7367.259765625,0.000699999975040555
7367.58984375,0.0006000000284984708
7367.919921875,0.0006000000284984708
7368.240234375,0.0006000000284984708
7368.56982421875,0.0006000000284984708
7368.89013671875,0.0006000000284984708
7369.22021484375,0.0006000000284984708
7369.5498046875,0.0006000000284984708
7369.8798828125,0.0006000000284984708
7370.2099609375,0.0006000000284984708
7370.52978515625,0.0006000000284984708
7370.85986328125,0.0006000000284984708
7371.18017578125,0.0006000000284984708
7371.509765625,0.0006000000284984708
7371.83984375,0.0006000000284984708
7372.16015625,0.0006000000284984708
7372.490234375,0.0006000000284984708
7372.81982421875,0.0005000000237487257
7373.14013671875,0.0005000000237487257
7373.47021484375,0.0005000000237487257
7373.7998046875,0.0005000000237487257
7374.1201171875,0.0005000000237487257
7374.4501953125,0.0005000000237487257
7374.77978515625,0.0005000000237487257
7375.10986328125,0.0005000000237487257
7375.43017578125,0.0005000000237487257
7375.759765625,0.0005000000237487257
7376.08984375,0.0005000000237487257
7376.41015625,0.0005000000237487257
7376.740234375,0.0005000000237487257
7377.06982421875,0.0005000000237487257
7377.39013671875,0.0005000000237487257
7377.72021484375,0.00039999998989515007
7378.0498046875,0.00039999998989515007
7378.3701171875,0.00039999998989515007
7378.7001953125,0.00039999998989515007
7379.02978515625,0.00039999998989515007
7379.35986328125,0.00039999998989515007
7379.68994140625,0.00039999998989515007
7380.009765625,0.00039999998989515007
7380.33984375,0.00039999998989515007
7380.669921875,0.00039999998989515007
7381.0,0.00039999998989515007
7381.31982421875,0.00039999998989515007
7381.64990234375,0.00039999998989515007
7381.97998046875,0.00039999998989515007
7382.2998046875,0.00039999998989515007
7382.6298828125,0.0003000000142492354
7382.9599609375,0.0003000000142492354
7383.2900390625,0.0003000000142492354
7383.60986328125,0.0003000000142492354
7383.93994140625,0.0003000000142492354
7384.27001953125,0.0003000000142492354
7384.58984375,0.0003000000142492354
7384.919921875,0.0003000000142492354
7385.25,0.0003000000142492354
7385.580078125,0.0003000000142492354
7385.89990234375,0.0003000000142492354
7386.22998046875,0.0003000000142492354
7386.56005859375,0.0003000000142492354
7386.89013671875,0.0003000000142492354
7387.2099609375,0.0003000000142492354
7387.5400390625,0.00019999999494757503
7387.8701171875,0.00019999999494757503
7388.2001953125,0.00019999999494757503
7388.52001953125,0.00019999999494757503
7388.85009765625,0.00019999999494757503
7389.18017578125,0.00019999999494757503
7389.509765625,0.00019999999494757503
7389.830078125,0.00019999999494757503
7390.16015625,0.00019999999494757503
7390.490234375,0.00019999999494757503
7390.81982421875,0.00019999999494757503
7391.14990234375,0.00019999999494757503
7391.47021484375,0.00019999999494757503
7391.7998046875,0.00019999999494757503
7392.1298828125,0.00019999999494757503
7392.4599609375,0.00019999999494757503
7392.77978515625,9.999999747378752e-05
7393.10986328125,9.999999747378752e-05
7393.43994140625,9.999999747378752e-05
7393.77001953125,9.999999747378752e-05
7394.10009765625,9.999999747378752e-05
7394.43017578125,9.999999747378752e-05
7394.75,9.999999747378752e-05
7395.080078125,9.999999747378752e-05
7395.41015625,9.999999747378752e-05
7395.740234375,9.999999747378752e-05
7396.06005859375,9.999999747378752e-05
7396.39013671875,9.999999747378752e-05
7396.72021484375,9.999999747378752e-05
7397.0498046875,9.999999747378752e-05
7397.3798828125,9.999999747378752e-05
7397.7001953125,0.0
7398.02978515625,0.0
7398.35986328125,0.0
7398.68017578125,0.0
7399.02001953125,0.0
7399.35009765625,0.0
7399.669921875,0.0
7400.0,0.0
