wavelength,response
7000.00000,0.00000
7000.16992,0.00010
7000.33008,0.00020
7000.50000,0.00030
7000.66992,0.00040
7000.83984,0.00050
7001.00977,0.00060
7001.18018,0.00070
7001.33984,0.00080
7001.50977,0.00090
7001.68018,0.00100
7001.85010,0.00110
7002.02002,0.00130
7002.18018,0.00140
7002.35986,0.00150
7002.52002,0.00160
7002.68994,0.00170
7002.85986,0.00180
7003.02002,0.00190
7003.18994,0.00200
7003.35986,0.00210
7003.52979,0.00220
7003.70020,0.00230
7003.87012,0.00240
7004.04004,0.00250
7004.20996,0.00260
7004.37012,0.00270
7004.54004,0.00280
7004.70996,0.00290
7004.87012,0.00300
7005.04004,0.00310
7005.20996,0.00320
7005.37988,0.00330
7005.54980,0.00340
7005.72021,0.00350
7005.89014,0.00360
7006.04980,0.00380
7006.22021,0.00390
7006.39014,0.00400
7006.56006,0.00410
7006.72021,0.00420
7006.89990,0.00430
7007.06982,0.00440
7007.22998,0.00450
7007.39990,0.00460
7007.56982,0.00470
7007.74023,0.00480
7007.89990,0.00490
7008.06982,0.00500
7008.24023,0.00510
7008.41016,0.00520
7008.58008,0.00530
7008.75000,0.00540
7008.91992,0.00550
7009.08008,0.00560
7009.25000,0.00570
7009.41992,0.00580
7009.58984,0.00590
7009.75977,0.00600
7009.93018,0.00620
7010.08984,0.00630
7010.25977,0.00640
7010.43018,0.00650
7010.60010,0.00660
7010.77002,0.00670
7010.93018,0.00680
7011.10010,0.00690
7011.27002,0.00700
7011.43994,0.00710
7011.60986,0.00720
7011.77979,0.00730
7011.95020,0.00740
7012.12012,0.00750
7012.27979,0.00760
7012.45020,0.00770
7012.62012,0.00780
7012.79004,0.00790
7012.95996,0.00800
7013.12988,0.00810
7013.29004,0.00820
7013.45996,0.00830
7013.62988,0.00850
7013.79980,0.00860
7013.97021,0.00870
7014.14014,0.00880
7014.29980,0.00890
7014.47998,0.00900
7014.64014,0.00910
7014.81006,0.00920
7014.97998,0.00930
7015.14990,0.00940
7015.31006,0.00950
7015.47998,0.00960
7015.64990,0.00970
7015.81982,0.00980
7015.99023,0.00990
7016.16016,0.01000
7016.33008,0.01010
7016.49023,0.01020
7016.66016,0.01030
7016.83008,0.01040
7017.00000,0.01050
7017.16992,0.01060
7017.33984,0.01070
7017.50977,0.01090
7017.68018,0.01100
7017.85010,0.01110
7018.00977,0.01120
7018.18018,0.01130
7018.35010,0.01140
7018.52002,0.01150
7018.68994,0.01160
7018.85010,0.01170
7019.02002,0.01180
7019.18994,0.01190
7019.35986,0.01200
7019.52979,0.01210
7019.70020,0.01220
7019.85986,0.01230
7020.02979,0.01240
7020.20020,0.01250
7020.37012,0.01260
7020.54004,0.01270
7020.70996,0.01280
7020.87988,0.01290
7021.04980,0.01300
7021.20996,0.01320
7021.37988,0.01330
7021.54980,0.01340
7021.72021,0.01350
7021.89014,0.01360
7022.04980,0.01370
7022.22998,0.01380
7022.39990,0.01390
7022.56006,0.01400
7022.72998,0.01410
7022.89990,0.01420
7023.06982,0.01430
7023.24023,0.01440
7023.41016,0.01450
7023.56982,0.01460
7023.75000,0.01470
7023.91016,0.01480
7024.08008,0.01490
7024.25000,0.01500
7024.41992,0.01510
7024.58984,0.01520
7024.75977,0.01530
7024.91992,0.01550
7025.08984,0.01560
7025.27002,0.01570
7025.43018,0.01580
7025.60010,0.01590
7025.77002,0.01600
7025.93994,0.01610
7026.10986,0.01620
7026.27002,0.01630
7026.43994,0.01640
7026.60986,0.01650
7026.77979,0.01660
7026.95020,0.01670
7027.12012,0.01680
7027.29004,0.01690
7027.45996,0.01700
7027.62012,0.01710
7027.79004,0.01720
7027.95996,0.01730
7028.12988,0.01740
7028.29980,0.01750
7028.47021,0.01770
7028.64014,0.01780
7028.81006,0.01790
7028.97998,0.01800
7029.14014,0.01810
7029.31006,0.01820
7029.47998,0.01830
7029.64990,0.01840
7029.81982,0.01850
7029.99023,0.01860
7030.16016,0.01870
7030.33008,0.01880
7030.49023,0.01890
7030.66016,0.01900
7030.83008,0.01910
7031.00000,0.01920
7031.16992,0.01930
7031.33984,0.01940
7031.50977,0.01950
7031.68018,0.01960
7031.83984,0.01970
7032.00977,0.01980
7032.18018,0.02000
7032.35010,0.02010
7032.52002,0.02020
7032.68994,0.02030
7032.85986,0.02040
7033.02979,0.02050
7033.20020,0.02060
7033.37012,0.02070
7033.54004,0.02080
7033.70020,0.02090
7033.87012,0.02100
7034.04004,0.02110
7034.20996,0.02120
7034.37988,0.02130
7034.54980,0.02140
7034.72021,0.02150
7034.89014,0.02160
7035.04980,0.02170
7035.22021,0.02180
7035.39014,0.02190
7035.56006,0.02200
7035.72998,0.02220
7035.89990,0.02230
7036.06982,0.02240
7036.24023,0.02250
7036.41016,0.02260
7036.58008,0.02270
7036.75000,0.02280
7036.91992,0.02290
7037.08008,0.02300
7037.25000,0.02310
7037.41992,0.02320
7037.58984,0.02330
7037.75977,0.02340
7037.93018,0.02350
7038.10010,0.02360
7038.27002,0.02370
7038.43018,0.02380
7038.60010,0.02390
7038.77002,0.02400
7038.93994,0.02410
7039.10986,0.02420
7039.27979,0.02440
7039.45020,0.02450
7039.62012,0.02460
7039.79004,0.02470
7039.95996,0.02480
7040.12988,0.02490
7040.29004,0.02500
7040.47021,0.02510
7040.62988,0.02520
7040.79980,0.02530
7040.97021,0.02540
7041.14014,0.02550
7041.31006,0.02560
7041.47998,0.02570
7041.64990,0.02580
7041.81006,0.02590
7041.99023,0.02600
7042.16016,0.02610
7042.33008,0.02620
7042.50000,0.02630
7042.66016,0.02640
7042.83008,0.02660
7043.00000,0.02670
7043.16992,0.02680
7043.33984,0.02690
7043.50977,0.02700
7043.68018,0.02710
7043.85010,0.02720
7044.02002,0.02730
7044.18994,0.02740
7044.35986,0.02750
7044.52002,0.02760
7044.68994,0.02770
7044.85986,0.02780
7045.02979,0.02790
7045.20020,0.02800
7045.37012,0.02810
7045.54004,0.02820
7045.70996,0.02830
7045.87988,0.02840
7046.04980,0.02850
7046.22021,0.02870
7046.37988,0.02880
7046.56006,0.02890
7046.72021,0.02900
7046.89014,0.02910
7047.06006,0.02920
7047.22998,0.02930
7047.39990,0.02940
7047.56982,0.02950
7047.74023,0.02960
7047.91016,0.02970
7048.08008,0.02980
7048.25000,0.02990
7048.41992,0.03000
7048.58008,0.03010
7048.75000,0.03020
7048.91992,0.03030
7049.08984,0.03040
7049.25977,0.03050
7049.43018,0.03060
7049.60010,0.03080
7049.77002,0.03090
7049.93994,0.03100
7050.10986,0.03110
7050.27979,0.03120
7050.45020,0.03140
7050.62012,0.03150
7050.79004,0.03170
7050.95020,0.03180
7051.12988,0.03200
7051.29980,0.03210
7051.45996,0.03230
7051.62988,0.03240
7051.79980,0.03260
7051.97021,0.03270
7052.14014,0.03280
7052.31006,0.03300
7052.47998,0.03310
7052.64990,0.03330
7052.81982,0.03340
7052.99023,0.03360
7053.16016,0.03370
7053.33008,0.03390
7053.50000,0.03400
7053.66992,0.03420
7053.83008,0.03430
7054.00000,0.03440
7054.16992,0.03460
7054.33984,0.03470
7054.50977,0.03490
7054.68018,0.03500
7054.85010,0.03520
7055.02002,0.03530
7055.18994,0.03550
7055.35986,0.03560
7055.52979,0.03580
7055.70020,0.03590
7055.87012,0.03600
7056.04004,0.03620
7056.20996,0.03630
7056.37988,0.03650
7056.54004,0.03660
7056.70996,0.03680
7056.87988,0.03690
7057.04980,0.03710
7057.22998,0.03720
7057.39990,0.03740
7057.56006,0.03750
7057.72998,0.03770
7057.89990,0.03780
7058.06982,0.03790
7058.24023,0.03810
7058.41016,0.03820
7058.58008,0.03840
7058.75000,0.03850
7058.91992,0.03870
7059.08984,0.03880
7059.25977,0.03900
7059.43018,0.03910
7059.60010,0.03930
7059.75977,0.03940
7059.93018,0.03950
7060.10010,0.03970
7060.27979,0.03980
7060.45020,0.04000
7060.62012,0.04010
7060.77979,0.04030
7060.95020,0.04040
7061.12012,0.04060
7061.29004,0.04070
7061.45996,0.04090
7061.62988,0.04100
7061.79980,0.04110
7061.97021,0.04130
7062.14014,0.04140
7062.31006,0.04160
7062.47998,0.04170
7062.64990,0.04190
7062.81982,0.04200
7062.99023,0.04220
7063.16016,0.04230
7063.33008,0.04250
7063.50000,0.04260
7063.66992,0.04280
7063.83984,0.04290
7064.00000,0.04300
7064.18018,0.04320
7064.35010,0.04330
7064.50977,0.04350
7064.68018,0.04360
7064.85010,0.04380
7065.02002,0.04390
7065.20020,0.04410
7065.37012,0.04420
7065.52979,0.04440
7065.70020,0.04450
7065.87012,0.04460
7066.04004,0.04480
7066.20996,0.04490
7066.37988,0.04510
7066.54980,0.04520
7066.72021,0.04540
7066.89014,0.04550
7067.06006,0.04570
7067.22998,0.04580
7067.39990,0.04600
7067.56982,0.04610
7067.74023,0.04630
7067.91016,0.04640
7068.08008,0.04660
7068.25000,0.04670
7068.41992,0.04680
7068.58984,0.04700
7068.75977,0.04710
7068.93018,0.04730
7069.10010,0.04740
7069.27002,0.04760
7069.43994,0.04770
7069.60986,0.04790
7069.77979,0.04800
7069.95020,0.04820
7070.12012,0.04830
7070.29004,0.04840
7070.45996,0.04860
7070.62012,0.04870
7070.79004,0.04890
7070.97021,0.04900
7071.14014,0.04920
7071.31006,0.04930
7071.47021,0.04950
7071.64990,0.04960
7071.81982,0.04980
7071.97998,0.04990
7072.14990,0.05010
7072.31982,0.05020
7072.49023,0.05030
7072.66992,0.05050
7072.83008,0.05060
7073.00000,0.05080
7073.16992,0.05090
7073.33984,0.05110
7073.50977,0.05120
7073.68018,0.05140
7073.85010,0.05150
7074.02002,0.05170
7074.20020,0.05180
7074.35986,0.05200
7074.52979,0.05210
7074.70020,0.05220
7074.87012,0.05240
7075.04004,0.05250
7075.20996,0.05270
7075.37988,0.05280
7075.54980,0.05300
7075.72021,0.05310
7075.89014,0.05330
7076.06006,0.05340
7076.22998,0.05360
7076.39990,0.05370
7076.56982,0.05390
7076.74023,0.05400
7076.91016,0.05410
7077.08008,0.05430
7077.25000,0.05440
7077.41992,0.05460
7077.58984,0.05470
7077.75977,0.05490
7077.93018,0.05500
7078.10010,0.05520
7078.27002,0.05530
7078.43994,0.05550
7078.60986,0.05560
7078.77979,0.05580
7078.95020,0.05590
7079.12012,0.05600
7079.29004,0.05620
7079.45996,0.05630
7079.62988,0.05650
7079.79980,0.05660
7079.97021,0.05680
7080.14014,0.05690
7080.31982,0.05710
7080.47998,0.05720
7080.64990,0.05740
7080.81982,0.05750
7080.99023,0.05770
7081.16016,0.05780
7081.33008,0.05790
7081.50000,0.05810
7081.66992,0.05820
7081.83984,0.05840
7082.00977,0.05850
7082.18994,0.05870
7082.35010,0.05880
7082.52002,0.05900
7082.68994,0.05910
7082.85986,0.05930
7083.02979,0.05940
7083.20020,0.05960
7083.37988,0.05970
7083.54980,0.05980
7083.70996,0.06000
7083.87988,0.06010
7084.06006,0.06030
7084.22021,0.06040
7084.39014,0.06060
7084.56006,0.06070
7084.72998,0.06090
7084.91016,0.06100
7085.06982,0.06120
7085.25000,0.06130
7085.41992,0.06150
7085.58008,0.06160
7085.75977,0.06180
7085.93018,0.06190
7086.08984,0.06200
7086.25977,0.06220
7086.43994,0.06230
7086.60986,0.06250
7086.77979,0.06260
7086.95020,0.06280
7087.12012,0.06290
7087.29004,0.06310
7087.45996,0.06320
7087.62988,0.06340
7087.79980,0.06350
7087.97021,0.06370
7088.14014,0.06380
7088.31006,0.06390
7088.47998,0.06410
7088.64990,0.06420
7088.81982,0.06440
7088.99023,0.06450
7089.16016,0.06470
7089.33008,0.06480
7089.50000,0.06500
7089.66992,0.06510
7089.83984,0.06530
7090.00977,0.06540
7090.18018,0.06560
7090.35010,0.06570
7090.52002,0.06580
7090.68994,0.06600
7090.85986,0.06610
7091.04004,0.06630
7091.20020,0.06640
7091.37012,0.06660
7091.54980,0.06670
7091.70996,0.06690
7091.87988,0.06700
7092.04980,0.06720
7092.22021,0.06730
7092.39014,0.06750
7092.56006,0.06760
7092.74023,0.06780
7092.91016,0.06790
7093.08008,0.06800
7093.25000,0.06820
7093.41992,0.06830
7093.58984,0.06850
7093.75977,0.06860
7093.93018,0.06880
7094.10010,0.06890
7094.27002,0.06910
7094.43994,0.06920
7094.60986,0.06940
7094.77979,0.06950
7094.95020,0.06970
7095.12012,0.06980
7095.29004,0.07000
7095.45996,0.07010
7095.62988,0.07020
7095.79980,0.07040
7095.97021,0.07050
7096.14990,0.07070
7096.31006,0.07080
7096.47998,0.07100
7096.66016,0.07110
7096.81982,0.07130
7096.99023,0.07140
7097.16992,0.07160
7097.33984,0.07170
7097.50977,0.07190
7097.68018,0.07200
7097.85010,0.07210
7098.02002,0.07230
7098.18994,0.07240
7098.35986,0.07260
7098.52979,0.07270
7098.70020,0.07290
7098.87012,0.07300
7099.04004,0.07320
7099.20996,0.07330
7099.37988,0.07350
7099.54980,0.07360
7099.72021,0.07380
7099.89014,0.07390
7100.06006,0.07410
7100.24023,0.07440
7100.41016,0.07470
7100.58008,0.07500
7100.75000,0.07530
7100.91992,0.07550
7101.08984,0.07580
7101.25977,0.07610
7101.43018,0.07640
7101.60010,0.07670
7101.77002,0.07700
7101.93994,0.07730
7102.10986,0.07750
7102.27979,0.07780
7102.45020,0.07810
7102.62012,0.07840
7102.79004,0.07870
7102.95996,0.07900
7103.12988,0.07930
7103.31006,0.07960
7103.47998,0.07980
7103.64990,0.08010
7103.81982,0.08040
7103.99023,0.08070
7104.16016,0.08100
7104.33008,0.08130
7104.50000,0.08160
7104.66992,0.08180
7104.83984,0.08210
7105.00977,0.08240
7105.18018,0.08270
7105.35010,0.08300
7105.52002,0.08330
7105.68994,0.08360
7105.85986,0.08380
7106.04004,0.08410
7106.20020,0.08440
7106.37988,0.08470
7106.54980,0.08500
7106.72021,0.08530
7106.89014,0.08560
7107.06006,0.08590
7107.22998,0.08610
7107.39990,0.08640
7107.56982,0.08670
7107.74023,0.08700
7107.91016,0.08730
7108.08008,0.08760
7108.25977,0.08790
7108.43018,0.08820
7108.58984,0.08840
7108.77002,0.08870
7108.93994,0.08900
7109.10986,0.08930
7109.27979,0.08960
7109.45020,0.08990
7109.62012,0.09020
7109.79004,0.09050
7109.95996,0.09070
7110.12988,0.09100
7110.29980,0.09130
7110.47021,0.09160
7110.64014,0.09190
7110.81982,0.09220
7110.97998,0.09250
7111.16016,0.09270
7111.33008,0.09300
7111.50000,0.09330
7111.66992,0.09360
7111.83984,0.09390
7112.00977,0.09420
7112.18018,0.09450
7112.35010,0.09470
7112.52979,0.09500
7112.70020,0.09530
7112.87012,0.09560
7113.04004,0.09590
7113.20996,0.09620
7113.37988,0.09650
7113.54980,0.09680
7113.72021,0.09700
7113.89014,0.09730
7114.06006,0.09760
7114.22998,0.09790
7114.39990,0.09820
7114.58008,0.09850
7114.74023,0.09880
7114.91992,0.09910
7115.08008,0.09930
7115.25977,0.09960
7115.43018,0.09990
7115.60010,0.10020
7115.77002,0.10050
7115.93994,0.10080
7116.10986,0.10110
7116.27979,0.10140
7116.45020,0.10160
7116.62012,0.10190
7116.79004,0.10220
7116.95996,0.10250
7117.12988,0.10280
7117.31006,0.10310
7117.47998,0.10340
7117.64990,0.10370
7117.81982,0.10390
7117.99023,0.10420
7118.16016,0.10450
7118.33008,0.10480
7118.50000,0.10510
7118.66992,0.10540
7118.85010,0.10570
7119.02002,0.10600
7119.18994,0.10620
7119.35986,0.10650
7119.52979,0.10680
7119.70020,0.10710
7119.87012,0.10740
7120.04004,0.10770
7120.20996,0.10800
7120.37988,0.10820
7120.56006,0.10850
7120.72998,0.10880
7120.89990,0.10910
7121.06982,0.10940
7121.24023,0.10970
7121.41016,0.11000
7121.58008,0.11030
7121.75000,0.11050
7121.93018,0.11080
7122.10010,0.11110
7122.27002,0.11140
7122.43994,0.11170
7122.60986,0.11200
7122.77979,0.11230
7122.95020,0.11260
7123.12012,0.11280
7123.29004,0.11310
7123.45996,0.11340
7123.64014,0.11370
7123.81006,0.11400
7123.97998,0.11430
7124.14990,0.11460
7124.31982,0.11490
7124.49023,0.11510
7124.66016,0.11540
7124.83008,0.11570
7125.00000,0.11600
7125.18018,0.11630
7125.35010,0.11660
7125.52002,0.11690
7125.68994,0.11720
7125.85986,0.11740
7126.02979,0.11770
7126.20020,0.11800
7126.37012,0.11830
7126.54004,0.11860
7126.72021,0.11890
7126.89014,0.11920
7127.06006,0.11950
7127.22998,0.11970
7127.39990,0.12000
7127.56982,0.12030
7127.74023,0.12060
7127.91016,0.12090
7128.08984,0.12120
7128.25977,0.12150
7128.43018,0.12180
7128.60010,0.12200
7128.77002,0.12230
7128.93994,0.12260
7129.10986,0.12290
7129.27979,0.12320
7129.45020,0.12350
7129.62012,0.12380
7129.79980,0.12410
7129.97021,0.12430
7130.14014,0.12460
7130.31006,0.12490
7130.47998,0.12520
7130.64990,0.12550
7130.81982,0.12580
7131.00000,0.12610
7131.16992,0.12640
7131.33984,0.12660
7131.50977,0.12690
7131.68018,0.12720
7131.85010,0.12750
7132.02002,0.12780
7132.18994,0.12810
7132.37012,0.12840
7132.54004,0.12870
7132.70996,0.12890
7132.87988,0.12920
7133.04980,0.12950
7133.22021,0.12980
7133.39990,0.13010
7133.56006,0.13040
7133.74023,0.13070
7133.91016,0.13100
7134.08008,0.13120
7134.25000,0.13150
7134.41992,0.13180
7134.58984,0.13210
7134.77002,0.13240
7134.93018,0.13270
7135.10986,0.13300
7135.27979,0.13330
7135.45020,0.13360
7135.62012,0.13380
7135.79004,0.13410
7135.95996,0.13440
7136.14014,0.13470
7136.31006,0.13500
7136.47998,0.13530
7136.64990,0.13560
7136.81982,0.13590
7136.99023,0.13610
7137.16016,0.13640
7137.33984,0.13670
7137.50977,0.13700
7137.68018,0.13730
7137.85010,0.13760
7138.02002,0.13790
7138.18994,0.13820
7138.35986,0.13840
7138.52979,0.13870
7138.70020,0.13900
7138.87988,0.13930
7139.04980,0.13960
7139.22021,0.13990
7139.39014,0.14020
7139.56982,0.14050
7139.72998,0.14080
7139.91016,0.14100
7140.08008,0.14130
7140.25000,0.14160
7140.41992,0.14190
7140.58984,0.14220
7140.77002,0.14250
7140.93994,0.14280
7141.10986,0.14310
7141.27979,0.14330
7141.45020,0.14360
7141.62012,0.14390
7141.79004,0.14420
7141.95996,0.14450
7142.14014,0.14480
7142.31006,0.14510
7142.47998,0.14540
7142.64990,0.14570
7142.81982,0.14590
7142.99023,0.14620
7143.16016,0.14650
7143.33984,0.14680
7143.50977,0.14710
7143.68018,0.14740
7143.85010,0.14770
7144.02002,0.14800
7144.20020,0.14820
7144.35986,0.14850
7144.54004,0.14880
7144.70996,0.14910
7144.87988,0.14940
7145.04980,0.14970
7145.22998,0.15000
7145.39990,0.15030
7145.56982,0.15060
7145.74023,0.15080
7145.91016,0.15110
7146.08008,0.15140
7146.25000,0.15170
7146.41992,0.15200
7146.60010,0.15230
7146.77002,0.15260
7146.93994,0.15290
7147.10986,0.15320
7147.27979,0.15340
7147.45996,0.15370
7147.62012,0.15400
7147.79980,0.15430
7147.97021,0.15460
7148.14014,0.15490
7148.31982,0.15520
7148.49023,0.15550
7148.66016,0.15570
7148.83008,0.15600
7149.00000,0.15630
7149.16992,0.15660
7149.33984,0.15690
7149.50977,0.15720
7149.68994,0.15750
7149.85986,0.15780
7150.02979,0.15810
7150.20020,0.15860
7150.37988,0.15920
7150.54004,0.15970
7150.72021,0.16020
7150.89014,0.16080
7151.06006,0.16130
7151.22998,0.16180
7151.39990,0.16240
7151.58008,0.16290
7151.75000,0.16350
7151.91992,0.16400
7152.08984,0.16450
7152.25977,0.16510
7152.43018,0.16560
7152.60986,0.16610
7152.77979,0.16670
7152.95020,0.16720
7153.12012,0.16770
7153.29980,0.16830
7153.47021,0.16880
7153.64014,0.16940
7153.81006,0.16990
7153.97998,0.17040
7154.14990,0.17100
7154.31982,0.17150
7154.49023,0.17200
7154.66992,0.17260
7154.83984,0.17310
7155.00977,0.17360
7155.18994,0.17420
7155.35010,0.17470
7155.52979,0.17520
7155.70020,0.17580
7155.87012,0.17630
7156.04980,0.17690
7156.22021,0.17740
7156.39014,0.17790
7156.56006,0.17850
7156.72998,0.17900
7156.89990,0.17950
7157.06982,0.18010
7157.24023,0.18060
7157.41992,0.18110
7157.58984,0.18170
7157.75977,0.18220
7157.93994,0.18280
7158.10986,0.18330
7158.27979,0.18380
7158.45020,0.18440
7158.62012,0.18490
7158.79004,0.18540
7158.97021,0.18600
7159.14014,0.18650
7159.31006,0.18710
7159.47998,0.18760
7159.64990,0.18810
7159.83008,0.18870
7160.00000,0.18920
7160.16992,0.18970
7160.33984,0.19030
7160.50977,0.19080
7160.68018,0.19130
7160.85986,0.19190
7161.02979,0.19240
7161.20020,0.19300
7161.37012,0.19350
7161.54004,0.19400
7161.72021,0.19460
7161.89014,0.19510
7162.06006,0.19560
7162.24023,0.19620
7162.41016,0.19670
7162.58008,0.19720
7162.75000,0.19780
7162.91992,0.19830
7163.08984,0.19890
7163.27002,0.19940
7163.43994,0.19990
7163.60986,0.20050
7163.77979,0.20100
7163.95996,0.20150
7164.12988,0.20210
7164.29980,0.20260
7164.47021,0.20310
7164.64014,0.20370
7164.81006,0.20420
7164.99023,0.20480
7165.16016,0.20530
7165.33008,0.20580
7165.50000,0.20640
7165.66992,0.20690
7165.85010,0.20740
7166.02002,0.20800
7166.18994,0.20850
7166.35986,0.20900
7166.54004,0.20960
7166.70020,0.21010
7166.87988,0.21070
7167.04980,0.21120
7167.22021,0.21170
7167.39990,0.21230
7167.56982,0.21280
7167.74023,0.21330
7167.91016,0.21390
7168.08008,0.21440
7168.25000,0.21500
7168.43018,0.21550
7168.60010,0.21600
7168.77002,0.21660
7168.95020,0.21710
7169.12012,0.21760
7169.29004,0.21820
7169.45996,0.21870
7169.62988,0.21930
7169.81006,0.21980
7169.97021,0.22030
7170.14990,0.22090
7170.33008,0.22140
7170.49023,0.22190
7170.66992,0.22250
7170.83984,0.22300
7171.00977,0.22360
7171.18018,0.22410
7171.35010,0.22460
7171.52979,0.22520
7171.70020,0.22570
7171.87012,0.22620
7172.04980,0.22680
7172.22021,0.22730
7172.39014,0.22790
7172.56006,0.22840
7172.72998,0.22890
7172.89990,0.22950
7173.08008,0.23000
7173.25000,0.23050
7173.41992,0.23110
7173.60010,0.23160
7173.77002,0.23220
7173.93994,0.23270
7174.10986,0.23320
7174.27979,0.23380
7174.45996,0.23430
7174.62988,0.23480
7174.79980,0.23540
7174.97998,0.23590
7175.14990,0.23650
7175.31982,0.23700
7175.49023,0.23750
7175.66016,0.23810
7175.83008,0.23860
7176.00977,0.23910
7176.18018,0.23970
7176.35010,0.24020
7176.52002,0.24080
7176.70020,0.24130
7176.87012,0.24180
7177.04004,0.24240
7177.20996,0.24290
7177.39014,0.24340
7177.56006,0.24400
7177.72998,0.24450
7177.91016,0.24510
7178.08008,0.24560
7178.25000,0.24610
7178.41992,0.24670
7178.58984,0.24720
7178.77002,0.24770
7178.93994,0.24830
7179.10986,0.24880
7179.27979,0.24940
7179.45996,0.24990
7179.62988,0.25040
7179.79980,0.25100
7179.97021,0.25150
7180.14990,0.25210
7180.31982,0.25260
7180.49023,0.25310
7180.66016,0.25370
7180.83008,0.25420
7181.00977,0.25470
7181.18018,0.25530
7181.35010,0.25580
7181.52002,0.25640
7181.70020,0.25690
7181.87012,0.25740
7182.04004,0.25800
7182.20996,0.25850
7182.37988,0.25900
7182.56006,0.25960
7182.74023,0.26010
7182.89990,0.26070
7183.08008,0.26120
7183.25000,0.26170
7183.41992,0.26230
7183.60010,0.26280
7183.75977,0.26330
7183.93994,0.26390
7184.10986,0.26440
7184.29004,0.26500
7184.45996,0.26550
7184.62988,0.26610
7184.79980,0.26660
7184.97998,0.26710
7185.14990,0.26770
7185.31982,0.26820
7185.49023,0.26870
7185.66992,0.26930
7185.83984,0.26980
7186.00977,0.27040
7186.18018,0.27090
7186.35986,0.27140
7186.52979,0.27200
7186.70020,0.27250
7186.87012,0.27300
7187.04980,0.27360
7187.22021,0.27410
7187.39014,0.27470
7187.56006,0.27520
7187.74023,0.27570
7187.91016,0.27630
7188.08008,0.27680
7188.25000,0.27740
7188.41992,0.27790
7188.60010,0.27840
7188.77002,0.27900
7188.93994,0.27950
7189.12012,0.28000
7189.29004,0.28060
7189.45996,0.28110
7189.64014,0.28170
7189.81006,0.28220
7189.97998,0.28270
7190.16016,0.28330
7190.33008,0.28380
7190.50000,0.28440
7190.66992,0.28490
7190.83984,0.28540
7191.02002,0.28600
7191.18994,0.28650
7191.35986,0.28700
7191.52979,0.28760
7191.70996,0.28810
7191.87988,0.28870
7192.06006,0.28920
7192.22998,0.28980
7192.39990,0.29030
7192.56982,0.29080
7192.74023,0.29140
7192.91992,0.29190
7193.08984,0.29240
7193.25977,0.29300
7193.43994,0.29350
7193.60986,0.29410
7193.77979,0.29460
7193.95020,0.29510
7194.12988,0.29570
7194.29980,0.29620
7194.47021,0.29680
7194.64014,0.29730
7194.81982,0.29780
7194.99023,0.29840
7195.16016,0.29890
7195.33984,0.29950
7195.50977,0.30000
7195.68018,0.30050
7195.85010,0.30110
7196.02002,0.30160
7196.20020,0.30210
7196.37012,0.30270
7196.54980,0.30320
7196.72021,0.30380
7196.89014,0.30430
7197.06006,0.30480
7197.24023,0.30540
7197.41016,0.30590
7197.58008,0.30650
7197.75000,0.30700
7197.93018,0.30750
7198.10010,0.30810
7198.27979,0.30860
7198.45020,0.30920
7198.62012,0.30970
7198.79004,0.31020
7198.95996,0.31080
7199.14014,0.31130
7199.31006,0.31190
7199.47998,0.31240
7199.66016,0.31290
7199.83008,0.31350
7200.00000,0.31400
7200.18018,0.31440
7200.35010,0.31480
7200.52002,0.31530
7200.70020,0.31570
7200.87012,0.31610
7201.04004,0.31650
7201.20996,0.31690
7201.39014,0.31730
7201.56006,0.31770
7201.72998,0.31820
7201.89990,0.31860
7202.08008,0.31900
7202.25000,0.31940
7202.41992,0.31980
7202.60010,0.32020
7202.77002,0.32060
7202.93994,0.32110
7203.12012,0.32150
7203.29004,0.32190
7203.45996,0.32230
7203.64014,0.32270
7203.81006,0.32310
7203.97998,0.32360
7204.14990,0.32400
7204.33008,0.32440
7204.50000,0.32480
7204.66992,0.32520
7204.85010,0.32560
7205.02002,0.32610
7205.18994,0.32650
7205.37012,0.32690
7205.54004,0.32730
7205.70996,0.32770
7205.89014,0.32810
7206.06006,0.32850
7206.22998,0.32900
7206.41016,0.32940
7206.58008,0.32980
7206.75000,0.33020
7206.91992,0.33060
7207.08984,0.33100
7207.27002,0.33140
7207.43994,0.33190
7207.62012,0.33230
7207.79004,0.33270
7207.95996,0.33310
7208.12988,0.33350
7208.31006,0.33390
7208.47998,0.33440
7208.64990,0.33480
7208.83008,0.33520
7209.00000,0.33560
7209.18018,0.33600
7209.35010,0.33640
7209.52002,0.33680
7209.68994,0.33730
7209.85986,0.33770
7210.04004,0.33810
7210.20996,0.33850
7210.37988,0.33890
7210.56006,0.33930
7210.72998,0.33980
7210.91016,0.34020
7211.08008,0.34060
7211.25000,0.34100
7211.41992,0.34140
7211.60010,0.34180
7211.77002,0.34220
7211.93994,0.34270
7212.12012,0.34310
7212.29004,0.34350
7212.47021,0.34390
7212.64014,0.34430
7212.81006,0.34470
7212.97998,0.34520
7213.16016,0.34560
7213.33008,0.34600
7213.50000,0.34640
7213.66992,0.34680
7213.85010,0.34720
7214.02979,0.34770
7214.20020,0.34810
7214.37012,0.34850
7214.54004,0.34890
7214.70996,0.34930
7214.89014,0.34970
7215.06006,0.35020
7215.24023,0.35060
7215.41016,0.35100
7215.58008,0.35140
7215.75977,0.35180
7215.93018,0.35220
7216.10010,0.35270
7216.27002,0.35310
7216.45020,0.35350
7216.62012,0.35390
7216.79004,0.35430
7216.97021,0.35470
7217.14014,0.35510
7217.31982,0.35560
7217.49023,0.35600
7217.66016,0.35640
7217.83984,0.35680
7218.00977,0.35720
7218.18018,0.35760
7218.35986,0.35810
7218.52979,0.35850
7218.70020,0.35890
7218.87988,0.35930
7219.04980,0.35970
7219.22021,0.36010
7219.39014,0.36050
7219.56982,0.36100
7219.74023,0.36140
7219.91016,0.36180
7220.08984,0.36220
7220.27002,0.36260
7220.43994,0.36300
7220.60986,0.36350
7220.77979,0.36390
7220.95996,0.36430
7221.12988,0.36470
7221.29980,0.36510
7221.47998,0.36550
7221.64990,0.36600
7221.81982,0.36640
7222.00000,0.36680
7222.16992,0.36720
7222.33984,0.36760
7222.52002,0.36800
7222.68994,0.36850
7222.85986,0.36890
7223.04004,0.36930
7223.20996,0.36970
7223.39014,0.37010
7223.56006,0.37050
7223.72998,0.37100
7223.91016,0.37140
7224.08008,0.37180
7224.25000,0.37220
7224.41992,0.37260
7224.60010,0.37300
7224.77002,0.37350
7224.95020,0.37390
7225.12012,0.37430
7225.29004,0.37470
7225.47021,0.37510
7225.64014,0.37550
7225.81006,0.37600
7225.99023,0.37640
7226.16016,0.37680
7226.33008,0.37720
7226.50977,0.37760
7226.68018,0.37800
7226.85986,0.37850
7227.02979,0.37890
7227.20020,0.37930
7227.37988,0.37970
7227.54980,0.38010
7227.72998,0.38050
7227.89990,0.38100
7228.06982,0.38140
7228.25000,0.38180
7228.41992,0.38220
7228.58984,0.38260
7228.77002,0.38300
7228.93994,0.38350
7229.10986,0.38390
7229.27979,0.38430
7229.45996,0.38470
7229.62988,0.38510
7229.81006,0.38550
7229.97998,0.38600
7230.14990,0.38640
7230.33008,0.38680
7230.50000,0.38720
7230.66992,0.38760
7230.85010,0.38800
7231.02002,0.38850
7231.20020,0.38890
7231.37012,0.38930
7231.54004,0.38970
7231.72021,0.39010
7231.89014,0.39050
7232.06006,0.39100
7232.24023,0.39140
7232.41016,0.39180
7232.58008,0.39220
7232.75977,0.39260
7232.93018,0.39300
7233.10986,0.39350
7233.27979,0.39390
7233.45020,0.39430
7233.62988,0.39470
7233.79980,0.39510
7233.97998,0.39550
7234.14990,0.39600
7234.31982,0.39640
7234.50000,0.39680
7234.66992,0.39720
7234.83984,0.39760
7235.02002,0.39800
7235.18994,0.39850
7235.35986,0.39890
7235.54004,0.39930
7235.70996,0.39970
7235.89014,0.40010
7236.06006,0.40060
7236.22998,0.40100
7236.41016,0.40140
7236.58008,0.40180
7236.75000,0.40220
7236.93018,0.40260
7237.10010,0.40300
7237.27979,0.40350
7237.45020,0.40390
7237.62012,0.40430
7237.79980,0.40470
7237.97021,0.40510
7238.14014,0.40550
7238.31982,0.40600
7238.49023,0.40640
7238.66992,0.40680
7238.83984,0.40720
7239.00977,0.40760
7239.18994,0.40810
7239.35986,0.40850
7239.54004,0.40890
7239.70996,0.40930
7239.89014,0.40970
7240.06006,0.41010
7240.22998,0.41060
7240.41016,0.41100
7240.58008,0.41140
7240.75977,0.41180
7240.93018,0.41220
7241.10010,0.41260
7241.27979,0.41310
7241.45020,0.41350
7241.62012,0.41390
7241.79980,0.41430
7241.97021,0.41470
7242.14990,0.41520
7242.31982,0.41560
7242.49023,0.41600
7242.66992,0.41640
7242.83984,0.41680
7243.00977,0.41720
7243.18994,0.41770
7243.35986,0.41810
7243.54004,0.41850
7243.70996,0.41890
7243.87988,0.41930
7244.06006,0.41970
7244.22998,0.42020
7244.41016,0.42060
7244.58008,0.42100
7244.75000,0.42140
7244.93018,0.42180
7245.10010,0.42220
7245.27002,0.42270
7245.45020,0.42310
7245.62988,0.42350
7245.79980,0.42390
7245.97021,0.42430
7246.14990,0.42480
7246.31982,0.42520
7246.50000,0.42560
7246.66992,0.42600
7246.83984,0.42640
7247.02002,0.42680
7247.18994,0.42730
7247.37012,0.42770
7247.54004,0.42810
7247.70996,0.42850
7247.89014,0.42890
7248.06006,0.42930
7248.22998,0.42980
7248.41016,0.43020
7248.58008,0.43060
7248.75977,0.43100
7248.93018,0.43140
7249.10010,0.43180
7249.27979,0.43230
7249.45020,0.43270
7249.62988,0.43310
7249.79980,0.43350
7249.97998,0.43400
7250.14990,0.43450
7250.33008,0.43500
7250.50000,0.43550
7250.66992,0.43610
7250.85010,0.43660
7251.02002,0.43710
7251.18994,0.43770
7251.37012,0.43820
7251.54004,0.43870
7251.72021,0.43930
7251.89014,0.43980
7252.06982,0.44030
7252.24023,0.44090
7252.41016,0.44140
7252.58984,0.44190
7252.75977,0.44250
7252.93994,0.44300
7253.10986,0.44350
7253.29004,0.44410
7253.45996,0.44460
7253.62988,0.44510
7253.81006,0.44570
7253.97998,0.44620
7254.16016,0.44670
7254.33008,0.44730
7254.50000,0.44780
7254.68018,0.44830
7254.85010,0.44880
7255.02979,0.44940
7255.20020,0.44990
7255.37012,0.45040
7255.54980,0.45100
7255.72998,0.45150
7255.89990,0.45200
7256.08008,0.45260
7256.25000,0.45310
7256.41992,0.45370
7256.60010,0.45420
7256.77002,0.45470
7256.93994,0.45520
7257.12012,0.45580
7257.29004,0.45630
7257.47021,0.45680
7257.64014,0.45740
7257.81006,0.45790
7257.99023,0.45850
7258.16992,0.45900
7258.33984,0.45950
7258.50977,0.46010
7258.68994,0.46060
7258.85986,0.46110
7259.04004,0.46170
7259.20996,0.46220
7259.39014,0.46270
7259.56006,0.46330
7259.72998,0.46380
7259.91016,0.46430
7260.08008,0.46480
7260.25977,0.46540
7260.43018,0.46590
7260.60986,0.46650
7260.77979,0.46700
7260.95020,0.46750
7261.12988,0.46810
7261.29980,0.46860
7261.47998,0.46910
7261.64990,0.46960
7261.83008,0.47020
7262.00000,0.47070
7262.16992,0.47120
7262.35010,0.47180
7262.52979,0.47230
7262.70020,0.47290
7262.87012,0.47340
7263.04980,0.47390
7263.22021,0.47450
7263.39990,0.47500
7263.56982,0.47550
7263.74023,0.47610
7263.91992,0.47660
7264.08984,0.47710
7264.27002,0.47770
7264.43994,0.47820
7264.62012,0.47870
7264.79004,0.47930
7264.97021,0.47980
7265.14014,0.48030
7265.31006,0.48090
7265.49023,0.48140
7265.66992,0.48190
7265.83984,0.48250
7266.00977,0.48300
7266.18994,0.48350
7266.35986,0.48410
7266.54004,0.48460
7266.70996,0.48510
7266.89014,0.48570
7267.06006,0.48620
7267.22998,0.48670
7267.41016,0.48730
7267.58008,0.48780
7267.75977,0.48830
7267.93018,0.48890
7268.10986,0.48940
7268.27979,0.48990
7268.45020,0.49050
7268.62988,0.49100
7268.81006,0.49160
7268.97998,0.49210
7269.16016,0.49260
7269.33008,0.49310
7269.50000,0.49370
7269.68018,0.49420
7269.85010,0.49470
7270.02979,0.49530
7270.20020,0.49580
7270.37012,0.49630
7270.54980,0.49690
7270.72998,0.49740
7270.89990,0.49800
7271.08008,0.49850
7271.25000,0.49900
7271.41992,0.49960
7271.60010,0.50010
7271.77979,0.50060
7271.95020,0.50120
7272.12012,0.50170
7272.29980,0.50220
7272.47021,0.50280
7272.64990,0.50330
7272.81982,0.50380
7273.00000,0.50440
7273.16992,0.50490
7273.33984,0.50540
7273.52002,0.50600
7273.70020,0.50650
7273.87012,0.50700
7274.04980,0.50760
7274.22021,0.50810
7274.39014,0.50860
7274.56982,0.50920
7274.74023,0.50970
7274.91992,0.51020
7275.08984,0.51080
7275.27002,0.51130
7275.43994,0.51190
7275.62012,0.51240
7275.79004,0.51290
7275.97021,0.51350
7276.14014,0.51400
7276.31982,0.51450
7276.49023,0.51510
7276.66016,0.51560
7276.83984,0.51610
7277.00977,0.51670
7277.18994,0.51720
7277.37012,0.51770
7277.54004,0.51830
7277.70996,0.51880
7277.89014,0.51930
7278.06982,0.51990
7278.24023,0.52040
7278.41016,0.52090
7278.58984,0.52150
7278.75977,0.52200
7278.93994,0.52250
7279.10986,0.52310
7279.27979,0.52360
7279.45996,0.52410
7279.64014,0.52470
7279.81006,0.52520
7279.99023,0.52580
7280.16016,0.52630
7280.33984,0.52680
7280.50977,0.52740
7280.68994,0.52790
7280.85986,0.52840
7281.02979,0.52900
7281.20996,0.52950
7281.39014,0.53000
7281.56006,0.53060
7281.74023,0.53110
7281.91016,0.53160
7282.08984,0.53220
7282.25977,0.53270
7282.43018,0.53320
7282.60986,0.53380
7282.77979,0.53430
7282.95996,0.53480
7283.12988,0.53540
7283.31006,0.53590
7283.49023,0.53650
7283.66016,0.53700
7283.83008,0.53750
7284.00977,0.53810
7284.18994,0.53860
7284.35986,0.53910
7284.54004,0.53970
7284.70996,0.54020
7284.89014,0.54070
7285.06006,0.54130
7285.22998,0.54180
7285.41016,0.54240
7285.58008,0.54290
7285.75977,0.54340
7285.93018,0.54400
7286.10986,0.54450
7286.27979,0.54500
7286.45996,0.54560
7286.62988,0.54610
7286.81006,0.54660
7286.97998,0.54720
7287.16016,0.54770
7287.33008,0.54820
7287.50977,0.54880
7287.68994,0.54930
7287.85986,0.54990
7288.04004,0.55040
7288.20996,0.55090
7288.39014,0.55150
7288.56006,0.55200
7288.72998,0.55250
7288.91016,0.55310
7289.08008,0.55360
7289.25977,0.55410
7289.43018,0.55470
7289.60986,0.55520
7289.79004,0.55570
7289.95996,0.55630
7290.12988,0.55680
7290.31006,0.55730
7290.47998,0.55790
7290.66016,0.55840
7290.83984,0.55900
7291.00977,0.55950
7291.18994,0.56000
7291.35986,0.56060
7291.52979,0.56110
7291.70996,0.56160
7291.87988,0.56220
7292.06006,0.56270
7292.24023,0.56320
7292.41016,0.56380
7292.58008,0.56430
7292.75977,0.56490
7292.93994,0.56540
7293.10986,0.56590
7293.29004,0.56650
7293.45996,0.56700
7293.64014,0.56750
7293.81006,0.56810
7293.99023,0.56860
7294.16992,0.56910
7294.33984,0.56970
7294.50977,0.57020
7294.68994,0.57080
7294.85986,0.57130
7295.04004,0.57180
7295.20996,0.57240
7295.39014,0.57290
7295.56006,0.57340
7295.74023,0.57400
7295.91992,0.57450
7296.08984,0.57500
7296.25977,0.57560
7296.43994,0.57610
7296.62012,0.57660
7296.79004,0.57720
7296.95996,0.57770
7297.14990,0.57830
7297.31982,0.57880
7297.49023,0.57930
7297.66992,0.57990
7297.83984,0.58040
7298.02002,0.58090
7298.18994,0.58150
7298.37012,0.58200
7298.54004,0.58250
7298.72021,0.58310
7298.89014,0.58360
7299.06982,0.58420
7299.24023,0.58470
7299.41992,0.58520
7299.60010,0.58580
7299.77002,0.58630
7299.95020,0.58680
7300.12012,0.58730
7300.29980,0.58780
7300.47021,0.58830
7300.64990,0.58870
7300.81982,0.58920
7301.00000,0.58970
7301.16992,0.59020
7301.35010,0.59060
7301.52002,0.59110
7301.70020,0.59160
7301.87012,0.59210
7302.04980,0.59250
7302.22998,0.59300
7302.39990,0.59350
7302.58008,0.59400
7302.75000,0.59440
7302.93018,0.59490
7303.10010,0.59540
7303.27979,0.59580
7303.45996,0.59630
7303.62988,0.59680
7303.81006,0.59730
7303.97998,0.59770
7304.14990,0.59820
7304.33008,0.59870
7304.50000,0.59920
7304.68018,0.59960
7304.85986,0.60010
7305.02979,0.60060
7305.20996,0.60110
7305.39014,0.60150
7305.56006,0.60200
7305.72998,0.60250
7305.91016,0.60300
7306.08008,0.60340
7306.25977,0.60390
7306.43018,0.60440
7306.60986,0.60490
7306.79004,0.60530
7306.95996,0.60580
7307.14014,0.60630
7307.31982,0.60680
7307.49023,0.60720
7307.66016,0.60770
7307.83984,0.60820
7308.00977,0.60860
7308.18994,0.60910
7308.35986,0.60960
7308.54004,0.61010
7308.72021,0.61050
7308.89014,0.61100
7309.06982,0.61150
7309.25000,0.61200
7309.41992,0.61240
7309.58984,0.61290
7309.77002,0.61340
7309.95020,0.61390
7310.12012,0.61430
7310.29980,0.61480
7310.47021,0.61530
7310.64990,0.61580
7310.81982,0.61620
7311.00000,0.61670
7311.18018,0.61720
7311.35010,0.61760
7311.52002,0.61810
7311.70020,0.61860
7311.87988,0.61910
7312.04980,0.61950
7312.22998,0.62000
7312.39990,0.62050
7312.58008,0.62100
7312.75000,0.62140
7312.93018,0.62190
7313.10986,0.62240
7313.27979,0.62290
7313.45996,0.62330
7313.62988,0.62380
7313.81006,0.62430
7313.99023,0.62480
7314.16016,0.62520
7314.33008,0.62570
7314.50977,0.62620
7314.68018,0.62660
7314.85986,0.62710
7315.04004,0.62760
7315.20996,0.62810
7315.39014,0.62860
7315.56006,0.62900
7315.74023,0.62950
7315.91992,0.63000
7316.08984,0.63050
7316.27002,0.63090
7316.45020,0.63140
7316.62012,0.63190
7316.79980,0.63240
7316.97021,0.63280
7317.14990,0.63330
7317.31982,0.63380
7317.50000,0.63420
7317.66992,0.63470
7317.85010,0.63520
7318.02979,0.63570
7318.20020,0.63610
7318.37988,0.63660
7318.54980,0.63710
7318.72998,0.63760
7318.91016,0.63800
7319.08008,0.63850
7319.25977,0.63900
7319.43018,0.63950
7319.60986,0.63990
7319.79004,0.64040
7319.95996,0.64090
7320.14014,0.64140
7320.31006,0.64180
7320.49023,0.64230
7320.66016,0.64280
7320.83984,0.64330
7321.00977,0.64370
7321.18994,0.64420
7321.37012,0.64470
7321.54004,0.64520
7321.72021,0.64560
7321.89014,0.64610
7322.06982,0.64660
7322.25000,0.64710
7322.41992,0.64750
7322.60010,0.64800
7322.77979,0.64850
7322.95020,0.64900
7323.12988,0.64940
7323.29980,0.64990
7323.47998,0.65040
7323.64990,0.65090
7323.83008,0.65130
7324.00000,0.65180
7324.18018,0.65230
7324.35010,0.65280
7324.52979,0.65320
7324.70996,0.65370
7324.87988,0.65420
7325.06006,0.65470
7325.22998,0.65510
7325.41016,0.65560
7325.58984,0.65610
7325.75977,0.65660
7325.93994,0.65700
7326.12012,0.65750
7326.29004,0.65800
7326.47021,0.65850
7326.64014,0.65890
7326.81982,0.65940
7326.99023,0.65990
7327.16992,0.66040
7327.33984,0.66080
7327.52002,0.66130
7327.70020,0.66180
7327.87988,0.66230
7328.04980,0.66270
7328.22998,0.66320
7328.39990,0.66370
7328.58008,0.66420
7328.75977,0.66460
7328.93018,0.66510
7329.10986,0.66560
7329.27979,0.66610
7329.45996,0.66650
7329.62988,0.66700
7329.81006,0.66750
7329.99023,0.66800
7330.16016,0.66840
7330.33984,0.66890
7330.50977,0.66940
7330.68994,0.66990
7330.87012,0.67030
7331.04980,0.67080
7331.22021,0.67130
7331.39990,0.67180
7331.56982,0.67220
7331.75000,0.67270
7331.91992,0.67320
7332.10010,0.67370
7332.27979,0.67420
7332.45020,0.67460
7332.62988,0.67510
7332.81006,0.67560
7332.97998,0.67600
7333.16016,0.67650
7333.33008,0.67700
7333.50977,0.67750
7333.68018,0.67790
7333.85986,0.67840
7334.04004,0.67890
7334.20996,0.67940
7334.39014,0.67980
7334.56006,0.68030
7334.74023,0.68080
7334.91016,0.68130
7335.08984,0.68170
7335.27002,0.68220
7335.45020,0.68270
7335.62012,0.68320
7335.79980,0.68370
7335.97021,0.68410
7336.14990,0.68460
7336.33008,0.68510
7336.50000,0.68560
7336.68018,0.68600
7336.85010,0.68650
7337.02979,0.68700
7337.20996,0.68750
7337.39014,0.68790
7337.56006,0.68840
7337.74023,0.68890
7337.91016,0.68940
7338.08984,0.68980
7338.27002,0.69030
7338.43994,0.69080
7338.62012,0.69130
7338.79004,0.69170
7338.97021,0.69220
7339.14990,0.69270
7339.31982,0.69320
7339.50000,0.69360
7339.68018,0.69410
7339.85010,0.69460
7340.02979,0.69510
7340.20020,0.69560
7340.37988,0.69600
7340.56006,0.69650
7340.72998,0.69700
7340.91016,0.69750
7341.08984,0.69790
7341.25977,0.69840
7341.43994,0.69890
7341.62012,0.69940
7341.79980,0.69980
7341.97021,0.70030
7342.14990,0.70080
7342.31982,0.70130
7342.50000,0.70170
7342.66992,0.70220
7342.85010,0.70270
7343.02002,0.70320
7343.20020,0.70360
7343.37988,0.70410
7343.56006,0.70460
7343.72998,0.70510
7343.91016,0.70560
7344.08984,0.70600
7344.25977,0.70650
7344.43994,0.70700
7344.60986,0.70750
7344.79004,0.70790
7344.97021,0.70840
7345.14014,0.70890
7345.31982,0.70940
7345.50000,0.70980
7345.66992,0.71030
7345.85010,0.71080
7346.02002,0.71130
7346.20020,0.71170
7346.37988,0.71220
7346.54980,0.71270
7346.72998,0.71320
7346.91016,0.71370
7347.08008,0.71410
7347.25977,0.71460
7347.43994,0.71510
7347.60986,0.71550
7347.79004,0.71600
7347.95996,0.71650
7348.14014,0.71700
7348.31982,0.71750
7348.50000,0.71790
7348.66992,0.71840
7348.85010,0.71890
7349.02979,0.71940
7349.20020,0.71980
7349.37988,0.72030
7349.54980,0.72080
7349.72998,0.72130
7349.91016,0.72170
7350.08008,0.72210
7350.25977,0.72240
7350.43994,0.72280
7350.60986,0.72310
7350.79004,0.72340
7350.97021,0.72370
7351.14014,0.72400
7351.31982,0.72430
7351.50000,0.72460
7351.66992,0.72490
7351.85010,0.72520
7352.02002,0.72550
7352.20020,0.72580
7352.37988,0.72610
7352.54980,0.72640
7352.72998,0.72670
7352.91016,0.72700
7353.08984,0.72730
7353.25977,0.72760
7353.43994,0.72790
7353.60986,0.72820
7353.79004,0.72850
7353.97021,0.72880
7354.14014,0.72910
7354.31982,0.72940
7354.50000,0.72970
7354.68018,0.73000
7354.85010,0.73030
7355.02979,0.73060
7355.20996,0.73100
7355.37988,0.73130
7355.56006,0.73160
7355.72998,0.73190
7355.91016,0.73220
7356.08984,0.73250
7356.25977,0.73280
7356.43994,0.73310
7356.62012,0.73340
7356.79980,0.73370
7356.97021,0.73400
7357.14990,0.73430
7357.33008,0.73460
7357.50000,0.73490
7357.68018,0.73520
7357.85010,0.73550
7358.02979,0.73580
7358.20996,0.73610
7358.37988,0.73640
7358.56006,0.73670
7358.72998,0.73700
7358.91016,0.73730
7359.08984,0.73760
7359.27002,0.73790
7359.43994,0.73820
7359.62012,0.73860
7359.79980,0.73890
7359.97998,0.73920
7360.14990,0.73950
7360.33008,0.73980
7360.50000,0.74010
7360.68018,0.74040
7360.85986,0.74070
7361.04004,0.74100
7361.22021,0.74130
7361.39014,0.74160
7361.56982,0.74190
7361.74023,0.74220
7361.91992,0.74250
7362.10010,0.74280
7362.27002,0.74310
7362.45020,0.74340
7362.62988,0.74370
7362.79980,0.74400
7362.97998,0.74430
7363.16016,0.74460
7363.33008,0.74490
7363.50977,0.74520
7363.68994,0.74550
7363.87012,0.74590
7364.04980,0.74620
7364.22021,0.74650
7364.39990,0.74680
7364.56982,0.74710
7364.75000,0.74740
7364.93018,0.74770
7365.10010,0.74800
7365.27979,0.74830
7365.45996,0.74860
7365.62988,0.74890
7365.81006,0.74920
7365.99023,0.74950
7366.16016,0.74980
7366.33984,0.75010
7366.52002,0.75040
7366.68994,0.75070
7366.87012,0.75100
7367.04980,0.75130
7367.22998,0.75160
7367.41016,0.75190
7367.58008,0.75220
7367.75977,0.75250
7367.93994,0.75280
7368.10986,0.75310
7368.29004,0.75350
7368.47021,0.75380
7368.64014,0.75410
7368.81982,0.75440
7369.00000,0.75470
7369.16992,0.75500
7369.35010,0.75530
7369.52979,0.75560
7369.70020,0.75590
7369.87988,0.75620
7370.06006,0.75650
7370.22998,0.75680
7370.41992,0.75710
7370.58984,0.75740
7370.77002,0.75770
7370.95020,0.75800
7371.12012,0.75830
7371.29980,0.75860
7371.47021,0.75890
7371.64990,0.75920
7371.83008,0.75950
7372.00000,0.75980
7372.18018,0.76010
7372.35986,0.76050
7372.54004,0.76080
7372.70996,0.76110
7372.89014,0.76140
7373.06982,0.76170
7373.24023,0.76200
7373.41992,0.76230
7373.60010,0.76260
7373.77979,0.76290
7373.95020,0.76320
7374.12988,0.76350
7374.31006,0.76380
7374.47998,0.76410
7374.66016,0.76440
7374.83984,0.76470
7375.00977,0.76500
7375.18994,0.76530
7375.37012,0.76560
7375.54980,0.76590
7375.72998,0.76620
7375.89990,0.76650
7376.08008,0.76690
7376.25977,0.76720
7376.43018,0.76750
7376.60986,0.76780
7376.79004,0.76810
7376.95996,0.76840
7377.14014,0.76870
7377.31982,0.76900
7377.50000,0.76930
7377.66992,0.76960
7377.85010,0.76990
7378.02979,0.77020
7378.20020,0.77050
7378.37988,0.77080
7378.56006,0.77110
7378.72998,0.77140
7378.91016,0.77170
7379.08984,0.77200
7379.27002,0.77230
7379.43994,0.77260
7379.62012,0.77300
7379.79980,0.77320
7379.97998,0.77360
7380.16016,0.77390
7380.33008,0.77420
7380.50977,0.77450
7380.68018,0.77480
7380.85986,0.77510
7381.04004,0.77540
7381.20996,0.77570
7381.39014,0.77600
7381.56982,0.77630
7381.75000,0.77660
7381.93018,0.77690
7382.10986,0.77720
7382.27979,0.77750
7382.45996,0.77780
7382.64014,0.77810
7382.81006,0.77840
7382.99023,0.77870
7383.16992,0.77900
7383.35010,0.77940
7383.52002,0.77970
7383.70020,0.78000
7383.87988,0.78030
7384.06006,0.78060
7384.22998,0.78090
7384.41016,0.78120
7384.58984,0.78150
7384.75977,0.78180
7384.93994,0.78210
7385.12012,0.78240
7385.29980,0.78270
7385.47021,0.78300
7385.64990,0.78330
7385.83008,0.78360
7386.00977,0.78390
7386.18018,0.78420
7386.35986,0.78450
7386.54004,0.78480
7386.72021,0.78520
7386.89014,0.78550
7387.06982,0.78580
7387.25000,0.78610
7387.41992,0.78640
7387.60010,0.78670
7387.77979,0.78700
7387.95996,0.78730
7388.12988,0.78760
7388.31006,0.78790
7388.49023,0.78820
7388.66992,0.78850
7388.83984,0.78880
7389.02002,0.78910
7389.20020,0.78940
7389.37988,0.78970
7389.54980,0.79000
7389.72998,0.79030
7389.91016,0.79060
7390.08984,0.79090
7390.25977,0.79130
7390.43994,0.79160
7390.62012,0.79190
7390.79980,0.79220
7390.97021,0.79250
7391.14990,0.79280
7391.33008,0.79310
7391.50977,0.79340
7391.68018,0.79370
7391.85986,0.79400
7392.04004,0.79430
7392.22021,0.79460
7392.39014,0.79490
7392.56982,0.79520
7392.75000,0.79550
7392.93018,0.79580
7393.10010,0.79610
7393.27979,0.79640
7393.45996,0.79670
7393.64014,0.79710
7393.81006,0.79740
7393.99023,0.79770
7394.16992,0.79800
7394.35010,0.79830
7394.52002,0.79860
7394.70020,0.79890
7394.87988,0.79920
7395.06006,0.79950
7395.24023,0.79980
7395.41016,0.80010
7395.58984,0.80040
7395.77002,0.80070
7395.95020,0.80100
7396.12012,0.80130
7396.29980,0.80160
7396.47998,0.80190
7396.66016,0.80230
7396.83008,0.80260
7397.00977,0.80290
7397.18994,0.80320
7397.35986,0.80350
7397.54004,0.80380
7397.72021,0.80410
7397.89990,0.80440
7398.08008,0.80470
7398.25977,0.80500
7398.43018,0.80530
7398.60986,0.80560
7398.79004,0.80590
7398.95996,0.80620
7399.14990,0.80650
7399.31982,0.80680
7399.50000,0.80710
7399.68018,0.80740
7399.85010,0.80770
7400.02979,0.80800
7400.20996,0.80830
7400.39014,0.80850
7400.56006,0.80870
7400.74023,0.80890
7400.91992,0.80910
7401.10010,0.80940
7401.27979,0.80960
7401.45020,0.80980
7401.62988,0.81000
7401.81006,0.81020
7401.99023,0.81050
7402.16992,0.81070
7402.33984,0.81090
7402.52002,0.81110
7402.70020,0.81140
7402.87988,0.81160
7403.06006,0.81180
7403.22998,0.81200
7403.41016,0.81220
7403.58984,0.81240
7403.75977,0.81270
7403.93994,0.81290
7404.12012,0.81310
7404.29004,0.81330
7404.47998,0.81360
7404.66016,0.81380
7404.83008,0.81400
7405.00977,0.81420
7405.18994,0.81440
7405.35986,0.81470
7405.54980,0.81490
7405.72021,0.81510
7405.89990,0.81530
7406.08008,0.81550
7406.25000,0.81580
7406.43018,0.81600
7406.60986,0.81620
7406.79004,0.81640
7406.97021,0.81660
7407.14014,0.81690
7407.31982,0.81710
7407.50000,0.81730
7407.68018,0.81750
7407.85986,0.81770
7408.02979,0.81800
7408.20996,0.81820
7408.39014,0.81840
7408.56006,0.81860
7408.74023,0.81880
7408.93018,0.81910
7409.10010,0.81930
7409.27979,0.81950
7409.45996,0.81970
7409.62988,0.81990
7409.81006,0.82020
7409.99023,0.82040
7410.16992,0.82060
7410.35010,0.82080
7410.52002,0.82100
7410.70020,0.82130
7410.87988,0.82150
7411.06006,0.82170
7411.24023,0.82190
7411.41992,0.82220
7411.58984,0.82240
7411.77002,0.82260
7411.95020,0.82280
7412.12988,0.82300
7412.31006,0.82330
7412.47998,0.82350
7412.66016,0.82370
7412.83984,0.82390
7413.02002,0.82410
7413.18994,0.82440
7413.37012,0.82460
7413.54980,0.82480
7413.72998,0.82500
7413.91016,0.82520
7414.08984,0.82550
7414.25977,0.82570
7414.43994,0.82590
7414.62012,0.82610
7414.79980,0.82630
7414.97021,0.82660
7415.14990,0.82680
7415.33008,0.82700
7415.50977,0.82720
7415.68994,0.82750
7415.87012,0.82770
7416.04004,0.82790
7416.22021,0.82810
7416.39990,0.82830
7416.58008,0.82860
7416.75977,0.82880
7416.93018,0.82900
7417.10986,0.82920
7417.29004,0.82940
7417.47021,0.82970
7417.64990,0.82990
7417.83008,0.83010
7418.00000,0.83030
7418.18018,0.83050
7418.35986,0.83080
7418.54004,0.83100
7418.72021,0.83120
7418.89014,0.83140
7419.06982,0.83170
7419.25000,0.83190
7419.43018,0.83210
7419.60986,0.83230
7419.79004,0.83250
7419.95996,0.83280
7420.14014,0.83300
7420.31982,0.83320
7420.50000,0.83340
7420.68018,0.83360
7420.85010,0.83390
7421.02979,0.83410
7421.20996,0.83430
7421.39014,0.83450
7421.56982,0.83470
7421.75000,0.83500
7421.91992,0.83520
7422.10010,0.83540
7422.27979,0.83560
7422.45996,0.83580
7422.64014,0.83610
7422.81982,0.83630
7422.99023,0.83650
7423.16992,0.83670
7423.35010,0.83700
7423.52979,0.83720
7423.70996,0.83740
7423.87988,0.83760
7424.06006,0.83780
7424.24023,0.83810
7424.41992,0.83830
7424.60010,0.83850
7424.77979,0.83870
7424.95996,0.83890
7425.14014,0.83920
7425.31006,0.83940
7425.49023,0.83960
7425.66992,0.83980
7425.85010,0.84000
7426.02002,0.84030
7426.20020,0.84050
7426.37988,0.84070
7426.56006,0.84090
7426.74023,0.84120
7426.91992,0.84140
7427.10010,0.84160
7427.27002,0.84180
7427.45020,0.84200
7427.62988,0.84230
7427.81006,0.84250
7427.99023,0.84270
7428.16992,0.84290
7428.33984,0.84310
7428.52002,0.84340
7428.70020,0.84360
7428.87988,0.84380
7429.06006,0.84400
7429.24023,0.84430
7429.41016,0.84450
7429.58984,0.84470
7429.77002,0.84490
7429.95020,0.84510
7430.12988,0.84540
7430.31006,0.84560
7430.49023,0.84580
7430.66992,0.84600
7430.83984,0.84620
7431.02002,0.84650
7431.20020,0.84670
7431.37988,0.84690
7431.56006,0.84710
7431.72998,0.84740
7431.91016,0.84760
7432.08984,0.84780
7432.27002,0.84800
7432.45020,0.84820
7432.62988,0.84850
7432.79980,0.84870
7432.97998,0.84890
7433.16016,0.84910
7433.33984,0.84930
7433.52002,0.84960
7433.70020,0.84980
7433.87988,0.85000
7434.06006,0.85020
7434.22998,0.85040
7434.41992,0.85070
7434.58984,0.85090
7434.77002,0.85110
7434.95020,0.85130
7435.12988,0.85160
7435.31006,0.85180
7435.47998,0.85200
7435.66016,0.85220
7435.83984,0.85240
7436.02002,0.85270
7436.18994,0.85290
7436.37012,0.85310
7436.54980,0.85330
7436.72998,0.85350
7436.91016,0.85380
7437.08984,0.85400
7437.27002,0.85420
7437.45020,0.85440
7437.62988,0.85470
7437.81006,0.85490
7437.99023,0.85510
7438.16016,0.85530
7438.33984,0.85550
7438.52002,0.85580
7438.70020,0.85600
7438.87988,0.85620
7439.04980,0.85640
7439.22998,0.85660
7439.41016,0.85690
7439.58984,0.85710
7439.77002,0.85730
7439.95020,0.85750
7440.12988,0.85780
7440.31006,0.85800
7440.49023,0.85820
7440.66016,0.85840
7440.85010,0.85860
7441.02002,0.85890
7441.20020,0.85910
7441.37988,0.85930
7441.56006,0.85950
7441.74023,0.85980
7441.91992,0.86000
7442.08984,0.86020
7442.27002,0.86040
7442.45020,0.86060
7442.62988,0.86090
7442.81006,0.86110
7442.99023,0.86130
7443.16016,0.86150
7443.33984,0.86170
7443.52002,0.86200
7443.70020,0.86220
7443.87988,0.86240
7444.06006,0.86260
7444.24023,0.86290
7444.41992,0.86310
7444.60010,0.86330
7444.77979,0.86350
7444.95020,0.86370
7445.12988,0.86400
7445.31006,0.86420
7445.49023,0.86440
7445.66992,0.86460
7445.85010,0.86490
7446.02002,0.86510
7446.20020,0.86530
7446.37988,0.86550
7446.56006,0.86570
7446.74023,0.86600
7446.91992,0.86620
7447.10010,0.86640
7447.27979,0.86660
7447.45996,0.86680
7447.64014,0.86710
7447.81982,0.86730
7447.99023,0.86750
7448.16992,0.86770
7448.35010,0.86800
7448.52979,0.86820
7448.70996,0.86840
7448.89014,0.86860
7449.06982,0.86880
7449.25000,0.86910
7449.43018,0.86930
7449.60010,0.86950
7449.79004,0.86970
7449.95996,0.87000
7450.14014,0.87010
7450.31982,0.87030
7450.50000,0.87050
7450.68018,0.87070
7450.85986,0.87080
7451.04004,0.87100
7451.22021,0.87120
7451.39014,0.87140
7451.56982,0.87150
7451.75000,0.87170
7451.93018,0.87190
7452.10986,0.87210
7452.27979,0.87220
7452.45996,0.87240
7452.64014,0.87260
7452.81982,0.87280
7453.00000,0.87290
7453.18018,0.87310
7453.35986,0.87330
7453.54004,0.87350
7453.72021,0.87360
7453.89990,0.87380
7454.08008,0.87400
7454.25977,0.87420
7454.43994,0.87440
7454.60986,0.87450
7454.79004,0.87470
7454.97021,0.87490
7455.14990,0.87500
7455.33008,0.87520
7455.50977,0.87540
7455.68994,0.87560
7455.87012,0.87570
7456.04004,0.87590
7456.22998,0.87610
7456.41016,0.87630
7456.58984,0.87650
7456.77002,0.87660
7456.93994,0.87680
7457.12988,0.87700
7457.29980,0.87720
7457.47998,0.87730
7457.66016,0.87750
7457.83984,0.87770
7458.02002,0.87790
7458.20020,0.87800
7458.37988,0.87820
7458.54980,0.87840
7458.72998,0.87860
7458.91016,0.87870
7459.08984,0.87890
7459.27002,0.87910
7459.45020,0.87930
7459.62988,0.87940
7459.81006,0.87960
7459.99023,0.87980
7460.16992,0.88000
7460.35010,0.88010
7460.52979,0.88030
7460.70996,0.88050
7460.87988,0.88070
7461.06006,0.88080
7461.24023,0.88100
7461.41992,0.88120
7461.60010,0.88140
7461.77979,0.88150
7461.95996,0.88170
7462.14014,0.88190
7462.31982,0.88210
7462.49023,0.88220
7462.66992,0.88240
7462.85010,0.88260
7463.04004,0.88280
7463.20996,0.88290
7463.39014,0.88310
7463.56982,0.88330
7463.75000,0.88350
7463.93018,0.88370
7464.10986,0.88380
7464.29004,0.88400
7464.47021,0.88420
7464.64990,0.88440
7464.83008,0.88450
7465.00977,0.88470
7465.18018,0.88490
7465.35986,0.88510
7465.54004,0.88520
7465.72021,0.88540
7465.89990,0.88560
7466.08008,0.88580
7466.25977,0.88590
7466.43994,0.88610
7466.62012,0.88630
7466.79980,0.88650
7466.97998,0.88660
7467.16016,0.88680
7467.33984,0.88700
7467.52002,0.88720
7467.70020,0.88730
7467.87988,0.88750
7468.06006,0.88770
7468.22998,0.88790
7468.41016,0.88800
7468.58984,0.88820
7468.77002,0.88840
7468.95020,0.88860
7469.12988,0.88870
7469.31006,0.88890
7469.49023,0.88910
7469.66992,0.88930
7469.85010,0.88950
7470.02979,0.88960
7470.20996,0.88980
7470.39014,0.89000
7470.56982,0.89020
7470.75000,0.89030
7470.93018,0.89050
7471.10010,0.89070
7471.27979,0.89090
7471.45996,0.89100
7471.64014,0.89120
7471.81982,0.89140
7472.00000,0.89160
7472.18018,0.89170
7472.35986,0.89190
7472.54004,0.89210
7472.72021,0.89230
7472.89990,0.89240
7473.08008,0.89260
7473.25977,0.89280
7473.43994,0.89300
7473.62012,0.89310
7473.79980,0.89330
7473.97998,0.89350
7474.14990,0.89370
7474.33984,0.89380
7474.50977,0.89400
7474.68994,0.89420
7474.87012,0.89440
7475.04980,0.89450
7475.22998,0.89470
7475.41016,0.89490
7475.58984,0.89510
7475.77002,0.89530
7475.95020,0.89540
7476.12988,0.89560
7476.31006,0.89580
7476.49023,0.89600
7476.66992,0.89610
7476.85010,0.89630
7477.02979,0.89650
7477.20996,0.89670
7477.39014,0.89680
7477.56982,0.89700
7477.75000,0.89720
7477.93018,0.89740
7478.10010,0.89750
7478.27979,0.89770
7478.45996,0.89790
7478.64014,0.89810
7478.81982,0.89820
7479.00000,0.89840
7479.18018,0.89860
7479.35986,0.89880
7479.54004,0.89890
7479.72998,0.89910
7479.91016,0.89930
7480.08008,0.89950
7480.25977,0.89970
7480.43994,0.89980
7480.62012,0.90000
7480.79980,0.90020
7480.97998,0.90040
7481.16016,0.90050
7481.33984,0.90070
7481.52002,0.90090
7481.70020,0.90110
7481.87988,0.90120
7482.06006,0.90140
7482.24023,0.90160
7482.41992,0.90180
7482.60010,0.90190
7482.77979,0.90210
7482.95996,0.90230
7483.14014,0.90250
7483.31982,0.90270
7483.50000,0.90280
7483.68018,0.90300
7483.85010,0.90320
7484.02979,0.90340
7484.20996,0.90350
7484.39990,0.90370
7484.56982,0.90390
7484.75000,0.90410
7484.93018,0.90420
7485.10986,0.90440
7485.29004,0.90460
7485.47021,0.90480
7485.64990,0.90490
7485.83008,0.90510
7486.00977,0.90530
7486.20020,0.90550
7486.37012,0.90560
7486.54980,0.90580
7486.72998,0.90600
7486.91016,0.90620
7487.08984,0.90630
7487.27002,0.90650
7487.45020,0.90670
7487.62988,0.90690
7487.81006,0.90700
7487.99023,0.90720
7488.16992,0.90740
7488.35010,0.90760
7488.52979,0.90780
7488.70996,0.90790
7488.89014,0.90810
7489.06982,0.90830
7489.25000,0.90850
7489.43018,0.90860
7489.60986,0.90880
7489.79004,0.90900
7489.97021,0.90920
7490.14990,0.90930
7490.33008,0.90950
7490.50977,0.90970
7490.68994,0.90990
7490.87012,0.91010
7491.04980,0.91020
7491.22998,0.91040
7491.39990,0.91060
7491.58008,0.91080
7491.77002,0.91090
7491.95020,0.91110
7492.12988,0.91130
7492.31006,0.91150
7492.49023,0.91160
7492.66992,0.91180
7492.85010,0.91200
7493.02979,0.91220
7493.20996,0.91230
7493.39014,0.91250
7493.56982,0.91270
7493.74023,0.91290
7493.93018,0.91300
7494.10986,0.91320
7494.29004,0.91340
7494.45996,0.91360
7494.64990,0.91380
7494.81982,0.91390
7495.00000,0.91410
7495.18994,0.91430
7495.37012,0.91450
7495.54980,0.91460
7495.72998,0.91480
7495.91016,0.91500
7496.08984,0.91520
7496.27002,0.91530
7496.45020,0.91550
7496.62988,0.91570
7496.81006,0.91590
7496.99023,0.91600
7497.16992,0.91620
7497.35010,0.91640
7497.52979,0.91660
7497.70996,0.91680
7497.87988,0.91690
7498.06982,0.91710
7498.25000,0.91730
7498.43018,0.91750
7498.60986,0.91760
7498.79004,0.91780
7498.97021,0.91800
7499.14990,0.91820
7499.33008,0.91830
7499.50977,0.91850
7499.68994,0.91870
7499.87012,0.91890
7500.04980,0.91900
7500.22998,0.91910
7500.41016,0.91920
7500.58984,0.91920
7500.77002,0.91930
7500.95020,0.91940
7501.12988,0.91940
7501.31006,0.91950
7501.49023,0.91960
7501.66992,0.91960
7501.85010,0.91970
7502.02979,0.91980
7502.20996,0.91980
7502.39014,0.91990
7502.56982,0.92000
7502.75000,0.92000
7502.93018,0.92010
7503.10986,0.92020
7503.29004,0.92020
7503.47021,0.92030
7503.64990,0.92040
7503.83008,0.92050
7504.00977,0.92050
7504.18994,0.92060
7504.37012,0.92070
7504.54980,0.92070
7504.72998,0.92080
7504.91016,0.92090
7505.10010,0.92090
7505.27979,0.92100
7505.45020,0.92110
7505.62988,0.92110
7505.81982,0.92120
7506.00000,0.92130
7506.18018,0.92130
7506.35986,0.92140
7506.54004,0.92150
7506.70996,0.92160
7506.89990,0.92160
7507.08008,0.92170
7507.25977,0.92180
7507.43994,0.92180
7507.62012,0.92190
7507.79004,0.92200
7507.97998,0.92200
7508.16016,0.92210
7508.33984,0.92220
7508.52002,0.92220
7508.70020,0.92230
7508.87988,0.92240
7509.06006,0.92240
7509.25000,0.92250
7509.41992,0.92260
7509.60010,0.92260
7509.77979,0.92270
7509.95996,0.92280
7510.14014,0.92290
7510.31982,0.92290
7510.50000,0.92300
7510.68018,0.92310
7510.85986,0.92310
7511.04004,0.92320
7511.22021,0.92330
7511.41016,0.92330
7511.58984,0.92340
7511.75977,0.92350
7511.95020,0.92350
7512.12988,0.92360
7512.31006,0.92370
7512.49023,0.92370
7512.66992,0.92380
7512.85010,0.92390
7513.02979,0.92400
7513.20996,0.92400
7513.39014,0.92410
7513.56982,0.92420
7513.75000,0.92420
7513.93018,0.92430
7514.10986,0.92440
7514.29004,0.92440
7514.47021,0.92450
7514.64990,0.92460
7514.83008,0.92460
7515.00977,0.92470
7515.20020,0.92480
7515.37012,0.92480
7515.56006,0.92490
7515.74023,0.92500
7515.91992,0.92500
7516.10010,0.92510
7516.27979,0.92520
7516.45996,0.92530
7516.64014,0.92530
7516.81982,0.92540
7517.00000,0.92550
7517.18018,0.92550
7517.35986,0.92560
7517.54004,0.92570
7517.72021,0.92570
7517.89990,0.92580
7518.08008,0.92590
7518.25977,0.92590
7518.43994,0.92600
7518.62988,0.92610
7518.81006,0.92610
7518.99023,0.92620
7519.16992,0.92630
7519.35010,0.92640
7519.52979,0.92640
7519.70996,0.92650
7519.89014,0.92660
7520.06982,0.92660
7520.25000,0.92670
7520.43018,0.92680
7520.60986,0.92680
7520.79004,0.92690
7520.97021,0.92700
7521.14990,0.92700
7521.33008,0.92710
7521.52002,0.92720
7521.68994,0.92720
7521.87012,0.92730
7522.06006,0.92740
7522.24023,0.92740
7522.41992,0.92750
7522.60010,0.92760
7522.77979,0.92770
7522.95996,0.92770
7523.14014,0.92780
7523.31982,0.92790
7523.50000,0.92790
7523.68018,0.92800
7523.85986,0.92810
7524.04004,0.92810
7524.22021,0.92820
7524.39990,0.92830
7524.58984,0.92830
7524.77002,0.92840
7524.95020,0.92850
7525.12988,0.92850
7525.31006,0.92860
7525.49023,0.92870
7525.66992,0.92880
7525.85010,0.92880
7526.02979,0.92890
7526.20996,0.92900
7526.39014,0.92900
7526.58008,0.92910
7526.75000,0.92920
7526.93018,0.92920
7527.10986,0.92930
7527.29004,0.92940
7527.47998,0.92940
7527.66016,0.92950
7527.83984,0.92960
7528.02002,0.92960
7528.20020,0.92970
7528.37988,0.92980
7528.56982,0.92990
7528.74023,0.92990
7528.93018,0.93000
7529.10010,0.93010
7529.29004,0.93010
7529.45996,0.93020
7529.64990,0.93030
7529.83008,0.93030
7530.00977,0.93040
7530.18994,0.93050
7530.37012,0.93050
7530.54980,0.93060
7530.72998,0.93070
7530.91016,0.93070
7531.08984,0.93080
7531.27002,0.93090
7531.45996,0.93100
7531.64014,0.93100
7531.81982,0.93110
7532.00000,0.93120
7532.18018,0.93120
7532.35986,0.93130
7532.54004,0.93140
7532.72021,0.93140
7532.89990,0.93150
7533.08984,0.93160
7533.25977,0.93160
7533.45020,0.93170
7533.62012,0.93180
7533.81006,0.93180
7533.99023,0.93190
7534.16992,0.93200
7534.35010,0.93210
7534.52979,0.93210
7534.70996,0.93220
7534.89014,0.93230
7535.08008,0.93230
7535.25977,0.93240
7535.43994,0.93250
7535.62012,0.93250
7535.79980,0.93260
7535.97998,0.93270
7536.16016,0.93270
7536.33984,0.93280
7536.52002,0.93290
7536.70996,0.93290
7536.87988,0.93300
7537.06982,0.93310
7537.25000,0.93320
7537.43018,0.93320
7537.60986,0.93330
7537.79004,0.93340
7537.97021,0.93340
7538.14990,0.93350
7538.33008,0.93360
7538.50977,0.93360
7538.70020,0.93370
7538.87988,0.93380
7539.06006,0.93380
7539.24023,0.93390
7539.41992,0.93400
7539.60010,0.93400
7539.77979,0.93410
7539.95996,0.93420
7540.14014,0.93430
7540.31982,0.93430
7540.50000,0.93440
7540.68994,0.93450
7540.87012,0.93450
7541.04980,0.93460
7541.22998,0.93470
7541.41016,0.93470
7541.58984,0.93480
7541.77979,0.93490
7541.95996,0.93490
7542.14014,0.93500
7542.31982,0.93510
7542.50000,0.93510
7542.68018,0.93520
7542.85986,0.93530
7543.04004,0.93540
7543.22021,0.93540
7543.39990,0.93550
7543.58008,0.93560
7543.75977,0.93560
7543.95020,0.93570
7544.12988,0.93580
7544.31006,0.93580
7544.49023,0.93590
7544.66992,0.93600
7544.85010,0.93600
7545.02979,0.93610
7545.22021,0.93620
7545.39990,0.93630
7545.58008,0.93630
7545.75977,0.93640
7545.93994,0.93650
7546.12012,0.93650
7546.29980,0.93660
7546.47998,0.93670
7546.66016,0.93670
7546.83984,0.93680
7547.02979,0.93690
7547.20996,0.93690
7547.39014,0.93700
7547.56982,0.93710
7547.75000,0.93710
7547.93018,0.93720
7548.12012,0.93730
7548.29980,0.93740
7548.47998,0.93740
7548.66016,0.93750
7548.83984,0.93760
7549.02002,0.93760
7549.20020,0.93770
7549.37988,0.93780
7549.56006,0.93780
7549.75000,0.93790
7549.91992,0.93800
7550.10986,0.93800
7550.29004,0.93810
7550.47021,0.93810
7550.64990,0.93820
7550.83984,0.93820
7551.02002,0.93830
7551.20020,0.93830
7551.37988,0.93840
7551.56006,0.93840
7551.74023,0.93850
7551.93018,0.93850
7552.10986,0.93850
7552.29004,0.93860
7552.47021,0.93860
7552.64990,0.93870
7552.83008,0.93870
7553.00977,0.93880
7553.18994,0.93880
7553.37012,0.93890
7553.54980,0.93890
7553.72998,0.93900
7553.91992,0.93900
7554.10010,0.93910
7554.27979,0.93910
7554.45996,0.93920
7554.64990,0.93920
7554.83008,0.93930
7555.00977,0.93930
7555.18994,0.93930
7555.37012,0.93940
7555.54980,0.93940
7555.72998,0.93950
7555.91992,0.93950
7556.10010,0.93960
7556.27979,0.93960
7556.45996,0.93970
7556.64014,0.93970
7556.81982,0.93980
7557.00000,0.93980
7557.18018,0.93990
7557.37012,0.93990
7557.54980,0.94000
7557.72998,0.94000
7557.91016,0.94010
7558.08984,0.94010
7558.27979,0.94020
7558.45996,0.94020
7558.64014,0.94020
7558.81982,0.94030
7559.00000,0.94030
7559.18018,0.94040
7559.35986,0.94040
7559.54980,0.94050
7559.72021,0.94050
7559.91016,0.94060
7560.08984,0.94060
7560.27002,0.94070
7560.45020,0.94070
7560.62988,0.94080
7560.81982,0.94080
7560.99023,0.94090
7561.18018,0.94090
7561.35986,0.94100
7561.54004,0.94100
7561.72021,0.94100
7561.91016,0.94110
7562.08984,0.94110
7562.27002,0.94120
7562.45020,0.94120
7562.62988,0.94130
7562.81006,0.94130
7562.99023,0.94140
7563.16992,0.94140
7563.35986,0.94150
7563.54004,0.94150
7563.72021,0.94160
7563.89990,0.94160
7564.08984,0.94170
7564.27002,0.94170
7564.45020,0.94180
7564.62988,0.94180
7564.81006,0.94190
7564.99023,0.94190
7565.18018,0.94190
7565.35986,0.94200
7565.54004,0.94200
7565.72021,0.94210
7565.89990,0.94210
7566.08008,0.94220
7566.25977,0.94220
7566.45020,0.94230
7566.62012,0.94230
7566.81006,0.94240
7566.99023,0.94240
7567.16992,0.94250
7567.35986,0.94250
7567.54004,0.94260
7567.72021,0.94260
7567.89990,0.94270
7568.08984,0.94270
7568.27002,0.94270
7568.45020,0.94280
7568.62988,0.94280
7568.81006,0.94290
7568.99023,0.94290
7569.16992,0.94300
7569.35010,0.94300
7569.52979,0.94310
7569.72021,0.94310
7569.89990,0.94320
7570.08008,0.94320
7570.25977,0.94330
7570.45020,0.94330
7570.62988,0.94340
7570.81006,0.94340
7570.99023,0.94350
7571.16992,0.94350
7571.35986,0.94360
7571.54004,0.94360
7571.72021,0.94360
7571.89990,0.94370
7572.08008,0.94370
7572.25977,0.94380
7572.45020,0.94380
7572.62988,0.94390
7572.81006,0.94390
7572.99023,0.94400
7573.16992,0.94400
7573.35010,0.94410
7573.54004,0.94410
7573.72021,0.94420
7573.89990,0.94420
7574.08008,0.94430
7574.25977,0.94430
7574.45020,0.94440
7574.62988,0.94440
7574.81006,0.94450
7575.00000,0.94450
7575.18018,0.94450
7575.35986,0.94460
7575.54004,0.94460
7575.72021,0.94470
7575.89990,0.94470
7576.08008,0.94480
7576.25977,0.94480
7576.45020,0.94490
7576.62988,0.94490
7576.81006,0.94500
7576.99023,0.94500
7577.16992,0.94510
7577.35986,0.94510
7577.54004,0.94520
7577.72021,0.94520
7577.91016,0.94530
7578.08984,0.94530
7578.27002,0.94540
7578.45020,0.94540
7578.62988,0.94540
7578.81006,0.94550
7579.00000,0.94550
7579.18018,0.94560
7579.35986,0.94560
7579.54004,0.94570
7579.72021,0.94570
7579.89990,0.94580
7580.08984,0.94580
7580.27002,0.94590
7580.45020,0.94590
7580.64014,0.94600
7580.81982,0.94600
7581.00000,0.94610
7581.18018,0.94610
7581.35986,0.94620
7581.54980,0.94620
7581.72998,0.94620
7581.91016,0.94630
7582.08984,0.94630
7582.27002,0.94640
7582.45996,0.94640
7582.64014,0.94650
7582.81982,0.94650
7583.00000,0.94660
7583.18018,0.94660
7583.35986,0.94670
7583.54980,0.94670
7583.72998,0.94680
7583.91016,0.94680
7584.10010,0.94690
7584.27979,0.94690
7584.45996,0.94700
7584.64014,0.94700
7584.81982,0.94710
7585.00977,0.94710
7585.18994,0.94710
7585.37012,0.94720
7585.54980,0.94720
7585.72998,0.94730
7585.91992,0.94730
7586.08984,0.94740
7586.27979,0.94740
7586.45996,0.94750
7586.64014,0.94750
7586.83008,0.94760
7587.00977,0.94760
7587.18994,0.94770
7587.37012,0.94770
7587.56006,0.94780
7587.74023,0.94780
7587.91992,0.94790
7588.10986,0.94790
7588.29004,0.94800
7588.47021,0.94800
7588.64990,0.94800
7588.83008,0.94810
7589.00977,0.94810
7589.18994,0.94820
7589.37988,0.94820
7589.56006,0.94830
7589.74023,0.94830
7589.91992,0.94840
7590.10986,0.94840
7590.29004,0.94850
7590.47021,0.94850
7590.66016,0.94860
7590.83008,0.94860
7591.02002,0.94870
7591.20020,0.94870
7591.39014,0.94880
7591.56982,0.94880
7591.75000,0.94890
7591.93018,0.94890
7592.10986,0.94900
7592.29980,0.94900
7592.47998,0.94900
7592.66016,0.94910
7592.83984,0.94910
7593.02002,0.94920
7593.20020,0.94920
7593.39014,0.94930
7593.56982,0.94930
7593.75000,0.94940
7593.93994,0.94940
7594.12012,0.94950
7594.29980,0.94950
7594.49023,0.94960
7594.66992,0.94960
7594.85010,0.94970
7595.02979,0.94970
7595.20996,0.94980
7595.39990,0.94980
7595.58008,0.94980
7595.75977,0.94990
7595.93994,0.94990
7596.12012,0.95000
7596.29980,0.95000
7596.49023,0.95010
7596.66992,0.95010
7596.85010,0.95020
7597.04004,0.95020
7597.22021,0.95030
7597.39990,0.95030
7597.58008,0.95040
7597.77002,0.95040
7597.95020,0.95050
7598.14014,0.95050
7598.31006,0.95060
7598.50000,0.95060
7598.68018,0.95070
7598.85986,0.95070
7599.04004,0.95080
7599.22021,0.95080
7599.41016,0.95080
7599.58984,0.95090
7599.77002,0.95090
7599.95020,0.95100
7600.14014,0.95110
7600.31982,0.95110
7600.50000,0.95120
7600.68018,0.95120
7600.87012,0.95130
7601.04980,0.95140
7601.24023,0.95140
7601.41992,0.95150
7601.60010,0.95160
7601.77979,0.95160
7601.97021,0.95170
7602.14990,0.95180
7602.33008,0.95180
7602.50977,0.95190
7602.68994,0.95200
7602.87988,0.95200
7603.06006,0.95210
7603.24023,0.95220
7603.43018,0.95220
7603.60986,0.95230
7603.79004,0.95240
7603.97021,0.95240
7604.16016,0.95250
7604.33984,0.95260
7604.52002,0.95260
7604.70020,0.95270
7604.89014,0.95280
7605.06982,0.95280
7605.25000,0.95290
7605.43018,0.95300
7605.62012,0.95300
7605.79980,0.95310
7605.97998,0.95320
7606.16992,0.95320
7606.33984,0.95330
7606.52979,0.95340
7606.70996,0.95340
7606.89990,0.95350
7607.08008,0.95350
7607.25977,0.95360
7607.45020,0.95370
7607.62988,0.95370
7607.81006,0.95380
7607.99023,0.95390
7608.18018,0.95390
7608.35986,0.95400
7608.54004,0.95410
7608.72021,0.95410
7608.89990,0.95420
7609.08008,0.95430
7609.27002,0.95430
7609.45020,0.95440
7609.64014,0.95450
7609.81982,0.95450
7610.00000,0.95460
7610.18994,0.95470
7610.37012,0.95470
7610.54980,0.95480
7610.72998,0.95490
7610.91992,0.95490
7611.10010,0.95500
7611.29004,0.95510
7611.47021,0.95510
7611.64990,0.95520
7611.83008,0.95530
7612.00977,0.95530
7612.20020,0.95540
7612.37988,0.95550
7612.56006,0.95550
7612.74023,0.95560
7612.91992,0.95570
7613.10986,0.95570
7613.29004,0.95580
7613.47998,0.95590
7613.66016,0.95590
7613.83984,0.95600
7614.02002,0.95600
7614.20996,0.95610
7614.39014,0.95620
7614.58008,0.95620
7614.75977,0.95630
7614.93994,0.95640
7615.12012,0.95640
7615.31006,0.95650
7615.49023,0.95660
7615.66992,0.95660
7615.85010,0.95670
7616.02979,0.95680
7616.22021,0.95680
7616.39990,0.95690
7616.58008,0.95700
7616.77002,0.95700
7616.95020,0.95710
7617.12988,0.95720
7617.31982,0.95720
7617.50000,0.95730
7617.68994,0.95740
7617.87012,0.95740
7618.04980,0.95750
7618.22998,0.95760
7618.41016,0.95760
7618.60010,0.95770
7618.77979,0.95780
7618.95996,0.95780
7619.14990,0.95790
7619.33008,0.95800
7619.50977,0.95800
7619.68994,0.95810
7619.87988,0.95820
7620.06006,0.95820
7620.25000,0.95830
7620.43018,0.95840
7620.60986,0.95840
7620.79004,0.95850
7620.97998,0.95860
7621.16016,0.95860
7621.35010,0.95870
7621.52979,0.95870
7621.70996,0.95880
7621.89014,0.95890
7622.06982,0.95890
7622.25977,0.95900
7622.43994,0.95910
7622.62012,0.95910
7622.81006,0.95920
7622.99023,0.95930
7623.16992,0.95930
7623.35010,0.95940
7623.54004,0.95950
7623.72021,0.95950
7623.91016,0.95960
7624.08984,0.95970
7624.27979,0.95970
7624.45996,0.95980
7624.64014,0.95990
7624.81982,0.95990
7625.00000,0.96000
7625.18994,0.96010
7625.37012,0.96010
7625.54980,0.96020
7625.74023,0.96030
7625.91992,0.96030
7626.10010,0.96040
7626.27979,0.96050
7626.47021,0.96050
7626.64990,0.96060
7626.83984,0.96070
7627.02002,0.96070
7627.20020,0.96080
7627.39014,0.96090
7627.56982,0.96090
7627.75000,0.96100
7627.93994,0.96110
7628.12012,0.96110
7628.29980,0.96120
7628.49023,0.96130
7628.66992,0.96130
7628.85010,0.96140
7629.02979,0.96150
7629.22021,0.96150
7629.39990,0.96160
7629.58008,0.96160
7629.75977,0.96170
7629.95020,0.96180
7630.12988,0.96180
7630.31982,0.96190
7630.50000,0.96200
7630.68994,0.96200
7630.87012,0.96210
7631.04980,0.96220
7631.22998,0.96220
7631.41992,0.96230
7631.60010,0.96240
7631.77979,0.96240
7631.97021,0.96250
7632.14990,0.96260
7632.33008,0.96260
7632.52002,0.96270
7632.70020,0.96280
7632.87988,0.96280
7633.06982,0.96290
7633.25000,0.96300
7633.43018,0.96300
7633.60986,0.96310
7633.79980,0.96320
7633.97998,0.96320
7634.16992,0.96330
7634.35010,0.96340
7634.52979,0.96340
7634.72021,0.96350
7634.89990,0.96360
7635.08008,0.96360
7635.27002,0.96370
7635.45020,0.96380
7635.62988,0.96380
7635.81982,0.96390
7636.00000,0.96400
7636.18018,0.96400
7636.35986,0.96410
7636.54980,0.96420
7636.72998,0.96420
7636.91016,0.96430
7637.10010,0.96440
7637.29004,0.96440
7637.47021,0.96450
7637.64990,0.96460
7637.83984,0.96460
7638.02002,0.96470
7638.20020,0.96480
7638.39014,0.96480
7638.56982,0.96490
7638.75000,0.96500
7638.93018,0.96500
7639.12012,0.96510
7639.29980,0.96510
7639.47998,0.96520
7639.66992,0.96530
7639.85010,0.96530
7640.04004,0.96540
7640.22021,0.96550
7640.39990,0.96550
7640.58984,0.96560
7640.77002,0.96570
7640.95020,0.96570
7641.14014,0.96580
7641.31982,0.96590
7641.50000,0.96590
7641.68994,0.96600
7641.87012,0.96610
7642.06006,0.96610
7642.24023,0.96620
7642.41992,0.96630
7642.60010,0.96630
7642.79004,0.96640
7642.97021,0.96650
7643.14990,0.96650
7643.33984,0.96660
7643.52002,0.96670
7643.70996,0.96670
7643.89014,0.96680
7644.08008,0.96690
7644.25977,0.96690
7644.43994,0.96700
7644.62012,0.96710
7644.81006,0.96710
7644.99023,0.96720
7645.16992,0.96730
7645.35986,0.96730
7645.54004,0.96740
7645.72021,0.96750
7645.91016,0.96750
7646.08984,0.96760
7646.27002,0.96770
7646.45996,0.96770
7646.64014,0.96780
7646.83008,0.96790
7647.00977,0.96790
7647.20020,0.96800
7647.37988,0.96810
7647.56982,0.96810
7647.75000,0.96820
7647.93018,0.96830
7648.12012,0.96830
7648.29980,0.96840
7648.47998,0.96850
7648.66016,0.96850
7648.85010,0.96860
7649.02979,0.96860
7649.20996,0.96870
7649.39990,0.96880
7649.58008,0.96880
7649.77002,0.96890
7649.95020,0.96900
7650.12988,0.96900
7650.31982,0.96910
7650.50977,0.96910
7650.68994,0.96920
7650.87012,0.96920
7651.06006,0.96920
7651.24023,0.96930
7651.41992,0.96930
7651.60986,0.96940
7651.79004,0.96940
7651.97021,0.96940
7652.14990,0.96950
7652.33984,0.96950
7652.52002,0.96960
7652.70996,0.96960
7652.89014,0.96960
7653.06982,0.96970
7653.25977,0.96970
7653.43994,0.96980
7653.62988,0.96980
7653.81006,0.96980
7654.00000,0.96990
7654.18018,0.96990
7654.35986,0.97000
7654.54980,0.97000
7654.72998,0.97000
7654.91016,0.97010
7655.10010,0.97010
7655.27979,0.97020
7655.45996,0.97020
7655.64990,0.97020
7655.83008,0.97030
7656.00977,0.97030
7656.20020,0.97040
7656.37988,0.97040
7656.56982,0.97040
7656.75000,0.97050
7656.93018,0.97050
7657.12012,0.97060
7657.29980,0.97060
7657.49023,0.97060
7657.66992,0.97070
7657.85010,0.97070
7658.04004,0.97080
7658.22021,0.97080
7658.41016,0.97080
7658.58984,0.97090
7658.77979,0.97090
7658.95996,0.97100
7659.14014,0.97100
7659.31982,0.97110
7659.50977,0.97110
7659.70020,0.97110
7659.87988,0.97120
7660.06006,0.97120
7660.25000,0.97130
7660.43018,0.97130
7660.60986,0.97130
7660.79980,0.97140
7660.97998,0.97140
7661.16992,0.97150
7661.35010,0.97150
7661.52979,0.97150
7661.72021,0.97160
7661.89990,0.97160
7662.08008,0.97170
7662.27002,0.97170
7662.45020,0.97170
7662.64014,0.97180
7662.81982,0.97180
7663.00977,0.97190
7663.18994,0.97190
7663.37012,0.97190
7663.56006,0.97200
7663.74023,0.97200
7663.93018,0.97210
7664.10986,0.97210
7664.29980,0.97210
7664.47998,0.97220
7664.66016,0.97220
7664.83984,0.97230
7665.02979,0.97230
7665.20996,0.97230
7665.39990,0.97240
7665.58008,0.97240
7665.75977,0.97250
7665.95020,0.97250
7666.12988,0.97250
7666.31982,0.97260
7666.50000,0.97260
7666.68994,0.97270
7666.87012,0.97270
7667.04980,0.97280
7667.24023,0.97280
7667.41992,0.97280
7667.60986,0.97290
7667.79004,0.97290
7667.97998,0.97300
7668.16016,0.97300
7668.35010,0.97300
7668.52979,0.97310
7668.70996,0.97310
7668.89014,0.97320
7669.08008,0.97320
7669.25977,0.97320
7669.45020,0.97330
7669.62988,0.97330
7669.81982,0.97340
7670.00000,0.97340
7670.18994,0.97340
7670.37012,0.97350
7670.56006,0.97350
7670.74023,0.97360
7670.93018,0.97360
7671.10986,0.97360
7671.29004,0.97370
7671.47998,0.97370
7671.66016,0.97380
7671.85010,0.97380
7672.02979,0.97380
7672.20996,0.97390
7672.39990,0.97390
7672.58008,0.97400
7672.75977,0.97400
7672.95020,0.97400
7673.12988,0.97410
7673.31982,0.97410
7673.50000,0.97420
7673.68994,0.97420
7673.87012,0.97430
7674.06006,0.97430
7674.24023,0.97430
7674.43018,0.97440
7674.60986,0.97440
7674.79004,0.97450
7674.97998,0.97450
7675.16016,0.97450
7675.35010,0.97460
7675.52979,0.97460
7675.70996,0.97470
7675.89990,0.97470
7676.08008,0.97470
7676.27002,0.97480
7676.45020,0.97480
7676.64014,0.97490
7676.81982,0.97490
7677.00000,0.97490
7677.18994,0.97500
7677.37988,0.97500
7677.56006,0.97510
7677.74023,0.97510
7677.93018,0.97510
7678.10986,0.97520
7678.29980,0.97520
7678.47998,0.97530
7678.66016,0.97530
7678.85010,0.97530
7679.02979,0.97540
7679.22021,0.97540
7679.39990,0.97550
7679.58984,0.97550
7679.77002,0.97560
7679.95996,0.97560
7680.14014,0.97560
7680.31982,0.97570
7680.50977,0.97570
7680.70020,0.97580
7680.87988,0.97580
7681.06006,0.97580
7681.25000,0.97590
7681.43018,0.97590
7681.60986,0.97600
7681.79980,0.97600
7681.99023,0.97600
7682.16992,0.97610
7682.35010,0.97610
7682.54004,0.97620
7682.72021,0.97620
7682.91016,0.97620
7683.08984,0.97630
7683.27979,0.97630
7683.45996,0.97640
7683.64990,0.97640
7683.83008,0.97640
7684.02002,0.97650
7684.20020,0.97650
7684.39014,0.97660
7684.56982,0.97660
7684.75000,0.97660
7684.93994,0.97670
7685.12012,0.97670
7685.31006,0.97680
7685.49023,0.97680
7685.66992,0.97680
7685.85986,0.97690
7686.04004,0.97690
7686.22998,0.97700
7686.41992,0.97700
7686.60010,0.97710
7686.77979,0.97710
7686.97021,0.97710
7687.14990,0.97720
7687.33984,0.97720
7687.52002,0.97730
7687.70996,0.97730
7687.89014,0.97730
7688.08008,0.97740
7688.25977,0.97740
7688.43994,0.97750
7688.62988,0.97750
7688.81006,0.97750
7689.00000,0.97760
7689.18018,0.97760
7689.37012,0.97770
7689.54980,0.97770
7689.74023,0.97770
7689.91992,0.97780
7690.10986,0.97780
7690.29004,0.97790
7690.47998,0.97790
7690.66016,0.97790
7690.85010,0.97800
7691.02979,0.97800
7691.22021,0.97810
7691.39990,0.97810
7691.58984,0.97810
7691.77002,0.97820
7691.95020,0.97820
7692.14014,0.97830
7692.31982,0.97830
7692.50977,0.97840
7692.68994,0.97840
7692.87988,0.97840
7693.06006,0.97850
7693.25000,0.97850
7693.43018,0.97860
7693.62012,0.97860
7693.79980,0.97860
7693.99023,0.97870
7694.16992,0.97870
7694.35986,0.97880
7694.54004,0.97880
7694.72021,0.97880
7694.91016,0.97890
7695.10010,0.97890
7695.27979,0.97900
7695.45996,0.97900
7695.64990,0.97900
7695.83008,0.97910
7696.02002,0.97910
7696.20020,0.97920
7696.39014,0.97920
7696.56982,0.97920
7696.75977,0.97930
7696.93994,0.97930
7697.12988,0.97940
7697.31006,0.97940
7697.50000,0.97940
7697.68994,0.97950
7697.87012,0.97950
7698.04980,0.97960
7698.24023,0.97960
7698.41992,0.97970
7698.60986,0.97970
7698.79004,0.97970
7698.97021,0.97980
7699.16016,0.97980
7699.35010,0.97990
7699.52979,0.97990
7699.72021,0.97990
7699.89990,0.98000
7700.08984,0.98000
7700.27002,0.98000
7700.45996,0.98000
7700.64014,0.98010
7700.83008,0.98010
7701.00977,0.98010
7701.20020,0.98010
7701.37988,0.98010
7701.56982,0.98010
7701.75000,0.98010
7701.93018,0.98020
7702.12012,0.98020
7702.31006,0.98020
7702.49023,0.98020
7702.66992,0.98020
7702.85986,0.98020
7703.04980,0.98020
7703.22998,0.98030
7703.41992,0.98030
7703.60010,0.98030
7703.79004,0.98030
7703.97021,0.98030
7704.16016,0.98030
7704.33984,0.98030
7704.52979,0.98040
7704.70996,0.98040
7704.89990,0.98040
7705.08008,0.98040
7705.27002,0.98040
7705.45020,0.98040
7705.62988,0.98050
7705.81982,0.98050
7706.00000,0.98050
7706.18994,0.98050
7706.37012,0.98050
7706.56006,0.98050
7706.75000,0.98050
7706.93018,0.98060
7707.12012,0.98060
7707.31006,0.98060
7707.49023,0.98060
7707.66992,0.98060
7707.85986,0.98060
7708.04004,0.98060
7708.22998,0.98070
7708.41016,0.98070
7708.60010,0.98070
7708.77979,0.98070
7708.97021,0.98070
7709.14990,0.98070
7709.33984,0.98070
7709.52002,0.98080
7709.70996,0.98080
7709.89990,0.98080
7710.08008,0.98080
7710.25977,0.98080
7710.45020,0.98080
7710.64014,0.98090
7710.81982,0.98090
7711.00977,0.98090
7711.18994,0.98090
7711.37988,0.98090
7711.56006,0.98090
7711.75000,0.98090
7711.93018,0.98100
7712.12012,0.98100
7712.29980,0.98100
7712.49023,0.98100
7712.66992,0.98100
7712.85010,0.98100
7713.04004,0.98100
7713.22998,0.98110
7713.41016,0.98110
7713.60010,0.98110
7713.77979,0.98110
7713.97021,0.98110
7714.14990,0.98110
7714.33984,0.98110
7714.52979,0.98120
7714.70996,0.98120
7714.89990,0.98120
7715.08008,0.98120
7715.25977,0.98120
7715.45020,0.98120
7715.62988,0.98130
7715.81982,0.98130
7716.00977,0.98130
7716.18994,0.98130
7716.37988,0.98130
7716.56006,0.98130
7716.75000,0.98130
7716.93018,0.98140
7717.12012,0.98140
7717.31006,0.98140
7717.49023,0.98140
7717.66992,0.98140
7717.85986,0.98140
7718.04980,0.98140
7718.22998,0.98150
7718.41992,0.98150
7718.60010,0.98150
7718.79004,0.98150
7718.97021,0.98150
7719.16016,0.98150
7719.33984,0.98150
7719.52979,0.98160
7719.70996,0.98160
7719.89990,0.98160
7720.08984,0.98160
7720.27002,0.98160
7720.45996,0.98160
7720.64990,0.98170
7720.83008,0.98170
7721.00977,0.98170
7721.20020,0.98170
7721.37988,0.98170
7721.56982,0.98170
7721.75000,0.98170
7721.93994,0.98180
7722.12012,0.98180
7722.31006,0.98180
7722.49023,0.98180
7722.68018,0.98180
7722.87012,0.98180
7723.04980,0.98180
7723.24023,0.98190
7723.41992,0.98190
7723.60986,0.98190
7723.79004,0.98190
7723.97998,0.98190
7724.16992,0.98190
7724.35010,0.98190
7724.54004,0.98200
7724.72021,0.98200
7724.91016,0.98200
7725.08984,0.98200
7725.27979,0.98200
7725.45996,0.98200
7725.64990,0.98210
7725.83008,0.98210
7726.02002,0.98210
7726.20020,0.98210
7726.39014,0.98210
7726.58008,0.98210
7726.75977,0.98210
7726.95020,0.98220
7727.12988,0.98220
7727.31982,0.98220
7727.50977,0.98220
7727.68994,0.98220
7727.87988,0.98220
7728.06982,0.98220
7728.25000,0.98230
7728.43994,0.98230
7728.62012,0.98230
7728.79980,0.98230
7728.99023,0.98230
7729.16992,0.98230
7729.35986,0.98230
7729.54004,0.98240
7729.72998,0.98240
7729.91992,0.98240
7730.10010,0.98240
7730.29004,0.98240
7730.47998,0.98240
7730.66016,0.98250
7730.85010,0.98250
7731.02979,0.98250
7731.22021,0.98250
7731.41016,0.98250
7731.58984,0.98250
7731.77002,0.98250
7731.95996,0.98260
7732.14990,0.98260
7732.33008,0.98260
7732.52002,0.98260
7732.70020,0.98260
7732.89014,0.98260
7733.06982,0.98260
7733.25977,0.98270
7733.43994,0.98270
7733.62988,0.98270
7733.81982,0.98270
7734.00000,0.98270
7734.18994,0.98270
7734.37988,0.98280
7734.56006,0.98280
7734.75000,0.98280
7734.93018,0.98280
7735.12012,0.98280
7735.29980,0.98280
7735.49023,0.98280
7735.66992,0.98290
7735.85986,0.98290
7736.04980,0.98290
7736.22998,0.98290
7736.41992,0.98290
7736.60986,0.98290
7736.79004,0.98290
7736.97998,0.98300
7737.16016,0.98300
7737.35010,0.98300
7737.52979,0.98300
7737.72021,0.98300
7737.91016,0.98300
7738.08984,0.98300
7738.27979,0.98310
7738.45996,0.98310
7738.64990,0.98310
7738.83008,0.98310
7739.02002,0.98310
7739.20020,0.98310
7739.39014,0.98320
7739.58008,0.98320
7739.75977,0.98320
7739.95020,0.98320
7740.14014,0.98320
7740.31982,0.98320
7740.50977,0.98320
7740.68994,0.98330
7740.87988,0.98330
7741.06982,0.98330
7741.25000,0.98330
7741.43994,0.98330
7741.62012,0.98330
7741.81006,0.98330
7741.99023,0.98340
7742.18018,0.98340
7742.35986,0.98340
7742.54980,0.98340
7742.72998,0.98340
7742.91992,0.98340
7743.10986,0.98340
7743.29004,0.98350
7743.47998,0.98350
7743.66992,0.98350
7743.85986,0.98350
7744.04004,0.98350
7744.22998,0.98350
7744.41016,0.98360
7744.60010,0.98360
7744.79004,0.98360
7744.97021,0.98360
7745.16016,0.98360
7745.33984,0.98360
7745.52979,0.98360
7745.70996,0.98370
7745.89990,0.98370
7746.08008,0.98370
7746.27002,0.98370
7746.45020,0.98370
7746.64990,0.98370
7746.83008,0.98370
7747.02002,0.98380
7747.20020,0.98380
7747.39014,0.98380
7747.58008,0.98380
7747.75977,0.98380
7747.95020,0.98380
7748.12988,0.98390
7748.31982,0.98390
7748.50000,0.98390
7748.68994,0.98390
7748.87988,0.98390
7749.06982,0.98390
7749.25000,0.98390
7749.43994,0.98400
7749.62012,0.98400
7749.81006,0.98400
7749.99023,0.98400
7750.18018,0.98400
7750.37012,0.98410
7750.54980,0.98410
7750.74023,0.98420
7750.91992,0.98420
7751.10986,0.98420
7751.29980,0.98430
7751.49023,0.98430
7751.66992,0.98440
7751.85986,0.98440
7752.04004,0.98440
7752.22998,0.98450
7752.41016,0.98450
7752.60010,0.98460
7752.77979,0.98460
7752.97021,0.98470
7753.16016,0.98470
7753.35010,0.98470
7753.52979,0.98480
7753.72021,0.98480
7753.89990,0.98490
7754.08984,0.98490
7754.27979,0.98490
7754.47021,0.98500
7754.64990,0.98500
7754.83984,0.98510
7755.02002,0.98510
7755.20996,0.98510
7755.39014,0.98520
7755.58008,0.98520
7755.75977,0.98530
7755.95020,0.98530
7756.12988,0.98540
7756.31982,0.98540
7756.50977,0.98540
7756.70020,0.98550
7756.87988,0.98550
7757.06982,0.98560
7757.25977,0.98560
7757.43994,0.98560
7757.62988,0.98570
7757.81982,0.98570
7758.00000,0.98580
7758.18994,0.98580
7758.37012,0.98580
7758.56006,0.98590
7758.75000,0.98590
7758.93018,0.98600
7759.12012,0.98600
7759.29980,0.98600
7759.49023,0.98610
7759.68018,0.98610
7759.85986,0.98620
7760.04980,0.98620
7760.24023,0.98630
7760.41992,0.98630
7760.60986,0.98630
7760.79980,0.98640
7760.99023,0.98640
7761.16992,0.98650
7761.35986,0.98650
7761.54004,0.98650
7761.72998,0.98660
7761.91992,0.98660
7762.10010,0.98670
7762.29004,0.98670
7762.47021,0.98670
7762.66016,0.98680
7762.83984,0.98680
7763.02979,0.98690
7763.22021,0.98690
7763.41016,0.98690
7763.58984,0.98700
7763.77979,0.98700
7763.95996,0.98710
7764.14990,0.98710
7764.33984,0.98720
7764.52979,0.98720
7764.70996,0.98720
7764.89990,0.98730
7765.08984,0.98730
7765.27002,0.98740
7765.45996,0.98740
7765.64014,0.98740
7765.83008,0.98750
7766.02002,0.98750
7766.20020,0.98760
7766.39014,0.98760
7766.56982,0.98760
7766.75977,0.98770
7766.95020,0.98770
7767.14014,0.98780
7767.31982,0.98780
7767.50977,0.98790
7767.70020,0.98790
7767.87988,0.98790
7768.06982,0.98800
7768.25977,0.98800
7768.45020,0.98810
7768.62988,0.98810
7768.81982,0.98810
7769.00000,0.98820
7769.18994,0.98820
7769.37988,0.98830
7769.56006,0.98830
7769.75000,0.98830
7769.93018,0.98840
7770.12012,0.98840
7770.31006,0.98850
7770.49023,0.98850
7770.68018,0.98860
7770.87012,0.98860
7771.06006,0.98860
7771.24023,0.98870
7771.43018,0.98870
7771.60986,0.98880
7771.79980,0.98880
7771.99023,0.98880
7772.16992,0.98890
7772.35986,0.98890
7772.54980,0.98900
7772.72998,0.98900
7772.91992,0.98900
7773.10986,0.98910
7773.29004,0.98910
7773.47998,0.98920
7773.66992,0.98920
7773.85010,0.98920
7774.04004,0.98930
7774.22998,0.98930
7774.41016,0.98940
7774.60010,0.98940
7774.79004,0.98950
7774.97998,0.98950
7775.16992,0.98950
7775.35010,0.98960
7775.54004,0.98960
7775.72021,0.98970
7775.91016,0.98970
7776.08984,0.98970
7776.27979,0.98980
7776.47021,0.98980
7776.66016,0.98990
7776.83984,0.98990
7777.02979,0.98990
7777.22021,0.99000
7777.39990,0.99000
7777.58984,0.99010
7777.77979,0.99010
7777.97021,0.99020
7778.14990,0.99020
7778.33984,0.99020
7778.52979,0.99030
7778.70996,0.99030
7778.89990,0.99040
7779.08008,0.99040
7779.27002,0.99040
7779.45996,0.99050
7779.64014,0.99050
7779.83008,0.99060
7780.02002,0.99060
7780.20020,0.99060
7780.39014,0.99070
7780.58008,0.99070
7780.77002,0.99080
7780.95020,0.99080
7781.14014,0.99090
7781.33008,0.99090
7781.52002,0.99090
7781.70020,0.99100
7781.89014,0.99100
7782.06982,0.99110
7782.25977,0.99110
7782.45020,0.99110
7782.62988,0.99120
7782.81982,0.99120
7783.00977,0.99130
7783.18994,0.99130
7783.37988,0.99130
7783.56982,0.99140
7783.75000,0.99140
7783.93994,0.99150
7784.12988,0.99150
7784.31982,0.99160
7784.50977,0.99160
7784.68994,0.99160
7784.87988,0.99170
7785.06982,0.99170
7785.25000,0.99180
7785.43994,0.99180
7785.62988,0.99180
7785.81006,0.99190
7786.00000,0.99190
7786.18994,0.99200
7786.37012,0.99200
7786.56006,0.99200
7786.75000,0.99210
7786.93018,0.99210
7787.12012,0.99220
7787.31006,0.99220
7787.49023,0.99220
7787.68018,0.99230
7787.87012,0.99230
7788.06006,0.99240
7788.25000,0.99240
7788.43018,0.99250
7788.62012,0.99250
7788.81006,0.99250
7788.99023,0.99260
7789.18018,0.99260
7789.37012,0.99270
7789.54980,0.99270
7789.74023,0.99270
7789.93018,0.99280
7790.10986,0.99280
7790.29980,0.99290
7790.49023,0.99290
7790.68018,0.99290
7790.85986,0.99300
7791.04980,0.99300
7791.24023,0.99310
7791.43018,0.99310
7791.60986,0.99320
7791.79980,0.99320
7791.99023,0.99320
7792.16992,0.99330
7792.35986,0.99330
7792.54980,0.99340
7792.72998,0.99340
7792.91992,0.99340
7793.10986,0.99350
7793.29004,0.99350
7793.47998,0.99360
7793.66992,0.99360
7793.85986,0.99360
7794.04980,0.99370
7794.22998,0.99370
7794.41992,0.99380
7794.60986,0.99380
7794.79004,0.99390
7794.97998,0.99390
7795.16992,0.99390
7795.35986,0.99400
7795.54004,0.99400
7795.72998,0.99410
7795.91992,0.99410
7796.10010,0.99410
7796.29004,0.99420
7796.47998,0.99420
7796.66992,0.99430
7796.85010,0.99430
7797.04004,0.99430
7797.22998,0.99440
7797.41016,0.99440
7797.60010,0.99450
7797.79004,0.99450
7797.97998,0.99460
7798.16992,0.99460
7798.35010,0.99460
7798.54004,0.99470
7798.72998,0.99470
7798.91016,0.99480
7799.10010,0.99480
7799.29004,0.99480
7799.47021,0.99490
7799.66016,0.99490
7799.85010,0.99500
7800.02979,0.99500
7800.22021,0.99500
7800.41016,0.99500
7800.60010,0.99500
7800.79004,0.99510
7800.97021,0.99510
7801.16016,0.99510
7801.35010,0.99510
7801.54004,0.99510
7801.72998,0.99510
7801.91016,0.99520
7802.10010,0.99520
7802.29004,0.99520
7802.47021,0.99520
7802.66016,0.99520
7802.85010,0.99520
7803.02979,0.99520
7803.22021,0.99530
7803.41016,0.99530
7803.58984,0.99530
7803.77979,0.99530
7803.97021,0.99530
7804.16016,0.99530
7804.35010,0.99530
7804.54004,0.99540
7804.72021,0.99540
7804.91016,0.99540
7805.10010,0.99540
7805.29004,0.99540
7805.47021,0.99540
7805.66016,0.99550
7805.85010,0.99550
7806.04004,0.99550
7806.22021,0.99550
7806.41016,0.99550
7806.58984,0.99550
7806.77979,0.99550
7806.97021,0.99560
7807.14990,0.99560
7807.33984,0.99560
7807.52979,0.99560
7807.72021,0.99560
7807.91016,0.99560
7808.10010,0.99560
7808.29004,0.99570
7808.47021,0.99570
7808.66016,0.99570
7808.85010,0.99570
7809.04004,0.99570
7809.22021,0.99570
7809.41016,0.99580
7809.60010,0.99580
7809.79004,0.99580
7809.97021,0.99580
7810.16016,0.99580
7810.33984,0.99580
7810.52979,0.99580
7810.72021,0.99590
7810.91016,0.99590
7811.08984,0.99590
7811.27979,0.99590
7811.47021,0.99590
7811.66016,0.99590
7811.85010,0.99590
7812.04004,0.99600
7812.22998,0.99600
7812.41016,0.99600
7812.60010,0.99600
7812.77979,0.99600
7812.97021,0.99600
7813.16016,0.99610
7813.35010,0.99610
7813.52979,0.99610
7813.72021,0.99610
7813.91016,0.99610
7814.10010,0.99610
7814.29004,0.99610
7814.47021,0.99620
7814.66016,0.99620
7814.85010,0.99620
7815.04004,0.99620
7815.22021,0.99620
7815.41016,0.99620
7815.60010,0.99620
7815.79004,0.99630
7815.97998,0.99630
7816.16016,0.99630
7816.35010,0.99630
7816.54004,0.99630
7816.72998,0.99630
7816.91016,0.99640
7817.10010,0.99640
7817.29004,0.99640
7817.47998,0.99640
7817.66992,0.99640
7817.85986,0.99640
7818.04004,0.99640
7818.22998,0.99650
7818.41992,0.99650
7818.60986,0.99650
7818.79980,0.99650
7818.97998,0.99650
7819.16992,0.99650
7819.35010,0.99650
7819.54004,0.99660
7819.72998,0.99660
7819.91992,0.99660
7820.10010,0.99660
7820.29004,0.99660
7820.47998,0.99660
7820.66992,0.99670
7820.85986,0.99670
7821.04004,0.99670
7821.22998,0.99670
7821.41992,0.99670
7821.60986,0.99670
7821.79980,0.99670
7821.99023,0.99680
7822.16992,0.99680
7822.35986,0.99680
7822.54980,0.99680
7822.74023,0.99680
7822.93018,0.99680
7823.10986,0.99680
7823.29980,0.99690
7823.49023,0.99690
7823.66992,0.99690
7823.85986,0.99690
7824.04980,0.99690
7824.24023,0.99690
7824.43018,0.99700
7824.60986,0.99700
7824.79980,0.99700
7824.99023,0.99700
7825.18018,0.99700
7825.37012,0.99700
7825.56006,0.99700
7825.75000,0.99710
7825.93018,0.99710
7826.12012,0.99710
7826.31006,0.99710
7826.50000,0.99710
7826.68018,0.99710
7826.87012,0.99720
7827.06006,0.99720
7827.24023,0.99720
7827.43018,0.99720
7827.62012,0.99720
7827.81006,0.99720
7828.00000,0.99720
7828.18994,0.99730
7828.37012,0.99730
7828.56006,0.99730
7828.75000,0.99730
7828.93994,0.99730
7829.12988,0.99730
7829.31982,0.99730
7829.50000,0.99740
7829.68994,0.99740
7829.87988,0.99740
7830.06982,0.99740
7830.25977,0.99740
7830.43994,0.99740
7830.62988,0.99740
7830.81982,0.99750
7831.00977,0.99750
7831.18994,0.99750
7831.37988,0.99750
7831.56982,0.99750
7831.75977,0.99750
7831.95020,0.99760
7832.14014,0.99760
7832.33008,0.99760
7832.50977,0.99760
7832.70020,0.99760
7832.89014,0.99760
7833.08008,0.99760
7833.27002,0.99770
7833.45020,0.99770
7833.64014,0.99770
7833.83008,0.99770
7834.00977,0.99770
7834.20020,0.99770
7834.39014,0.99780
7834.58008,0.99780
7834.77002,0.99780
7834.95996,0.99780
7835.14990,0.99780
7835.33008,0.99780
7835.52002,0.99780
7835.70996,0.99790
7835.89990,0.99790
7836.08984,0.99790
7836.27979,0.99790
7836.45996,0.99790
7836.64990,0.99790
7836.83984,0.99790
7837.02979,0.99800
7837.20996,0.99800
7837.39990,0.99800
7837.58984,0.99800
7837.77979,0.99800
7837.97021,0.99800
7838.16016,0.99810
7838.35010,0.99810
7838.52979,0.99810
7838.72021,0.99810
7838.91016,0.99810
7839.10010,0.99810
7839.29004,0.99810
7839.47998,0.99820
7839.66016,0.99820
7839.85010,0.99820
7840.04004,0.99820
7840.22998,0.99820
7840.41992,0.99820
7840.60010,0.99820
7840.79004,0.99830
7840.97998,0.99830
7841.16992,0.99830
7841.35986,0.99830
7841.54980,0.99830
7841.74023,0.99830
7841.91992,0.99840
7842.10986,0.99840
7842.29980,0.99840
7842.49023,0.99840
7842.68018,0.99840
7842.87012,0.99840
7843.04980,0.99840
7843.24023,0.99850
7843.43018,0.99850
7843.62012,0.99850
7843.81006,0.99850
7843.99023,0.99850
7844.18018,0.99850
7844.37012,0.99850
7844.56006,0.99860
7844.75000,0.99860
7844.93994,0.99860
7845.12988,0.99860
7845.31982,0.99860
7845.50000,0.99860
7845.68994,0.99870
7845.87988,0.99870
7846.06982,0.99870
7846.25977,0.99870
7846.45020,0.99870
7846.62988,0.99870
7846.81982,0.99870
7847.00977,0.99880
7847.20020,0.99880
7847.39014,0.99880
7847.56982,0.99880
7847.75977,0.99880
7847.95020,0.99880
7848.14014,0.99890
7848.33008,0.99890
7848.52002,0.99890
7848.70996,0.99890
7848.89990,0.99890
7849.08008,0.99890
7849.27002,0.99890
7849.45996,0.99900
7849.64990,0.99900
7849.83984,0.99900
7850.02002,0.99900
7850.20996,0.99900
7850.39990,0.99900
7850.58984,0.99900
7850.77979,0.99900
7850.97021,0.99900
7851.16016,0.99900
7851.33984,0.99900
7851.52979,0.99900
7851.72021,0.99900
7851.91016,0.99900
7852.10010,0.99900
7852.29004,0.99900
7852.47998,0.99900
7852.66992,0.99910
7852.85986,0.99910
7853.04980,0.99910
7853.24023,0.99910
7853.41992,0.99910
7853.60986,0.99910
7853.79980,0.99910
7853.99023,0.99910
7854.16992,0.99910
7854.35986,0.99910
7854.54980,0.99910
7854.74023,0.99910
7854.93018,0.99910
7855.12012,0.99910
7855.31006,0.99910
7855.50000,0.99910
7855.68018,0.99910
7855.87012,0.99910
7856.06006,0.99910
7856.25000,0.99910
7856.43994,0.99910
7856.62988,0.99910
7856.81006,0.99910
7857.00000,0.99910
7857.18994,0.99910
7857.37988,0.99910
7857.56982,0.99920
7857.75977,0.99920
7857.93994,0.99920
7858.12988,0.99920
7858.31982,0.99920
7858.50977,0.99920
7858.70020,0.99920
7858.89014,0.99920
7859.08008,0.99920
7859.27002,0.99920
7859.45996,0.99920
7859.64990,0.99920
7859.83984,0.99920
7860.02002,0.99920
7860.20996,0.99920
7860.39990,0.99920
7860.58984,0.99920
7860.77979,0.99920
7860.95996,0.99920
7861.14990,0.99920
7861.33984,0.99920
7861.52979,0.99920
7861.72021,0.99920
7861.91016,0.99920
7862.10010,0.99920
7862.29004,0.99920
7862.47998,0.99920
7862.66992,0.99930
7862.85986,0.99930
7863.04980,0.99930
7863.24023,0.99930
7863.43018,0.99930
7863.60986,0.99930
7863.79980,0.99930
7863.99023,0.99930
7864.18018,0.99930
7864.37012,0.99930
7864.54980,0.99930
7864.74023,0.99930
7864.93018,0.99930
7865.12012,0.99930
7865.31006,0.99930
7865.50000,0.99930
7865.68994,0.99930
7865.87988,0.99930
7866.06982,0.99930
7866.25977,0.99930
7866.45020,0.99930
7866.64014,0.99930
7866.83008,0.99930
7867.00977,0.99930
7867.20020,0.99930
7867.39014,0.99930
7867.58008,0.99940
7867.77002,0.99940
7867.95996,0.99940
7868.14990,0.99940
7868.33008,0.99940
7868.52002,0.99940
7868.70996,0.99940
7868.89990,0.99940
7869.08984,0.99940
7869.27979,0.99940
7869.47021,0.99940
7869.66016,0.99940
7869.85010,0.99940
7870.04004,0.99940
7870.22998,0.99940
7870.41016,0.99940
7870.60010,0.99940
7870.79004,0.99940
7870.97998,0.99940
7871.16992,0.99940
7871.35986,0.99940
7871.54004,0.99940
7871.74023,0.99940
7871.93018,0.99940
7872.12012,0.99940
7872.31006,0.99940
7872.49023,0.99940
7872.68018,0.99950
7872.87012,0.99950
7873.06006,0.99950
7873.25000,0.99950
7873.43994,0.99950
7873.62988,0.99950
7873.81982,0.99950
7874.00000,0.99950
7874.18994,0.99950
7874.37988,0.99950
7874.58008,0.99950
7874.75977,0.99950
7874.95020,0.99950
7875.14014,0.99950
7875.33008,0.99950
7875.52002,0.99950
7875.70996,0.99950
7875.89990,0.99950
7876.08984,0.99950
7876.27979,0.99950
7876.45996,0.99950
7876.64990,0.99950
7876.83984,0.99950
7877.04004,0.99950
7877.22021,0.99950
7877.41016,0.99950
7877.60010,0.99960
7877.79004,0.99960
7877.97998,0.99960
7878.16016,0.99960
7878.35010,0.99960
7878.54004,0.99960
7878.72998,0.99960
7878.93018,0.99960
7879.12012,0.99960
7879.29980,0.99960
7879.49023,0.99960
7879.68018,0.99960
7879.87012,0.99960
7880.06006,0.99960
7880.25000,0.99960
7880.43994,0.99960
7880.62012,0.99960
7880.81982,0.99960
7881.00977,0.99960
7881.20020,0.99960
7881.37988,0.99960
7881.56982,0.99960
7881.75977,0.99960
7881.95020,0.99960
7882.14014,0.99960
7882.33008,0.99960
7882.52002,0.99960
7882.70996,0.99970
7882.89990,0.99970
7883.08984,0.99970
7883.27979,0.99970
7883.47021,0.99970
7883.66016,0.99970
7883.85010,0.99970
7884.04004,0.99970
7884.22998,0.99970
7884.41992,0.99970
7884.60010,0.99970
7884.79004,0.99970
7884.97998,0.99970
7885.16992,0.99970
7885.35986,0.99970
7885.54980,0.99970
7885.74023,0.99970
7885.93018,0.99970
7886.12012,0.99970
7886.31006,0.99970
7886.50000,0.99970
7886.68994,0.99970
7886.87988,0.99970
7887.06982,0.99970
7887.25977,0.99970
7887.45020,0.99970
7887.62988,0.99980
7887.81982,0.99980
7888.00977,0.99980
7888.20020,0.99980
7888.39014,0.99980
7888.58008,0.99980
7888.77002,0.99980
7888.95996,0.99980
7889.14014,0.99980
7889.33984,0.99980
7889.52002,0.99980
7889.72021,0.99980
7889.91016,0.99980
7890.10010,0.99980
7890.29004,0.99980
7890.47998,0.99980
7890.66992,0.99980
7890.85010,0.99980
7891.04980,0.99980
7891.22998,0.99980
7891.41992,0.99980
7891.60986,0.99980
7891.79980,0.99980
7891.99023,0.99980
7892.18018,0.99980
7892.37012,0.99980
7892.56006,0.99990
7892.75000,0.99990
7892.93994,0.99990
7893.12988,0.99990
7893.31982,0.99990
7893.50977,0.99990
7893.70020,0.99990
7893.89014,0.99990
7894.06982,0.99990
7894.25977,0.99990
7894.45996,0.99990
7894.64990,0.99990
7894.83984,0.99990
7895.02002,0.99990
7895.20996,0.99990
7895.39990,0.99990
7895.60010,0.99990
7895.77979,0.99990
7895.97021,0.99990
7896.16016,0.99990
7896.35010,0.99990
7896.54004,0.99990
7896.72998,0.99990
7896.91992,0.99990
7897.10986,0.99990
7897.29980,0.99990
7897.49023,1.00000
7897.68018,1.00000
7897.87012,1.00000
7898.06006,1.00000
7898.25000,1.00000
7898.43994,1.00000
7898.62988,1.00000
7898.81982,1.00000
7899.00977,1.00000
7899.20020,1.00000
7899.39014,1.00000
7899.58008,1.00000
7899.77002,1.00000
7899.95996,1.00000
7900.14990,1.00000
7900.33008,1.00000
7900.52979,1.00000
7900.72021,0.99990
7900.91016,0.99990
7901.08984,0.99990
7901.27979,0.99990
7901.47998,0.99990
7901.66016,0.99990
7901.85010,0.99990
7902.04004,0.99980
7902.22998,0.99980
7902.41992,0.99980
7902.60986,0.99980
7902.79980,0.99980
7902.99023,0.99980
7903.18018,0.99970
7903.37012,0.99970
7903.56006,0.99970
7903.75000,0.99970
7903.93994,0.99970
7904.12988,0.99970
7904.31982,0.99970
7904.50977,0.99960
7904.70020,0.99960
7904.89014,0.99960
7905.08008,0.99960
7905.27002,0.99960
7905.45996,0.99960
7905.64990,0.99950
7905.83984,0.99950
7906.02979,0.99950
7906.22021,0.99950
7906.41016,0.99950
7906.60010,0.99950
7906.79004,0.99950
7906.97998,0.99940
7907.16992,0.99940
7907.35986,0.99940
7907.54980,0.99940
7907.74023,0.99940
7907.93018,0.99940
7908.12012,0.99940
7908.31006,0.99930
7908.50000,0.99930
7908.68994,0.99930
7908.87988,0.99930
7909.06982,0.99930
7909.25977,0.99930
7909.45020,0.99920
7909.62988,0.99920
7909.83008,0.99920
7910.02002,0.99920
7910.20996,0.99920
7910.39014,0.99920
7910.58984,0.99920
7910.77979,0.99910
7910.97021,0.99910
7911.16016,0.99910
7911.35010,0.99910
7911.54004,0.99910
7911.72998,0.99910
7911.91992,0.99900
7912.10986,0.99900
7912.29980,0.99900
7912.49023,0.99900
7912.68018,0.99900
7912.87012,0.99900
7913.06006,0.99900
7913.25000,0.99890
7913.43994,0.99890
7913.62988,0.99890
7913.81982,0.99890
7914.00977,0.99890
7914.20020,0.99890
7914.39014,0.99880
7914.58008,0.99880
7914.77002,0.99880
7914.95996,0.99880
7915.14990,0.99880
7915.33984,0.99880
7915.52979,0.99880
7915.72021,0.99870
7915.91016,0.99870
7916.10010,0.99870
7916.29004,0.99870
7916.47998,0.99870
7916.66992,0.99870
7916.85986,0.99870
7917.04980,0.99860
7917.24023,0.99860
7917.43018,0.99860
7917.62012,0.99860
7917.81006,0.99860
7918.00000,0.99860
7918.18994,0.99850
7918.37988,0.99850
7918.56982,0.99850
7918.75977,0.99850
7918.95020,0.99850
7919.14014,0.99850
7919.33008,0.99850
7919.52002,0.99840
7919.70996,0.99840
7919.89990,0.99840
7920.08984,0.99840
7920.27979,0.99840
7920.47021,0.99840
7920.66016,0.99830
7920.85010,0.99830
7921.04980,0.99830
7921.22998,0.99830
7921.41992,0.99830
7921.60986,0.99830
7921.81006,0.99830
7921.99023,0.99820
7922.18018,0.99820
7922.37988,0.99820
7922.56982,0.99820
7922.75977,0.99820
7922.95020,0.99820
7923.14014,0.99810
7923.33008,0.99810
7923.52002,0.99810
7923.70996,0.99810
7923.89990,0.99810
7924.08984,0.99810
7924.27979,0.99810
7924.47021,0.99800
7924.66016,0.99800
7924.85010,0.99800
7925.04004,0.99800
7925.22998,0.99800
7925.41992,0.99800
7925.60986,0.99800
7925.79980,0.99790
7926.00000,0.99790
7926.18018,0.99790
7926.37012,0.99790
7926.56006,0.99790
7926.75000,0.99790
7926.93994,0.99780
7927.12988,0.99780
7927.31982,0.99780
7927.50977,0.99780
7927.70996,0.99780
7927.89014,0.99780
7928.08008,0.99780
7928.27979,0.99770
7928.47021,0.99770
7928.64990,0.99770
7928.85010,0.99770
7929.04004,0.99770
7929.22998,0.99770
7929.41992,0.99760
7929.60986,0.99760
7929.79980,0.99760
7929.99023,0.99760
7930.18018,0.99760
7930.37012,0.99760
7930.56006,0.99760
7930.75000,0.99750
7930.93994,0.99750
7931.12988,0.99750
7931.31982,0.99750
7931.50977,0.99750
7931.70996,0.99750
7931.89990,0.99740
7932.08008,0.99740
7932.27979,0.99740
7932.47021,0.99740
7932.66016,0.99740
7932.85010,0.99740
7933.04004,0.99740
7933.22998,0.99730
7933.41992,0.99730
7933.60986,0.99730
7933.79980,0.99730
7933.99023,0.99730
7934.18018,0.99730
7934.37988,0.99720
7934.56006,0.99720
7934.75000,0.99720
7934.93994,0.99720
7935.12988,0.99720
7935.31982,0.99720
7935.50977,0.99720
7935.70020,0.99710
7935.89990,0.99710
7936.08984,0.99710
7936.27979,0.99710
7936.47021,0.99710
7936.66016,0.99710
7936.85010,0.99710
7937.04004,0.99700
7937.22998,0.99700
7937.41992,0.99700
7937.60986,0.99700
7937.79980,0.99700
7937.99023,0.99700
7938.18018,0.99690
7938.37988,0.99690
7938.56982,0.99690
7938.75000,0.99690
7938.95020,0.99690
7939.14014,0.99690
7939.33008,0.99690
7939.52002,0.99680
7939.70996,0.99680
7939.89990,0.99680
7940.08984,0.99680
7940.27979,0.99680
7940.47021,0.99680
7940.66016,0.99670
7940.85986,0.99670
7941.04980,0.99670
7941.22998,0.99670
7941.43018,0.99670
7941.62012,0.99670
7941.81006,0.99670
7942.00000,0.99660
7942.18994,0.99660
7942.37988,0.99660
7942.56982,0.99660
7942.75977,0.99660
7942.95020,0.99660
7943.14014,0.99650
7943.33008,0.99650
7943.52002,0.99650
7943.70996,0.99650
7943.89990,0.99650
7944.10010,0.99650
7944.29004,0.99650
7944.47021,0.99640
7944.66992,0.99640
7944.85986,0.99640
7945.04980,0.99640
7945.24023,0.99640
7945.43018,0.99640
7945.62012,0.99640
7945.81006,0.99630
7946.00977,0.99630
7946.18994,0.99630
7946.39014,0.99630
7946.58008,0.99630
7946.77002,0.99630
7946.95996,0.99620
7947.14990,0.99620
7947.33984,0.99620
7947.52979,0.99620
7947.72021,0.99620
7947.91016,0.99620
7948.10010,0.99620
7948.29980,0.99610
7948.49023,0.99610
7948.68018,0.99610
7948.87012,0.99610
7949.06006,0.99610
7949.25000,0.99610
7949.43994,0.99600
7949.62988,0.99600
7949.81982,0.99600
7950.02002,0.99600
7950.20996,0.99600
7950.39990,0.99600
7950.58984,0.99600
7950.77979,0.99600
7950.97021,0.99600
7951.14990,0.99600
7951.35010,0.99590
7951.54004,0.99590
7951.72998,0.99590
7951.91992,0.99590
7952.10986,0.99590
7952.29980,0.99590
7952.49023,0.99590
7952.68994,0.99590
7952.87012,0.99590
7953.06982,0.99590
7953.25977,0.99590
7953.45020,0.99590
7953.64014,0.99590
7953.83008,0.99580
7954.02002,0.99580
7954.22021,0.99580
7954.39990,0.99580
7954.60010,0.99580
7954.79004,0.99580
7954.97998,0.99580
7955.16992,0.99580
7955.35986,0.99580
7955.54980,0.99580
7955.74023,0.99580
7955.93994,0.99580
7956.12012,0.99580
7956.31982,0.99570
7956.50977,0.99570
7956.70020,0.99570
7956.89014,0.99570
7957.08008,0.99570
7957.27002,0.99570
7957.45996,0.99570
7957.66016,0.99570
7957.83984,0.99570
7958.04004,0.99570
7958.22998,0.99570
7958.41992,0.99570
7958.60986,0.99570
7958.79980,0.99560
7958.99023,0.99560
7959.18994,0.99560
7959.37988,0.99560
7959.56006,0.99560
7959.75000,0.99560
7959.95020,0.99560
7960.14014,0.99560
7960.33008,0.99560
7960.52002,0.99560
7960.70996,0.99560
7960.89990,0.99560
7961.08984,0.99560
7961.27979,0.99550
7961.47998,0.99550
7961.66992,0.99550
7961.85986,0.99550
7962.04980,0.99550
7962.24023,0.99550
7962.43018,0.99550
7962.62988,0.99550
7962.81006,0.99550
7963.00977,0.99550
7963.20020,0.99550
7963.39014,0.99550
7963.58008,0.99550
7963.77002,0.99540
7963.95996,0.99540
7964.16016,0.99540
7964.35010,0.99540
7964.54004,0.99540
7964.72998,0.99540
7964.91992,0.99540
7965.10986,0.99540
7965.29980,0.99540
7965.49023,0.99540
7965.68994,0.99540
7965.87988,0.99540
7966.06982,0.99540
7966.25977,0.99540
7966.45020,0.99530
7966.64014,0.99530
7966.83984,0.99530
7967.02002,0.99530
7967.22021,0.99530
7967.41016,0.99530
7967.60010,0.99530
7967.79004,0.99530
7967.97998,0.99530
7968.16992,0.99530
7968.35986,0.99530
7968.54980,0.99530
7968.74023,0.99520
7968.93994,0.99520
7969.12988,0.99520
7969.31982,0.99520
7969.50977,0.99520
7969.70020,0.99520
7969.89014,0.99520
7970.08984,0.99520
7970.27002,0.99520
7970.47021,0.99520
7970.66016,0.99520
7970.85010,0.99520
7971.04004,0.99520
7971.22998,0.99520
7971.43018,0.99510
7971.62012,0.99510
7971.81006,0.99510
7972.00000,0.99510
7972.18994,0.99510
7972.37988,0.99510
7972.58008,0.99510
7972.75977,0.99510
7972.95996,0.99510
7973.14990,0.99510
7973.33984,0.99510
7973.54004,0.99510
7973.72021,0.99510
7973.91992,0.99500
7974.10986,0.99500
7974.29980,0.99500
7974.49023,0.99500
7974.68018,0.99500
7974.87012,0.99500
7975.06982,0.99500
7975.25977,0.99500
7975.45020,0.99500
7975.64014,0.99500
7975.83008,0.99500
7976.02979,0.99500
7976.20996,0.99500
7976.39990,0.99490
7976.60010,0.99490
7976.79004,0.99490
7976.97998,0.99490
7977.16992,0.99490
7977.35986,0.99490
7977.54980,0.99490
7977.74023,0.99490
7977.93994,0.99490
7978.12988,0.99490
7978.31982,0.99490
7978.50977,0.99490
7978.70020,0.99490
7978.89014,0.99480
7979.08984,0.99480
7979.27979,0.99480
7979.47021,0.99480
7979.66016,0.99480
7979.85010,0.99480
7980.04980,0.99480
7980.22998,0.99480
7980.43018,0.99480
7980.62012,0.99480
7980.81006,0.99480
7981.00977,0.99480
7981.18994,0.99480
7981.39014,0.99470
7981.58008,0.99470
7981.77002,0.99470
7981.95996,0.99470
7982.14990,0.99470
7982.35010,0.99470
7982.54004,0.99470
7982.72998,0.99470
7982.91992,0.99470
7983.10986,0.99470
7983.31006,0.99470
7983.50000,0.99470
7983.68994,0.99470
7983.87988,0.99460
7984.06982,0.99460
7984.27002,0.99460
7984.45996,0.99460
7984.64990,0.99460
7984.83984,0.99460
7985.02979,0.99460
7985.22021,0.99460
7985.41016,0.99460
7985.60010,0.99460
7985.79980,0.99460
7985.99023,0.99460
7986.18018,0.99460
7986.37012,0.99450
7986.56006,0.99450
7986.75977,0.99450
7986.95020,0.99450
7987.14014,0.99450
7987.33008,0.99450
7987.52002,0.99450
7987.72021,0.99450
7987.91016,0.99450
7988.10010,0.99450
7988.29004,0.99450
7988.47998,0.99450
7988.66992,0.99450
7988.87012,0.99440
7989.06006,0.99440
7989.25000,0.99440
7989.43994,0.99440
7989.62988,0.99440
7989.83008,0.99440
7990.02002,0.99440
7990.20996,0.99440
7990.39990,0.99440
7990.58984,0.99440
7990.79004,0.99440
7990.97998,0.99440
7991.16992,0.99440
7991.35986,0.99430
7991.54980,0.99430
7991.75000,0.99430
7991.93994,0.99430
7992.12988,0.99430
7992.31982,0.99430
7992.52002,0.99430
7992.70996,0.99430
7992.89990,0.99430
7993.08984,0.99430
7993.27979,0.99430
7993.47021,0.99430
7993.66016,0.99430
7993.85010,0.99420
7994.04980,0.99420
7994.24023,0.99420
7994.43018,0.99420
7994.62012,0.99420
7994.81006,0.99420
7995.00977,0.99420
7995.20020,0.99420
7995.39014,0.99420
7995.58008,0.99420
7995.77979,0.99420
7995.97021,0.99420
7996.16016,0.99420
7996.35010,0.99410
7996.54004,0.99410
7996.74023,0.99410
7996.93018,0.99410
7997.12012,0.99410
7997.31006,0.99410
7997.50977,0.99410
7997.70020,0.99410
7997.89014,0.99410
7998.08008,0.99410
7998.27002,0.99410
7998.47021,0.99410
7998.66016,0.99410
7998.85010,0.99400
7999.04004,0.99400
7999.24023,0.99400
7999.43018,0.99400
7999.62012,0.99400
7999.81006,0.99400
8000.00000,0.99400
8000.20020,0.99400
8000.39014,0.99390
8000.58008,0.99390
8000.77002,0.99390
8000.97021,0.99380
8001.16016,0.99380
8001.33984,0.99380
8001.54004,0.99370
8001.72998,0.99370
8001.91992,0.99370
8002.10986,0.99360
8002.31006,0.99360
8002.50000,0.99360
8002.68994,0.99350
8002.87988,0.99350
8003.08008,0.99340
8003.27002,0.99340
8003.45996,0.99340
8003.64990,0.99330
8003.83984,0.99330
8004.04004,0.99330
8004.22998,0.99320
8004.41992,0.99320
8004.60986,0.99320
8004.81006,0.99310
8005.00000,0.99310
8005.18994,0.99310
8005.37988,0.99300
8005.58008,0.99300
8005.77002,0.99300
8005.95996,0.99290
8006.16016,0.99290
8006.33984,0.99290
8006.54004,0.99280
8006.72998,0.99280
8006.91992,0.99280
8007.10986,0.99270
8007.31006,0.99270
8007.50000,0.99260
8007.68994,0.99260
8007.87988,0.99260
8008.08008,0.99250
8008.27002,0.99250
8008.45996,0.99250
8008.66016,0.99240
8008.85010,0.99240
8009.04004,0.99240
8009.22998,0.99230
8009.43018,0.99230
8009.60986,0.99230
8009.79980,0.99220
8010.00000,0.99220
8010.18994,0.99220
8010.37988,0.99210
8010.56982,0.99210
8010.77002,0.99210
8010.95996,0.99200
8011.14990,0.99200
8011.33984,0.99200
8011.54004,0.99190
8011.72998,0.99190
8011.91992,0.99190
8012.10986,0.99180
8012.31006,0.99180
8012.50000,0.99180
8012.68994,0.99170
8012.87988,0.99170
8013.08008,0.99160
8013.27002,0.99160
8013.45996,0.99160
8013.66016,0.99150
8013.85010,0.99150
8014.04004,0.99150
8014.22998,0.99140
8014.43018,0.99140
8014.62012,0.99140
8014.81006,0.99130
8015.00000,0.99130
8015.20020,0.99130
8015.39014,0.99120
8015.58008,0.99120
8015.77002,0.99120
8015.97021,0.99110
8016.16016,0.99110
8016.35010,0.99110
8016.54004,0.99100
8016.74023,0.99100
8016.93018,0.99100
8017.12012,0.99090
8017.31006,0.99090
8017.50977,0.99080
8017.70020,0.99080
8017.89990,0.99080
8018.08008,0.99070
8018.27002,0.99070
8018.47021,0.99070
8018.66016,0.99060
8018.85010,0.99060
8019.04004,0.99060
8019.24023,0.99050
8019.43018,0.99050
8019.62012,0.99050
8019.81006,0.99040
8020.00977,0.99040
8020.20020,0.99040
8020.39990,0.99030
8020.58008,0.99030
8020.77979,0.99030
8020.97021,0.99020
8021.16992,0.99020
8021.35986,0.99020
8021.54980,0.99010
8021.74023,0.99010
8021.93994,0.99010
8022.12988,0.99000
8022.31982,0.99000
8022.50977,0.98990
8022.70996,0.98990
8022.89990,0.98990
8023.08984,0.98980
8023.27979,0.98980
8023.47998,0.98980
8023.66992,0.98970
8023.85986,0.98970
8024.06006,0.98970
8024.25000,0.98960
8024.43994,0.98960
8024.62988,0.98960
8024.83008,0.98950
8025.02002,0.98950
8025.20996,0.98950
8025.41016,0.98940
8025.60010,0.98940
8025.79004,0.98940
8025.97998,0.98930
8026.18018,0.98930
8026.37012,0.98930
8026.56006,0.98920
8026.75000,0.98920
8026.95020,0.98920
8027.12988,0.98910
8027.33008,0.98910
8027.52002,0.98900
8027.72021,0.98900
8027.91016,0.98900
8028.10010,0.98890
8028.29004,0.98890
8028.49023,0.98890
8028.68018,0.98880
8028.87012,0.98880
8029.06982,0.98880
8029.25977,0.98870
8029.45020,0.98870
8029.64990,0.98870
8029.83984,0.98860
8030.02979,0.98860
8030.22021,0.98860
8030.41992,0.98850
8030.60986,0.98850
8030.79980,0.98850
8031.00000,0.98840
8031.18994,0.98840
8031.37988,0.98840
8031.56982,0.98830
8031.77002,0.98830
8031.95996,0.98820
8032.16016,0.98820
8032.35010,0.98820
8032.54004,0.98810
8032.72998,0.98810
8032.93018,0.98810
8033.12012,0.98800
8033.31006,0.98800
8033.50977,0.98800
8033.70020,0.98790
8033.89014,0.98790
8034.08008,0.98790
8034.27979,0.98780
8034.47021,0.98780
8034.66992,0.98780
8034.85010,0.98770
8035.04980,0.98770
8035.24023,0.98770
8035.43018,0.98760
8035.62012,0.98760
8035.81982,0.98760
8036.00977,0.98750
8036.20020,0.98750
8036.39014,0.98740
8036.58984,0.98740
8036.77979,0.98740
8036.97998,0.98730
8037.16992,0.98730
8037.35986,0.98730
8037.54980,0.98720
8037.75000,0.98720
8037.93994,0.98720
8038.12988,0.98710
8038.33008,0.98710
8038.52002,0.98710
8038.72021,0.98700
8038.91016,0.98700
8039.10010,0.98700
8039.29004,0.98690
8039.49023,0.98690
8039.68018,0.98690
8039.87012,0.98680
8040.06982,0.98680
8040.25977,0.98680
8040.45020,0.98670
8040.64014,0.98670
8040.83984,0.98660
8041.02979,0.98660
8041.22998,0.98660
8041.41992,0.98650
8041.60986,0.98650
8041.81006,0.98650
8042.00000,0.98640
8042.18994,0.98640
8042.37988,0.98640
8042.58008,0.98630
8042.77002,0.98630
8042.97021,0.98630
8043.16016,0.98620
8043.35010,0.98620
8043.54004,0.98620
8043.72998,0.98610
8043.93018,0.98610
8044.12012,0.98610
8044.31006,0.98600
8044.50977,0.98600
8044.70020,0.98600
8044.89014,0.98590
8045.08984,0.98590
8045.27979,0.98580
8045.47021,0.98580
8045.66016,0.98580
8045.85986,0.98570
8046.04980,0.98570
8046.25000,0.98570
8046.43994,0.98560
8046.62988,0.98560
8046.83008,0.98560
8047.02002,0.98550
8047.20996,0.98550
8047.41016,0.98550
8047.60010,0.98540
8047.79004,0.98540
8047.99023,0.98540
8048.18018,0.98530
8048.37012,0.98530
8048.56982,0.98530
8048.75977,0.98520
8048.95996,0.98520
8049.14990,0.98520
8049.33984,0.98510
8049.52979,0.98510
8049.72998,0.98500
8049.91992,0.98500
8050.10986,0.98500
8050.31006,0.98490
8050.50000,0.98490
8050.68994,0.98480
8050.89014,0.98480
8051.08008,0.98480
8051.27979,0.98470
8051.47021,0.98470
8051.66016,0.98460
8051.85010,0.98460
8052.04004,0.98460
8052.24023,0.98450
8052.43018,0.98450
8052.62012,0.98440
8052.81982,0.98440
8053.00977,0.98430
8053.20996,0.98430
8053.39990,0.98430
8053.58984,0.98420
8053.79004,0.98420
8053.97998,0.98410
8054.16992,0.98410
8054.37012,0.98400
8054.56006,0.98400
8054.75977,0.98400
8054.95020,0.98390
8055.14014,0.98390
8055.33008,0.98380
8055.52979,0.98380
8055.72021,0.98370
8055.91016,0.98370
8056.10986,0.98370
8056.29980,0.98360
8056.50000,0.98360
8056.68994,0.98350
8056.87988,0.98350
8057.08008,0.98340
8057.27002,0.98340
8057.45996,0.98340
8057.66016,0.98330
8057.85010,0.98330
8058.04980,0.98320
8058.24023,0.98320
8058.43018,0.98310
8058.62988,0.98310
8058.81982,0.98310
8059.00977,0.98300
8059.20996,0.98300
8059.39990,0.98290
8059.58984,0.98290
8059.79004,0.98280
8059.97998,0.98280
8060.16992,0.98280
8060.35986,0.98270
8060.56006,0.98270
8060.75000,0.98260
8060.93994,0.98260
8061.14014,0.98250
8061.33008,0.98250
8061.52979,0.98250
8061.72021,0.98240
8061.91016,0.98240
8062.10986,0.98230
8062.29980,0.98230
8062.49023,0.98230
8062.68994,0.98220
8062.87988,0.98220
8063.08008,0.98210
8063.27002,0.98210
8063.45996,0.98200
8063.66016,0.98200
8063.85010,0.98200
8064.04980,0.98190
8064.24023,0.98190
8064.43018,0.98180
8064.62988,0.98180
8064.81982,0.98170
8065.00977,0.98170
8065.20996,0.98170
8065.39990,0.98160
8065.60010,0.98160
8065.79004,0.98150
8065.97998,0.98150
8066.18018,0.98140
8066.37012,0.98140
8066.56982,0.98140
8066.75977,0.98130
8066.95020,0.98130
8067.14990,0.98120
8067.33984,0.98120
8067.54004,0.98110
8067.72998,0.98110
8067.91992,0.98110
8068.12012,0.98100
8068.31006,0.98100
8068.50000,0.98090
8068.70020,0.98090
8068.89014,0.98080
8069.08008,0.98080
8069.27002,0.98080
8069.47021,0.98070
8069.66016,0.98070
8069.85986,0.98060
8070.04980,0.98060
8070.24023,0.98050
8070.43994,0.98050
8070.62988,0.98050
8070.83008,0.98040
8071.02002,0.98040
8071.20996,0.98030
8071.41016,0.98030
8071.60010,0.98020
8071.79004,0.98020
8071.99023,0.98020
8072.18018,0.98010
8072.37988,0.98010
8072.56982,0.98000
8072.75977,0.98000
8072.95996,0.97990
8073.14990,0.97990
8073.35010,0.97990
8073.54004,0.97980
8073.72998,0.97980
8073.93018,0.97970
8074.12012,0.97970
8074.31006,0.97970
8074.50977,0.97960
8074.70996,0.97960
8074.89990,0.97950
8075.10010,0.97950
8075.29004,0.97940
8075.47998,0.97940
8075.68018,0.97940
8075.87012,0.97930
8076.06006,0.97930
8076.25977,0.97920
8076.45020,0.97920
8076.64990,0.97910
8076.83984,0.97910
8077.02979,0.97910
8077.22998,0.97900
8077.41992,0.97900
8077.60986,0.97890
8077.79980,0.97890
8078.00000,0.97880
8078.18994,0.97880
8078.39014,0.97880
8078.58008,0.97870
8078.77979,0.97870
8078.97021,0.97860
8079.16992,0.97860
8079.35986,0.97850
8079.54980,0.97850
8079.75000,0.97850
8079.93994,0.97840
8080.14014,0.97840
8080.33008,0.97830
8080.52002,0.97830
8080.72021,0.97820
8080.91016,0.97820
8081.10010,0.97820
8081.29980,0.97810
8081.49023,0.97810
8081.68994,0.97800
8081.87988,0.97800
8082.08008,0.97790
8082.27002,0.97790
8082.47021,0.97790
8082.66016,0.97780
8082.85010,0.97780
8083.04980,0.97770
8083.24023,0.97770
8083.43994,0.97760
8083.62988,0.97760
8083.81982,0.97760
8084.02002,0.97750
8084.20996,0.97750
8084.41016,0.97740
8084.60010,0.97740
8084.79980,0.97730
8084.99023,0.97730
8085.18994,0.97730
8085.37988,0.97720
8085.56982,0.97720
8085.75977,0.97710
8085.95996,0.97710
8086.14990,0.97700
8086.35010,0.97700
8086.54004,0.97700
8086.74023,0.97690
8086.93018,0.97690
8087.12012,0.97680
8087.31982,0.97680
8087.50977,0.97670
8087.70996,0.97670
8087.89990,0.97670
8088.08984,0.97660
8088.29004,0.97660
8088.49023,0.97650
8088.68018,0.97650
8088.87012,0.97640
8089.06982,0.97640
8089.25977,0.97640
8089.45996,0.97630
8089.64990,0.97630
8089.83984,0.97620
8090.04004,0.97620
8090.22998,0.97610
8090.43018,0.97610
8090.62012,0.97610
8090.81982,0.97600
8091.00977,0.97600
8091.20996,0.97590
8091.39990,0.97590
8091.58984,0.97580
8091.79004,0.97580
8091.97998,0.97580
8092.18018,0.97570
8092.37012,0.97570
8092.56982,0.97560
8092.75977,0.97560
8092.95020,0.97560
8093.14990,0.97550
8093.33984,0.97550
8093.54004,0.97540
8093.74023,0.97540
8093.93018,0.97530
8094.12012,0.97530
8094.31006,0.97530
8094.50977,0.97520
8094.70020,0.97520
8094.89990,0.97510
8095.08984,0.97510
8095.29004,0.97500
8095.47998,0.97500
8095.66992,0.97500
8095.87012,0.97490
8096.06006,0.97490
8096.25977,0.97480
8096.45020,0.97480
8096.64990,0.97470
8096.83984,0.97470
8097.04004,0.97470
8097.22998,0.97460
8097.41992,0.97460
8097.62012,0.97450
8097.81982,0.97450
8098.00977,0.97440
8098.20020,0.97440
8098.39990,0.97440
8098.58984,0.97430
8098.79004,0.97430
8098.97998,0.97420
8099.18018,0.97420
8099.37012,0.97410
8099.56982,0.97410
8099.75977,0.97410
8099.95020,0.97400
8100.14990,0.97400
8100.35010,0.97390
8100.54004,0.97390
8100.72998,0.97390
8100.93018,0.97380
8101.12012,0.97380
8101.31982,0.97380
8101.50977,0.97370
8101.70996,0.97370
8101.89990,0.97370
8102.10010,0.97360
8102.29004,0.97360
8102.47998,0.97360
8102.68018,0.97350
8102.87012,0.97350
8103.06982,0.97340
8103.25977,0.97340
8103.45020,0.97340
8103.64990,0.97330
8103.85010,0.97330
8104.04004,0.97330
8104.22998,0.97320
8104.43018,0.97320
8104.62012,0.97320
8104.81982,0.97310
8105.00977,0.97310
8105.20996,0.97310
8105.39990,0.97300
8105.60010,0.97300
8105.79004,0.97300
8105.99023,0.97290
8106.18018,0.97290
8106.37988,0.97290
8106.56982,0.97280
8106.75977,0.97280
8106.95996,0.97270
8107.16016,0.97270
8107.35010,0.97270
8107.54004,0.97260
8107.74023,0.97260
8107.93994,0.97260
8108.12988,0.97250
8108.31982,0.97250
8108.52002,0.97250
8108.70996,0.97240
8108.91016,0.97240
8109.10010,0.97240
8109.29980,0.97230
8109.49023,0.97230
8109.68994,0.97230
8109.87988,0.97220
8110.08008,0.97220
8110.27002,0.97220
8110.47021,0.97210
8110.66016,0.97210
8110.85986,0.97200
8111.04980,0.97200
8111.24023,0.97200
8111.43994,0.97190
8111.62988,0.97190
8111.83008,0.97190
8112.02002,0.97180
8112.22021,0.97180
8112.41016,0.97180
8112.60986,0.97170
8112.79980,0.97170
8113.00000,0.97170
8113.18994,0.97160
8113.39014,0.97160
8113.58008,0.97160
8113.77979,0.97150
8113.97021,0.97150
8114.16016,0.97140
8114.35986,0.97140
8114.56006,0.97140
8114.75000,0.97130
8114.95020,0.97130
8115.14014,0.97130
8115.33984,0.97120
8115.52979,0.97120
8115.72998,0.97120
8115.91992,0.97110
8116.12012,0.97110
8116.31006,0.97110
8116.50977,0.97100
8116.70020,0.97100
8116.89990,0.97100
8117.08984,0.97090
8117.29004,0.97090
8117.47998,0.97090
8117.68018,0.97080
8117.87012,0.97080
8118.06982,0.97070
8118.25977,0.97070
8118.45996,0.97070
8118.64990,0.97060
8118.85010,0.97060
8119.04004,0.97060
8119.24023,0.97050
8119.43018,0.97050
8119.62988,0.97050
8119.81982,0.97040
8120.02002,0.97040
8120.20996,0.97040
8120.39990,0.97030
8120.60010,0.97030
8120.79980,0.97030
8120.99023,0.97020
8121.18018,0.97020
8121.37988,0.97020
8121.58008,0.97010
8121.77002,0.97010
8121.95996,0.97000
8122.16016,0.97000
8122.35986,0.97000
8122.54980,0.96990
8122.74023,0.96990
8122.93994,0.96990
8123.14014,0.96980
8123.33008,0.96980
8123.52002,0.96980
8123.72021,0.96970
8123.91992,0.96970
8124.10986,0.96970
8124.31006,0.96960
8124.50000,0.96960
8124.70020,0.96960
8124.89014,0.96950
8125.08984,0.96950
8125.27979,0.96940
8125.47998,0.96940
8125.66992,0.96940
8125.87012,0.96930
8126.06006,0.96930
8126.25977,0.96930
8126.45996,0.96920
8126.64990,0.96920
8126.85010,0.96920
8127.04004,0.96910
8127.24023,0.96910
8127.43018,0.96910
8127.62988,0.96900
8127.81982,0.96900
8128.02002,0.96900
8128.20996,0.96890
8128.39990,0.96890
8128.60010,0.96890
8128.79004,0.96880
8128.99023,0.96880
8129.18994,0.96870
8129.37988,0.96870
8129.56982,0.96870
8129.77002,0.96860
8129.97021,0.96860
8130.16016,0.96860
8130.35010,0.96850
8130.54980,0.96850
8130.75000,0.96850
8130.93994,0.96840
8131.14014,0.96840
8131.33008,0.96840
8131.52979,0.96830
8131.72998,0.96830
8131.91992,0.96830
8132.10986,0.96820
8132.31006,0.96820
8132.50977,0.96810
8132.70020,0.96810
8132.89990,0.96810
8133.08984,0.96800
8133.29004,0.96800
8133.47998,0.96800
8133.68018,0.96790
8133.87012,0.96790
8134.06982,0.96790
8134.27002,0.96780
8134.45996,0.96780
8134.64990,0.96780
8134.85010,0.96770
8135.04980,0.96770
8135.24023,0.96770
8135.43994,0.96760
8135.62988,0.96760
8135.83008,0.96760
8136.02979,0.96750
8136.22021,0.96750
8136.41016,0.96740
8136.60986,0.96740
8136.79980,0.96740
8137.00000,0.96730
8137.18994,0.96730
8137.39014,0.96730
8137.58008,0.96720
8137.77979,0.96720
8137.97021,0.96720
8138.16992,0.96710
8138.37012,0.96710
8138.56006,0.96710
8138.75977,0.96700
8138.95020,0.96700
8139.14990,0.96700
8139.35010,0.96690
8139.54004,0.96690
8139.72998,0.96680
8139.93018,0.96680
8140.12988,0.96680
8140.31982,0.96670
8140.52002,0.96670
8140.70996,0.96670
8140.91016,0.96660
8141.10986,0.96660
8141.29980,0.96660
8141.49023,0.96650
8141.68994,0.96650
8141.89014,0.96650
8142.08008,0.96640
8142.27979,0.96640
8142.47021,0.96640
8142.66992,0.96630
8142.87012,0.96630
8143.06006,0.96620
8143.25977,0.96620
8143.45020,0.96620
8143.64990,0.96610
8143.85010,0.96610
8144.04004,0.96610
8144.22998,0.96600
8144.43018,0.96600
8144.62988,0.96600
8144.81982,0.96590
8145.02002,0.96590
8145.20996,0.96590
8145.41016,0.96580
8145.60010,0.96580
8145.79980,0.96580
8145.99023,0.96570
8146.18994,0.96570
8146.39014,0.96560
8146.58008,0.96560
8146.77002,0.96560
8146.97021,0.96550
8147.16992,0.96550
8147.35986,0.96550
8147.56006,0.96540
8147.75000,0.96540
8147.95020,0.96540
8148.14990,0.96530
8148.33984,0.96530
8148.54004,0.96530
8148.72998,0.96520
8148.93018,0.96520
8149.12012,0.96520
8149.31982,0.96510
8149.52002,0.96510
8149.70996,0.96510
8149.91016,0.96500
8150.10010,0.96500
8150.29980,0.96500
8150.50000,0.96490
8150.68994,0.96490
8150.89014,0.96490
8151.08008,0.96480
8151.27979,0.96480
8151.47998,0.96480
8151.66992,0.96470
8151.87012,0.96470
8152.06006,0.96470
8152.25977,0.96460
8152.45020,0.96460
8152.64990,0.96460
8152.85010,0.96450
8153.04004,0.96450
8153.24023,0.96450
8153.43018,0.96450
8153.62988,0.96440
8153.81982,0.96440
8154.02002,0.96440
8154.20996,0.96430
8154.41016,0.96430
8154.60010,0.96430
8154.79980,0.96420
8154.99023,0.96420
8155.18994,0.96420
8155.39014,0.96410
8155.58984,0.96410
8155.77979,0.96410
8155.97998,0.96400
8156.16992,0.96400
8156.37012,0.96400
8156.56982,0.96390
8156.75977,0.96390
8156.95996,0.96390
8157.14990,0.96390
8157.35010,0.96380
8157.54004,0.96380
8157.74023,0.96380
8157.93994,0.96370
8158.12988,0.96370
8158.33008,0.96370
8158.52002,0.96360
8158.72021,0.96360
8158.91992,0.96360
8159.10986,0.96350
8159.31006,0.96350
8159.50000,0.96350
8159.70020,0.96340
8159.89990,0.96340
8160.08984,0.96340
8160.29004,0.96340
8160.49023,0.96330
8160.68018,0.96330
8160.87988,0.96330
8161.06982,0.96320
8161.27002,0.96320
8161.47021,0.96320
8161.66016,0.96310
8161.85986,0.96310
8162.04980,0.96310
8162.25000,0.96300
8162.43994,0.96300
8162.64014,0.96300
8162.83008,0.96290
8163.02979,0.96290
8163.22998,0.96290
8163.41992,0.96290
8163.62012,0.96280
8163.81006,0.96280
8164.00977,0.96280
8164.20996,0.96270
8164.39990,0.96270
8164.60010,0.96270
8164.79980,0.96260
8164.99023,0.96260
8165.18994,0.96260
8165.37988,0.96250
8165.58008,0.96250
8165.77979,0.96250
8165.97998,0.96240
8166.16992,0.96240
8166.37012,0.96240
8166.56006,0.96240
8166.75977,0.96230
8166.95020,0.96230
8167.14990,0.96230
8167.35010,0.96220
8167.54004,0.96220
8167.74023,0.96220
8167.93018,0.96210
8168.12988,0.96210
8168.33008,0.96210
8168.52979,0.96200
8168.72021,0.96200
8168.91992,0.96200
8169.10986,0.96190
8169.31006,0.96190
8169.50000,0.96190
8169.70020,0.96180
8169.89990,0.96180
8170.10010,0.96180
8170.29004,0.96180
8170.49023,0.96170
8170.68018,0.96170
8170.87988,0.96170
8171.08008,0.96160
8171.27002,0.96160
8171.45996,0.96160
8171.66016,0.96150
8171.85986,0.96150
8172.04980,0.96150
8172.25000,0.96140
8172.45020,0.96140
8172.64014,0.96140
8172.83984,0.96130
8173.02979,0.96130
8173.22998,0.96130
8173.43018,0.96130
8173.62988,0.96120
8173.81982,0.96120
8174.02002,0.96120
8174.20996,0.96110
8174.41016,0.96110
8174.60986,0.96110
8174.79980,0.96100
8175.00000,0.96100
8175.20020,0.96100
8175.39014,0.96090
8175.58984,0.96090
8175.79004,0.96090
8175.97998,0.96080
8176.18018,0.96080
8176.37012,0.96080
8176.56982,0.96070
8176.77002,0.96070
8176.97021,0.96070
8177.16016,0.96070
8177.35986,0.96060
8177.54980,0.96060
8177.75000,0.96060
8177.95020,0.96050
8178.14014,0.96050
8178.33984,0.96050
8178.54004,0.96040
8178.72998,0.96040
8178.93018,0.96040
8179.12012,0.96030
8179.31982,0.96030
8179.52002,0.96030
8179.70996,0.96020
8179.91016,0.96020
8180.10010,0.96020
8180.29980,0.96020
8180.50000,0.96010
8180.68994,0.96010
8180.89014,0.96010
8181.08984,0.96000
8181.29004,0.96000
8181.47998,0.96000
8181.68018,0.95990
8181.87012,0.95990
8182.06982,0.95990
8182.27002,0.95980
8182.45996,0.95980
8182.66016,0.95980
8182.85986,0.95970
8183.06006,0.95970
8183.25000,0.95970
8183.45020,0.95960
8183.64014,0.95960
8183.83984,0.95960
8184.02979,0.95960
8184.22998,0.95950
8184.43018,0.95950
8184.62988,0.95950
8184.83008,0.95940
8185.02002,0.95940
8185.22021,0.95940
8185.41016,0.95930
8185.60986,0.95930
8185.79980,0.95930
8186.00000,0.95920
8186.20020,0.95920
8186.39990,0.95920
8186.60010,0.95910
8186.79004,0.95910
8186.99023,0.95910
8187.18018,0.95900
8187.37988,0.95900
8187.58008,0.95900
8187.77002,0.95900
8187.97021,0.95890
8188.16016,0.95890
8188.35986,0.95890
8188.56006,0.95880
8188.75000,0.95880
8188.95020,0.95880
8189.14990,0.95870
8189.33984,0.95870
8189.54004,0.95870
8189.74023,0.95860
8189.93994,0.95860
8190.12988,0.95860
8190.33008,0.95850
8190.52002,0.95850
8190.72021,0.95850
8190.91992,0.95850
8191.10986,0.95840
8191.31006,0.95840
8191.50977,0.95840
8191.70996,0.95830
8191.89990,0.95830
8192.09961,0.95830
8192.29980,0.95820
8192.49023,0.95820
8192.69043,0.95820
8192.88965,0.95810
8193.08008,0.95810
8193.28027,0.95810
8193.46973,0.95800
8193.66992,0.95800
8193.87012,0.95800
8194.07031,0.95790
8194.26953,0.95790
8194.45996,0.95790
8194.66016,0.95790
8194.86035,0.95780
8195.04980,0.95780
8195.25000,0.95780
8195.45020,0.95770
8195.63965,0.95770
8195.83984,0.95770
8196.03027,0.95760
8196.23047,0.95760
8196.42969,0.95760
8196.62988,0.95750
8196.82031,0.95750
8197.01953,0.95750
8197.20996,0.95740
8197.41016,0.95740
8197.61035,0.95740
8197.79980,0.95740
8198.00000,0.95730
8198.20020,0.95730
8198.40039,0.95730
8198.58984,0.95720
8198.79004,0.95720
8198.99023,0.95720
8199.17969,0.95710
8199.37988,0.95710
8199.58008,0.95710
8199.76953,0.95700
8199.96973,0.95700
8200.16992,0.95690
8200.36035,0.95680
8200.55957,0.95670
8200.75977,0.95660
8200.95996,0.95660
8201.16016,0.95650
8201.34961,0.95640
8201.54980,0.95630
8201.75000,0.95620
8201.94043,0.95610
8202.13965,0.95600
8202.33984,0.95590
8202.53027,0.95580
8202.73047,0.95570
8202.92969,0.95570
8203.12012,0.95560
8203.32031,0.95550
8203.51953,0.95540
8203.71973,0.95530
8203.91016,0.95520
8204.11035,0.95510
8204.30957,0.95500
8204.50977,0.95490
8204.70020,0.95480
8204.90039,0.95470
8205.09961,0.95470
8205.29004,0.95460
8205.48047,0.95450
8205.67969,0.95440
8205.87988,0.95430
8206.08008,0.95420
8206.28027,0.95410
8206.46973,0.95400
8206.66992,0.95390
8206.87012,0.95380
8207.07031,0.95380
8207.25977,0.95370
8207.45996,0.95360
8207.66016,0.95350
8207.84961,0.95340
8208.04980,0.95330
8208.25000,0.95320
8208.44043,0.95310
8208.63965,0.95300
8208.83984,0.95290
8209.04004,0.95280
8209.23047,0.95280
8209.42969,0.95270
8209.62988,0.95260
8209.82031,0.95250
8210.01953,0.95240
8210.21973,0.95230
8210.41992,0.95220
8210.62012,0.95210
8210.80957,0.95200
8211.00977,0.95190
8211.20996,0.95180
8211.41016,0.95180
8211.59961,0.95170
8211.79980,0.95160
8212.00000,0.95150
8212.19043,0.95140
8212.38965,0.95130
8212.58984,0.95120
8212.79004,0.95110
8212.98047,0.95100
8213.17969,0.95090
8213.37988,0.95080
8213.57031,0.95080
8213.76953,0.95070
8213.96973,0.95060
8214.16016,0.95050
8214.36035,0.95040
8214.55957,0.95030
8214.75977,0.95020
8214.95020,0.95010
8215.15039,0.95000
8215.34961,0.94990
8215.54004,0.94980
8215.74023,0.94980
8215.94043,0.94970
8216.13965,0.94960
8216.33008,0.94950
8216.53027,0.94940
8216.73047,0.94930
8216.91992,0.94920
8217.12012,0.94910
8217.32031,0.94900
8217.51953,0.94890
8217.70996,0.94890
8217.91016,0.94880
8218.11035,0.94870
8218.30957,0.94860
8218.50000,0.94850
8218.70020,0.94840
8218.90039,0.94830
8219.09961,0.94820
8219.29004,0.94810
8219.49023,0.94800
8219.69043,0.94790
8219.88965,0.94790
8220.08008,0.94780
8220.28027,0.94770
8220.48047,0.94760
8220.67969,0.94750
8220.87988,0.94740
8221.07031,0.94730
8221.26953,0.94720
8221.46973,0.94710
8221.66992,0.94700
8221.86035,0.94690
8222.05957,0.94690
8222.25977,0.94680
8222.45996,0.94670
8222.66016,0.94660
8222.84961,0.94650
8223.04004,0.94640
8223.24023,0.94630
8223.44043,0.94620
8223.63965,0.94610
8223.83008,0.94600
8224.03027,0.94590
8224.23047,0.94590
8224.42969,0.94580
8224.62012,0.94570
8224.82031,0.94560
8225.01953,0.94550
8225.21973,0.94540
8225.41016,0.94530
8225.61035,0.94520
8225.80957,0.94510
8226.00977,0.94500
8226.20996,0.94490
8226.40039,0.94490
8226.59961,0.94480
8226.79980,0.94470
8227.00000,0.94460
8227.19043,0.94450
8227.38965,0.94440
8227.58984,0.94430
8227.79004,0.94420
8227.98047,0.94410
8228.17969,0.94400
8228.37988,0.94390
8228.58008,0.94390
8228.76953,0.94380
8228.96973,0.94370
8229.16992,0.94360
8229.37012,0.94350
8229.57031,0.94340
8229.75977,0.94330
8229.95996,0.94320
8230.16016,0.94310
8230.36035,0.94300
8230.54980,0.94290
8230.75000,0.94290
8230.95020,0.94280
8231.15039,0.94270
8231.33984,0.94260
8231.54004,0.94250
8231.74023,0.94240
8231.94043,0.94230
8232.12988,0.94220
8232.33008,0.94210
8232.53027,0.94200
8232.73047,0.94190
8232.92969,0.94190
8233.12012,0.94180
8233.32031,0.94170
8233.51953,0.94160
8233.71973,0.94150
8233.91016,0.94140
8234.11035,0.94130
8234.30957,0.94120
8234.50977,0.94110
8234.70996,0.94100
8234.90039,0.94090
8235.09961,0.94090
8235.29980,0.94080
8235.50000,0.94070
8235.69043,0.94060
8235.88965,0.94050
8236.08984,0.94040
8236.29004,0.94030
8236.49023,0.94020
8236.67969,0.94010
8236.87988,0.94000
8237.08008,0.93990
8237.28027,0.93990
8237.48047,0.93980
8237.66992,0.93970
8237.87012,0.93960
8238.07031,0.93950
8238.26953,0.93940
8238.46973,0.93930
8238.66992,0.93920
8238.86035,0.93910
8239.05957,0.93900
8239.25977,0.93890
8239.45996,0.93880
8239.66016,0.93880
8239.84961,0.93870
8240.04004,0.93860
8240.24023,0.93850
8240.44043,0.93840
8240.63965,0.93830
8240.83984,0.93820
8241.04004,0.93810
8241.23047,0.93800
8241.42969,0.93790
8241.62988,0.93790
8241.83008,0.93780
8242.03027,0.93770
8242.23047,0.93760
8242.41992,0.93750
8242.62012,0.93740
8242.82031,0.93730
8243.01953,0.93720
8243.21973,0.93710
8243.41016,0.93700
8243.61035,0.93690
8243.80957,0.93680
8244.00977,0.93680
8244.20020,0.93670
8244.40039,0.93660
8244.59961,0.93650
8244.79980,0.93640
8245.00000,0.93630
8245.19043,0.93620
8245.38965,0.93610
8245.58984,0.93600
8245.79004,0.93590
8245.99023,0.93580
8246.19043,0.93580
8246.37988,0.93570
8246.58008,0.93560
8246.78027,0.93550
8246.98047,0.93540
8247.17969,0.93530
8247.37988,0.93520
8247.58008,0.93510
8247.76953,0.93500
8247.96973,0.93490
8248.16992,0.93480
8248.37012,0.93480
8248.55957,0.93470
8248.75977,0.93460
8248.95996,0.93450
8249.16016,0.93440
8249.34961,0.93430
8249.54980,0.93420
8249.75000,0.93410
8249.95020,0.93400
8250.15039,0.93390
8250.33984,0.93390
8250.54004,0.93380
8250.74023,0.93370
8250.94043,0.93360
8251.12988,0.93350
8251.33008,0.93340
8251.53027,0.93340
8251.73047,0.93330
8251.92969,0.93320
8252.12988,0.93310
8252.33008,0.93300
8252.53027,0.93290
8252.71973,0.93290
8252.91992,0.93280
8253.12012,0.93270
8253.32031,0.93260
8253.51953,0.93250
8253.70996,0.93240
8253.91016,0.93240
8254.11035,0.93230
8254.30957,0.93220
8254.50977,0.93210
8254.70996,0.93200
8254.90039,0.93190
8255.09961,0.93190
8255.29980,0.93180
8255.50000,0.93170
8255.70020,0.93160
8255.90039,0.93150
8256.09961,0.93140
8256.29004,0.93140
8256.49023,0.93130
8256.69043,0.93120
8256.88965,0.93110
8257.08008,0.93100
8257.28027,0.93090
8257.48047,0.93090
8257.67969,0.93080
8257.87988,0.93070
8258.07031,0.93060
8258.26953,0.93050
8258.46973,0.93040
8258.66992,0.93040
8258.87012,0.93030
8259.07031,0.93020
8259.25977,0.93010
8259.45996,0.93000
8259.66016,0.92990
8259.86035,0.92990
8260.05957,0.92980
8260.25977,0.92970
8260.45996,0.92960
8260.65039,0.92950
8260.84961,0.92940
8261.04980,0.92940
8261.25000,0.92930
8261.45020,0.92920
8261.65039,0.92910
8261.84961,0.92900
8262.04004,0.92890
8262.24023,0.92890
8262.44043,0.92880
8262.63965,0.92870
8262.83984,0.92860
8263.04004,0.92850
8263.23047,0.92840
8263.42969,0.92840
8263.62988,0.92830
8263.83008,0.92820
8264.03027,0.92810
8264.23047,0.92800
8264.42969,0.92790
8264.62988,0.92790
8264.83008,0.92780
8265.01953,0.92770
8265.21973,0.92760
8265.41992,0.92750
8265.62012,0.92740
8265.80957,0.92740
8266.00977,0.92730
8266.20996,0.92720
8266.41016,0.92710
8266.61035,0.92700
8266.79980,0.92690
8267.00000,0.92690
8267.20020,0.92680
8267.40039,0.92670
8267.59961,0.92660
8267.79980,0.92650
8268.00000,0.92640
8268.20020,0.92640
8268.38965,0.92630
8268.58984,0.92620
8268.79004,0.92610
8268.99023,0.92600
8269.19043,0.92590
8269.38965,0.92590
8269.58984,0.92580
8269.79004,0.92570
8269.99023,0.92560
8270.17969,0.92550
8270.37988,0.92540
8270.58008,0.92540
8270.78027,0.92530
8270.98047,0.92520
8271.17969,0.92510
8271.37988,0.92500
8271.58008,0.92490
8271.78027,0.92490
8271.96973,0.92480
8272.16992,0.92470
8272.37012,0.92460
8272.57031,0.92450
8272.76953,0.92440
8272.95996,0.92440
8273.16992,0.92430
8273.36035,0.92420
8273.55957,0.92410
8273.75977,0.92400
8273.95996,0.92390
8274.16016,0.92390
8274.36035,0.92380
8274.54980,0.92370
8274.75000,0.92360
8274.95020,0.92350
8275.15039,0.92340
8275.34961,0.92340
8275.54004,0.92330
8275.75000,0.92320
8275.95020,0.92310
8276.13965,0.92300
8276.33984,0.92290
8276.54004,0.92290
8276.74023,0.92280
8276.94043,0.92270
8277.13965,0.92260
8277.33008,0.92250
8277.54004,0.92240
8277.74023,0.92240
8277.92969,0.92230
8278.12988,0.92220
8278.33008,0.92210
8278.53027,0.92200
8278.73047,0.92190
8278.92969,0.92190
8279.12988,0.92180
8279.33008,0.92170
8279.53027,0.92160
8279.71973,0.92150
8279.91992,0.92140
8280.12012,0.92130
8280.32031,0.92130
8280.51953,0.92120
8280.71973,0.92110
8280.91992,0.92100
8281.12012,0.92090
8281.32031,0.92080
8281.50977,0.92080
8281.70996,0.92070
8281.91016,0.92060
8282.11035,0.92050
8282.30957,0.92040
8282.50977,0.92030
8282.70996,0.92030
8282.91016,0.92020
8283.11035,0.92010
8283.29980,0.92000
8283.50000,0.91990
8283.70020,0.91980
8283.90039,0.91980
8284.08984,0.91970
8284.29004,0.91960
8284.50000,0.91950
8284.70020,0.91940
8284.88965,0.91930
8285.08984,0.91930
8285.29004,0.91920
8285.49023,0.91910
8285.69043,0.91900
8285.88965,0.91890
8286.08984,0.91880
8286.29004,0.91880
8286.49023,0.91870
8286.67969,0.91860
8286.87988,0.91850
8287.08008,0.91840
8287.28027,0.91830
8287.48047,0.91830
8287.67969,0.91820
8287.87988,0.91810
8288.08008,0.91800
8288.28027,0.91790
8288.48047,0.91780
8288.67969,0.91780
8288.87988,0.91770
8289.08008,0.91760
8289.26953,0.91750
8289.46973,0.91740
8289.66992,0.91730
8289.87012,0.91730
8290.07031,0.91720
8290.26953,0.91710
8290.46973,0.91700
8290.66992,0.91690
8290.87012,0.91680
8291.07031,0.91680
8291.26953,0.91670
8291.46973,0.91660
8291.66992,0.91650
8291.86035,0.91640
8292.05957,0.91630
8292.25977,0.91630
8292.45996,0.91620
8292.65039,0.91610
8292.84961,0.91600
8293.04980,0.91590
8293.25000,0.91580
8293.45996,0.91570
8293.65039,0.91570
8293.84961,0.91560
8294.04980,0.91550
8294.25000,0.91540
8294.45020,0.91530
8294.65039,0.91520
8294.84961,0.91520
8295.04980,0.91510
8295.25000,0.91500
8295.45020,0.91490
8295.65039,0.91480
8295.84961,0.91470
8296.04980,0.91470
8296.24023,0.91460
8296.44043,0.91450
8296.63965,0.91440
8296.83984,0.91430
8297.04004,0.91420
8297.24023,0.91420
8297.44043,0.91410
8297.63965,0.91400
8297.83984,0.91390
8298.04004,0.91380
8298.24023,0.91370
8298.44043,0.91370
8298.63965,0.91360
8298.83008,0.91350
8299.03027,0.91340
8299.24023,0.91330
8299.44043,0.91320
8299.62988,0.91320
8299.83008,0.91310
8300.03027,0.91300
8300.23047,0.91280
8300.42969,0.91270
8300.62012,0.91260
8300.83008,0.91240
8301.03027,0.91230
8301.23047,0.91220
8301.41992,0.91200
8301.62012,0.91190
8301.82031,0.91180
8302.01953,0.91160
8302.21973,0.91150
8302.41992,0.91140
8302.62012,0.91120
8302.82031,0.91110
8303.01953,0.91090
8303.21973,0.91080
8303.41992,0.91070
8303.62012,0.91050
8303.82031,0.91040
8304.01953,0.91030
8304.21973,0.91010
8304.41992,0.91000
8304.62012,0.90990
8304.80957,0.90970
8305.00977,0.90960
8305.20996,0.90950
8305.41992,0.90930
8305.62012,0.90920
8305.80957,0.90900
8306.00977,0.90890
8306.20996,0.90880
8306.41016,0.90860
8306.61035,0.90850
8306.80957,0.90840
8307.00977,0.90820
8307.20996,0.90810
8307.41016,0.90800
8307.61035,0.90780
8307.80957,0.90770
8308.00977,0.90760
8308.20996,0.90740
8308.41016,0.90730
8308.61035,0.90710
8308.80957,0.90700
8309.00977,0.90690
8309.20020,0.90670
8309.40039,0.90660
8309.59961,0.90650
8309.79980,0.90630
8310.00000,0.90620
8310.20020,0.90610
8310.40039,0.90590
8310.59961,0.90580
8310.79980,0.90570
8311.00000,0.90550
8311.20020,0.90540
8311.40039,0.90520
8311.59961,0.90510
8311.79980,0.90500
8312.00000,0.90480
8312.20020,0.90470
8312.40039,0.90460
8312.59961,0.90440
8312.79980,0.90430
8313.00000,0.90420
8313.20020,0.90400
8313.40039,0.90390
8313.58984,0.90380
8313.79004,0.90360
8314.00000,0.90350
8314.20020,0.90330
8314.38965,0.90320
8314.58984,0.90310
8314.79004,0.90290
8315.00000,0.90280
8315.20020,0.90270
8315.38965,0.90250
8315.58984,0.90240
8315.79004,0.90230
8316.00000,0.90210
8316.19043,0.90200
8316.38965,0.90190
8316.58984,0.90170
8316.79004,0.90160
8316.99023,0.90140
8317.19043,0.90130
8317.38965,0.90120
8317.58984,0.90100
8317.79004,0.90090
8317.99023,0.90080
8318.19043,0.90060
8318.38965,0.90050
8318.58984,0.90040
8318.79004,0.90020
8318.99023,0.90010
8319.19043,0.90000
8319.38965,0.89980
8319.58008,0.89970
8319.79004,0.89950
8319.99023,0.89940
8320.19043,0.89930
8320.38965,0.89910
8320.58008,0.89900
8320.79004,0.89890
8320.99023,0.89870
8321.19043,0.89860
8321.37988,0.89850
8321.58008,0.89830
8321.79004,0.89820
8321.99023,0.89800
8322.19043,0.89790
8322.37988,0.89780
8322.58984,0.89760
8322.79004,0.89750
8322.99023,0.89740
8323.17969,0.89720
8323.38965,0.89710
8323.58984,0.89700
8323.79004,0.89680
8323.98047,0.89670
8324.19043,0.89660
8324.38965,0.89640
8324.58984,0.89630
8324.79004,0.89610
8324.99023,0.89600
8325.19043,0.89590
8325.38965,0.89570
8325.58984,0.89560
8325.79004,0.89550
8325.99023,0.89530
8326.19043,0.89520
8326.38965,0.89510
8326.58008,0.89490
8326.79004,0.89480
8326.98047,0.89470
8327.17969,0.89450
8327.37988,0.89440
8327.58008,0.89420
8327.78027,0.89410
8327.98047,0.89400
8328.17969,0.89380
8328.37988,0.89370
8328.58008,0.89360
8328.78027,0.89340
8328.98047,0.89330
8329.17969,0.89320
8329.37988,0.89300
8329.58008,0.89290
8329.79004,0.89270
8329.99023,0.89260
8330.17969,0.89250
8330.37988,0.89230
8330.58008,0.89220
8330.79004,0.89210
8330.98047,0.89190
8331.17969,0.89180
8331.38965,0.89170
8331.58984,0.89150
8331.78027,0.89140
8331.98047,0.89130
8332.19043,0.89110
8332.38965,0.89100
8332.58984,0.89080
8332.79004,0.89070
8332.99023,0.89060
8333.19043,0.89040
8333.38965,0.89030
8333.58984,0.89020
8333.79004,0.89000
8333.99023,0.88990
8334.19043,0.88980
8334.38965,0.88960
8334.58984,0.88950
8334.79004,0.88930
8334.99023,0.88920
8335.19043,0.88910
8335.38965,0.88890
8335.58008,0.88880
8335.79004,0.88870
8335.99023,0.88850
8336.17969,0.88840
8336.38965,0.88830
8336.58984,0.88810
8336.79004,0.88800
8336.99023,0.88780
8337.19043,0.88770
8337.38965,0.88760
8337.58984,0.88740
8337.79004,0.88730
8337.99023,0.88720
8338.19043,0.88700
8338.38965,0.88690
8338.58984,0.88680
8338.79004,0.88660
8338.99023,0.88650
8339.19043,0.88630
8339.38965,0.88620
8339.58984,0.88610
8339.79004,0.88590
8339.99023,0.88580
8340.19043,0.88570
8340.40039,0.88550
8340.58984,0.88540
8340.79004,0.88530
8341.00000,0.88510
8341.20020,0.88500
8341.38965,0.88490
8341.59961,0.88470
8341.79980,0.88460
8342.00000,0.88440
8342.20020,0.88430
8342.40039,0.88420
8342.59961,0.88400
8342.79980,0.88390
8343.00000,0.88380
8343.20020,0.88360
8343.40039,0.88350
8343.59961,0.88340
8343.79980,0.88320
8344.00000,0.88310
8344.20020,0.88290
8344.40039,0.88280
8344.59961,0.88270
8344.79980,0.88250
8345.00000,0.88240
8345.20020,0.88230
8345.40039,0.88210
8345.59961,0.88200
8345.79980,0.88190
8346.00000,0.88170
8346.20020,0.88160
8346.41016,0.88140
8346.61035,0.88130
8346.79980,0.88120
8347.00977,0.88100
8347.20996,0.88090
8347.41016,0.88080
8347.61035,0.88060
8347.80957,0.88050
8348.00977,0.88040
8348.20996,0.88020
8348.41016,0.88010
8348.61035,0.87990
8348.80957,0.87980
8349.00977,0.87970
8349.20996,0.87950
8349.41016,0.87940
8349.61035,0.87930
8349.82031,0.87910
8350.01953,0.87900
8350.20996,0.87900
8350.41992,0.87890
8350.62012,0.87890
8350.82031,0.87880
8351.01953,0.87880
8351.21973,0.87880
8351.41992,0.87870
8351.62012,0.87870
8351.82031,0.87860
8352.01953,0.87860
8352.21973,0.87860
8352.41992,0.87850
8352.62988,0.87850
8352.82031,0.87840
8353.01953,0.87840
8353.21973,0.87840
8353.41992,0.87830
8353.62012,0.87830
8353.82031,0.87820
8354.01953,0.87820
8354.23047,0.87820
8354.42969,0.87810
8354.62012,0.87810
8354.83008,0.87800
8355.03027,0.87800
8355.23047,0.87800
8355.42969,0.87790
8355.62988,0.87790
8355.83008,0.87780
8356.03027,0.87780
8356.24023,0.87780
8356.42969,0.87770
8356.62988,0.87770
8356.83984,0.87760
8357.04004,0.87760
8357.24023,0.87760
8357.44043,0.87750
8357.63965,0.87750
8357.83984,0.87740
8358.04004,0.87740
8358.24023,0.87740
8358.44043,0.87730
8358.63965,0.87730
8358.84961,0.87720
8359.04004,0.87720
8359.25000,0.87720
8359.45020,0.87710
8359.65039,0.87710
8359.84961,0.87700
8360.04980,0.87700
8360.25000,0.87700
8360.45020,0.87690
8360.65039,0.87690
8360.84961,0.87680
8361.04980,0.87680
8361.25977,0.87670
8361.45996,0.87670
8361.65039,0.87670
8361.84961,0.87660
8362.04980,0.87660
8362.25977,0.87650
8362.45020,0.87650
8362.66016,0.87650
8362.86035,0.87640
8363.05957,0.87640
8363.25977,0.87630
8363.45996,0.87630
8363.66016,0.87630
8363.86035,0.87620
8364.07031,0.87620
8364.25977,0.87610
8364.45996,0.87610
8364.66992,0.87610
8364.87012,0.87600
8365.07031,0.87600
8365.26953,0.87590
8365.46973,0.87590
8365.66992,0.87590
8365.87012,0.87580
8366.07031,0.87580
8366.26953,0.87570
8366.48047,0.87570
8366.67969,0.87570
8366.87988,0.87560
8367.08008,0.87560
8367.28027,0.87550
8367.48047,0.87550
8367.67969,0.87550
8367.87988,0.87540
8368.08008,0.87540
8368.29004,0.87530
8368.48047,0.87530
8368.69043,0.87530
8368.88965,0.87520
8369.08984,0.87520
8369.29004,0.87510
8369.49023,0.87510
8369.69043,0.87510
8369.88965,0.87500
8370.09961,0.87500
8370.29004,0.87490
8370.50000,0.87490
8370.69043,0.87490
8370.90039,0.87480
8371.09961,0.87480
8371.29980,0.87470
8371.50000,0.87470
8371.70020,0.87470
8371.90039,0.87460
8372.09961,0.87460
8372.29980,0.87450
8372.50000,0.87450
8372.70996,0.87450
8372.90039,0.87440
8373.11035,0.87440
8373.30957,0.87430
8373.50977,0.87430
8373.70996,0.87430
8373.91016,0.87420
8374.11035,0.87420
8374.32031,0.87410
8374.51953,0.87410
8374.71973,0.87410
8374.91992,0.87400
8375.12012,0.87400
8375.32031,0.87390
8375.51953,0.87390
8375.71973,0.87390
8375.91992,0.87380
8376.12988,0.87380
8376.33008,0.87370
8376.53027,0.87370
8376.73047,0.87370
8376.92969,0.87360
8377.12988,0.87360
8377.33008,0.87350
8377.53027,0.87350
8377.74023,0.87350
8377.94043,0.87340
8378.13965,0.87340
8378.33984,0.87330
8378.54004,0.87330
8378.74023,0.87330
8378.95020,0.87320
8379.13965,0.87320
8379.33984,0.87310
8379.54004,0.87310
8379.75000,0.87310
8379.94043,0.87300
8380.15039,0.87300
8380.34961,0.87290
8380.54980,0.87290
8380.75000,0.87280
8380.95020,0.87280
8381.15039,0.87280
8381.36035,0.87270
8381.55957,0.87270
8381.75977,0.87260
8381.95996,0.87260
8382.16016,0.87260
8382.36035,0.87250
8382.55957,0.87250
8382.75977,0.87240
8382.96973,0.87240
8383.16992,0.87240
8383.37012,0.87230
8383.57031,0.87230
8383.76953,0.87220
8383.98047,0.87220
8384.17969,0.87220
8384.37988,0.87210
8384.58008,0.87210
8384.78027,0.87200
8384.98047,0.87200
8385.17969,0.87200
8385.37988,0.87190
8385.58984,0.87190
8385.79004,0.87180
8385.99023,0.87180
8386.19043,0.87180
8386.38965,0.87170
8386.58984,0.87170
8386.79980,0.87160
8387.00000,0.87160
8387.20020,0.87160
8387.40039,0.87150
8387.59961,0.87150
8387.79980,0.87140
8388.00000,0.87140
8388.20020,0.87140
8388.40039,0.87130
8388.61035,0.87130
8388.79980,0.87120
8389.00977,0.87120
8389.20996,0.87120
8389.41016,0.87110
8389.61035,0.87110
8389.80957,0.87100
8390.01953,0.87100
8390.21973,0.87100
8390.41992,0.87090
8390.62012,0.87090
8390.82031,0.87080
8391.03027,0.87080
8391.23047,0.87080
8391.42969,0.87070
8391.62988,0.87070
8391.83008,0.87060
8392.03027,0.87060
8392.23047,0.87060
8392.42969,0.87050
8392.63965,0.87050
8392.83984,0.87040
8393.04004,0.87040
8393.24023,0.87040
8393.44043,0.87030
8393.65039,0.87030
8393.84961,0.87020
8394.04980,0.87020
8394.25000,0.87020
8394.45020,0.87010
8394.66016,0.87010
8394.84961,0.87000
8395.05957,0.87000
8395.25977,0.86990
8395.45996,0.86990
8395.66992,0.86990
8395.86035,0.86980
8396.07031,0.86980
8396.26953,0.86970
8396.46973,0.86970
8396.66992,0.86970
8396.87012,0.86960
8397.07031,0.86960
8397.26953,0.86950
8397.46973,0.86950
8397.66992,0.86950
8397.87988,0.86940
8398.08008,0.86940
8398.28027,0.86930
8398.48047,0.86930
8398.67969,0.86930
8398.88965,0.86920
8399.08984,0.86920
8399.29004,0.86910
8399.49023,0.86910
8399.69043,0.86910
8399.90039,0.86900
8400.09961,0.86880
8400.29980,0.86850
8400.50000,0.86810
8400.70020,0.86780
8400.91016,0.86740
8401.11035,0.86710
8401.30957,0.86670
8401.50977,0.86640
8401.70996,0.86600
8401.91016,0.86570
8402.12012,0.86530
8402.32031,0.86500
8402.51953,0.86460
8402.71973,0.86430
8402.91992,0.86390
8403.12988,0.86360
8403.33008,0.86320
8403.53027,0.86290
8403.73047,0.86250
8403.92969,0.86220
8404.13965,0.86180
8404.33984,0.86140
8404.54004,0.86110
8404.74023,0.86080
8404.94043,0.86040
8405.15039,0.86000
8405.33984,0.85970
8405.54004,0.85940
8405.75000,0.85900
8405.95020,0.85860
8406.15039,0.85830
8406.34961,0.85800
8406.54980,0.85760
8406.75977,0.85720
8406.95996,0.85690
8407.16016,0.85650
8407.36035,0.85620
8407.55957,0.85580
8407.76953,0.85550
8407.96973,0.85510
8408.16992,0.85480
8408.37012,0.85440
8408.58008,0.85410
8408.78027,0.85370
8408.98047,0.85340
8409.17969,0.85300
8409.37988,0.85270
8409.58984,0.85230
8409.79004,0.85200
8409.99023,0.85160
8410.19043,0.85130
8410.38965,0.85090
8410.59961,0.85060
8410.79980,0.85020
8411.00000,0.84990
8411.20020,0.84950
8411.41016,0.84920
8411.59961,0.84880
8411.80957,0.84850
8412.00977,0.84810
8412.20996,0.84770
8412.41016,0.84740
8412.62012,0.84700
8412.82031,0.84670
8413.01953,0.84630
8413.23047,0.84600
8413.41992,0.84560
8413.62988,0.84530
8413.83008,0.84490
8414.03027,0.84460
8414.23047,0.84420
8414.42969,0.84390
8414.62988,0.84350
8414.83984,0.84320
8415.04004,0.84280
8415.24023,0.84250
8415.44043,0.84210
8415.65039,0.84180
8415.84961,0.84140
8416.04980,0.84110
8416.25000,0.84070
8416.45020,0.84040
8416.66016,0.84000
8416.86035,0.83970
8417.05957,0.83930
8417.25977,0.83900
8417.46973,0.83860
8417.66992,0.83830
8417.87012,0.83790
8418.07031,0.83760
8418.28027,0.83720
8418.48047,0.83680
8418.67969,0.83650
8418.87988,0.83610
8419.08008,0.83580
8419.29004,0.83540
8419.49023,0.83510
8419.69043,0.83470
8419.88965,0.83440
8420.09961,0.83400
8420.29980,0.83370
8420.50000,0.83330
8420.70020,0.83300
8420.91016,0.83260
8421.11035,0.83230
8421.30957,0.83190
8421.50977,0.83160
8421.70996,0.83120
8421.91992,0.83090
8422.12012,0.83050
8422.32031,0.83020
8422.51953,0.82980
8422.73047,0.82950
8422.92969,0.82910
8423.12988,0.82880
8423.33008,0.82840
8423.53027,0.82810
8423.73047,0.82770
8423.92969,0.82740
8424.13965,0.82700
8424.33984,0.82660
8424.54004,0.82630
8424.74023,0.82590
8424.95020,0.82560
8425.15039,0.82520
8425.34961,0.82490
8425.55957,0.82450
8425.75977,0.82420
8425.95996,0.82380
8426.16016,0.82350
8426.37012,0.82310
8426.57031,0.82280
8426.76953,0.82240
8426.96973,0.82210
8427.17969,0.82170
8427.37988,0.82140
8427.58008,0.82100
8427.78027,0.82070
8427.99023,0.82030
8428.19043,0.82000
8428.38965,0.81960
8428.58984,0.81920
8428.79980,0.81890
8429.00000,0.81850
8429.20020,0.81820
8429.40039,0.81780
8429.61035,0.81750
8429.80957,0.81710
8430.00977,0.81680
8430.20996,0.81640
8430.41992,0.81610
8430.62012,0.81570
8430.82031,0.81540
8431.01953,0.81500
8431.21973,0.81470
8431.42969,0.81430
8431.62988,0.81400
8431.83008,0.81360
8432.04004,0.81330
8432.23047,0.81290
8432.44043,0.81260
8432.63965,0.81220
8432.83984,0.81190
8433.04004,0.81150
8433.25000,0.81110
8433.45020,0.81080
8433.65039,0.81040
8433.84961,0.81010
8434.05957,0.80970
8434.25977,0.80940
8434.45996,0.80900
8434.66992,0.80870
8434.87012,0.80830
8435.07031,0.80800
8435.28027,0.80760
8435.48047,0.80730
8435.67969,0.80690
8435.87988,0.80660
8436.08984,0.80620
8436.29004,0.80590
8436.49023,0.80550
8436.69043,0.80520
8436.90039,0.80480
8437.09961,0.80450
8437.29980,0.80410
8437.50000,0.80370
8437.70996,0.80340
8437.91016,0.80300
8438.11035,0.80270
8438.30957,0.80230
8438.51953,0.80200
8438.71973,0.80160
8438.91992,0.80130
8439.12012,0.80090
8439.33008,0.80060
8439.53027,0.80020
8439.73047,0.79990
8439.94043,0.79950
8440.13965,0.79920
8440.33984,0.79880
8440.54980,0.79840
8440.75000,0.79810
8440.95020,0.79770
8441.15039,0.79740
8441.34961,0.79700
8441.54980,0.79670
8441.75977,0.79630
8441.95996,0.79600
8442.16992,0.79560
8442.36035,0.79530
8442.57031,0.79490
8442.76953,0.79460
8442.98047,0.79420
8443.17969,0.79390
8443.37988,0.79350
8443.58008,0.79320
8443.79004,0.79280
8443.99023,0.79250
8444.19043,0.79210
8444.38965,0.79180
8444.59961,0.79140
8444.79980,0.79100
8445.00977,0.79070
8445.20996,0.79030
8445.41016,0.79000
8445.61035,0.78960
8445.82031,0.78930
8446.01953,0.78890
8446.21973,0.78860
8446.41992,0.78820
8446.62988,0.78790
8446.83008,0.78750
8447.03027,0.78720
8447.24023,0.78680
8447.44043,0.78650
8447.63965,0.78610
8447.83984,0.78580
8448.04980,0.78540
8448.25000,0.78500
8448.45996,0.78470
8448.66016,0.78430
8448.86035,0.78400
8449.05957,0.78360
8449.26953,0.78330
8449.46973,0.78290
8449.66992,0.78260
8449.87012,0.78220
8450.08008,0.78180
8450.28027,0.78120
8450.48047,0.78060
8450.67969,0.78000
8450.88965,0.77940
8451.08984,0.77880
8451.29004,0.77820
8451.50000,0.77760
8451.70020,0.77700
8451.90039,0.77640
8452.09961,0.77590
8452.30957,0.77530
8452.50977,0.77470
8452.70996,0.77410
8452.91992,0.77350
8453.12012,0.77290
8453.32031,0.77230
8453.53027,0.77170
8453.73047,0.77110
8453.92969,0.77050
8454.12988,0.76990
8454.33984,0.76930
8454.54004,0.76870
8454.74023,0.76810
8454.95020,0.76760
8455.15039,0.76700
8455.36035,0.76640
8455.55957,0.76580
8455.75977,0.76520
8455.95996,0.76460
8456.16992,0.76400
8456.37012,0.76340
8456.57031,0.76280
8456.78027,0.76220
8456.98047,0.76160
8457.17969,0.76100
8457.38965,0.76040
8457.58984,0.75980
8457.79004,0.75920
8458.00000,0.75860
8458.20020,0.75810
8458.40039,0.75750
8458.59961,0.75690
8458.80957,0.75630
8459.00977,0.75570
8459.20996,0.75510
8459.41016,0.75450
8459.62012,0.75390
8459.82031,0.75330
8460.03027,0.75270
8460.23047,0.75210
8460.42969,0.75150
8460.63965,0.75090
8460.83984,0.75030
8461.04004,0.74980
8461.24023,0.74920
8461.45020,0.74860
8461.65039,0.74800
8461.84961,0.74740
8462.05957,0.74680
8462.25977,0.74620
8462.46973,0.74560
8462.66992,0.74500
8462.87012,0.74440
8463.07031,0.74380
8463.28027,0.74320
8463.48047,0.74260
8463.67969,0.74200
8463.88965,0.74150
8464.08984,0.74090
8464.29980,0.74030
8464.50000,0.73970
8464.70020,0.73910
8464.91016,0.73850
8465.11035,0.73790
8465.30957,0.73730
8465.50977,0.73670
8465.71973,0.73610
8465.91992,0.73550
8466.12988,0.73490
8466.33008,0.73430
8466.53027,0.73370
8466.74023,0.73310
8466.94043,0.73250
8467.13965,0.73190
8467.33984,0.73140
8467.54004,0.73080
8467.75000,0.73020
8467.95020,0.72960
8468.15039,0.72900
8468.36035,0.72840
8468.55957,0.72780
8468.76953,0.72720
8468.96973,0.72660
8469.16992,0.72600
8469.37988,0.72540
8469.58008,0.72480
8469.79004,0.72420
8469.99023,0.72360
8470.19043,0.72300
8470.38965,0.72240
8470.59961,0.72180
8470.79980,0.72130
8471.00000,0.72070
8471.20996,0.72010
8471.41016,0.71950
8471.61035,0.71890
8471.82031,0.71830
8472.01953,0.71770
8472.23047,0.71710
8472.42969,0.71650
8472.62988,0.71590
8472.83984,0.71530
8473.04004,0.71470
8473.25000,0.71410
8473.45020,0.71350
8473.65039,0.71290
8473.86035,0.71230
8474.05957,0.71170
8474.25977,0.71120
8474.45996,0.71060
8474.66992,0.71000
8474.87012,0.70940
8475.08008,0.70880
8475.28027,0.70820
8475.48047,0.70760
8475.69043,0.70700
8475.88965,0.70640
8476.08984,0.70580
8476.29980,0.70520
8476.50000,0.70460
8476.70020,0.70400
8476.90039,0.70340
8477.11035,0.70280
8477.30957,0.70220
8477.51953,0.70170
8477.71973,0.70110
8477.91992,0.70050
8478.12988,0.69990
8478.33008,0.69930
8478.54004,0.69870
8478.74023,0.69810
8478.94043,0.69750
8479.15039,0.69690
8479.34961,0.69630
8479.54980,0.69570
8479.75977,0.69510
8479.95996,0.69450
8480.16992,0.69390
8480.37012,0.69330
8480.57031,0.69270
8480.78027,0.69210
8480.98047,0.69150
8481.19043,0.69090
8481.38965,0.69040
8481.58984,0.68980
8481.79004,0.68920
8482.00000,0.68860
8482.20996,0.68800
8482.41016,0.68740
8482.61035,0.68680
8482.80957,0.68620
8483.01953,0.68560
8483.21973,0.68500
8483.41992,0.68440
8483.62988,0.68380
8483.83008,0.68320
8484.04004,0.68260
8484.24023,0.68200
8484.45020,0.68140
8484.65039,0.68080
8484.84961,0.68020
8485.04980,0.67960
8485.25977,0.67900
8485.45996,0.67850
8485.66992,0.67790
8485.87012,0.67730
8486.07031,0.67670
8486.28027,0.67610
8486.48047,0.67550
8486.67969,0.67490
8486.88965,0.67430
8487.08984,0.67370
8487.29980,0.67310
8487.50000,0.67250
8487.70020,0.67190
8487.91016,0.67130
8488.11035,0.67070
8488.32031,0.67010
8488.51953,0.66950
8488.71973,0.66890
8488.92969,0.66830
8489.12988,0.66770
8489.33008,0.66720
8489.54004,0.66660
8489.74023,0.66600
8489.95020,0.66540
8490.15039,0.66480
8490.34961,0.66420
8490.55957,0.66360
8490.75977,0.66300
8490.96973,0.66240
8491.16992,0.66180
8491.37012,0.66120
8491.58008,0.66060
8491.78027,0.66000
8491.98047,0.65940
8492.19043,0.65880
8492.38965,0.65820
8492.59961,0.65760
8492.79980,0.65700
8493.00977,0.65640
8493.20996,0.65580
8493.41992,0.65520
8493.62012,0.65460
8493.82031,0.65400
8494.03027,0.65340
8494.23047,0.65280
8494.42969,0.65230
8494.63965,0.65170
8494.83984,0.65110
8495.04004,0.65050
8495.25000,0.64990
8495.45020,0.64930
8495.65039,0.64870
8495.86035,0.64810
8496.05957,0.64750
8496.26953,0.64690
8496.46973,0.64630
8496.67969,0.64570
8496.87988,0.64510
8497.08984,0.64450
8497.29004,0.64390
8497.49023,0.64330
8497.70020,0.64270
8497.90039,0.64210
8498.11035,0.64150
8498.30957,0.64090
8498.50977,0.64030
8498.71973,0.63970
8498.91992,0.63910
8499.12012,0.63860
8499.33008,0.63800
8499.54004,0.63740
8499.74023,0.63680
8499.95020,0.63620
8500.15039,0.63550
8500.34961,0.63480
8500.55957,0.63400
8500.75977,0.63330
8500.95996,0.63260
8501.16992,0.63190
8501.37012,0.63120
8501.58008,0.63040
8501.78027,0.62970
8501.99023,0.62900
8502.19043,0.62830
8502.40039,0.62760
8502.59961,0.62680
8502.79980,0.62610
8503.00977,0.62540
8503.20996,0.62470
8503.41016,0.62400
8503.62012,0.62330
8503.82031,0.62260
8504.03027,0.62180
8504.23047,0.62110
8504.42969,0.62040
8504.63965,0.61970
8504.83984,0.61900
8505.04980,0.61820
8505.25000,0.61750
8505.45020,0.61680
8505.66016,0.61610
8505.87012,0.61540
8506.07031,0.61460
8506.26953,0.61390
8506.48047,0.61320
8506.67969,0.61250
8506.88965,0.61180
8507.08984,0.61100
8507.29004,0.61030
8507.50000,0.60960
8507.70996,0.60890
8507.91016,0.60820
8508.11035,0.60740
8508.32031,0.60670
8508.51953,0.60600
8508.73047,0.60530
8508.92969,0.60460
8509.12988,0.60380
8509.33984,0.60310
8509.54980,0.60240
8509.75000,0.60170
8509.95020,0.60100
8510.16016,0.60020
8510.36035,0.59950
8510.57031,0.59880
8510.76953,0.59810
8510.98047,0.59740
8511.17969,0.59660
8511.38965,0.59590
8511.58984,0.59520
8511.79004,0.59450
8511.99023,0.59380
8512.20020,0.59310
8512.41016,0.59230
8512.61035,0.59160
8512.80957,0.59090
8513.01953,0.59020
8513.21973,0.58950
8513.41992,0.58870
8513.62988,0.58800
8513.83008,0.58730
8514.04004,0.58660
8514.24023,0.58590
8514.45020,0.58510
8514.65039,0.58440
8514.86035,0.58370
8515.05957,0.58300
8515.26953,0.58230
8515.46973,0.58150
8515.67969,0.58080
8515.87988,0.58010
8516.08008,0.57940
8516.29004,0.57870
8516.50000,0.57790
8516.70020,0.57720
8516.90039,0.57650
8517.11035,0.57580
8517.30957,0.57510
8517.51953,0.57430
8517.71973,0.57360
8517.92969,0.57290
8518.12988,0.57220
8518.33984,0.57150
8518.54004,0.57070
8518.74023,0.57000
8518.95020,0.56930
8519.16016,0.56860
8519.36035,0.56780
8519.57031,0.56710
8519.76953,0.56640
8519.96973,0.56570
8520.17969,0.56500
8520.38965,0.56420
8520.58984,0.56350
8520.79004,0.56280
8520.99023,0.56210
8521.20020,0.56140
8521.40039,0.56070
8521.61035,0.55990
8521.80957,0.55920
8522.01953,0.55850
8522.21973,0.55780
8522.42969,0.55710
8522.62988,0.55630
8522.83984,0.55560
8523.04004,0.55490
8523.24023,0.55420
8523.45020,0.55350
8523.66016,0.55270
8523.86035,0.55200
8524.05957,0.55130
8524.26953,0.55060
8524.46973,0.54980
8524.67969,0.54910
8524.88965,0.54840
8525.08984,0.54770
8525.29004,0.54700
8525.50000,0.54620
8525.70996,0.54550
8525.91016,0.54480
8526.11035,0.54410
8526.32031,0.54340
8526.53027,0.54260
8526.73047,0.54190
8526.92969,0.54120
8527.13965,0.54050
8527.33984,0.53980
8527.54980,0.53900
8527.75000,0.53830
8527.95996,0.53760
8528.16016,0.53690
8528.37012,0.53610
8528.57031,0.53540
8528.78027,0.53470
8528.98047,0.53400
8529.19043,0.53330
8529.38965,0.53250
8529.59961,0.53180
8529.79980,0.53110
8530.00977,0.53040
8530.20996,0.52970
8530.41016,0.52900
8530.62012,0.52820
8530.82031,0.52750
8531.03027,0.52680
8531.23047,0.52610
8531.44043,0.52530
8531.63965,0.52460
8531.84961,0.52390
8532.04980,0.52320
8532.25977,0.52250
8532.45996,0.52170
8532.66992,0.52100
8532.87988,0.52030
8533.08008,0.51960
8533.28027,0.51880
8533.49023,0.51810
8533.69043,0.51740
8533.90039,0.51670
8534.09961,0.51600
8534.30957,0.51520
8534.50977,0.51450
8534.71973,0.51380
8534.91992,0.51310
8535.12988,0.51240
8535.33008,0.51160
8535.54004,0.51090
8535.74023,0.51020
8535.95020,0.50950
8536.15039,0.50870
8536.36035,0.50800
8536.55957,0.50730
8536.76953,0.50660
8536.96973,0.50580
8537.17969,0.50510
8537.38965,0.50440
8537.58984,0.50370
8537.79004,0.50300
8538.00000,0.50220
8538.20996,0.50150
8538.41016,0.50080
8538.62012,0.50010
8538.82031,0.49930
8539.01953,0.49860
8539.21973,0.49790
8539.42969,0.49720
8539.63965,0.49650
8539.83984,0.49580
8540.04980,0.49500
8540.25000,0.49430
8540.45996,0.49360
8540.66016,0.49290
8540.87012,0.49210
8541.07031,0.49140
8541.28027,0.49070
8541.48047,0.49000
8541.69043,0.48920
8541.88965,0.48850
8542.09961,0.48780
8542.29980,0.48710
8542.50977,0.48640
8542.71973,0.48560
8542.91992,0.48490
8543.12012,0.48420
8543.33008,0.48350
8543.54004,0.48270
8543.74023,0.48200
8543.95020,0.48130
8544.15039,0.48060
8544.36035,0.47990
8544.55957,0.47910
8544.76953,0.47840
8544.96973,0.47770
8545.17969,0.47700
8545.38965,0.47620
8545.58984,0.47550
8545.79004,0.47480
8546.00000,0.47410
8546.20996,0.47340
8546.41016,0.47260
8546.62012,0.47190
8546.82031,0.47120
8547.03027,0.47050
8547.24023,0.46970
8547.44043,0.46900
8547.63965,0.46830
8547.84961,0.46760
8548.04980,0.46690
8548.25000,0.46620
8548.45996,0.46540
8548.66992,0.46470
8548.87012,0.46400
8549.07031,0.46330
8549.28027,0.46250
8549.49023,0.46180
8549.69043,0.46110
8549.90039,0.46040
8550.09961,0.45960
8550.30957,0.45880
8550.51953,0.45790
8550.71973,0.45710
8550.91992,0.45630
8551.12988,0.45550
8551.33984,0.45470
8551.54004,0.45390
8551.75000,0.45310
8551.95020,0.45220
8552.16016,0.45140
8552.37012,0.45060
8552.57031,0.44980
8552.76953,0.44900
8552.98047,0.44810
8553.19043,0.44730
8553.38965,0.44650
8553.59961,0.44570
8553.79980,0.44490
8554.00977,0.44400
8554.20996,0.44320
8554.41992,0.44240
8554.62012,0.44160
8554.83008,0.44080
8555.04004,0.44000
8555.24023,0.43910
8555.45020,0.43830
8555.65039,0.43750
8555.86035,0.43670
8556.07031,0.43590
8556.26953,0.43510
8556.46973,0.43420
8556.67969,0.43340
8556.87988,0.43260
8557.08008,0.43180
8557.29004,0.43100
8557.50000,0.43020
8557.70996,0.42930
8557.91016,0.42850
8558.11035,0.42770
8558.32031,0.42690
8558.53027,0.42610
8558.73047,0.42520
8558.94043,0.42440
8559.13965,0.42360
8559.34961,0.42280
8559.55957,0.42200
8559.75977,0.42110
8559.95996,0.42030
8560.16992,0.41950
8560.37988,0.41870
8560.58008,0.41790
8560.79004,0.41710
8560.99023,0.41620
8561.20020,0.41540
8561.41016,0.41460
8561.61035,0.41380
8561.82031,0.41300
8562.01953,0.41210
8562.23047,0.41130
8562.44043,0.41050
8562.63965,0.40970
8562.84961,0.40890
8563.04980,0.40800
8563.25977,0.40720
8563.45996,0.40640
8563.66992,0.40560
8563.87988,0.40480
8564.08008,0.40400
8564.29004,0.40310
8564.49023,0.40230
8564.70020,0.40150
8564.91016,0.40070
8565.11035,0.39990
8565.30957,0.39900
8565.51953,0.39820
8565.71973,0.39740
8565.92969,0.39660
8566.12988,0.39580
8566.33984,0.39500
8566.54980,0.39410
8566.75000,0.39330
8566.95996,0.39250
8567.16016,0.39170
8567.37012,0.39090
8567.58008,0.39000
8567.78027,0.38920
8567.99023,0.38840
8568.19043,0.38760
8568.40039,0.38680
8568.61035,0.38590
8568.80957,0.38510
8569.01953,0.38430
8569.21973,0.38350
8569.42969,0.38270
8569.63965,0.38180
8569.83984,0.38100
8570.04980,0.38020
8570.25000,0.37940
8570.45996,0.37860
8570.66016,0.37780
8570.87012,0.37690
8571.08008,0.37610
8571.28027,0.37530
8571.49023,0.37450
8571.69043,0.37370
8571.90039,0.37280
8572.11035,0.37200
8572.30957,0.37120
8572.51953,0.37040
8572.71973,0.36960
8572.92969,0.36870
8573.13965,0.36790
8573.33984,0.36710
8573.54980,0.36630
8573.75000,0.36550
8573.95996,0.36460
8574.16016,0.36380
8574.37012,0.36300
8574.58008,0.36220
8574.78027,0.36140
8574.99023,0.36060
8575.19043,0.35970
8575.40039,0.35890
8575.59961,0.35810
8575.80957,0.35730
8576.00977,0.35650
8576.21973,0.35560
8576.42969,0.35480
8576.63965,0.35400
8576.83984,0.35320
8577.04004,0.35240
8577.25000,0.35150
8577.45996,0.35070
8577.66992,0.34990
8577.87012,0.34910
8578.08008,0.34830
8578.28027,0.34740
8578.49023,0.34660
8578.69043,0.34580
8578.90039,0.34500
8579.11035,0.34420
8579.30957,0.34330
8579.51953,0.34250
8579.71973,0.34170
8579.92969,0.34090
8580.13965,0.34000
8580.34961,0.33920
8580.54980,0.33840
8580.75977,0.33760
8580.95996,0.33680
8581.16992,0.33590
8581.37012,0.33510
8581.58008,0.33430
8581.79004,0.33350
8582.00000,0.33270
8582.20020,0.33180
8582.41016,0.33100
8582.61035,0.33020
8582.82031,0.32940
8583.03027,0.32860
8583.23047,0.32770
8583.44043,0.32690
8583.63965,0.32610
8583.84961,0.32530
8584.04980,0.32450
8584.25977,0.32370
8584.45996,0.32280
8584.66992,0.32200
8584.87988,0.32120
8585.08008,0.32040
8585.29004,0.31960
8585.50000,0.31870
8585.70020,0.31790
8585.91016,0.31710
8586.11035,0.31630
8586.32031,0.31540
8586.53027,0.31460
8586.73047,0.31380
8586.94043,0.31300
8587.15039,0.31220
8587.34961,0.31130
8587.55957,0.31050
8587.75977,0.30970
8587.96973,0.30890
8588.17969,0.30800
8588.38965,0.30720
8588.58984,0.30640
8588.79980,0.30560
8589.00000,0.30480
8589.20996,0.30390
8589.41016,0.30310
8589.62012,0.30230
8589.83008,0.30150
8590.04004,0.30070
8590.24023,0.29980
8590.45020,0.29900
8590.65039,0.29820
8590.86035,0.29740
8591.07031,0.29650
8591.26953,0.29570
8591.48047,0.29490
8591.69043,0.29410
8591.88965,0.29330
8592.09961,0.29250
8592.29980,0.29160
8592.50977,0.29080
8592.71973,0.29000
8592.91992,0.28920
8593.12988,0.28840
8593.33008,0.28750
8593.54004,0.28670
8593.75000,0.28590
8593.95020,0.28510
8594.16016,0.28420
8594.37012,0.28340
8594.57031,0.28260
8594.78027,0.28180
8594.98047,0.28100
8595.19043,0.28010
8595.40039,0.27930
8595.61035,0.27850
8595.80957,0.27770
8596.01953,0.27680
8596.23047,0.27600
8596.42969,0.27520
8596.63965,0.27440
8596.83984,0.27360
8597.04980,0.27270
8597.25977,0.27190
8597.46973,0.27110
8597.66992,0.27030
8597.87988,0.26940
8598.08008,0.26860
8598.29004,0.26780
8598.50000,0.26700
8598.70020,0.26620
8598.91016,0.26530
8599.12012,0.26450
8599.32031,0.26370
8599.53027,0.26290
8599.74023,0.26200
8599.95020,0.26120
8600.15039,0.26060
8600.36035,0.26000
8600.55957,0.25940
8600.76953,0.25880
8600.98047,0.25820
8601.17969,0.25760
8601.38965,0.25700
8601.59961,0.25640
8601.80957,0.25580
8602.00000,0.25520
8602.20996,0.25460
8602.41992,0.25400
8602.62988,0.25340
8602.83008,0.25280
8603.04004,0.25220
8603.25000,0.25160
8603.45020,0.25100
8603.66016,0.25040
8603.87012,0.24980
8604.07031,0.24920
8604.28027,0.24860
8604.49023,0.24800
8604.69043,0.24740
8604.90039,0.24680
8605.11035,0.24620
8605.30957,0.24560
8605.51953,0.24500
8605.73047,0.24440
8605.92969,0.24380
8606.13965,0.24320
8606.34961,0.24260
8606.54980,0.24200
8606.75977,0.24140
8606.96973,0.24080
8607.17969,0.24020
8607.37988,0.23960
8607.58984,0.23900
8607.79980,0.23840
8608.00000,0.23780
8608.20996,0.23720
8608.41016,0.23660
8608.62012,0.23600
8608.83008,0.23540
8609.04004,0.23480
8609.24023,0.23420
8609.45020,0.23360
8609.66016,0.23300
8609.87012,0.23240
8610.07031,0.23180
8610.28027,0.23120
8610.48047,0.23060
8610.69043,0.23000
8610.90039,0.22940
8611.09961,0.22880
8611.30957,0.22820
8611.51953,0.22760
8611.71973,0.22700
8611.92969,0.22640
8612.12988,0.22580
8612.33984,0.22520
8612.54980,0.22460
8612.75977,0.22400
8612.95996,0.22340
8613.16992,0.22280
8613.37988,0.22220
8613.58984,0.22160
8613.79004,0.22100
8614.00000,0.22040
8614.20996,0.21980
8614.41016,0.21920
8614.62012,0.21860
8614.83008,0.21800
8615.03027,0.21740
8615.24023,0.21680
8615.45020,0.21620
8615.65039,0.21560
8615.86035,0.21500
8616.07031,0.21440
8616.28027,0.21380
8616.48047,0.21320
8616.69043,0.21260
8616.90039,0.21200
8617.11035,0.21140
8617.30957,0.21080
8617.51953,0.21020
8617.71973,0.20960
8617.92969,0.20900
8618.13965,0.20840
8618.33984,0.20780
8618.54980,0.20720
8618.75977,0.20660
8618.96973,0.20600
8619.16992,0.20540
8619.37988,0.20480
8619.58984,0.20420
8619.79004,0.20360
8620.00000,0.20300
8620.20020,0.20240
8620.41016,0.20180
8620.62012,0.20120
8620.83008,0.20060
8621.03027,0.20000
8621.24023,0.19940
8621.45020,0.19880
8621.66016,0.19820
8621.86035,0.19760
8622.07031,0.19700
8622.28027,0.19640
8622.49023,0.19580
8622.69043,0.19520
8622.90039,0.19460
8623.11035,0.19400
8623.30957,0.19340
8623.51953,0.19280
8623.73047,0.19220
8623.92969,0.19160
8624.13965,0.19100
8624.34961,0.19040
8624.54980,0.18980
8624.75977,0.18920
8624.96973,0.18860
8625.17969,0.18800
8625.38965,0.18740
8625.58984,0.18680
8625.79980,0.18620
8626.00977,0.18560
8626.21973,0.18500
8626.41992,0.18440
8626.62988,0.18380
8626.83984,0.18320
8627.04004,0.18260
8627.25000,0.18200
8627.45996,0.18140
8627.66992,0.18080
8627.87012,0.18020
8628.08008,0.17960
8628.29004,0.17900
8628.49023,0.17840
8628.70020,0.17780
8628.91016,0.17720
8629.11035,0.17660
8629.32031,0.17600
8629.53027,0.17540
8629.74023,0.17480
8629.94043,0.17420
8630.15039,0.17360
8630.36035,0.17300
8630.55957,0.17240
8630.76953,0.17180
8630.98047,0.17120
8631.19043,0.17060
8631.38965,0.17000
8631.59961,0.16940
8631.80957,0.16880
8632.00977,0.16820
8632.21973,0.16760
8632.42969,0.16690
8632.63965,0.16630
8632.83984,0.16580
8633.04980,0.16510
8633.25977,0.16450
8633.46973,0.16390
8633.66992,0.16330
8633.87988,0.16270
8634.08984,0.16210
8634.29980,0.16150
8634.50000,0.16090
8634.70996,0.16030
8634.91992,0.15970
8635.12988,0.15910
8635.33984,0.15850
8635.54004,0.15790
8635.75000,0.15730
8635.95996,0.15670
8636.16992,0.15610
8636.37012,0.15550
8636.58008,0.15490
8636.79004,0.15430
8637.00000,0.15370
8637.20020,0.15310
8637.41016,0.15250
8637.62012,0.15190
8637.83008,0.15130
8638.04004,0.15070
8638.23047,0.15010
8638.44043,0.14950
8638.65039,0.14890
8638.86035,0.14830
8639.05957,0.14770
8639.26953,0.14710
8639.48047,0.14650
8639.69043,0.14590
8639.88965,0.14530
8640.09961,0.14470
8640.30957,0.14410
8640.51953,0.14350
8640.73047,0.14290
8640.92969,0.14230
8641.13965,0.14170
8641.34961,0.14110
8641.55957,0.14050
8641.75977,0.13990
8641.96973,0.13930
8642.17969,0.13870
8642.38965,0.13810
8642.58984,0.13750
8642.79980,0.13690
8643.00977,0.13630
8643.21973,0.13570
8643.42969,0.13510
8643.62988,0.13450
8643.83984,0.13390
8644.04980,0.13330
8644.25977,0.13260
8644.45996,0.13210
8644.66992,0.13150
8644.87988,0.13080
8645.08984,0.13020
8645.29004,0.12960
8645.50000,0.12900
8645.70996,0.12840
8645.91992,0.12780
8646.12988,0.12720
8646.33008,0.12660
8646.54004,0.12600
8646.75000,0.12540
8646.95996,0.12480
8647.16016,0.12420
8647.37012,0.12360
8647.58008,0.12300
8647.79004,0.12240
8647.99023,0.12180
8648.20020,0.12120
8648.41016,0.12060
8648.62012,0.12000
8648.83008,0.11940
8649.03027,0.11880
8649.24023,0.11820
8649.45020,0.11760
8649.66016,0.11700
8649.86035,0.11640
8650.07031,0.11590
8650.28027,0.11560
8650.49023,0.11530
8650.70020,0.11500
8650.90039,0.11470
8651.11035,0.11440
8651.32031,0.11420
8651.53027,0.11390
8651.73047,0.11360
8651.94043,0.11330
8652.15039,0.11300
8652.36035,0.11270
8652.55957,0.11240
8652.76953,0.11210
8652.98047,0.11180
8653.19043,0.11150
8653.40039,0.11120
8653.59961,0.11100
8653.80957,0.11070
8654.01953,0.11040
8654.23047,0.11010
8654.42969,0.10980
8654.63965,0.10950
8654.84961,0.10920
8655.05957,0.10890
8655.26953,0.10860
8655.46973,0.10830
8655.67969,0.10800
8655.88965,0.10770
8656.09961,0.10750
8656.29980,0.10720
8656.50977,0.10690
8656.71973,0.10660
8656.92969,0.10630
8657.12988,0.10600
8657.33984,0.10570
8657.54980,0.10540
8657.75977,0.10510
8657.95996,0.10480
8658.16992,0.10460
8658.37988,0.10430
8658.58984,0.10400
8658.79980,0.10370
8659.00977,0.10340
8659.21973,0.10310
8659.41992,0.10280
8659.62988,0.10250
8659.83984,0.10220
8660.04980,0.10190
8660.25977,0.10160
8660.46973,0.10130
8660.66992,0.10110
8660.87988,0.10080
8661.08984,0.10050
8661.29980,0.10020
8661.50977,0.09990
8661.70996,0.09960
8661.91992,0.09930
8662.12988,0.09900
8662.33984,0.09870
8662.54004,0.09840
8662.75000,0.09810
8662.95996,0.09790
8663.16992,0.09760
8663.37988,0.09730
8663.58008,0.09700
8663.79004,0.09670
8664.00000,0.09640
8664.20996,0.09610
8664.41992,0.09580
8664.62988,0.09550
8664.83984,0.09520
8665.04980,0.09490
8665.25000,0.09470
8665.45020,0.09440
8665.66016,0.09410
8665.87012,0.09380
8666.08008,0.09350
8666.29004,0.09320
8666.50000,0.09290
8666.70996,0.09260
8666.91992,0.09230
8667.12012,0.09200
8667.33008,0.09170
8667.54004,0.09140
8667.75000,0.09120
8667.95020,0.09090
8668.16016,0.09060
8668.37012,0.09030
8668.58008,0.09000
8668.79004,0.08970
8668.99023,0.08940
8669.20020,0.08910
8669.41016,0.08880
8669.62012,0.08850
8669.83008,0.08820
8670.04004,0.08790
8670.25000,0.08770
8670.45996,0.08740
8670.66016,0.08710
8670.87012,0.08680
8671.08008,0.08650
8671.29004,0.08620
8671.50000,0.08590
8671.70020,0.08560
8671.91016,0.08530
8672.12012,0.08500
8672.33008,0.08470
8672.54004,0.08440
8672.75000,0.08420
8672.95996,0.08390
8673.16016,0.08360
8673.37012,0.08330
8673.58008,0.08300
8673.79004,0.08270
8674.00000,0.08240
8674.20020,0.08210
8674.41016,0.08180
8674.62012,0.08150
8674.83008,0.08120
8675.04004,0.08090
8675.24023,0.08070
8675.45020,0.08040
8675.66016,0.08010
8675.87012,0.07980
8676.08008,0.07950
8676.28027,0.07920
8676.49023,0.07890
8676.70020,0.07860
8676.91016,0.07830
8677.12012,0.07800
8677.33008,0.07770
8677.54004,0.07740
8677.75000,0.07720
8677.95020,0.07690
8678.16016,0.07660
8678.37012,0.07630
8678.58008,0.07600
8678.79004,0.07570
8678.99023,0.07540
8679.20020,0.07510
8679.41016,0.07480
8679.62012,0.07450
8679.83008,0.07420
8680.04004,0.07390
8680.25000,0.07370
8680.45996,0.07340
8680.66016,0.07310
8680.87012,0.07280
8681.08008,0.07250
8681.29004,0.07220
8681.50000,0.07190
8681.70996,0.07160
8681.91992,0.07130
8682.12012,0.07100
8682.33008,0.07070
8682.54004,0.07040
8682.75000,0.07020
8682.95996,0.06990
8683.16992,0.06960
8683.37012,0.06930
8683.58008,0.06900
8683.79004,0.06870
8684.00000,0.06840
8684.20996,0.06810
8684.41016,0.06780
8684.62012,0.06750
8684.83008,0.06720
8685.04004,0.06690
8685.25000,0.06670
8685.45996,0.06640
8685.66992,0.06610
8685.87988,0.06580
8686.08984,0.06550
8686.29004,0.06520
8686.50000,0.06490
8686.70996,0.06460
8686.91992,0.06430
8687.12988,0.06400
8687.33984,0.06370
8687.54980,0.06340
8687.75977,0.06310
8687.95996,0.06290
8688.16992,0.06260
8688.37988,0.06230
8688.58984,0.06200
8688.79980,0.06170
8689.00977,0.06140
8689.21973,0.06110
8689.42969,0.06080
8689.63965,0.06050
8689.83984,0.06020
8690.04980,0.05990
8690.25977,0.05960
8690.46973,0.05930
8690.67969,0.05910
8690.88965,0.05880
8691.09961,0.05850
8691.30957,0.05820
8691.51953,0.05790
8691.71973,0.05760
8691.92969,0.05730
8692.13965,0.05700
8692.34961,0.05670
8692.55957,0.05640
8692.75977,0.05610
8692.96973,0.05580
8693.17969,0.05550
8693.38965,0.05530
8693.59961,0.05500
8693.80957,0.05470
8694.01953,0.05440
8694.23047,0.05410
8694.42969,0.05380
8694.63965,0.05350
8694.84961,0.05320
8695.05957,0.05290
8695.26953,0.05260
8695.48047,0.05230
8695.69043,0.05200
8695.90039,0.05170
8696.09961,0.05150
8696.30957,0.05120
8696.51953,0.05090
8696.73047,0.05060
8696.94043,0.05030
8697.15039,0.05000
8697.36035,0.04970
8697.57031,0.04940
8697.78027,0.04910
8697.98047,0.04880
8698.19043,0.04850
8698.40039,0.04820
8698.61035,0.04790
8698.82031,0.04760
8699.03027,0.04740
8699.24023,0.04710
8699.45020,0.04680
8699.66016,0.04650
8699.86035,0.04620
8700.07031,0.04590
8700.29004,0.04580
8700.50000,0.04570
8700.70020,0.04550
8700.91016,0.04540
8701.12012,0.04520
8701.33008,0.04510
8701.54004,0.04490
8701.74023,0.04480
8701.95020,0.04460
8702.16016,0.04450
8702.37012,0.04430
8702.58008,0.04420
8702.79004,0.04400
8703.00000,0.04390
8703.20996,0.04380
8703.41016,0.04360
8703.62012,0.04350
8703.83008,0.04330
8704.04004,0.04320
8704.25000,0.04300
8704.45996,0.04290
8704.66992,0.04270
8704.87988,0.04260
8705.08984,0.04240
8705.29980,0.04230
8705.50977,0.04210
8705.71973,0.04200
8705.92969,0.04190
8706.12988,0.04170
8706.33984,0.04160
8706.54980,0.04140
8706.75977,0.04130
8706.96973,0.04110
8707.17969,0.04100
8707.38965,0.04080
8707.59961,0.04070
8707.80957,0.04050
8708.01953,0.04040
8708.23047,0.04020
8708.44043,0.04010
8708.65039,0.03990
8708.84961,0.03980
8709.05957,0.03970
8709.26953,0.03950
8709.48047,0.03940
8709.69043,0.03920
8709.90039,0.03910
8710.11035,0.03890
8710.32031,0.03880
8710.53027,0.03860
8710.73047,0.03850
8710.94043,0.03830
8711.15039,0.03820
8711.36035,0.03800
8711.57031,0.03790
8711.78027,0.03780
8711.99023,0.03760
8712.20020,0.03750
8712.41016,0.03730
8712.62012,0.03720
8712.83008,0.03700
8713.04004,0.03690
8713.25000,0.03670
8713.45020,0.03660
8713.66016,0.03640
8713.87012,0.03630
8714.08008,0.03610
8714.29004,0.03600
8714.50000,0.03580
8714.70996,0.03570
8714.91992,0.03560
8715.12988,0.03540
8715.33984,0.03530
8715.54980,0.03510
8715.75977,0.03500
8715.96973,0.03480
8716.17969,0.03470
8716.38965,0.03450
8716.59961,0.03440
8716.80957,0.03420
8717.01953,0.03410
8717.21973,0.03390
8717.42969,0.03380
8717.63965,0.03360
8717.86035,0.03350
8718.05957,0.03340
8718.26953,0.03320
8718.48047,0.03310
8718.69043,0.03290
8718.90039,0.03280
8719.11035,0.03260
8719.32031,0.03250
8719.53027,0.03230
8719.74023,0.03220
8719.94043,0.03200
8720.15039,0.03190
8720.36035,0.03170
8720.57031,0.03160
8720.78027,0.03150
8720.99023,0.03130
8721.20020,0.03120
8721.41016,0.03100
8721.62012,0.03090
8721.83008,0.03070
8722.04004,0.03060
8722.25000,0.03040
8722.45996,0.03030
8722.66992,0.03010
8722.87988,0.03000
8723.08984,0.02980
8723.29980,0.02970
8723.50000,0.02950
8723.70996,0.02940
8723.92969,0.02930
8724.13965,0.02910
8724.34961,0.02900
8724.54980,0.02880
8724.75977,0.02870
8724.96973,0.02850
8725.19043,0.02840
8725.38965,0.02820
8725.59961,0.02810
8725.80957,0.02790
8726.01953,0.02780
8726.23047,0.02760
8726.44043,0.02750
8726.65039,0.02730
8726.86035,0.02720
8727.07031,0.02700
8727.28027,0.02690
8727.49023,0.02680
8727.70020,0.02660
8727.91016,0.02650
8728.12012,0.02630
8728.33008,0.02620
8728.54004,0.02600
8728.75000,0.02590
8728.95020,0.02570
8729.16016,0.02560
8729.37012,0.02540
8729.58008,0.02530
8729.79004,0.02510
8730.00000,0.02500
8730.20996,0.02490
8730.41992,0.02470
8730.62988,0.02460
8730.83984,0.02440
8731.04980,0.02430
8731.25977,0.02410
8731.46973,0.02400
8731.67969,0.02380
8731.88965,0.02370
8732.09961,0.02350
8732.30957,0.02340
8732.51953,0.02320
8732.73047,0.02310
8732.94043,0.02290
8733.15039,0.02280
8733.36035,0.02260
8733.57031,0.02250
8733.78027,0.02240
8733.99023,0.02220
8734.20020,0.02210
8734.41016,0.02190
8734.62012,0.02180
8734.83008,0.02160
8735.04004,0.02150
8735.25000,0.02130
8735.45996,0.02120
8735.66992,0.02100
8735.87988,0.02090
8736.08984,0.02070
8736.29980,0.02060
8736.50977,0.02040
8736.71973,0.02030
8736.92969,0.02020
8737.13965,0.02000
8737.34961,0.01990
8737.55957,0.01970
8737.76953,0.01960
8737.98047,0.01940
8738.19043,0.01930
8738.38965,0.01910
8738.59961,0.01900
8738.80957,0.01880
8739.01953,0.01870
8739.23047,0.01850
8739.44043,0.01840
8739.65039,0.01820
8739.87012,0.01810
8740.07031,0.01800
8740.28027,0.01780
8740.49023,0.01770
8740.70020,0.01750
8740.91016,0.01740
8741.12012,0.01720
8741.33008,0.01710
8741.54004,0.01690
8741.75000,0.01680
8741.95996,0.01660
8742.16992,0.01650
8742.37988,0.01630
8742.59961,0.01620
8742.79980,0.01600
8743.00977,0.01590
8743.21973,0.01570
8743.44043,0.01560
8743.63965,0.01550
8743.84961,0.01530
8744.05957,0.01520
8744.28027,0.01500
8744.48047,0.01490
8744.69043,0.01470
8744.90039,0.01460
8745.12012,0.01440
8745.33008,0.01430
8745.53027,0.01410
8745.74023,0.01400
8745.95996,0.01380
8746.16992,0.01370
8746.37012,0.01350
8746.58008,0.01340
8746.79980,0.01320
8747.00977,0.01310
8747.20996,0.01300
8747.41992,0.01280
8747.62988,0.01270
8747.83984,0.01250
8748.04980,0.01240
8748.25977,0.01220
8748.46973,0.01210
8748.67969,0.01190
8748.88965,0.01180
8749.09961,0.01160
8749.30957,0.01150
8749.51953,0.01130
8749.74023,0.01120
8749.95020,0.01100
8750.15039,0.01100
8750.36035,0.01100
8750.58008,0.01090
8750.79004,0.01090
8750.99023,0.01090
8751.20996,0.01090
8751.41992,0.01080
8751.62988,0.01080
8751.83008,0.01080
8752.04980,0.01080
8752.25977,0.01070
8752.46973,0.01070
8752.67969,0.01070
8752.88965,0.01070
8753.09961,0.01060
8753.30957,0.01060
8753.51953,0.01060
8753.73047,0.01060
8753.94043,0.01050
8754.15039,0.01050
8754.36035,0.01050
8754.57031,0.01050
8754.78027,0.01040
8754.99023,0.01040
8755.20020,0.01040
8755.41992,0.01040
8755.62012,0.01030
8755.83008,0.01030
8756.04004,0.01030
8756.25977,0.01020
8756.45996,0.01020
8756.66992,0.01020
8756.87988,0.01020
8757.08984,0.01010
8757.29980,0.01010
8757.50977,0.01010
8757.71973,0.01010
8757.92969,0.01000
8758.15039,0.01000
8758.34961,0.01000
8758.55957,0.01000
8758.78027,0.00990
8758.99023,0.00990
8759.19043,0.00990
8759.41016,0.00990
8759.62012,0.00980
8759.83008,0.00980
8760.04004,0.00980
8760.25000,0.00980
8760.45996,0.00970
8760.66992,0.00970
8760.87988,0.00970
8761.08984,0.00970
8761.29980,0.00960
8761.50977,0.00960
8761.71973,0.00960
8761.92969,0.00960
8762.13965,0.00950
8762.34961,0.00950
8762.55957,0.00950
8762.76953,0.00950
8762.98047,0.00940
8763.20020,0.00940
8763.41016,0.00940
8763.62012,0.00940
8763.83008,0.00930
8764.04004,0.00930
8764.25000,0.00930
8764.45996,0.00930
8764.66992,0.00920
8764.87988,0.00920
8765.08984,0.00920
8765.29980,0.00920
8765.50977,0.00910
8765.71973,0.00910
8765.92969,0.00910
8766.13965,0.00910
8766.34961,0.00900
8766.55957,0.00900
8766.76953,0.00900
8766.98047,0.00900
8767.19043,0.00890
8767.40039,0.00890
8767.61035,0.00890
8767.82031,0.00890
8768.04004,0.00880
8768.25000,0.00880
8768.45996,0.00880
8768.66992,0.00880
8768.87988,0.00870
8769.08984,0.00870
8769.29980,0.00870
8769.50977,0.00870
8769.71973,0.00860
8769.92969,0.00860
8770.13965,0.00860
8770.34961,0.00860
8770.55957,0.00850
8770.78027,0.00850
8770.99023,0.00850
8771.19043,0.00850
8771.41016,0.00840
8771.62012,0.00840
8771.83008,0.00840
8772.04004,0.00840
8772.25000,0.00830
8772.45996,0.00830
8772.66992,0.00830
8772.87988,0.00830
8773.08984,0.00820
8773.29980,0.00820
8773.51953,0.00820
8773.73047,0.00820
8773.92969,0.00810
8774.15039,0.00810
8774.36035,0.00810
8774.57031,0.00810
8774.78027,0.00800
8774.98047,0.00800
8775.20020,0.00800
8775.41016,0.00800
8775.62012,0.00790
8775.83008,0.00790
8776.04004,0.00790
8776.25000,0.00780
8776.45996,0.00780
8776.66992,0.00780
8776.87988,0.00780
8777.08984,0.00770
8777.30957,0.00770
8777.50977,0.00770
8777.73047,0.00770
8777.94043,0.00760
8778.15039,0.00760
8778.36035,0.00760
8778.57031,0.00760
8778.78027,0.00750
8778.99023,0.00750
8779.20996,0.00750
8779.41016,0.00750
8779.62012,0.00740
8779.83984,0.00740
8780.04980,0.00740
8780.25977,0.00740
8780.46973,0.00730
8780.67969,0.00730
8780.88965,0.00730
8781.09961,0.00730
8781.30957,0.00720
8781.51953,0.00720
8781.74023,0.00720
8781.95020,0.00720
8782.16016,0.00710
8782.37012,0.00710
8782.58008,0.00710
8782.79004,0.00710
8783.00000,0.00700
8783.20996,0.00700
8783.41992,0.00700
8783.63965,0.00700
8783.84961,0.00690
8784.04980,0.00690
8784.25977,0.00690
8784.46973,0.00690
8784.69043,0.00680
8784.88965,0.00680
8785.11035,0.00680
8785.32031,0.00680
8785.53027,0.00670
8785.74023,0.00670
8785.95020,0.00670
8786.16016,0.00670
8786.37988,0.00660
8786.58984,0.00660
8786.79004,0.00660
8787.00977,0.00660
8787.21973,0.00650
8787.42969,0.00650
8787.63965,0.00650
8787.84961,0.00650
8788.05957,0.00640
8788.28027,0.00640
8788.49023,0.00640
8788.70020,0.00640
8788.91016,0.00630
8789.12012,0.00630
8789.33008,0.00630
8789.54004,0.00630
8789.75000,0.00620
8789.95996,0.00620
8790.17969,0.00620
8790.37988,0.00620
8790.59961,0.00610
8790.80957,0.00610
8791.01953,0.00610
8791.23047,0.00610
8791.44043,0.00600
8791.65039,0.00600
8791.87012,0.00600
8792.08008,0.00600
8792.29004,0.00590
8792.50000,0.00590
8792.70996,0.00590
8792.91992,0.00580
8793.12988,0.00580
8793.33984,0.00580
8793.54980,0.00580
8793.75977,0.00570
8793.98047,0.00570
8794.17969,0.00570
8794.40039,0.00570
8794.61035,0.00560
8794.82031,0.00560
8795.03027,0.00560
8795.24023,0.00560
8795.45020,0.00550
8795.66992,0.00550
8795.87012,0.00550
8796.08984,0.00550
8796.29980,0.00540
8796.50977,0.00540
8796.71973,0.00540
8796.92969,0.00540
8797.13965,0.00530
8797.36035,0.00530
8797.57031,0.00530
8797.78027,0.00530
8797.99023,0.00520
8798.20020,0.00520
8798.41016,0.00520
8798.62012,0.00520
8798.83008,0.00510
8799.04980,0.00510
8799.25977,0.00510
8799.46973,0.00510
8799.67969,0.00500
8799.88965,0.00500
8800.09961,0.00500
8800.32031,0.00500
8800.51953,0.00500
8800.74023,0.00500
8800.95020,0.00500
8801.16016,0.00500
8801.37988,0.00490
8801.58008,0.00490
8801.79004,0.00490
8802.00977,0.00490
8802.21973,0.00490
8802.42969,0.00490
8802.63965,0.00490
8802.84961,0.00490
8803.05957,0.00490
8803.26953,0.00490
8803.48047,0.00490
8803.69043,0.00490
8803.91016,0.00480
8804.12012,0.00480
8804.33008,0.00480
8804.54004,0.00480
8804.75000,0.00480
8804.96973,0.00480
8805.16992,0.00480
8805.38965,0.00480
8805.59961,0.00480
8805.80957,0.00480
8806.01953,0.00480
8806.23047,0.00480
8806.44043,0.00470
8806.66016,0.00470
8806.87012,0.00470
8807.08008,0.00470
8807.29004,0.00470
8807.50000,0.00470
8807.71973,0.00470
8807.91992,0.00470
8808.13965,0.00470
8808.34961,0.00470
8808.55957,0.00470
8808.76953,0.00460
8808.98047,0.00460
8809.20020,0.00460
8809.41016,0.00460
8809.62012,0.00460
8809.83008,0.00460
8810.04004,0.00460
8810.25000,0.00460
8810.46973,0.00460
8810.67969,0.00460
8810.88965,0.00460
8811.09961,0.00460
8811.30957,0.00450
8811.51953,0.00450
8811.74023,0.00450
8811.94043,0.00450
8812.16016,0.00450
8812.37012,0.00450
8812.58008,0.00450
8812.79004,0.00450
8813.00000,0.00450
8813.21973,0.00450
8813.41992,0.00450
8813.63965,0.00450
8813.84961,0.00440
8814.05957,0.00440
8814.26953,0.00440
8814.48047,0.00440
8814.70020,0.00440
8814.91016,0.00440
8815.12012,0.00440
8815.33008,0.00440
8815.54004,0.00440
8815.75977,0.00440
8815.96973,0.00440
8816.17969,0.00440
8816.38965,0.00430
8816.59961,0.00430
8816.82031,0.00430
8817.03027,0.00430
8817.24023,0.00430
8817.45020,0.00430
8817.66016,0.00430
8817.87988,0.00430
8818.08008,0.00430
8818.29980,0.00430
8818.50977,0.00430
8818.71973,0.00430
8818.92969,0.00420
8819.13965,0.00420
8819.36035,0.00420
8819.57031,0.00420
8819.78027,0.00420
8819.99023,0.00420
8820.20996,0.00420
8820.41992,0.00420
8820.62988,0.00420
8820.83984,0.00420
8821.04980,0.00420
8821.25977,0.00420
8821.46973,0.00410
8821.67969,0.00410
8821.90039,0.00410
8822.11035,0.00410
8822.32031,0.00410
8822.53027,0.00410
8822.74023,0.00410
8822.95996,0.00410
8823.16992,0.00410
8823.37988,0.00410
8823.58984,0.00410
8823.79980,0.00400
8824.01953,0.00400
8824.23047,0.00400
8824.44043,0.00400
8824.65039,0.00400
8824.86035,0.00400
8825.08008,0.00400
8825.29004,0.00400
8825.50000,0.00400
8825.70996,0.00400
8825.92969,0.00400
8826.13965,0.00400
8826.34961,0.00390
8826.55957,0.00390
8826.76953,0.00390
8826.99023,0.00390
8827.20020,0.00390
8827.41016,0.00390
8827.62012,0.00390
8827.83008,0.00390
8828.04980,0.00390
8828.25977,0.00390
8828.46973,0.00390
8828.67969,0.00390
8828.90039,0.00380
8829.09961,0.00380
8829.32031,0.00380
8829.53027,0.00380
8829.74023,0.00380
8829.95996,0.00380
8830.16992,0.00380
8830.37012,0.00380
8830.58984,0.00380
8830.79980,0.00380
8831.00977,0.00380
8831.21973,0.00380
8831.44043,0.00370
8831.65039,0.00370
8831.86035,0.00370
8832.07031,0.00370
8832.28027,0.00370
8832.50000,0.00370
8832.70996,0.00370
8832.91992,0.00370
8833.12988,0.00370
8833.34961,0.00370
8833.55957,0.00370
8833.76953,0.00360
8833.98047,0.00360
8834.20020,0.00360
8834.41016,0.00360
8834.62012,0.00360
8834.83008,0.00360
8835.04004,0.00360
8835.25977,0.00360
8835.46973,0.00360
8835.67969,0.00360
8835.88965,0.00360
8836.11035,0.00360
8836.32031,0.00350
8836.53027,0.00350
8836.74023,0.00350
8836.95996,0.00350
8837.16992,0.00350
8837.37988,0.00350
8837.58984,0.00350
8837.79980,0.00350
8838.01953,0.00350
8838.23047,0.00350
8838.44043,0.00350
8838.65039,0.00350
8838.87012,0.00340
8839.08008,0.00340
8839.29004,0.00340
8839.50000,0.00340
8839.70996,0.00340
8839.91992,0.00340
8840.12988,0.00340
8840.34961,0.00340
8840.55957,0.00340
8840.76953,0.00340
8840.99023,0.00340
8841.20020,0.00340
8841.41016,0.00330
8841.62012,0.00330
8841.83984,0.00330
8842.04980,0.00330
8842.25977,0.00330
8842.46973,0.00330
8842.69043,0.00330
8842.90039,0.00330
8843.11035,0.00330
8843.32031,0.00330
8843.54004,0.00330
8843.75000,0.00320
8843.95996,0.00320
8844.16992,0.00320
8844.38965,0.00320
8844.59961,0.00320
8844.80957,0.00320
8845.01953,0.00320
8845.24023,0.00320
8845.45020,0.00320
8845.66016,0.00320
8845.87012,0.00320
8846.08008,0.00320
8846.29980,0.00310
8846.50977,0.00310
8846.71973,0.00310
8846.94043,0.00310
8847.15039,0.00310
8847.36035,0.00310
8847.57031,0.00310
8847.79004,0.00310
8848.00000,0.00310
8848.20996,0.00310
8848.42969,0.00310
8848.62988,0.00310
8848.84961,0.00300
8849.05957,0.00300
8849.26953,0.00300
8849.48047,0.00300
8849.69043,0.00300
8849.91016,0.00300
8850.12012,0.00300
8850.33008,0.00300
8850.54004,0.00300
8850.75977,0.00300
8850.96973,0.00290
8851.19043,0.00290
8851.38965,0.00290
8851.61035,0.00290
8851.82031,0.00290
8852.04004,0.00290
8852.25000,0.00290
8852.45996,0.00290
8852.66992,0.00280
8852.88965,0.00280
8853.09961,0.00280
8853.30957,0.00280
8853.51953,0.00280
8853.74023,0.00280
8853.95020,0.00280
8854.16016,0.00280
8854.37012,0.00270
8854.58984,0.00270
8854.79980,0.00270
8855.00977,0.00270
8855.21973,0.00270
8855.44043,0.00270
8855.65039,0.00270
8855.87012,0.00260
8856.08008,0.00260
8856.29004,0.00260
8856.50000,0.00260
8856.71973,0.00260
8856.92969,0.00260
8857.13965,0.00260
8857.34961,0.00260
8857.57031,0.00250
8857.78027,0.00250
8857.99023,0.00250
8858.20996,0.00250
8858.41016,0.00250
8858.62988,0.00250
8858.83984,0.00250
8859.04980,0.00250
8859.26953,0.00240
8859.48047,0.00240
8859.69043,0.00240
8859.90039,0.00240
8860.12012,0.00240
8860.33008,0.00240
8860.54004,0.00240
8860.75000,0.00240
8860.96973,0.00230
8861.17969,0.00230
8861.40039,0.00230
8861.61035,0.00230
8861.82031,0.00230
8862.03027,0.00230
8862.25000,0.00230
8862.45996,0.00230
8862.66992,0.00220
8862.87988,0.00220
8863.09961,0.00220
8863.30957,0.00220
8863.51953,0.00220
8863.74023,0.00220
8863.95020,0.00220
8864.16016,0.00220
8864.37012,0.00210
8864.58984,0.00210
8864.79980,0.00210
8865.01953,0.00210
8865.23047,0.00210
8865.44043,0.00210
8865.65039,0.00210
8865.87012,0.00200
8866.08008,0.00200
8866.29004,0.00200
8866.50000,0.00200
8866.71973,0.00200
8866.92969,0.00200
8867.13965,0.00200
8867.36035,0.00200
8867.57031,0.00190
8867.78027,0.00190
8867.99023,0.00190
8868.20020,0.00190
8868.41992,0.00190
8868.62988,0.00190
8868.84961,0.00190
8869.05957,0.00190
8869.26953,0.00180
8869.48047,0.00180
8869.70020,0.00180
8869.91016,0.00180
8870.12012,0.00180
8870.33984,0.00180
8870.54980,0.00180
8870.75977,0.00180
8870.96973,0.00170
8871.19043,0.00170
8871.40039,0.00170
8871.62012,0.00170
8871.83008,0.00170
8872.04004,0.00170
8872.25977,0.00170
8872.46973,0.00170
8872.67969,0.00160
8872.88965,0.00160
8873.11035,0.00160
8873.32031,0.00160
8873.53027,0.00160
8873.75000,0.00160
8873.95996,0.00160
8874.16992,0.00160
8874.38965,0.00150
8874.59961,0.00150
8874.80957,0.00150
8875.03027,0.00150
8875.24023,0.00150
8875.45020,0.00150
8875.66992,0.00150
8875.87988,0.00140
8876.08984,0.00140
8876.29980,0.00140
8876.51953,0.00140
8876.73047,0.00140
8876.94043,0.00140
8877.16016,0.00140
8877.37012,0.00140
8877.58008,0.00130
8877.79004,0.00130
8878.00977,0.00130
8878.21973,0.00130
8878.42969,0.00130
8878.65039,0.00130
8878.86035,0.00130
8879.07031,0.00130
8879.29004,0.00120
8879.50000,0.00120
8879.71973,0.00120
8879.92969,0.00120
8880.13965,0.00120
8880.34961,0.00120
8880.57031,0.00120
8880.78027,0.00120
8880.99023,0.00110
8881.20996,0.00110
8881.41992,0.00110
8881.63965,0.00110
8881.84961,0.00110
8882.05957,0.00110
8882.28027,0.00110
8882.49023,0.00110
8882.70020,0.00100
8882.91016,0.00100
8883.12988,0.00100
8883.33984,0.00100
8883.55957,0.00100
8883.76953,0.00100
8883.98047,0.00100
8884.20020,0.00090
8884.41016,0.00090
8884.62988,0.00090
8884.83984,0.00090
8885.04980,0.00090
8885.25977,0.00090
8885.48047,0.00090
8885.69043,0.00090
8885.90039,0.00080
8886.11035,0.00080
8886.33008,0.00080
8886.54004,0.00080
8886.75000,0.00080
8886.96973,0.00080
8887.17969,0.00080
8887.40039,0.00080
8887.61035,0.00070
8887.82031,0.00070
8888.04004,0.00070
8888.25000,0.00070
8888.45996,0.00070
8888.67969,0.00070
8888.88965,0.00070
8889.09961,0.00070
8889.30957,0.00060
8889.53027,0.00060
8889.74023,0.00060
8889.95996,0.00060
8890.16992,0.00060
8890.37988,0.00060
8890.59961,0.00060
8890.80957,0.00060
8891.03027,0.00050
8891.24023,0.00050
8891.45020,0.00050
8891.66992,0.00050
8891.87988,0.00050
8892.08984,0.00050
8892.30957,0.00050
8892.51953,0.00040
8892.74023,0.00040
8892.95020,0.00040
8893.16016,0.00040
8893.37988,0.00040
8893.58984,0.00040
8893.80957,0.00040
8894.01953,0.00040
8894.23047,0.00030
8894.45020,0.00030
8894.66016,0.00030
8894.87988,0.00030
8895.08008,0.00030
8895.29004,0.00030
8895.50977,0.00030
8895.71973,0.00030
8895.92969,0.00020
8896.15039,0.00020
8896.36035,0.00020
8896.58008,0.00020
8896.79004,0.00020
8897.00000,0.00020
8897.21973,0.00020
8897.42969,0.00020
8897.65039,0.00010
8897.86035,0.00010
8898.07031,0.00010
8898.29004,0.00010
8898.50000,0.00010
8898.70996,0.00010
8898.92969,0.00010
8899.13965,0.00010
8899.36035,0.00000
8899.57031,0.00000
8899.78027,0.00000
8900.00000,0.00000
