wavelength,response
5500.00000,0.00000
5500.25000,0.00020
5500.50000,0.00040
5500.75000,0.00060
5501.00977,0.00080
5501.25977,0.00110
5501.52002,0.00130
5501.77002,0.00150
5502.02002,0.00170
5502.27002,0.00190
5502.52002,0.00210
5502.77002,0.00230
5503.02979,0.00250
5503.27979,0.00280
5503.52979,0.00300
5503.77979,0.00320
5504.04004,0.00340
5504.29004,0.00360
5504.54004,0.00380
5504.79004,0.00400
5505.04980,0.00420
5505.29980,0.00440
5505.54980,0.00470
5505.81006,0.00490
5506.06006,0.00510
5506.31006,0.00530
5506.56006,0.00550
5506.81982,0.00570
5507.06982,0.00590
5507.31982,0.00610
5507.56982,0.00640
5507.81982,0.00660
5508.08008,0.00680
5508.33008,0.00700
5508.58008,0.00720
5508.83008,0.00740
5509.08984,0.00760
5509.33984,0.00780
5509.58984,0.00810
5509.85010,0.00830
5510.10010,0.00850
5510.35010,0.00870
5510.60010,0.00890
5510.85986,0.00910
5511.10986,0.00930
5511.35986,0.00950
5511.62012,0.00980
5511.87012,0.01000
5512.12012,0.01020
5512.37012,0.01040
5512.62988,0.01060
5512.87988,0.01080
5513.12988,0.01100
5513.39014,0.01120
5513.64014,0.01150
5513.89014,0.01170
5514.14014,0.01190
5514.39990,0.01210
5514.64990,0.01230
5514.89990,0.01250
5515.16016,0.01270
5515.41016,0.01290
5515.66016,0.01320
5515.91016,0.01340
5516.16992,0.01360
5516.41992,0.01380
5516.66992,0.01400
5516.91992,0.01420
5517.18018,0.01440
5517.43018,0.01460
5517.68994,0.01490
5517.93994,0.01510
5518.18994,0.01530
5518.43994,0.01550
5518.70020,0.01570
5518.95020,0.01590
5519.20020,0.01610
5519.45996,0.01630
5519.70996,0.01660
5519.95996,0.01680
5520.20996,0.01700
5520.47021,0.01720
5520.72021,0.01740
5520.97998,0.01760
5521.22998,0.01780
5521.47998,0.01800
5521.74023,0.01830
5521.99023,0.01850
5522.24023,0.01870
5522.49023,0.01890
5522.75000,0.01910
5523.00000,0.01930
5523.25977,0.01950
5523.50977,0.01970
5523.75977,0.02000
5524.02002,0.02020
5524.27002,0.02040
5524.52002,0.02060
5524.77002,0.02080
5525.02979,0.02100
5525.27979,0.02120
5525.52979,0.02140
5525.79004,0.02170
5526.04004,0.02190
5526.29980,0.02210
5526.54980,0.02230
5526.79980,0.02250
5527.06006,0.02270
5527.31006,0.02290
5527.56006,0.02320
5527.81006,0.02340
5528.06982,0.02360
5528.31982,0.02380
5528.58008,0.02400
5528.83008,0.02420
5529.08008,0.02440
5529.33984,0.02460
5529.58984,0.02490
5529.85010,0.02510
5530.10010,0.02530
5530.35010,0.02550
5530.60010,0.02570
5530.85986,0.02590
5531.10986,0.02610
5531.37012,0.02630
5531.62012,0.02660
5531.87012,0.02680
5532.12988,0.02700
5532.37988,0.02720
5532.62988,0.02740
5532.89014,0.02760
5533.14014,0.02780
5533.39990,0.02810
5533.64990,0.02830
5533.91016,0.02850
5534.16016,0.02870
5534.41016,0.02890
5534.66992,0.02910
5534.91992,0.02930
5535.16992,0.02950
5535.41992,0.02980
5535.68018,0.03000
5535.93994,0.03020
5536.18994,0.03040
5536.43994,0.03060
5536.70020,0.03080
5536.95020,0.03100
5537.20020,0.03120
5537.45996,0.03150
5537.70996,0.03170
5537.97021,0.03190
5538.22021,0.03210
5538.47021,0.03230
5538.72998,0.03250
5538.97998,0.03270
5539.24023,0.03300
5539.49023,0.03320
5539.74023,0.03340
5540.00000,0.03360
5540.25000,0.03380
5540.50977,0.03400
5540.75977,0.03420
5541.02002,0.03450
5541.27002,0.03470
5541.52002,0.03490
5541.77979,0.03510
5542.02979,0.03530
5542.27979,0.03550
5542.54004,0.03570
5542.79980,0.03590
5543.04980,0.03620
5543.29980,0.03640
5543.56006,0.03660
5543.81006,0.03680
5544.06006,0.03700
5544.31982,0.03720
5544.56982,0.03740
5544.83008,0.03770
5545.08008,0.03790
5545.33984,0.03810
5545.58984,0.03830
5545.85010,0.03850
5546.10010,0.03870
5546.35010,0.03890
5546.60986,0.03920
5546.85986,0.03940
5547.12012,0.03960
5547.37012,0.03980
5547.62988,0.04000
5547.87988,0.04020
5548.14014,0.04040
5548.39014,0.04060
5548.64014,0.04090
5548.89990,0.04110
5549.14990,0.04130
5549.41016,0.04150
5549.66016,0.04170
5549.91992,0.04190
5550.16992,0.04230
5550.43018,0.04260
5550.68018,0.04300
5550.93018,0.04340
5551.18994,0.04380
5551.43994,0.04420
5551.70020,0.04460
5551.95020,0.04500
5552.20996,0.04540
5552.45996,0.04570
5552.72021,0.04610
5552.97021,0.04650
5553.22021,0.04690
5553.47998,0.04730
5553.72998,0.04770
5553.99023,0.04810
5554.25000,0.04850
5554.50000,0.04880
5554.75000,0.04920
5555.00977,0.04960
5555.25977,0.05000
5555.52002,0.05040
5555.77002,0.05080
5556.02979,0.05120
5556.27979,0.05160
5556.54004,0.05190
5556.79004,0.05230
5557.04980,0.05270
5557.29980,0.05310
5557.56006,0.05350
5557.81006,0.05390
5558.06006,0.05430
5558.31982,0.05460
5558.58008,0.05500
5558.83008,0.05540
5559.08984,0.05580
5559.33984,0.05620
5559.60010,0.05660
5559.85010,0.05700
5560.10986,0.05740
5560.35986,0.05770
5560.62012,0.05810
5560.87012,0.05850
5561.12988,0.05890
5561.37988,0.05930
5561.64014,0.05970
5561.89014,0.06010
5562.14990,0.06050
5562.39990,0.06090
5562.66016,0.06120
5562.91016,0.06160
5563.16992,0.06200
5563.41992,0.06240
5563.68018,0.06280
5563.93018,0.06320
5564.18994,0.06360
5564.43994,0.06400
5564.70020,0.06430
5564.95020,0.06470
5565.20996,0.06510
5565.47021,0.06550
5565.72021,0.06590
5565.97998,0.06630
5566.22998,0.06670
5566.49023,0.06710
5566.74023,0.06740
5567.00000,0.06780
5567.25000,0.06820
5567.50000,0.06860
5567.75977,0.06900
5568.02002,0.06940
5568.27002,0.06980
5568.52979,0.07020
5568.77979,0.07060
5569.04004,0.07090
5569.29004,0.07130
5569.54980,0.07170
5569.79980,0.07210
5570.06006,0.07250
5570.31982,0.07290
5570.56982,0.07330
5570.83008,0.07370
5571.08008,0.07400
5571.33984,0.07440
5571.58984,0.07480
5571.85010,0.07520
5572.10010,0.07560
5572.35986,0.07600
5572.62012,0.07640
5572.87012,0.07680
5573.12988,0.07720
5573.37988,0.07750
5573.64014,0.07790
5573.89014,0.07830
5574.14990,0.07870
5574.39990,0.07910
5574.66016,0.07950
5574.91992,0.07990
5575.16992,0.08030
5575.43018,0.08070
5575.68018,0.08100
5575.93994,0.08140
5576.18994,0.08180
5576.45020,0.08220
5576.70996,0.08260
5576.95996,0.08300
5577.22021,0.08340
5577.47021,0.08380
5577.72998,0.08420
5577.99023,0.08450
5578.24023,0.08490
5578.50000,0.08530
5578.75000,0.08570
5579.00977,0.08610
5579.25977,0.08650
5579.52002,0.08690
5579.77979,0.08730
5580.02979,0.08760
5580.29004,0.08800
5580.54004,0.08840
5580.79980,0.08880
5581.04980,0.08920
5581.31006,0.08960
5581.56982,0.09000
5581.81982,0.09040
5582.08008,0.09080
5582.33984,0.09120
5582.58984,0.09150
5582.85010,0.09190
5583.10010,0.09230
5583.35986,0.09270
5583.62012,0.09310
5583.87012,0.09350
5584.12988,0.09390
5584.39014,0.09430
5584.64014,0.09470
5584.89990,0.09500
5585.14990,0.09540
5585.41016,0.09580
5585.66016,0.09620
5585.91992,0.09660
5586.18018,0.09700
5586.43018,0.09740
5586.68994,0.09780
5586.95020,0.09820
5587.20020,0.09850
5587.45996,0.09890
5587.70996,0.09930
5587.97021,0.09970
5588.22998,0.10010
5588.47998,0.10050
5588.74023,0.10090
5589.00000,0.10130
5589.25000,0.10170
5589.50977,0.10210
5589.77002,0.10240
5590.02002,0.10280
5590.27979,0.10320
5590.52979,0.10360
5590.79004,0.10400
5591.04980,0.10440
5591.29980,0.10480
5591.56006,0.10520
5591.81982,0.10560
5592.06982,0.10600
5592.33008,0.10630
5592.58984,0.10670
5592.83984,0.10710
5593.10010,0.10750
5593.35986,0.10790
5593.60986,0.10830
5593.87012,0.10870
5594.12012,0.10910
5594.37988,0.10950
5594.64014,0.10980
5594.89014,0.11020
5595.14990,0.11060
5595.41016,0.11100
5595.66992,0.11140
5595.91992,0.11180
5596.18018,0.11220
5596.43994,0.11260
5596.68994,0.11300
5596.95020,0.11340
5597.20020,0.11370
5597.45996,0.11410
5597.72021,0.11450
5597.97998,0.11490
5598.22998,0.11530
5598.49023,0.11570
5598.75000,0.11610
5599.00000,0.11650
5599.25977,0.11690
5599.50977,0.11730
5599.77002,0.11770
5600.02979,0.11810
5600.29004,0.11900
5600.54004,0.11990
5600.79980,0.12090
5601.06006,0.12180
5601.31006,0.12270
5601.56982,0.12360
5601.83008,0.12450
5602.08008,0.12550
5602.33984,0.12640
5602.60010,0.12730
5602.85986,0.12820
5603.10986,0.12910
5603.37012,0.13010
5603.62988,0.13100
5603.87988,0.13190
5604.14014,0.13280
5604.39014,0.13370
5604.64990,0.13470
5604.91016,0.13560
5605.16992,0.13650
5605.43018,0.13740
5605.68018,0.13830
5605.93994,0.13930
5606.18994,0.14020
5606.45020,0.14110
5606.70996,0.14200
5606.97021,0.14290
5607.22998,0.14390
5607.47998,0.14480
5607.74023,0.14570
5608.00000,0.14660
5608.25000,0.14760
5608.50977,0.14850
5608.77002,0.14940
5609.02002,0.15030
5609.27979,0.15120
5609.54004,0.15220
5609.79980,0.15310
5610.06006,0.15400
5610.31006,0.15490
5610.56982,0.15580
5610.83008,0.15680
5611.08008,0.15770
5611.33984,0.15860
5611.60010,0.15950
5611.85986,0.16040
5612.10986,0.16140
5612.37012,0.16230
5612.62988,0.16320
5612.87988,0.16410
5613.14014,0.16500
5613.39990,0.16600
5613.66016,0.16690
5613.91016,0.16780
5614.16992,0.16870
5614.43018,0.16970
5614.68994,0.17060
5614.95020,0.17150
5615.20020,0.17240
5615.45996,0.17330
5615.72021,0.17430
5615.97998,0.17520
5616.22998,0.17610
5616.49023,0.17700
5616.75000,0.17800
5617.00000,0.17890
5617.25977,0.17980
5617.52002,0.18070
5617.77979,0.18160
5618.04004,0.18260
5618.29004,0.18350
5618.54980,0.18440
5618.81006,0.18530
5619.06982,0.18630
5619.31982,0.18720
5619.58008,0.18810
5619.83984,0.18900
5620.10010,0.19000
5620.35010,0.19090
5620.60986,0.19180
5620.87012,0.19270
5621.12988,0.19360
5621.39014,0.19460
5621.64014,0.19550
5621.89990,0.19640
5622.16016,0.19730
5622.41992,0.19820
5622.68018,0.19920
5622.93018,0.20010
5623.18994,0.20100
5623.45020,0.20200
5623.70996,0.20290
5623.97021,0.20380
5624.22021,0.20470
5624.47998,0.20560
5624.74023,0.20660
5625.00000,0.20750
5625.25000,0.20840
5625.50977,0.20930
5625.77002,0.21030
5626.02979,0.21120
5626.29004,0.21210
5626.54004,0.21300
5626.79980,0.21400
5627.06006,0.21490
5627.31982,0.21580
5627.58008,0.21670
5627.83008,0.21760
5628.10010,0.21860
5628.35010,0.21950
5628.60986,0.22040
5628.87012,0.22130
5629.12988,0.22230
5629.37988,0.22320
5629.64014,0.22410
5629.89990,0.22500
5630.16016,0.22600
5630.41992,0.22690
5630.68018,0.22780
5630.93994,0.22870
5631.18994,0.22970
5631.45020,0.23060
5631.70996,0.23150
5631.95996,0.23240
5632.22021,0.23340
5632.47998,0.23430
5632.74023,0.23520
5633.00000,0.23610
5633.25977,0.23710
5633.52002,0.23800
5633.77002,0.23890
5634.02979,0.23980
5634.29004,0.24080
5634.54980,0.24170
5634.81006,0.24260
5635.06982,0.24350
5635.33008,0.24450
5635.58008,0.24540
5635.83984,0.24630
5636.10010,0.24720
5636.35986,0.24820
5636.62012,0.24910
5636.87988,0.25000
5637.12988,0.25090
5637.39014,0.25190
5637.64990,0.25280
5637.91016,0.25370
5638.16992,0.25460
5638.43018,0.25560
5638.68994,0.25650
5638.93994,0.25740
5639.20020,0.25830
5639.45996,0.25930
5639.72021,0.26020
5639.97998,0.26110
5640.24023,0.26210
5640.50000,0.26300
5640.75977,0.26390
5641.00977,0.26480
5641.27002,0.26580
5641.52979,0.26670
5641.79004,0.26760
5642.04980,0.26850
5642.31006,0.26950
5642.56982,0.27040
5642.81982,0.27130
5643.08008,0.27220
5643.33984,0.27320
5643.60010,0.27410
5643.85986,0.27500
5644.12012,0.27590
5644.37988,0.27690
5644.64014,0.27780
5644.89990,0.27870
5645.14990,0.27970
5645.41992,0.28060
5645.66992,0.28150
5645.93018,0.28240
5646.18994,0.28340
5646.45020,0.28430
5646.70996,0.28520
5646.97021,0.28610
5647.22998,0.28710
5647.49023,0.28800
5647.75000,0.28890
5648.00000,0.28990
5648.25977,0.29080
5648.52002,0.29170
5648.77979,0.29260
5649.04004,0.29360
5649.29980,0.29450
5649.56006,0.29540
5649.81982,0.29630
5650.08008,0.29750
5650.33984,0.29900
5650.58984,0.30060
5650.85010,0.30220
5651.10986,0.30380
5651.37988,0.30540
5651.62988,0.30700
5651.89014,0.30850
5652.14990,0.31010
5652.41016,0.31170
5652.66992,0.31330
5652.93018,0.31480
5653.18994,0.31640
5653.43994,0.31800
5653.70020,0.31960
5653.97021,0.32120
5654.22021,0.32280
5654.47998,0.32440
5654.74023,0.32590
5655.00000,0.32750
5655.25977,0.32910
5655.52002,0.33070
5655.77979,0.33230
5656.04004,0.33380
5656.29980,0.33540
5656.56006,0.33700
5656.81982,0.33860
5657.08008,0.34020
5657.33984,0.34180
5657.60010,0.34330
5657.85010,0.34490
5658.10986,0.34650
5658.37012,0.34810
5658.64014,0.34970
5658.89014,0.35130
5659.14990,0.35280
5659.41016,0.35440
5659.66992,0.35600
5659.93018,0.35760
5660.18994,0.35920
5660.45020,0.36070
5660.70996,0.36230
5660.97021,0.36390
5661.22998,0.36550
5661.49023,0.36710
5661.75000,0.36870
5662.00977,0.37020
5662.27002,0.37180
5662.52979,0.37340
5662.77979,0.37500
5663.04980,0.37660
5663.31006,0.37820
5663.56982,0.37980
5663.83008,0.38130
5664.08984,0.38290
5664.35010,0.38450
5664.60986,0.38610
5664.85986,0.38770
5665.12012,0.38930
5665.39014,0.39090
5665.64990,0.39240
5665.91016,0.39400
5666.16992,0.39560
5666.43018,0.39720
5666.68018,0.39880
5666.93994,0.40040
5667.20020,0.40190
5667.45996,0.40350
5667.72021,0.40510
5667.97998,0.40670
5668.25000,0.40830
5668.50000,0.40990
5668.75977,0.41150
5669.02002,0.41300
5669.27979,0.41460
5669.54004,0.41620
5669.79980,0.41780
5670.06006,0.41940
5670.33008,0.42100
5670.58008,0.42260
5670.85010,0.42420
5671.10010,0.42570
5671.37012,0.42730
5671.62012,0.42890
5671.89014,0.43050
5672.14014,0.43210
5672.39990,0.43370
5672.66016,0.43520
5672.93018,0.43680
5673.18994,0.43840
5673.45020,0.44000
5673.70996,0.44160
5673.97021,0.44320
5674.22021,0.44480
5674.49023,0.44640
5674.74023,0.44790
5675.00977,0.44960
5675.27002,0.45110
5675.52979,0.45270
5675.79004,0.45430
5676.04980,0.45590
5676.31006,0.45750
5676.56982,0.45910
5676.83008,0.46070
5677.08984,0.46220
5677.35010,0.46380
5677.60986,0.46540
5677.87012,0.46700
5678.12988,0.46860
5678.39014,0.47020
5678.64990,0.47180
5678.91016,0.47340
5679.16992,0.47500
5679.43018,0.47650
5679.68994,0.47810
5679.95996,0.47970
5680.20996,0.48130
5680.47998,0.48290
5680.74023,0.48450
5681.00000,0.48610
5681.25977,0.48770
5681.52002,0.48920
5681.77979,0.49080
5682.04004,0.49240
5682.29980,0.49400
5682.56006,0.49560
5682.81982,0.49720
5683.08008,0.49880
5683.33984,0.50040
5683.60010,0.50200
5683.85986,0.50360
5684.12012,0.50520
5684.39014,0.50680
5684.64990,0.50830
5684.91016,0.50990
5685.16992,0.51150
5685.43018,0.51310
5685.68994,0.51470
5685.95020,0.51630
5686.20996,0.51790
5686.47021,0.51950
5686.72998,0.52100
5686.99023,0.52260
5687.25000,0.52420
5687.50977,0.52580
5687.77002,0.52740
5688.02979,0.52900
5688.29980,0.53060
5688.56006,0.53220
5688.81982,0.53380
5689.08008,0.53540
5689.33984,0.53700
5689.60010,0.53860
5689.85986,0.54020
5690.12012,0.54180
5690.37988,0.54330
5690.64990,0.54490
5690.89990,0.54650
5691.16016,0.54810
5691.43018,0.54970
5691.68994,0.55130
5691.95020,0.55290
5692.20996,0.55450
5692.47021,0.55610
5692.72998,0.55770
5692.99023,0.55930
5693.25000,0.56090
5693.50977,0.56240
5693.77979,0.56410
5694.04004,0.56560
5694.29980,0.56720
5694.56006,0.56880
5694.81982,0.57040
5695.08008,0.57200
5695.33984,0.57360
5695.60986,0.57520
5695.85986,0.57680
5696.12988,0.57840
5696.39014,0.58000
5696.64990,0.58160
5696.91016,0.58320
5697.16992,0.58480
5697.43994,0.58640
5697.68994,0.58790
5697.95996,0.58950
5698.22021,0.59110
5698.47998,0.59270
5698.74023,0.59430
5699.00000,0.59590
5699.27002,0.59750
5699.52002,0.59910
5699.79004,0.60070
5700.04980,0.60220
5700.31006,0.60360
5700.56982,0.60500
5700.83008,0.60640
5701.10010,0.60780
5701.35986,0.60910
5701.62012,0.61050
5701.87988,0.61190
5702.14014,0.61320
5702.39990,0.61460
5702.66016,0.61600
5702.91992,0.61740
5703.18994,0.61880
5703.45020,0.62010
5703.70996,0.62150
5703.97021,0.62290
5704.22998,0.62430
5704.49023,0.62560
5704.75977,0.62700
5705.02002,0.62840
5705.27979,0.62980
5705.54004,0.63110
5705.79980,0.63250
5706.06006,0.63390
5706.31982,0.63530
5706.58984,0.63670
5706.85010,0.63800
5707.10986,0.63940
5707.37012,0.64080
5707.62988,0.64210
5707.89990,0.64350
5708.16016,0.64490
5708.41992,0.64630
5708.68018,0.64770
5708.93994,0.64900
5709.20020,0.65040
5709.45996,0.65180
5709.72998,0.65320
5709.99023,0.65450
5710.25000,0.65590
5710.50977,0.65730
5710.77979,0.65870
5711.04004,0.66010
5711.29980,0.66140
5711.56006,0.66280
5711.81982,0.66420
5712.08984,0.66560
5712.35010,0.66690
5712.60986,0.66830
5712.87012,0.66970
5713.12988,0.67110
5713.39990,0.67250
5713.66016,0.67380
5713.91992,0.67520
5714.18018,0.67660
5714.43994,0.67800
5714.70020,0.67930
5714.95996,0.68070
5715.22998,0.68210
5715.49023,0.68350
5715.75977,0.68490
5716.02002,0.68620
5716.27979,0.68760
5716.54004,0.68900
5716.79980,0.69040
5717.06006,0.69180
5717.33008,0.69310
5717.58984,0.69450
5717.85010,0.69590
5718.12012,0.69730
5718.37988,0.69870
5718.64014,0.70000
5718.89990,0.70140
5719.16016,0.70280
5719.41992,0.70420
5719.68994,0.70550
5719.95020,0.70690
5720.20996,0.70830
5720.47998,0.70970
5720.74023,0.71110
5721.00000,0.71250
5721.25977,0.71380
5721.52002,0.71520
5721.79004,0.71660
5722.04980,0.71800
5722.31006,0.71940
5722.56982,0.72070
5722.83984,0.72210
5723.10010,0.72350
5723.35986,0.72490
5723.62012,0.72630
5723.89014,0.72760
5724.14990,0.72900
5724.41016,0.73040
5724.66992,0.73180
5724.93994,0.73320
5725.20020,0.73450
5725.45996,0.73590
5725.72021,0.73730
5725.99023,0.73870
5726.25000,0.74010
5726.50977,0.74140
5726.77979,0.74280
5727.04004,0.74420
5727.29980,0.74560
5727.56006,0.74700
5727.83008,0.74840
5728.08984,0.74970
5728.35010,0.75110
5728.60986,0.75250
5728.87012,0.75390
5729.14014,0.75530
5729.39990,0.75660
5729.66992,0.75800
5729.93018,0.75940
5730.18994,0.76080
5730.45020,0.76220
5730.70996,0.76360
5730.97998,0.76490
5731.24023,0.76630
5731.50977,0.76770
5731.77002,0.76910
5732.02979,0.77050
5732.29004,0.77190
5732.56006,0.77320
5732.81982,0.77460
5733.08008,0.77600
5733.33984,0.77740
5733.60986,0.77880
5733.87012,0.78020
5734.12988,0.78150
5734.39990,0.78290
5734.66016,0.78430
5734.91992,0.78570
5735.18994,0.78710
5735.45020,0.78850
5735.70996,0.78980
5735.97021,0.79120
5736.22998,0.79260
5736.50000,0.79400
5736.75977,0.79540
5737.02979,0.79680
5737.29004,0.79810
5737.54980,0.79950
5737.81982,0.80090
5738.08008,0.80230
5738.33984,0.80370
5738.60010,0.80510
5738.87012,0.80640
5739.12988,0.80780
5739.39990,0.80920
5739.66016,0.81060
5739.91992,0.81200
5740.18994,0.81340
5740.45020,0.81480
5740.70996,0.81610
5740.97021,0.81750
5741.24023,0.81890
5741.50000,0.82030
5741.75977,0.82170
5742.02979,0.82310
5742.29004,0.82440
5742.56006,0.82580
5742.81982,0.82720
5743.08008,0.82860
5743.33984,0.83000
5743.60986,0.83140
5743.87012,0.83280
5744.14014,0.83420
5744.39990,0.83550
5744.66016,0.83690
5744.93018,0.83830
5745.18994,0.83970
5745.45020,0.84110
5745.72021,0.84250
5745.97998,0.84390
5746.25000,0.84520
5746.50977,0.84660
5746.77002,0.84800
5747.02979,0.84940
5747.29980,0.85080
5747.56006,0.85220
5747.81982,0.85350
5748.08984,0.85490
5748.35010,0.85630
5748.62012,0.85770
5748.87988,0.85910
5749.14014,0.86050
5749.41016,0.86190
5749.66992,0.86330
5749.93018,0.86470
5750.20020,0.86520
5750.45996,0.86560
5750.72998,0.86590
5750.99023,0.86620
5751.25000,0.86660
5751.52002,0.86690
5751.77979,0.86720
5752.04004,0.86750
5752.31006,0.86790
5752.56982,0.86820
5752.83984,0.86850
5753.10010,0.86880
5753.35986,0.86920
5753.62988,0.86950
5753.89014,0.86980
5754.16016,0.87020
5754.41992,0.87050
5754.68018,0.87080
5754.95020,0.87110
5755.20996,0.87150
5755.47998,0.87180
5755.74023,0.87210
5756.00000,0.87240
5756.27002,0.87280
5756.52979,0.87310
5756.79004,0.87340
5757.06006,0.87380
5757.31982,0.87410
5757.58008,0.87440
5757.85010,0.87470
5758.12012,0.87510
5758.37988,0.87540
5758.64014,0.87570
5758.91016,0.87600
5759.16992,0.87640
5759.43018,0.87670
5759.70020,0.87700
5759.95996,0.87740
5760.22998,0.87770
5760.49023,0.87800
5760.75977,0.87830
5761.02002,0.87870
5761.27979,0.87900
5761.54980,0.87930
5761.81006,0.87960
5762.06982,0.88000
5762.33984,0.88030
5762.60010,0.88060
5762.87012,0.88100
5763.12988,0.88130
5763.39990,0.88160
5763.66016,0.88190
5763.93018,0.88230
5764.18994,0.88260
5764.45020,0.88290
5764.72021,0.88330
5764.99023,0.88360
5765.25000,0.88390
5765.50977,0.88420
5765.77979,0.88460
5766.04004,0.88490
5766.31006,0.88520
5766.56982,0.88550
5766.83008,0.88590
5767.10010,0.88620
5767.35986,0.88650
5767.62988,0.88690
5767.89014,0.88720
5768.16016,0.88750
5768.41992,0.88780
5768.68994,0.88820
5768.95020,0.88850
5769.22021,0.88880
5769.47998,0.88920
5769.75000,0.88950
5770.00977,0.88980
5770.27979,0.89010
5770.54004,0.89050
5770.81006,0.89080
5771.06982,0.89110
5771.33008,0.89150
5771.60010,0.89180
5771.85986,0.89210
5772.12988,0.89240
5772.39014,0.89280
5772.66016,0.89310
5772.91992,0.89340
5773.18994,0.89380
5773.45020,0.89410
5773.70996,0.89440
5773.97998,0.89470
5774.24023,0.89510
5774.50977,0.89540
5774.77979,0.89570
5775.04004,0.89600
5775.31006,0.89640
5775.56982,0.89670
5775.83984,0.89700
5776.10010,0.89740
5776.35986,0.89770
5776.62988,0.89800
5776.89014,0.89830
5777.16016,0.89870
5777.43018,0.89900
5777.68994,0.89930
5777.95020,0.89970
5778.22021,0.90000
5778.47998,0.90030
5778.75000,0.90060
5779.00977,0.90100
5779.27979,0.90130
5779.54980,0.90160
5779.81006,0.90200
5780.08008,0.90230
5780.33984,0.90260
5780.60986,0.90300
5780.87012,0.90330
5781.12988,0.90360
5781.39990,0.90390
5781.66016,0.90430
5781.93018,0.90460
5782.20020,0.90490
5782.45996,0.90530
5782.72998,0.90560
5782.99023,0.90590
5783.25977,0.90620
5783.52002,0.90660
5783.79004,0.90690
5784.04980,0.90720
5784.31982,0.90760
5784.58008,0.90790
5784.85010,0.90820
5785.10986,0.90850
5785.37988,0.90890
5785.64014,0.90920
5785.91016,0.90950
5786.16992,0.90990
5786.43994,0.91020
5786.70996,0.91050
5786.97021,0.91080
5787.24023,0.91120
5787.50000,0.91150
5787.77002,0.91180
5788.02979,0.91220
5788.29980,0.91250
5788.56006,0.91280
5788.83008,0.91320
5789.08984,0.91350
5789.35986,0.91380
5789.62988,0.91410
5789.89014,0.91450
5790.16016,0.91480
5790.41992,0.91510
5790.68994,0.91550
5790.95020,0.91580
5791.22021,0.91610
5791.47998,0.91640
5791.75000,0.91680
5792.02002,0.91710
5792.27979,0.91740
5792.54980,0.91780
5792.81006,0.91810
5793.08008,0.91840
5793.33984,0.91870
5793.60986,0.91910
5793.87988,0.91940
5794.14014,0.91970
5794.41016,0.92010
5794.66992,0.92040
5794.93994,0.92070
5795.20020,0.92110
5795.47021,0.92140
5795.72998,0.92170
5796.00000,0.92200
5796.27002,0.92240
5796.52979,0.92270
5796.79980,0.92300
5797.06006,0.92340
5797.33008,0.92370
5797.60010,0.92400
5797.85986,0.92440
5798.12988,0.92470
5798.39990,0.92500
5798.66016,0.92530
5798.93018,0.92570
5799.18994,0.92600
5799.45996,0.92630
5799.72998,0.92670
5799.99023,0.92700
5800.25000,0.92720
5800.52002,0.92740
5800.79004,0.92760
5801.04980,0.92780
5801.31982,0.92800
5801.58984,0.92810
5801.85010,0.92830
5802.12012,0.92850
5802.39014,0.92870
5802.64990,0.92890
5802.91992,0.92910
5803.18018,0.92930
5803.45020,0.92950
5803.72021,0.92970
5803.97998,0.92990
5804.25000,0.93010
5804.50977,0.93020
5804.77979,0.93040
5805.04980,0.93060
5805.31006,0.93080
5805.58008,0.93100
5805.85010,0.93120
5806.10986,0.93140
5806.37988,0.93160
5806.64990,0.93180
5806.91016,0.93200
5807.18018,0.93220
5807.43994,0.93240
5807.70996,0.93260
5807.97998,0.93270
5808.24023,0.93290
5808.50977,0.93310
5808.77979,0.93330
5809.04004,0.93350
5809.31006,0.93370
5809.56982,0.93390
5809.83984,0.93410
5810.10986,0.93430
5810.37012,0.93450
5810.64014,0.93470
5810.91016,0.93490
5811.16992,0.93500
5811.43994,0.93520
5811.70996,0.93540
5811.97021,0.93560
5812.24023,0.93580
5812.50000,0.93600
5812.77002,0.93620
5813.04004,0.93640
5813.31006,0.93660
5813.56982,0.93680
5813.83984,0.93700
5814.10986,0.93720
5814.37012,0.93730
5814.64014,0.93750
5814.89990,0.93770
5815.16992,0.93790
5815.43994,0.93810
5815.70996,0.93830
5815.97021,0.93850
5816.24023,0.93870
5816.50977,0.93890
5816.77002,0.93910
5817.04004,0.93930
5817.31006,0.93950
5817.56982,0.93970
5817.83984,0.93980
5818.10986,0.94000
5818.37988,0.94020
5818.64014,0.94040
5818.91016,0.94060
5819.16992,0.94080
5819.43994,0.94100
5819.70996,0.94120
5819.97021,0.94140
5820.24023,0.94160
5820.50977,0.94180
5820.77002,0.94200
5821.04004,0.94220
5821.31006,0.94230
5821.58008,0.94250
5821.83984,0.94270
5822.10986,0.94290
5822.37988,0.94310
5822.64014,0.94330
5822.91016,0.94350
5823.18018,0.94370
5823.45020,0.94390
5823.70996,0.94410
5823.97998,0.94430
5824.25000,0.94450
5824.50977,0.94470
5824.77979,0.94480
5825.04980,0.94500
5825.31006,0.94520
5825.58008,0.94540
5825.85010,0.94560
5826.12012,0.94580
5826.39014,0.94600
5826.64990,0.94620
5826.91992,0.94640
5827.18994,0.94660
5827.45020,0.94680
5827.72021,0.94700
5827.99023,0.94720
5828.25977,0.94730
5828.52002,0.94750
5828.79004,0.94770
5829.06006,0.94790
5829.31982,0.94810
5829.58984,0.94830
5829.85986,0.94850
5830.12988,0.94870
5830.39014,0.94890
5830.66016,0.94910
5830.93018,0.94930
5831.18994,0.94950
5831.45996,0.94970
5831.72998,0.94980
5832.00000,0.95000
5832.27002,0.95020
5832.52979,0.95040
5832.79980,0.95060
5833.06982,0.95080
5833.33984,0.95100
5833.60010,0.95120
5833.87012,0.95140
5834.14014,0.95160
5834.41016,0.95180
5834.66992,0.95200
5834.93994,0.95220
5835.20996,0.95240
5835.47998,0.95250
5835.75000,0.95270
5836.00977,0.95290
5836.27979,0.95310
5836.54980,0.95330
5836.81982,0.95350
5837.08008,0.95370
5837.35010,0.95390
5837.62012,0.95410
5837.89014,0.95430
5838.14990,0.95450
5838.41992,0.95470
5838.68994,0.95490
5838.95996,0.95500
5839.22021,0.95520
5839.49023,0.95540
5839.75977,0.95560
5840.02979,0.95580
5840.29980,0.95600
5840.56006,0.95620
5840.83008,0.95640
5841.10010,0.95660
5841.37012,0.95680
5841.62988,0.95700
5841.91016,0.95720
5842.16992,0.95740
5842.43994,0.95760
5842.70996,0.95780
5842.97021,0.95790
5843.24023,0.95810
5843.50977,0.95830
5843.77979,0.95850
5844.04980,0.95870
5844.31006,0.95890
5844.58008,0.95910
5844.85010,0.95930
5845.12012,0.95950
5845.39014,0.95970
5845.66016,0.95990
5845.91992,0.96010
5846.18994,0.96030
5846.45996,0.96040
5846.72998,0.96060
5847.00000,0.96080
5847.25977,0.96100
5847.52979,0.96120
5847.79980,0.96140
5848.06982,0.96160
5848.33984,0.96180
5848.60010,0.96200
5848.87012,0.96220
5849.14014,0.96240
5849.41016,0.96260
5849.68018,0.96280
5849.95020,0.96300
5850.22021,0.96320
5850.47998,0.96340
5850.75000,0.96360
5851.02002,0.96380
5851.29004,0.96400
5851.56006,0.96420
5851.81982,0.96440
5852.08984,0.96460
5852.35986,0.96470
5852.62988,0.96490
5852.89990,0.96510
5853.16992,0.96530
5853.43018,0.96550
5853.70020,0.96570
5853.97021,0.96590
5854.24023,0.96610
5854.50977,0.96630
5854.77979,0.96650
5855.04980,0.96670
5855.31006,0.96690
5855.58008,0.96710
5855.85010,0.96730
5856.12012,0.96750
5856.39014,0.96770
5856.66016,0.96790
5856.93018,0.96810
5857.20020,0.96830
5857.47021,0.96850
5857.72998,0.96870
5858.00000,0.96890
5858.27002,0.96910
5858.54004,0.96930
5858.79980,0.96950
5859.06982,0.96970
5859.33984,0.96990
5859.60986,0.97010
5859.87988,0.97030
5860.14990,0.97050
5860.41992,0.97070
5860.68994,0.97090
5860.95996,0.97110
5861.22998,0.97130
5861.50000,0.97150
5861.75977,0.97170
5862.02979,0.97190
5862.29980,0.97210
5862.56982,0.97230
5862.83984,0.97250
5863.10986,0.97270
5863.37988,0.97290
5863.64014,0.97310
5863.91016,0.97330
5864.18018,0.97350
5864.45020,0.97370
5864.72021,0.97390
5864.99023,0.97410
5865.25977,0.97430
5865.52979,0.97450
5865.79980,0.97470
5866.06982,0.97490
5866.33984,0.97510
5866.60010,0.97530
5866.87012,0.97550
5867.14014,0.97570
5867.41016,0.97590
5867.68018,0.97610
5867.95020,0.97630
5868.22021,0.97650
5868.49023,0.97670
5868.75977,0.97690
5869.02979,0.97710
5869.29004,0.97730
5869.56982,0.97750
5869.83008,0.97770
5870.10010,0.97790
5870.37012,0.97810
5870.64014,0.97830
5870.91016,0.97850
5871.18018,0.97870
5871.45020,0.97890
5871.72021,0.97910
5871.99023,0.97930
5872.25977,0.97950
5872.52979,0.97970
5872.79004,0.97990
5873.06006,0.98010
5873.33008,0.98030
5873.60010,0.98050
5873.87012,0.98070
5874.14014,0.98090
5874.41016,0.98110
5874.68018,0.98130
5874.95020,0.98150
5875.22021,0.98170
5875.49023,0.98190
5875.75977,0.98210
5876.02979,0.98230
5876.29980,0.98250
5876.56982,0.98270
5876.83984,0.98290
5877.10986,0.98310
5877.37988,0.98330
5877.64990,0.98350
5877.91016,0.98370
5878.18994,0.98390
5878.45020,0.98410
5878.72021,0.98430
5879.00000,0.98450
5879.25977,0.98470
5879.52979,0.98490
5879.79980,0.98510
5880.06982,0.98530
5880.33984,0.98550
5880.60986,0.98570
5880.87988,0.98590
5881.14990,0.98610
5881.41992,0.98630
5881.68994,0.98650
5881.95996,0.98660
5882.22998,0.98680
5882.50000,0.98700
5882.77002,0.98720
5883.04004,0.98740
5883.31006,0.98760
5883.58008,0.98780
5883.85010,0.98800
5884.12012,0.98820
5884.39014,0.98840
5884.66016,0.98860
5884.93018,0.98880
5885.20020,0.98900
5885.47021,0.98920
5885.74023,0.98940
5886.00977,0.98960
5886.27979,0.98980
5886.54980,0.99000
5886.81982,0.99020
5887.08984,0.99040
5887.35986,0.99060
5887.62988,0.99080
5887.89990,0.99100
5888.16016,0.99120
5888.43994,0.99140
5888.70996,0.99160
5888.97998,0.99180
5889.25000,0.99200
5889.52002,0.99220
5889.79004,0.99240
5890.06006,0.99260
5890.33008,0.99280
5890.60010,0.99300
5890.87012,0.99320
5891.14014,0.99340
5891.41016,0.99360
5891.68018,0.99380
5891.95020,0.99400
5892.22021,0.99420
5892.49023,0.99440
5892.75977,0.99460
5893.02979,0.99480
5893.29980,0.99500
5893.56982,0.99520
5893.83984,0.99540
5894.10986,0.99560
5894.37988,0.99580
5894.64990,0.99600
5894.91992,0.99620
5895.18994,0.99640
5895.45996,0.99660
5895.74023,0.99680
5896.00977,0.99700
5896.27979,0.99720
5896.54980,0.99740
5896.81006,0.99760
5897.08984,0.99780
5897.35986,0.99800
5897.62988,0.99820
5897.89990,0.99840
5898.16992,0.99860
5898.43994,0.99880
5898.70996,0.99900
5898.97998,0.99920
5899.25000,0.99940
5899.52002,0.99960
5899.79004,0.99980
5900.06006,1.00000
5900.33008,1.00000
5900.60010,1.00000
5900.87012,1.00000
5901.14014,1.00000
5901.41016,1.00000
5901.68994,1.00000
5901.95996,1.00000
5902.22998,1.00000
5902.50000,1.00000
5902.77002,1.00000
5903.04004,1.00000
5903.31006,1.00000
5903.58008,1.00000
5903.85010,1.00000
5904.12012,1.00000
5904.39014,1.00000
5904.66016,1.00000
5904.93018,1.00000
5905.20996,1.00000
5905.47998,1.00000
5905.75000,1.00000
5906.02002,1.00000
5906.29004,1.00000
5906.56006,1.00000
5906.83008,1.00000
5907.10010,1.00000
5907.37012,1.00000
5907.64014,1.00000
5907.91016,1.00000
5908.18994,1.00000
5908.45996,1.00000
5908.72998,1.00000
5909.00000,1.00000
5909.27002,1.00000
5909.54004,1.00000
5909.81006,1.00000
5910.08008,1.00000
5910.35986,1.00000
5910.62012,1.00000
5910.89990,1.00000
5911.16992,1.00000
5911.43994,1.00000
5911.70996,1.00000
5911.97998,1.00000
5912.25000,1.00000
5912.52002,1.00000
5912.79004,1.00000
5913.06982,1.00000
5913.33008,1.00000
5913.60986,1.00000
5913.87988,1.00000
5914.14990,1.00000
5914.41992,1.00000
5914.68994,1.00000
5914.95996,1.00000
5915.22998,1.00000
5915.50977,1.00000
5915.77979,1.00000
5916.04980,1.00000
5916.31982,1.00000
5916.58984,1.00000
5916.85986,1.00000
5917.12988,1.00000
5917.39990,1.00000
5917.66992,1.00000
5917.95020,1.00000
5918.22021,1.00000
5918.49023,1.00000
5918.75977,1.00000
5919.02979,1.00000
5919.29980,1.00000
5919.56982,1.00000
5919.85010,1.00000
5920.12012,1.00000
5920.39014,1.00000
5920.66016,1.00000
5920.93994,1.00000
5921.20996,1.00000
5921.47998,1.00000
5921.75000,1.00000
5922.02002,1.00000
5922.29004,1.00000
5922.56006,1.00000
5922.83008,1.00000
5923.10986,1.00000
5923.37988,1.00000
5923.64990,1.00000
5923.91992,1.00000
5924.18994,1.00000
5924.45996,1.00000
5924.74023,1.00000
5925.00977,1.00000
5925.27979,1.00000
5925.54980,1.00000
5925.81982,1.00000
5926.10010,1.00000
5926.37012,1.00000
5926.64014,1.00000
5926.91016,1.00000
5927.18018,1.00000
5927.45020,1.00000
5927.72998,1.00000
5928.00000,1.00000
5928.27002,1.00000
5928.54004,1.00000
5928.81006,1.00000
5929.08008,1.00000
5929.35986,1.00000
5929.62988,1.00000
5929.89990,1.00000
5930.16992,1.00000
5930.43994,1.00000
5930.72021,1.00000
5930.99023,1.00000
5931.25977,1.00000
5931.52979,1.00000
5931.81006,1.00000
5932.08008,1.00000
5932.35010,1.00000
5932.62012,1.00000
5932.89014,1.00000
5933.16992,1.00000
5933.43994,1.00000
5933.70996,1.00000
5933.97998,1.00000
5934.25000,1.00000
5934.52979,1.00000
5934.79980,1.00000
5935.06982,1.00000
5935.33984,1.00000
5935.62012,1.00000
5935.89014,1.00000
5936.16016,1.00000
5936.43018,1.00000
5936.70020,1.00000
5936.97998,1.00000
5937.25000,1.00000
5937.52002,1.00000
5937.79004,1.00000
5938.06982,1.00000
5938.33984,1.00000
5938.60986,1.00000
5938.87988,1.00000
5939.14990,1.00000
5939.43018,1.00000
5939.70020,1.00000
5939.97998,1.00000
5940.25000,1.00000
5940.52002,1.00000
5940.79004,1.00000
5941.06006,1.00000
5941.33984,1.00000
5941.60986,1.00000
5941.87988,1.00000
5942.14990,1.00000
5942.41992,1.00000
5942.70020,1.00000
5942.97021,1.00000
5943.24023,1.00000
5943.50977,1.00000
5943.79004,1.00000
5944.06006,1.00000
5944.33008,1.00000
5944.60986,1.00000
5944.87988,1.00000
5945.14990,1.00000
5945.41992,1.00000
5945.70020,1.00000
5945.97021,1.00000
5946.24023,1.00000
5946.50977,1.00000
5946.77979,1.00000
5947.06006,1.00000
5947.33008,1.00000
5947.60986,1.00000
5947.87988,1.00000
5948.14990,1.00000
5948.41992,1.00000
5948.68994,1.00000
5948.97021,1.00000
5949.24023,1.00000
5949.52002,1.00000
5949.79004,1.00000
5950.06006,1.00000
5950.33008,1.00000
5950.60986,0.99990
5950.87988,0.99990
5951.14990,0.99990
5951.43018,0.99990
5951.70020,0.99980
5951.97021,0.99980
5952.24023,0.99980
5952.52002,0.99970
5952.79004,0.99970
5953.06006,0.99970
5953.33984,0.99970
5953.60986,0.99960
5953.87988,0.99960
5954.14990,0.99960
5954.43018,0.99960
5954.70020,0.99950
5954.97998,0.99950
5955.25000,0.99950
5955.52002,0.99940
5955.79004,0.99940
5956.06982,0.99940
5956.33984,0.99940
5956.60986,0.99930
5956.87988,0.99930
5957.16016,0.99930
5957.43018,0.99930
5957.70996,0.99920
5957.97998,0.99920
5958.25000,0.99920
5958.52979,0.99910
5958.79980,0.99910
5959.06982,0.99910
5959.35010,0.99910
5959.62012,0.99900
5959.89014,0.99900
5960.16992,0.99900
5960.43994,0.99900
5960.70996,0.99890
5960.99023,0.99890
5961.25977,0.99890
5961.52979,0.99880
5961.79980,0.99880
5962.08008,0.99880
5962.35010,0.99880
5962.62988,0.99870
5962.89990,0.99870
5963.16992,0.99870
5963.45020,0.99870
5963.72021,0.99860
5963.99023,0.99860
5964.27002,0.99860
5964.54004,0.99850
5964.81982,0.99850
5965.08984,0.99850
5965.35986,0.99850
5965.64014,0.99840
5965.91016,0.99840
5966.18018,0.99840
5966.45020,0.99840
5966.72998,0.99830
5967.00000,0.99830
5967.27979,0.99830
5967.54980,0.99820
5967.81982,0.99820
5968.10010,0.99820
5968.37012,0.99820
5968.64990,0.99810
5968.91992,0.99810
5969.20020,0.99810
5969.47021,0.99810
5969.74023,0.99800
5970.02002,0.99800
5970.29004,0.99800
5970.56006,0.99790
5970.83008,0.99790
5971.10986,0.99790
5971.37988,0.99790
5971.66016,0.99780
5971.93018,0.99780
5972.20996,0.99780
5972.47998,0.99780
5972.75000,0.99770
5973.02979,0.99770
5973.29980,0.99770
5973.56982,0.99760
5973.85010,0.99760
5974.12012,0.99760
5974.39990,0.99760
5974.66992,0.99750
5974.95020,0.99750
5975.22021,0.99750
5975.49023,0.99750
5975.77002,0.99740
5976.04004,0.99740
5976.31006,0.99740
5976.58984,0.99730
5976.85986,0.99730
5977.14014,0.99730
5977.41016,0.99730
5977.68994,0.99720
5977.95996,0.99720
5978.22998,0.99720
5978.50977,0.99710
5978.77979,0.99710
5979.06006,0.99710
5979.33008,0.99710
5979.60986,0.99700
5979.87988,0.99700
5980.14990,0.99700
5980.43018,0.99700
5980.70020,0.99690
5980.97998,0.99690
5981.25000,0.99690
5981.52002,0.99680
5981.79980,0.99680
5982.08008,0.99680
5982.35010,0.99680
5982.62012,0.99670
5982.89990,0.99670
5983.16992,0.99670
5983.45020,0.99670
5983.72021,0.99660
5984.00000,0.99660
5984.27002,0.99660
5984.54980,0.99650
5984.81982,0.99650
5985.08984,0.99650
5985.37012,0.99650
5985.64014,0.99640
5985.91992,0.99640
5986.18994,0.99640
5986.45996,0.99640
5986.74023,0.99630
5987.02002,0.99630
5987.29004,0.99630
5987.56982,0.99620
5987.83984,0.99620
5988.10986,0.99620
5988.39014,0.99620
5988.66016,0.99610
5988.93994,0.99610
5989.20996,0.99610
5989.49023,0.99610
5989.75977,0.99600
5990.02979,0.99600
5990.31006,0.99600
5990.58008,0.99590
5990.85986,0.99590
5991.12988,0.99590
5991.41016,0.99590
5991.68018,0.99580
5991.95996,0.99580
5992.22998,0.99580
5992.50977,0.99570
5992.77979,0.99570
5993.06006,0.99570
5993.33008,0.99570
5993.60986,0.99560
5993.87988,0.99560
5994.16016,0.99560
5994.43018,0.99560
5994.70996,0.99550
5994.97998,0.99550
5995.25977,0.99550
5995.52979,0.99540
5995.81006,0.99540
5996.08008,0.99540
5996.35010,0.99540
5996.62988,0.99530
5996.89990,0.99530
5997.18018,0.99530
5997.45996,0.99530
5997.72998,0.99520
5998.00977,0.99520
5998.27979,0.99520
5998.56006,0.99510
5998.83008,0.99510
5999.10986,0.99510
5999.37988,0.99510
5999.66016,0.99500
5999.93018,0.99500
6000.20996,0.99500
6000.47998,0.99490
6000.75977,0.99480
6001.02979,0.99480
6001.31006,0.99470
6001.58008,0.99470
6001.85986,0.99460
6002.14014,0.99450
6002.41016,0.99450
6002.68994,0.99440
6002.95996,0.99430
6003.24023,0.99430
6003.50977,0.99420
6003.79004,0.99420
6004.06006,0.99410
6004.33984,0.99400
6004.60986,0.99400
6004.89014,0.99390
6005.16016,0.99390
6005.43994,0.99380
6005.70996,0.99370
6005.99023,0.99370
6006.27002,0.99360
6006.54004,0.99360
6006.81982,0.99350
6007.08984,0.99340
6007.37012,0.99340
6007.64014,0.99330
6007.91992,0.99330
6008.18994,0.99320
6008.47021,0.99310
6008.75000,0.99310
6009.02002,0.99300
6009.29980,0.99300
6009.56982,0.99290
6009.85010,0.99280
6010.12012,0.99280
6010.39990,0.99270
6010.66992,0.99270
6010.95020,0.99260
6011.22021,0.99250
6011.50000,0.99250
6011.77979,0.99240
6012.04980,0.99230
6012.33008,0.99230
6012.60010,0.99220
6012.87988,0.99220
6013.14990,0.99210
6013.43018,0.99200
6013.70996,0.99200
6013.99023,0.99190
6014.25977,0.99190
6014.54004,0.99180
6014.81006,0.99170
6015.08984,0.99170
6015.35986,0.99160
6015.64014,0.99160
6015.91016,0.99150
6016.18994,0.99140
6016.47021,0.99140
6016.74023,0.99130
6017.02002,0.99130
6017.29004,0.99120
6017.56982,0.99110
6017.85010,0.99110
6018.12012,0.99100
6018.39990,0.99100
6018.66992,0.99090
6018.95020,0.99080
6019.22998,0.99080
6019.50000,0.99070
6019.77979,0.99060
6020.04980,0.99060
6020.33008,0.99050
6020.60986,0.99050
6020.87988,0.99040
6021.16016,0.99030
6021.43018,0.99030
6021.70996,0.99020
6021.99023,0.99020
6022.27002,0.99010
6022.54004,0.99000
6022.81006,0.99000
6023.08984,0.98990
6023.37012,0.98990
6023.64014,0.98980
6023.91992,0.98970
6024.20020,0.98970
6024.47021,0.98960
6024.75000,0.98960
6025.02979,0.98950
6025.29980,0.98940
6025.58008,0.98940
6025.85010,0.98930
6026.12988,0.98930
6026.41016,0.98920
6026.68018,0.98910
6026.95996,0.98910
6027.24023,0.98900
6027.50977,0.98890
6027.79004,0.98890
6028.06982,0.98880
6028.33984,0.98880
6028.62012,0.98870
6028.89990,0.98860
6029.16992,0.98860
6029.45020,0.98850
6029.72998,0.98850
6030.00000,0.98840
6030.27979,0.98830
6030.56006,0.98830
6030.83008,0.98820
6031.10986,0.98820
6031.37988,0.98810
6031.66016,0.98800
6031.93994,0.98800
6032.20996,0.98790
6032.49023,0.98790
6032.77002,0.98780
6033.04980,0.98770
6033.31982,0.98770
6033.60010,0.98760
6033.87988,0.98750
6034.14990,0.98750
6034.43018,0.98740
6034.70996,0.98740
6034.97998,0.98730
6035.25977,0.98720
6035.52979,0.98720
6035.81006,0.98710
6036.08984,0.98710
6036.37012,0.98700
6036.64014,0.98690
6036.91992,0.98690
6037.20020,0.98680
6037.47021,0.98680
6037.75000,0.98670
6038.02979,0.98660
6038.29980,0.98660
6038.58008,0.98650
6038.85986,0.98650
6039.14014,0.98640
6039.41016,0.98630
6039.68994,0.98630
6039.97021,0.98620
6040.24023,0.98610
6040.52002,0.98610
6040.79004,0.98600
6041.06982,0.98600
6041.35010,0.98590
6041.62988,0.98580
6041.91016,0.98580
6042.18018,0.98570
6042.45996,0.98570
6042.72998,0.98560
6043.00977,0.98550
6043.29004,0.98550
6043.56982,0.98540
6043.85010,0.98540
6044.12012,0.98530
6044.39990,0.98520
6044.68018,0.98520
6044.95020,0.98510
6045.22998,0.98500
6045.50977,0.98500
6045.77979,0.98490
6046.06006,0.98490
6046.33984,0.98480
6046.62012,0.98470
6046.89990,0.98470
6047.16992,0.98460
6047.45020,0.98460
6047.72998,0.98450
6048.00977,0.98440
6048.27979,0.98440
6048.56006,0.98430
6048.83984,0.98430
6049.10986,0.98420
6049.39014,0.98410
6049.66992,0.98410
6049.95020,0.98400
6050.22021,0.98390
6050.50000,0.98390
6050.77979,0.98380
6051.04980,0.98370
6051.33008,0.98360
6051.60986,0.98360
6051.89014,0.98350
6052.16992,0.98340
6052.45020,0.98330
6052.72021,0.98320
6053.00000,0.98320
6053.27979,0.98310
6053.54980,0.98300
6053.83008,0.98290
6054.10986,0.98280
6054.39014,0.98280
6054.66992,0.98270
6054.95020,0.98260
6055.22021,0.98250
6055.50000,0.98250
6055.77979,0.98240
6056.04980,0.98230
6056.33008,0.98220
6056.60986,0.98220
6056.87988,0.98210
6057.16992,0.98200
6057.43994,0.98190
6057.72021,0.98180
6058.00000,0.98180
6058.27002,0.98170
6058.54980,0.98160
6058.83008,0.98150
6059.10986,0.98140
6059.39014,0.98140
6059.66992,0.98130
6059.93994,0.98120
6060.22021,0.98110
6060.50000,0.98110
6060.77002,0.98100
6061.04980,0.98090
6061.33008,0.98080
6061.60986,0.98070
6061.89014,0.98070
6062.16992,0.98060
6062.45020,0.98050
6062.72021,0.98040
6063.00000,0.98040
6063.27979,0.98030
6063.56006,0.98020
6063.83984,0.98010
6064.12012,0.98000
6064.39014,0.98000
6064.66992,0.97990
6064.95020,0.97980
6065.22998,0.97970
6065.50000,0.97970
6065.77979,0.97960
6066.06006,0.97950
6066.33984,0.97940
6066.60986,0.97930
6066.89014,0.97930
6067.16992,0.97920
6067.45020,0.97910
6067.72998,0.97900
6068.00977,0.97900
6068.29004,0.97890
6068.56006,0.97880
6068.83984,0.97870
6069.12012,0.97860
6069.39990,0.97860
6069.68018,0.97850
6069.95996,0.97840
6070.22998,0.97830
6070.52002,0.97830
6070.79004,0.97820
6071.06982,0.97810
6071.35010,0.97800
6071.62012,0.97790
6071.89990,0.97790
6072.18994,0.97780
6072.45996,0.97770
6072.74023,0.97760
6073.02002,0.97760
6073.29980,0.97750
6073.58008,0.97740
6073.85010,0.97730
6074.14014,0.97720
6074.41992,0.97720
6074.68994,0.97710
6074.97021,0.97700
6075.25000,0.97690
6075.52979,0.97690
6075.81006,0.97680
6076.08008,0.97670
6076.35986,0.97660
6076.64014,0.97650
6076.91992,0.97650
6077.20020,0.97640
6077.47998,0.97630
6077.75000,0.97620
6078.02979,0.97620
6078.31006,0.97610
6078.58984,0.97600
6078.87012,0.97590
6079.14990,0.97580
6079.43018,0.97580
6079.70996,0.97570
6079.99023,0.97560
6080.25977,0.97550
6080.54004,0.97540
6080.81982,0.97540
6081.10010,0.97530
6081.37988,0.97520
6081.66016,0.97510
6081.93994,0.97510
6082.22021,0.97500
6082.50000,0.97490
6082.77002,0.97480
6083.06006,0.97470
6083.33008,0.97470
6083.60986,0.97460
6083.89014,0.97450
6084.16992,0.97440
6084.45020,0.97440
6084.72998,0.97430
6085.00977,0.97420
6085.29004,0.97410
6085.56982,0.97400
6085.83984,0.97400
6086.12012,0.97390
6086.39990,0.97380
6086.68018,0.97370
6086.95996,0.97370
6087.24023,0.97360
6087.52002,0.97350
6087.79980,0.97340
6088.08008,0.97330
6088.35986,0.97330
6088.64014,0.97320
6088.91992,0.97310
6089.20020,0.97300
6089.47998,0.97290
6089.75000,0.97290
6090.04004,0.97280
6090.31006,0.97270
6090.58984,0.97260
6090.87012,0.97260
6091.14990,0.97250
6091.43018,0.97240
6091.70996,0.97230
6091.99023,0.97220
6092.27002,0.97220
6092.54980,0.97210
6092.83008,0.97200
6093.10010,0.97190
6093.39014,0.97190
6093.66016,0.97180
6093.93994,0.97170
6094.22998,0.97160
6094.50000,0.97150
6094.77979,0.97150
6095.06006,0.97140
6095.33984,0.97130
6095.62012,0.97120
6095.89990,0.97110
6096.18018,0.97110
6096.45996,0.97100
6096.74023,0.97090
6097.02002,0.97080
6097.29980,0.97080
6097.58008,0.97070
6097.85986,0.97060
6098.14014,0.97050
6098.41992,0.97040
6098.70020,0.97040
6098.97998,0.97030
6099.25977,0.97020
6099.54004,0.97010
6099.81982,0.97010
6100.10010,0.97000
6100.37988,0.96990
6100.66016,0.96980
6100.93018,0.96980
6101.22021,0.96970
6101.49023,0.96960
6101.77002,0.96950
6102.04980,0.96950
6102.33008,0.96940
6102.62012,0.96930
6102.89014,0.96920
6103.18018,0.96920
6103.45020,0.96910
6103.72998,0.96900
6104.00977,0.96900
6104.29004,0.96890
6104.58008,0.96880
6104.85010,0.96870
6105.14014,0.96870
6105.41016,0.96860
6105.70020,0.96850
6105.97021,0.96840
6106.25000,0.96840
6106.52979,0.96830
6106.81006,0.96820
6107.08984,0.96820
6107.37988,0.96810
6107.66016,0.96800
6107.93994,0.96790
6108.20996,0.96790
6108.49023,0.96780
6108.77002,0.96770
6109.04980,0.96760
6109.33984,0.96760
6109.62012,0.96750
6109.89990,0.96740
6110.18018,0.96740
6110.45996,0.96730
6110.74023,0.96720
6111.02002,0.96710
6111.29980,0.96710
6111.58008,0.96700
6111.85986,0.96690
6112.14014,0.96680
6112.41992,0.96680
6112.70020,0.96670
6112.97998,0.96660
6113.25977,0.96660
6113.54004,0.96650
6113.81982,0.96640
6114.10010,0.96630
6114.37988,0.96630
6114.66016,0.96620
6114.93994,0.96610
6115.22021,0.96600
6115.50000,0.96600
6115.77979,0.96590
6116.06006,0.96580
6116.33984,0.96580
6116.62012,0.96570
6116.89990,0.96560
6117.18018,0.96550
6117.47021,0.96550
6117.75000,0.96540
6118.02979,0.96530
6118.31006,0.96520
6118.58984,0.96520
6118.87012,0.96510
6119.14990,0.96500
6119.43018,0.96490
6119.70996,0.96490
6119.99023,0.96480
6120.27002,0.96470
6120.56006,0.96470
6120.83008,0.96460
6121.10986,0.96450
6121.39990,0.96440
6121.66992,0.96440
6121.95020,0.96430
6122.24023,0.96420
6122.50977,0.96410
6122.79980,0.96410
6123.08008,0.96400
6123.35986,0.96390
6123.64014,0.96390
6123.91992,0.96380
6124.20020,0.96370
6124.47998,0.96360
6124.77002,0.96360
6125.04980,0.96350
6125.33008,0.96340
6125.60986,0.96330
6125.89014,0.96330
6126.16992,0.96320
6126.45020,0.96310
6126.72998,0.96300
6127.00977,0.96300
6127.29004,0.96290
6127.56982,0.96280
6127.85010,0.96280
6128.14014,0.96270
6128.41992,0.96260
6128.70020,0.96250
6128.97998,0.96250
6129.25977,0.96240
6129.54004,0.96230
6129.83008,0.96220
6130.10986,0.96220
6130.37988,0.96210
6130.66992,0.96200
6130.95020,0.96200
6131.22998,0.96190
6131.50977,0.96180
6131.79004,0.96170
6132.06982,0.96170
6132.35010,0.96160
6132.62988,0.96150
6132.91992,0.96140
6133.20020,0.96140
6133.47998,0.96130
6133.75977,0.96120
6134.04004,0.96110
6134.31982,0.96110
6134.60010,0.96100
6134.89014,0.96090
6135.16992,0.96090
6135.45020,0.96080
6135.72998,0.96070
6136.00977,0.96060
6136.29004,0.96060
6136.56982,0.96050
6136.85010,0.96040
6137.14014,0.96030
6137.41992,0.96030
6137.70020,0.96020
6137.97998,0.96010
6138.27002,0.96010
6138.54004,0.96000
6138.83008,0.95990
6139.10986,0.95980
6139.39014,0.95980
6139.66992,0.95970
6139.95020,0.95960
6140.24023,0.95950
6140.52002,0.95950
6140.79980,0.95940
6141.08008,0.95930
6141.35986,0.95920
6141.64014,0.95920
6141.91992,0.95910
6142.20996,0.95900
6142.49023,0.95900
6142.77002,0.95890
6143.04980,0.95880
6143.33008,0.95870
6143.60986,0.95870
6143.89990,0.95860
6144.18018,0.95850
6144.45996,0.95840
6144.74023,0.95840
6145.02979,0.95830
6145.31006,0.95820
6145.58984,0.95810
6145.87012,0.95810
6146.14990,0.95800
6146.43018,0.95790
6146.72021,0.95790
6147.00000,0.95780
6147.27979,0.95770
6147.56006,0.95760
6147.83984,0.95760
6148.12988,0.95750
6148.41016,0.95740
6148.68994,0.95730
6148.97021,0.95730
6149.25000,0.95720
6149.52979,0.95710
6149.81006,0.95700
6150.10010,0.95700
6150.37988,0.95690
6150.66016,0.95680
6150.95020,0.95680
6151.22998,0.95670
6151.50977,0.95660
6151.79004,0.95660
6152.06982,0.95650
6152.35010,0.95640
6152.62988,0.95640
6152.91992,0.95630
6153.20020,0.95620
6153.47998,0.95620
6153.77002,0.95610
6154.04980,0.95600
6154.33008,0.95600
6154.60986,0.95590
6154.89014,0.95580
6155.18018,0.95580
6155.45996,0.95570
6155.74023,0.95560
6156.02979,0.95560
6156.31006,0.95550
6156.58984,0.95540
6156.87012,0.95540
6157.14990,0.95530
6157.43994,0.95520
6157.72021,0.95510
6158.00000,0.95510
6158.27979,0.95500
6158.56006,0.95490
6158.85010,0.95490
6159.12988,0.95480
6159.41016,0.95470
6159.68994,0.95470
6159.97998,0.95460
6160.25977,0.95450
6160.54980,0.95450
6160.83008,0.95440
6161.10986,0.95430
6161.39014,0.95430
6161.66992,0.95420
6161.95996,0.95410
6162.24023,0.95410
6162.52002,0.95400
6162.79980,0.95390
6163.08008,0.95390
6163.37012,0.95380
6163.64990,0.95370
6163.93994,0.95370
6164.22021,0.95360
6164.50000,0.95350
6164.77979,0.95350
6165.06006,0.95340
6165.35010,0.95330
6165.62988,0.95320
6165.91016,0.95320
6166.20020,0.95310
6166.47998,0.95300
6166.75977,0.95300
6167.04980,0.95290
6167.33008,0.95280
6167.60986,0.95280
6167.89014,0.95270
6168.16992,0.95260
6168.45996,0.95260
6168.74023,0.95250
6169.02002,0.95240
6169.31006,0.95240
6169.58984,0.95230
6169.87012,0.95220
6170.16016,0.95220
6170.43994,0.95210
6170.72021,0.95200
6171.00977,0.95200
6171.29004,0.95190
6171.56982,0.95180
6171.85986,0.95180
6172.14014,0.95170
6172.41992,0.95160
6172.70020,0.95160
6172.97998,0.95150
6173.27002,0.95140
6173.54980,0.95130
6173.83008,0.95130
6174.12012,0.95120
6174.39990,0.95110
6174.68994,0.95110
6174.97021,0.95100
6175.25000,0.95090
6175.54004,0.95090
6175.81982,0.95080
6176.10010,0.95070
6176.39014,0.95070
6176.66992,0.95060
6176.95020,0.95050
6177.24023,0.95050
6177.52002,0.95040
6177.79980,0.95030
6178.08008,0.95030
6178.37012,0.95020
6178.64990,0.95010
6178.93018,0.95010
6179.22021,0.95000
6179.50000,0.94990
6179.79004,0.94990
6180.06982,0.94980
6180.35010,0.94970
6180.64014,0.94960
6180.91992,0.94960
6181.20020,0.94950
6181.49023,0.94940
6181.77002,0.94940
6182.04980,0.94930
6182.33984,0.94920
6182.62012,0.94920
6182.89990,0.94910
6183.18994,0.94900
6183.47021,0.94900
6183.75000,0.94890
6184.02979,0.94880
6184.31982,0.94880
6184.60010,0.94870
6184.89014,0.94860
6185.16992,0.94860
6185.45996,0.94850
6185.74023,0.94840
6186.02002,0.94840
6186.31006,0.94830
6186.58984,0.94820
6186.87012,0.94820
6187.16016,0.94810
6187.43994,0.94800
6187.72998,0.94790
6188.00977,0.94790
6188.29004,0.94780
6188.58008,0.94770
6188.85986,0.94770
6189.14014,0.94760
6189.43018,0.94750
6189.70996,0.94750
6190.00000,0.94740
6190.27979,0.94730
6190.56982,0.94730
6190.85010,0.94720
6191.12988,0.94710
6191.41992,0.94710
6191.70020,0.94700
6191.97998,0.94690
6192.27002,0.94690
6192.54980,0.94680
6192.83008,0.94670
6193.12012,0.94670
6193.39990,0.94660
6193.68994,0.94650
6193.97021,0.94640
6194.25000,0.94640
6194.54004,0.94630
6194.81982,0.94620
6195.10986,0.94620
6195.39014,0.94610
6195.68018,0.94600
6195.95996,0.94600
6196.25000,0.94590
6196.52979,0.94580
6196.81982,0.94580
6197.10010,0.94570
6197.37988,0.94560
6197.66992,0.94560
6197.95020,0.94550
6198.22998,0.94540
6198.52002,0.94540
6198.79980,0.94530
6199.08984,0.94520
6199.37012,0.94520
6199.66016,0.94510
6199.93994,0.94500
6200.22998,0.94490
6200.50977,0.94480
6200.79004,0.94470
6201.08008,0.94460
6201.35986,0.94450
6201.64990,0.94440
6201.93994,0.94430
6202.20996,0.94420
6202.50000,0.94410
6202.79004,0.94400
6203.06982,0.94390
6203.35010,0.94380
6203.64014,0.94370
6203.91992,0.94360
6204.20996,0.94350
6204.49023,0.94340
6204.77002,0.94330
6205.06006,0.94320
6205.35010,0.94310
6205.62988,0.94300
6205.91016,0.94290
6206.20020,0.94280
6206.49023,0.94270
6206.77002,0.94260
6207.04980,0.94250
6207.33984,0.94240
6207.62012,0.94230
6207.91016,0.94220
6208.18994,0.94210
6208.47998,0.94190
6208.75977,0.94180
6209.04004,0.94170
6209.33008,0.94160
6209.60986,0.94150
6209.89990,0.94140
6210.18994,0.94130
6210.47021,0.94120
6210.75977,0.94110
6211.04004,0.94100
6211.33008,0.94090
6211.60986,0.94080
6211.89990,0.94070
6212.18018,0.94060
6212.45996,0.94050
6212.75000,0.94040
6213.02979,0.94030
6213.31982,0.94020
6213.60010,0.94010
6213.89014,0.94000
6214.16992,0.93990
6214.45996,0.93980
6214.74023,0.93970
6215.02979,0.93960
6215.31006,0.93950
6215.60010,0.93940
6215.87988,0.93930
6216.16992,0.93920
6216.45996,0.93910
6216.74023,0.93900
6217.02979,0.93890
6217.31006,0.93880
6217.60010,0.93870
6217.87988,0.93860
6218.16992,0.93850
6218.45020,0.93840
6218.74023,0.93830
6219.02002,0.93820
6219.31006,0.93800
6219.58984,0.93790
6219.87988,0.93780
6220.16016,0.93770
6220.45020,0.93760
6220.72998,0.93750
6221.02002,0.93740
6221.29980,0.93730
6221.58984,0.93720
6221.87012,0.93710
6222.16016,0.93700
6222.43994,0.93690
6222.72998,0.93680
6223.02002,0.93670
6223.29980,0.93660
6223.58984,0.93650
6223.87012,0.93640
6224.16016,0.93630
6224.43994,0.93620
6224.72998,0.93610
6225.00977,0.93600
6225.29980,0.93590
6225.58008,0.93580
6225.87012,0.93570
6226.16016,0.93560
6226.43994,0.93550
6226.72998,0.93540
6227.00977,0.93530
6227.29980,0.93520
6227.58008,0.93510
6227.87012,0.93500
6228.16016,0.93490
6228.43994,0.93480
6228.72998,0.93470
6229.00977,0.93460
6229.29980,0.93450
6229.58008,0.93440
6229.87012,0.93420
6230.14990,0.93410
6230.43994,0.93400
6230.72998,0.93390
6231.00977,0.93380
6231.29980,0.93370
6231.58008,0.93360
6231.87012,0.93350
6232.16016,0.93340
6232.43994,0.93330
6232.72998,0.93320
6233.00977,0.93310
6233.29980,0.93300
6233.58008,0.93290
6233.87012,0.93280
6234.16016,0.93270
6234.43994,0.93260
6234.72998,0.93250
6235.00977,0.93240
6235.29980,0.93230
6235.58008,0.93220
6235.87012,0.93210
6236.16016,0.93200
6236.43994,0.93190
6236.72998,0.93180
6237.02002,0.93170
6237.29980,0.93160
6237.58984,0.93150
6237.87012,0.93140
6238.16016,0.93130
6238.45020,0.93120
6238.72998,0.93110
6239.02002,0.93100
6239.31006,0.93080
6239.58984,0.93070
6239.87012,0.93060
6240.16016,0.93050
6240.45020,0.93040
6240.72998,0.93030
6241.02002,0.93020
6241.31006,0.93010
6241.58984,0.93000
6241.87988,0.92990
6242.16992,0.92980
6242.45020,0.92970
6242.74023,0.92960
6243.02979,0.92950
6243.31006,0.92940
6243.60010,0.92930
6243.87988,0.92920
6244.16992,0.92910
6244.45996,0.92900
6244.74023,0.92890
6245.02979,0.92880
6245.31982,0.92870
6245.60010,0.92860
6245.89014,0.92850
6246.18018,0.92840
6246.45996,0.92830
6246.75000,0.92820
6247.02979,0.92810
6247.31982,0.92800
6247.60986,0.92790
6247.89990,0.92780
6248.18018,0.92770
6248.47021,0.92760
6248.75000,0.92740
6249.04004,0.92730
6249.33008,0.92720
6249.60986,0.92710
6249.89990,0.92700
6250.18994,0.92690
6250.47021,0.92680
6250.75977,0.92680
6251.04004,0.92670
6251.33984,0.92660
6251.62012,0.92650
6251.91016,0.92640
6252.18994,0.92630
6252.47998,0.92620
6252.77002,0.92610
6253.06006,0.92600
6253.33984,0.92590
6253.62988,0.92580
6253.91016,0.92570
6254.20020,0.92570
6254.49023,0.92560
6254.77979,0.92550
6255.06006,0.92540
6255.35010,0.92530
6255.62988,0.92520
6255.91992,0.92510
6256.20996,0.92500
6256.50000,0.92490
6256.77979,0.92480
6257.06982,0.92470
6257.35986,0.92460
6257.64990,0.92460
6257.93994,0.92450
6258.22021,0.92440
6258.50977,0.92430
6258.79004,0.92420
6259.08008,0.92410
6259.37012,0.92400
6259.64990,0.92390
6259.93994,0.92380
6260.22998,0.92370
6260.50977,0.92360
6260.79980,0.92350
6261.08984,0.92350
6261.37988,0.92340
6261.66016,0.92330
6261.95020,0.92320
6262.24023,0.92310
6262.52979,0.92300
6262.81982,0.92290
6263.10010,0.92280
6263.39014,0.92270
6263.68018,0.92260
6263.95996,0.92250
6264.25000,0.92240
6264.54004,0.92230
6264.81982,0.92230
6265.10986,0.92220
6265.39990,0.92210
6265.68018,0.92200
6265.97021,0.92190
6266.25977,0.92180
6266.54004,0.92170
6266.83984,0.92160
6267.12012,0.92150
6267.41016,0.92140
6267.70020,0.92130
6267.99023,0.92120
6268.27002,0.92120
6268.56006,0.92110
6268.85010,0.92100
6269.14014,0.92090
6269.41992,0.92080
6269.70996,0.92070
6270.00000,0.92060
6270.27979,0.92050
6270.56982,0.92040
6270.85986,0.92030
6271.14990,0.92020
6271.43018,0.92010
6271.72021,0.92000
6272.00977,0.92000
6272.29980,0.91990
6272.58984,0.91980
6272.87012,0.91970
6273.16016,0.91960
6273.45020,0.91950
6273.74023,0.91940
6274.02979,0.91930
6274.31006,0.91920
6274.60010,0.91910
6274.89014,0.91900
6275.16992,0.91890
6275.45996,0.91890
6275.75000,0.91880
6276.04004,0.91870
6276.31982,0.91860
6276.60986,0.91850
6276.89990,0.91840
6277.18994,0.91830
6277.47998,0.91820
6277.77002,0.91810
6278.04980,0.91800
6278.33984,0.91790
6278.62988,0.91780
6278.91992,0.91770
6279.20996,0.91770
6279.50000,0.91760
6279.77979,0.91750
6280.06982,0.91740
6280.35986,0.91730
6280.64990,0.91720
6280.93018,0.91710
6281.22021,0.91700
6281.50977,0.91690
6281.79980,0.91680
6282.08008,0.91670
6282.37012,0.91660
6282.66016,0.91650
6282.95020,0.91650
6283.24023,0.91640
6283.52979,0.91630
6283.81982,0.91620
6284.10010,0.91610
6284.39014,0.91600
6284.68018,0.91590
6284.97021,0.91580
6285.25977,0.91570
6285.54004,0.91560
6285.83008,0.91550
6286.12012,0.91540
6286.41016,0.91540
6286.70020,0.91530
6286.97998,0.91520
6287.27002,0.91510
6287.56006,0.91500
6287.85010,0.91490
6288.14014,0.91480
6288.43018,0.91470
6288.72021,0.91460
6289.00977,0.91450
6289.29004,0.91440
6289.58008,0.91430
6289.87012,0.91420
6290.16016,0.91410
6290.45020,0.91410
6290.72998,0.91400
6291.02002,0.91390
6291.31006,0.91380
6291.60010,0.91370
6291.89014,0.91360
6292.18018,0.91350
6292.45996,0.91340
6292.75000,0.91330
6293.04004,0.91320
6293.33008,0.91310
6293.62012,0.91300
6293.91016,0.91290
6294.20020,0.91290
6294.49023,0.91280
6294.77979,0.91270
6295.06982,0.91260
6295.35010,0.91250
6295.64014,0.91240
6295.93018,0.91230
6296.22021,0.91220
6296.50977,0.91210
6296.79980,0.91200
6297.08008,0.91190
6297.37012,0.91180
6297.66016,0.91170
6297.95020,0.91170
6298.24023,0.91160
6298.52979,0.91150
6298.81982,0.91140
6299.10986,0.91130
6299.39990,0.91120
6299.68994,0.91110
6299.97998,0.91100
6300.27002,0.91090
6300.54980,0.91080
6300.83984,0.91060
6301.12988,0.91050
6301.41992,0.91040
6301.70996,0.91030
6302.00000,0.91020
6302.29004,0.91000
6302.56982,0.90990
6302.85986,0.90980
6303.14990,0.90970
6303.43994,0.90960
6303.72998,0.90940
6304.02002,0.90930
6304.31006,0.90920
6304.60010,0.90910
6304.89014,0.90890
6305.18018,0.90880
6305.47021,0.90870
6305.75977,0.90860
6306.04004,0.90850
6306.33008,0.90830
6306.62988,0.90820
6306.91016,0.90810
6307.20020,0.90800
6307.49023,0.90790
6307.77979,0.90770
6308.06982,0.90760
6308.35986,0.90750
6308.64990,0.90740
6308.93994,0.90720
6309.22998,0.90710
6309.52002,0.90700
6309.79980,0.90690
6310.10010,0.90680
6310.39014,0.90660
6310.66992,0.90650
6310.97021,0.90640
6311.25000,0.90630
6311.54004,0.90620
6311.83008,0.90600
6312.12012,0.90590
6312.41016,0.90580
6312.70020,0.90570
6312.99023,0.90550
6313.27979,0.90540
6313.56982,0.90530
6313.85986,0.90520
6314.14990,0.90510
6314.43994,0.90490
6314.72998,0.90480
6315.02002,0.90470
6315.31006,0.90460
6315.60010,0.90440
6315.89014,0.90430
6316.18018,0.90420
6316.45996,0.90410
6316.75000,0.90400
6317.04980,0.90380
6317.33008,0.90370
6317.62012,0.90360
6317.91016,0.90350
6318.20020,0.90340
6318.49023,0.90320
6318.77979,0.90310
6319.06982,0.90300
6319.35986,0.90290
6319.64990,0.90270
6319.93994,0.90260
6320.22998,0.90250
6320.52002,0.90240
6320.81006,0.90230
6321.10010,0.90210
6321.39014,0.90200
6321.68018,0.90190
6321.97021,0.90180
6322.25977,0.90160
6322.54980,0.90150
6322.83984,0.90140
6323.12988,0.90130
6323.41992,0.90120
6323.70996,0.90100
6324.00000,0.90090
6324.29004,0.90080
6324.58008,0.90070
6324.87012,0.90060
6325.16016,0.90040
6325.45020,0.90030
6325.75000,0.90020
6326.02979,0.90010
6326.31982,0.89990
6326.60986,0.89980
6326.89990,0.89970
6327.18994,0.89960
6327.47998,0.89950
6327.77002,0.89930
6328.06006,0.89920
6328.35010,0.89910
6328.64014,0.89900
6328.93018,0.89880
6329.22021,0.89870
6329.50977,0.89860
6329.79980,0.89850
6330.08984,0.89840
6330.39014,0.89820
6330.66992,0.89810
6330.97021,0.89800
6331.25977,0.89790
6331.54980,0.89780
6331.83984,0.89760
6332.12988,0.89750
6332.41992,0.89740
6332.70996,0.89730
6333.00000,0.89710
6333.29004,0.89700
6333.58008,0.89690
6333.87012,0.89680
6334.16016,0.89670
6334.45020,0.89650
6334.74023,0.89640
6335.02979,0.89630
6335.31982,0.89620
6335.62012,0.89600
6335.89990,0.89590
6336.20020,0.89580
6336.47998,0.89570
6336.77979,0.89560
6337.06982,0.89540
6337.35986,0.89530
6337.64990,0.89520
6337.93994,0.89510
6338.22998,0.89490
6338.52002,0.89480
6338.81006,0.89470
6339.10010,0.89460
6339.39014,0.89450
6339.68018,0.89430
6339.97998,0.89420
6340.25977,0.89410
6340.56006,0.89400
6340.85010,0.89380
6341.14014,0.89370
6341.43018,0.89360
6341.72021,0.89350
6342.00977,0.89340
6342.29980,0.89320
6342.58984,0.89310
6342.87988,0.89300
6343.16992,0.89290
6343.45996,0.89270
6343.75977,0.89260
6344.04004,0.89250
6344.33008,0.89240
6344.62988,0.89230
6344.91992,0.89210
6345.20996,0.89200
6345.50000,0.89190
6345.79004,0.89180
6346.08008,0.89160
6346.37012,0.89150
6346.66016,0.89140
6346.95996,0.89130
6347.25000,0.89120
6347.54004,0.89100
6347.83008,0.89090
6348.12012,0.89080
6348.41016,0.89070
6348.70020,0.89050
6348.99023,0.89040
6349.27979,0.89030
6349.56982,0.89020
6349.85986,0.89010
6350.16016,0.88990
6350.45020,0.88980
6350.74023,0.88970
6351.02979,0.88960
6351.31982,0.88950
6351.60986,0.88940
6351.91016,0.88920
6352.20020,0.88910
6352.49023,0.88900
6352.77979,0.88890
6353.06982,0.88880
6353.35986,0.88870
6353.64990,0.88850
6353.93994,0.88840
6354.24023,0.88830
6354.52979,0.88820
6354.81982,0.88810
6355.10986,0.88800
6355.39990,0.88780
6355.68994,0.88770
6355.97998,0.88760
6356.27979,0.88750
6356.56982,0.88740
6356.85986,0.88730
6357.14990,0.88710
6357.43994,0.88700
6357.74023,0.88690
6358.02979,0.88680
6358.31982,0.88670
6358.60986,0.88660
6358.89990,0.88640
6359.18994,0.88630
6359.49023,0.88620
6359.77979,0.88610
6360.06006,0.88600
6360.35986,0.88590
6360.64990,0.88570
6360.93994,0.88560
6361.22998,0.88550
6361.52979,0.88540
6361.81982,0.88530
6362.10986,0.88520
6362.39990,0.88500
6362.68994,0.88490
6362.99023,0.88480
6363.27979,0.88470
6363.56982,0.88460
6363.85986,0.88450
6364.14990,0.88430
6364.43994,0.88420
6364.74023,0.88410
6365.02979,0.88400
6365.31982,0.88390
6365.60986,0.88380
6365.89990,0.88360
6366.20020,0.88350
6366.49023,0.88340
6366.77979,0.88330
6367.06982,0.88320
6367.35986,0.88310
6367.66016,0.88290
6367.95020,0.88280
6368.24023,0.88270
6368.52979,0.88260
6368.81982,0.88250
6369.12012,0.88240
6369.41016,0.88220
6369.70020,0.88210
6369.99023,0.88200
6370.27979,0.88190
6370.58008,0.88180
6370.87012,0.88170
6371.16016,0.88150
6371.45020,0.88140
6371.74023,0.88130
6372.04004,0.88120
6372.33008,0.88110
6372.62012,0.88100
6372.91992,0.88080
6373.20996,0.88070
6373.50000,0.88060
6373.79004,0.88050
6374.08008,0.88040
6374.37988,0.88020
6374.66992,0.88010
6374.95996,0.88000
6375.25000,0.87990
6375.54004,0.87980
6375.83008,0.87970
6376.12988,0.87950
6376.41992,0.87940
6376.70996,0.87930
6377.00977,0.87920
6377.29980,0.87910
6377.58984,0.87900
6377.89014,0.87880
6378.18018,0.87870
6378.47021,0.87860
6378.77002,0.87850
6379.06006,0.87840
6379.35010,0.87830
6379.64014,0.87810
6379.93018,0.87800
6380.22998,0.87790
6380.52002,0.87780
6380.81006,0.87770
6381.10010,0.87760
6381.39990,0.87740
6381.68994,0.87730
6381.97998,0.87720
6382.27002,0.87710
6382.56982,0.87700
6382.85986,0.87690
6383.14990,0.87670
6383.45020,0.87660
6383.74023,0.87650
6384.02979,0.87640
6384.33008,0.87630
6384.62012,0.87620
6384.91016,0.87600
6385.20020,0.87590
6385.50000,0.87580
6385.79004,0.87570
6386.08008,0.87560
6386.37012,0.87550
6386.66016,0.87530
6386.95996,0.87520
6387.25000,0.87510
6387.54980,0.87500
6387.83984,0.87490
6388.12988,0.87470
6388.41992,0.87460
6388.72021,0.87450
6389.00977,0.87440
6389.29980,0.87430
6389.60010,0.87420
6389.89014,0.87400
6390.18018,0.87390
6390.47998,0.87380
6390.77002,0.87370
6391.06006,0.87360
6391.35010,0.87350
6391.64990,0.87330
6391.93994,0.87320
6392.22998,0.87310
6392.52002,0.87300
6392.81982,0.87290
6393.10986,0.87280
6393.41016,0.87260
6393.70020,0.87250
6394.00000,0.87240
6394.29004,0.87230
6394.58008,0.87220
6394.87012,0.87210
6395.16992,0.87190
6395.45996,0.87180
6395.75000,0.87170
6396.04980,0.87160
6396.33984,0.87150
6396.62988,0.87130
6396.91992,0.87120
6397.22021,0.87110
6397.50977,0.87100
6397.79980,0.87090
6398.10010,0.87080
6398.39014,0.87060
6398.68994,0.87050
6398.97998,0.87040
6399.27002,0.87030
6399.56982,0.87020
6399.85986,0.87010
6400.14990,0.86990
6400.45020,0.86980
6400.74023,0.86970
6401.04004,0.86950
6401.33008,0.86940
6401.62012,0.86930
6401.91992,0.86910
6402.20996,0.86900
6402.50000,0.86880
6402.79004,0.86870
6403.08984,0.86860
6403.37988,0.86840
6403.68018,0.86830
6403.97021,0.86820
6404.27002,0.86800
6404.56006,0.86790
6404.85010,0.86780
6405.14990,0.86760
6405.43994,0.86750
6405.74023,0.86740
6406.02979,0.86720
6406.31982,0.86710
6406.62012,0.86700
6406.91016,0.86680
6407.20020,0.86670
6407.50000,0.86660
6407.79004,0.86640
6408.08008,0.86630
6408.37988,0.86610
6408.66992,0.86600
6408.97021,0.86590
6409.25977,0.86570
6409.54980,0.86560
6409.85010,0.86550
6410.14014,0.86530
6410.43994,0.86520
6410.72998,0.86510
6411.02979,0.86490
6411.31982,0.86480
6411.60986,0.86470
6411.89990,0.86450
6412.20020,0.86440
6412.50000,0.86430
6412.79004,0.86410
6413.08008,0.86400
6413.37988,0.86380
6413.66992,0.86370
6413.95996,0.86360
6414.25977,0.86340
6414.54980,0.86330
6414.85010,0.86320
6415.14014,0.86300
6415.43994,0.86290
6415.72998,0.86280
6416.02002,0.86260
6416.31982,0.86250
6416.60986,0.86240
6416.91016,0.86220
6417.20020,0.86210
6417.50000,0.86200
6417.79004,0.86180
6418.08008,0.86170
6418.37988,0.86150
6418.66992,0.86140
6418.97021,0.86130
6419.25977,0.86110
6419.54980,0.86100
6419.85010,0.86090
6420.14990,0.86070
6420.43994,0.86060
6420.74023,0.86050
6421.02979,0.86030
6421.31982,0.86020
6421.62012,0.86010
6421.91016,0.85990
6422.20996,0.85980
6422.50000,0.85960
6422.79004,0.85950
6423.08984,0.85940
6423.37988,0.85920
6423.68018,0.85910
6423.97021,0.85900
6424.27002,0.85880
6424.56006,0.85870
6424.85986,0.85860
6425.14990,0.85840
6425.45020,0.85830
6425.74023,0.85820
6426.04004,0.85800
6426.33008,0.85790
6426.62988,0.85780
6426.91992,0.85760
6427.22021,0.85750
6427.50977,0.85730
6427.79980,0.85720
6428.10010,0.85710
6428.39990,0.85690
6428.68994,0.85680
6428.99023,0.85670
6429.27979,0.85650
6429.56982,0.85640
6429.87012,0.85630
6430.16016,0.85610
6430.45996,0.85600
6430.75000,0.85590
6431.04980,0.85570
6431.35010,0.85560
6431.64014,0.85540
6431.93994,0.85530
6432.22998,0.85520
6432.52979,0.85500
6432.81982,0.85490
6433.10986,0.85480
6433.41016,0.85460
6433.70996,0.85450
6434.00000,0.85440
6434.29004,0.85420
6434.58008,0.85410
6434.87988,0.85400
6435.18018,0.85380
6435.47998,0.85370
6435.77002,0.85350
6436.06982,0.85340
6436.35986,0.85330
6436.66016,0.85310
6436.95020,0.85300
6437.25000,0.85290
6437.54004,0.85270
6437.83984,0.85260
6438.12988,0.85250
6438.43018,0.85230
6438.72021,0.85220
6439.02002,0.85210
6439.31006,0.85190
6439.60986,0.85180
6439.89990,0.85160
6440.20020,0.85150
6440.49023,0.85140
6440.79004,0.85120
6441.08008,0.85110
6441.37988,0.85100
6441.68018,0.85080
6441.97021,0.85070
6442.27002,0.85060
6442.56006,0.85040
6442.85986,0.85030
6443.14990,0.85020
6443.45020,0.85000
6443.74023,0.84990
6444.04004,0.84970
6444.33008,0.84960
6444.62988,0.84950
6444.93018,0.84930
6445.22021,0.84920
6445.52002,0.84910
6445.81006,0.84890
6446.10986,0.84880
6446.39990,0.84870
6446.70020,0.84850
6447.00000,0.84840
6447.29004,0.84820
6447.58984,0.84810
6447.87988,0.84800
6448.18018,0.84780
6448.47998,0.84770
6448.77002,0.84760
6449.06982,0.84740
6449.35986,0.84730
6449.66016,0.84720
6449.95020,0.84700
6450.25000,0.84690
6450.54004,0.84670
6450.83984,0.84660
6451.12988,0.84640
6451.43018,0.84630
6451.72998,0.84610
6452.02002,0.84590
6452.31982,0.84580
6452.62012,0.84560
6452.91016,0.84550
6453.20996,0.84530
6453.50000,0.84520
6453.79980,0.84500
6454.10010,0.84490
6454.39014,0.84470
6454.68994,0.84460
6454.97998,0.84440
6455.27979,0.84430
6455.56982,0.84410
6455.87012,0.84390
6456.16992,0.84380
6456.45996,0.84360
6456.75977,0.84350
6457.06006,0.84330
6457.35010,0.84320
6457.64990,0.84300
6457.95020,0.84290
6458.24023,0.84270
6458.54004,0.84260
6458.83008,0.84240
6459.12988,0.84230
6459.41992,0.84210
6459.72021,0.84190
6460.02002,0.84180
6460.31006,0.84160
6460.60986,0.84150
6460.91016,0.84130
6461.20020,0.84120
6461.50000,0.84100
6461.79004,0.84090
6462.08984,0.84070
6462.39014,0.84060
6462.68018,0.84040
6462.97998,0.84020
6463.27979,0.84010
6463.58008,0.83990
6463.87012,0.83980
6464.16992,0.83960
6464.45996,0.83950
6464.75977,0.83930
6465.06006,0.83920
6465.35010,0.83900
6465.64990,0.83890
6465.93994,0.83870
6466.24023,0.83860
6466.54004,0.83840
6466.83984,0.83820
6467.12988,0.83810
6467.43018,0.83790
6467.72998,0.83780
6468.02002,0.83760
6468.31982,0.83750
6468.60986,0.83730
6468.91016,0.83720
6469.20996,0.83700
6469.50977,0.83690
6469.79980,0.83670
6470.10010,0.83650
6470.39990,0.83640
6470.68994,0.83620
6470.99023,0.83610
6471.29004,0.83590
6471.58008,0.83580
6471.87988,0.83560
6472.16992,0.83550
6472.47021,0.83530
6472.77002,0.83520
6473.06982,0.83500
6473.35986,0.83490
6473.66016,0.83470
6473.95996,0.83450
6474.25977,0.83440
6474.54980,0.83420
6474.85010,0.83410
6475.14990,0.83390
6475.43994,0.83380
6475.74023,0.83360
6476.04004,0.83350
6476.33008,0.83330
6476.62988,0.83320
6476.93018,0.83300
6477.22021,0.83280
6477.52002,0.83270
6477.81006,0.83250
6478.12012,0.83240
6478.41016,0.83220
6478.70996,0.83210
6479.00977,0.83190
6479.31006,0.83180
6479.60010,0.83160
6479.89990,0.83150
6480.20020,0.83130
6480.50000,0.83110
6480.79004,0.83100
6481.08984,0.83080
6481.39014,0.83070
6481.68018,0.83050
6481.97998,0.83040
6482.27979,0.83020
6482.56982,0.83010
6482.87012,0.82990
6483.16992,0.82980
6483.45996,0.82960
6483.75977,0.82940
6484.06006,0.82930
6484.35986,0.82910
6484.64990,0.82900
6484.95996,0.82880
6485.25000,0.82870
6485.54980,0.82850
6485.85010,0.82840
6486.14014,0.82820
6486.43994,0.82810
6486.74023,0.82790
6487.04004,0.82770
6487.33008,0.82760
6487.62988,0.82740
6487.93018,0.82730
6488.22998,0.82710
6488.52002,0.82700
6488.81982,0.82680
6489.12012,0.82670
6489.41992,0.82650
6489.70996,0.82630
6490.00977,0.82620
6490.31006,0.82600
6490.60986,0.82590
6490.89990,0.82570
6491.20020,0.82560
6491.50000,0.82540
6491.79980,0.82530
6492.08984,0.82510
6492.39014,0.82500
6492.68994,0.82480
6492.99023,0.82460
6493.29004,0.82450
6493.58008,0.82430
6493.87988,0.82420
6494.18018,0.82400
6494.47998,0.82390
6494.77979,0.82370
6495.06982,0.82360
6495.37012,0.82340
6495.66992,0.82330
6495.97021,0.82310
6496.27002,0.82290
6496.56982,0.82280
6496.85986,0.82260
6497.16016,0.82250
6497.45996,0.82230
6497.75000,0.82220
6498.04980,0.82200
6498.35010,0.82190
6498.64990,0.82170
6498.93994,0.82150
6499.24023,0.82140
6499.54004,0.82120
6499.83984,0.82110
6500.14014,0.82090
6500.43994,0.82080
6500.72998,0.82060
6501.04004,0.82050
6501.33008,0.82040
6501.62988,0.82020
6501.93018,0.82010
6502.22998,0.81990
6502.52002,0.81980
6502.81982,0.81960
6503.12012,0.81950
6503.41992,0.81940
6503.72021,0.81920
6504.00977,0.81910
6504.31006,0.81890
6504.60986,0.81880
6504.91016,0.81860
6505.20996,0.81850
6505.50977,0.81840
6505.81006,0.81820
6506.10010,0.81810
6506.39990,0.81790
6506.70020,0.81780
6507.00000,0.81760
6507.29980,0.81750
6507.60010,0.81740
6507.89990,0.81720
6508.18994,0.81710
6508.49023,0.81690
6508.79004,0.81680
6509.08008,0.81660
6509.39014,0.81650
6509.68018,0.81640
6509.97998,0.81620
6510.27979,0.81610
6510.58008,0.81590
6510.87988,0.81580
6511.18018,0.81560
6511.47998,0.81550
6511.77979,0.81530
6512.08008,0.81520
6512.37012,0.81510
6512.66992,0.81490
6512.97021,0.81480
6513.27002,0.81460
6513.56982,0.81450
6513.87012,0.81430
6514.16992,0.81420
6514.45996,0.81410
6514.75977,0.81390
6515.06006,0.81380
6515.35986,0.81360
6515.66016,0.81350
6515.95996,0.81330
6516.25977,0.81320
6516.54980,0.81310
6516.85010,0.81290
6517.16016,0.81280
6517.45020,0.81260
6517.75000,0.81250
6518.04980,0.81230
6518.35010,0.81220
6518.64990,0.81200
6518.95020,0.81190
6519.25000,0.81180
6519.54980,0.81160
6519.83984,0.81150
6520.14014,0.81130
6520.43994,0.81120
6520.74023,0.81100
6521.04004,0.81090
6521.33984,0.81080
6521.64014,0.81060
6521.93994,0.81050
6522.24023,0.81030
6522.52979,0.81020
6522.83984,0.81000
6523.14014,0.80990
6523.43018,0.80980
6523.72998,0.80960
6524.02979,0.80950
6524.33008,0.80930
6524.62988,0.80920
6524.93018,0.80900
6525.22998,0.80890
6525.52979,0.80870
6525.81982,0.80860
6526.12012,0.80850
6526.41992,0.80830
6526.72998,0.80820
6527.02002,0.80800
6527.31982,0.80790
6527.62012,0.80770
6527.91992,0.80760
6528.22021,0.80750
6528.52002,0.80730
6528.81982,0.80720
6529.12012,0.80700
6529.41992,0.80690
6529.72021,0.80670
6530.02002,0.80660
6530.31982,0.80640
6530.62012,0.80630
6530.91992,0.80620
6531.20996,0.80600
6531.50977,0.80590
6531.81006,0.80570
6532.12012,0.80560
6532.41016,0.80540
6532.70996,0.80530
6533.00977,0.80520
6533.31006,0.80500
6533.62012,0.80490
6533.91016,0.80470
6534.20996,0.80460
6534.50977,0.80440
6534.81006,0.80430
6535.10986,0.80410
6535.41016,0.80400
6535.70996,0.80390
6536.00977,0.80370
6536.31006,0.80360
6536.60986,0.80340
6536.91016,0.80330
6537.20996,0.80310
6537.50977,0.80300
6537.81006,0.80290
6538.10986,0.80270
6538.41016,0.80260
6538.70996,0.80240
6539.00977,0.80230
6539.31006,0.80210
6539.60986,0.80200
6539.91016,0.80180
6540.20996,0.80170
6540.50977,0.80160
6540.81006,0.80140
6541.10986,0.80130
6541.41016,0.80110
6541.70996,0.80100
6542.00977,0.80080
6542.31006,0.80070
6542.60986,0.80050
6542.91016,0.80040
6543.20996,0.80030
6543.50977,0.80010
6543.81006,0.80000
6544.10986,0.79980
6544.41016,0.79970
6544.70996,0.79950
6545.00977,0.79940
6545.31006,0.79920
6545.60986,0.79910
6545.91016,0.79900
6546.20996,0.79880
6546.50977,0.79870
6546.81006,0.79850
6547.10986,0.79840
6547.41016,0.79820
6547.70996,0.79810
6548.00977,0.79800
6548.31006,0.79780
6548.60986,0.79770
6548.91016,0.79750
6549.22021,0.79740
6549.50977,0.79720
6549.81982,0.79710
6550.10986,0.79690
6550.41992,0.79680
6550.72021,0.79660
6551.00977,0.79650
6551.31982,0.79630
6551.62012,0.79620
6551.91992,0.79600
6552.22021,0.79590
6552.52002,0.79570
6552.81982,0.79560
6553.12012,0.79540
6553.41992,0.79530
6553.72021,0.79510
6554.02002,0.79500
6554.31982,0.79480
6554.62012,0.79470
6554.91992,0.79450
6555.22998,0.79440
6555.52002,0.79420
6555.83008,0.79410
6556.12988,0.79390
6556.41992,0.79380
6556.72998,0.79360
6557.02979,0.79350
6557.33008,0.79330
6557.62988,0.79320
6557.93018,0.79300
6558.22998,0.79290
6558.52979,0.79270
6558.83008,0.79260
6559.12988,0.79240
6559.43018,0.79230
6559.72998,0.79210
6560.04004,0.79200
6560.33008,0.79180
6560.64014,0.79170
6560.93994,0.79150
6561.24023,0.79140
6561.54004,0.79120
6561.83984,0.79110
6562.14014,0.79090
6562.43994,0.79080
6562.74023,0.79060
6563.04004,0.79050
6563.33984,0.79030
6563.64990,0.79020
6563.93994,0.79000
6564.25000,0.78990
6564.54980,0.78970
6564.85010,0.78960
6565.14990,0.78940
6565.45020,0.78930
6565.75000,0.78910
6566.06006,0.78900
6566.35986,0.78880
6566.66016,0.78870
6566.95996,0.78850
6567.25977,0.78840
6567.56006,0.78820
6567.85986,0.78810
6568.16016,0.78790
6568.45996,0.78780
6568.75977,0.78760
6569.06982,0.78750
6569.37012,0.78730
6569.66992,0.78720
6569.97021,0.78700
6570.27002,0.78690
6570.56982,0.78670
6570.87012,0.78660
6571.18018,0.78640
6571.47998,0.78630
6571.77979,0.78610
6572.08008,0.78600
6572.39014,0.78580
6572.68994,0.78570
6572.97998,0.78550
6573.27979,0.78540
6573.58984,0.78520
6573.89014,0.78510
6574.18994,0.78490
6574.49023,0.78480
6574.79004,0.78460
6575.08984,0.78450
6575.39990,0.78430
6575.70020,0.78420
6576.00000,0.78400
6576.29980,0.78380
6576.60010,0.78370
6576.89990,0.78350
6577.20996,0.78340
6577.50977,0.78320
6577.81006,0.78310
6578.10986,0.78290
6578.41016,0.78280
6578.70996,0.78260
6579.02002,0.78250
6579.31982,0.78230
6579.62012,0.78220
6579.91992,0.78200
6580.22021,0.78190
6580.52002,0.78170
6580.83008,0.78160
6581.12988,0.78140
6581.43018,0.78130
6581.72998,0.78110
6582.02979,0.78100
6582.33984,0.78080
6582.64014,0.78070
6582.93994,0.78050
6583.24023,0.78040
6583.54004,0.78020
6583.83984,0.78010
6584.14990,0.77990
6584.45020,0.77980
6584.75000,0.77960
6585.04980,0.77950
6585.35010,0.77930
6585.66016,0.77920
6585.95996,0.77900
6586.25977,0.77890
6586.56006,0.77870
6586.87012,0.77860
6587.16992,0.77840
6587.47021,0.77830
6587.77002,0.77810
6588.06982,0.77800
6588.37988,0.77780
6588.68018,0.77770
6588.97998,0.77750
6589.27979,0.77740
6589.58984,0.77720
6589.89014,0.77710
6590.18994,0.77690
6590.49023,0.77680
6590.79004,0.77660
6591.08984,0.77650
6591.39990,0.77630
6591.70020,0.77620
6592.00000,0.77600
6592.31006,0.77580
6592.60986,0.77570
6592.91016,0.77550
6593.20996,0.77540
6593.52002,0.77520
6593.81982,0.77510
6594.12012,0.77490
6594.41992,0.77480
6594.72998,0.77460
6595.02979,0.77450
6595.33008,0.77430
6595.62988,0.77420
6595.93018,0.77400
6596.22998,0.77390
6596.54004,0.77370
6596.83984,0.77360
6597.14014,0.77340
6597.45020,0.77330
6597.75000,0.77310
6598.04980,0.77300
6598.35010,0.77280
6598.66016,0.77270
6598.95996,0.77250
6599.27002,0.77240
6599.56982,0.77220
6599.87012,0.77210
6600.16992,0.77190
6600.47021,0.77170
6600.77979,0.77150
6601.08008,0.77130
6601.37988,0.77110
6601.68018,0.77100
6601.97998,0.77080
6602.29004,0.77060
6602.58984,0.77040
6602.89990,0.77020
6603.20020,0.77000
6603.50000,0.76980
6603.79980,0.76960
6604.10986,0.76950
6604.41016,0.76930
6604.70996,0.76910
6605.02002,0.76890
6605.31982,0.76870
6605.62012,0.76850
6605.93018,0.76830
6606.22998,0.76810
6606.52979,0.76800
6606.83008,0.76780
6607.12988,0.76760
6607.43994,0.76740
6607.74023,0.76720
6608.04004,0.76700
6608.35010,0.76680
6608.64990,0.76660
6608.95020,0.76640
6609.25977,0.76630
6609.56006,0.76610
6609.87012,0.76590
6610.16992,0.76570
6610.47021,0.76550
6610.77979,0.76530
6611.08008,0.76510
6611.37988,0.76490
6611.68018,0.76480
6611.99023,0.76460
6612.29004,0.76440
6612.58984,0.76420
6612.89990,0.76400
6613.20020,0.76380
6613.50000,0.76360
6613.81006,0.76340
6614.10986,0.76330
6614.41016,0.76310
6614.72021,0.76290
6615.02002,0.76270
6615.31982,0.76250
6615.62988,0.76230
6615.93018,0.76210
6616.24023,0.76190
6616.54004,0.76170
6616.83984,0.76160
6617.14014,0.76140
6617.45020,0.76120
6617.75000,0.76100
6618.04980,0.76080
6618.35986,0.76060
6618.66016,0.76040
6618.95996,0.76020
6619.27002,0.76010
6619.56982,0.75990
6619.87988,0.75970
6620.18018,0.75950
6620.47998,0.75930
6620.79004,0.75910
6621.08984,0.75890
6621.39990,0.75870
6621.70020,0.75850
6622.00000,0.75840
6622.29980,0.75820
6622.60986,0.75800
6622.91016,0.75780
6623.22021,0.75760
6623.52002,0.75740
6623.81982,0.75720
6624.12988,0.75700
6624.43018,0.75690
6624.72998,0.75670
6625.04004,0.75650
6625.33984,0.75630
6625.64990,0.75610
6625.95020,0.75590
6626.25977,0.75570
6626.56006,0.75550
6626.87012,0.75530
6627.16992,0.75520
6627.47021,0.75500
6627.77002,0.75480
6628.08008,0.75460
6628.37988,0.75440
6628.68994,0.75420
6628.99023,0.75400
6629.29004,0.75380
6629.60010,0.75360
6629.89990,0.75350
6630.20996,0.75330
6630.50977,0.75310
6630.81006,0.75290
6631.12012,0.75270
6631.41992,0.75250
6631.72998,0.75230
6632.02979,0.75210
6632.33984,0.75200
6632.64014,0.75180
6632.95020,0.75160
6633.25000,0.75140
6633.54980,0.75120
6633.85010,0.75100
6634.16016,0.75080
6634.45996,0.75060
6634.77002,0.75040
6635.06982,0.75030
6635.37988,0.75010
6635.68018,0.74990
6635.97998,0.74970
6636.29004,0.74950
6636.60010,0.74930
6636.89990,0.74910
6637.20996,0.74890
6637.50977,0.74870
6637.81006,0.74860
6638.12012,0.74840
6638.41992,0.74820
6638.72021,0.74800
6639.02979,0.74780
6639.33008,0.74760
6639.64014,0.74740
6639.93994,0.74720
6640.25000,0.74700
6640.54980,0.74690
6640.85010,0.74670
6641.16016,0.74650
6641.47021,0.74630
6641.77002,0.74610
6642.06982,0.74590
6642.37988,0.74570
6642.68994,0.74550
6642.99023,0.74530
6643.29980,0.74520
6643.60010,0.74500
6643.91016,0.74480
6644.20996,0.74460
6644.50977,0.74440
6644.81982,0.74420
6645.12012,0.74400
6645.43018,0.74380
6645.72998,0.74360
6646.04004,0.74350
6646.33984,0.74330
6646.64990,0.74310
6646.95020,0.74290
6647.25977,0.74270
6647.56006,0.74250
6647.85986,0.74230
6648.16992,0.74210
6648.47998,0.74190
6648.77979,0.74180
6649.08984,0.74160
6649.39014,0.74140
6649.70020,0.74120
6650.00000,0.74100
6650.31006,0.74080
6650.60986,0.74060
6650.91992,0.74050
6651.22021,0.74030
6651.52002,0.74010
6651.83008,0.73990
6652.14014,0.73980
6652.43994,0.73960
6652.75000,0.73940
6653.04980,0.73920
6653.35986,0.73910
6653.66016,0.73890
6653.97021,0.73870
6654.27002,0.73850
6654.58008,0.73830
6654.87988,0.73820
6655.18994,0.73800
6655.49023,0.73780
6655.79980,0.73760
6656.10010,0.73750
6656.41016,0.73730
6656.70996,0.73710
6657.02002,0.73690
6657.31982,0.73680
6657.62988,0.73660
6657.93018,0.73640
6658.24023,0.73620
6658.54004,0.73600
6658.85010,0.73590
6659.16016,0.73570
6659.45996,0.73550
6659.77002,0.73530
6660.08008,0.73520
6660.37988,0.73500
6660.68018,0.73480
6660.99023,0.73460
6661.29004,0.73440
6661.60010,0.73430
6661.89990,0.73410
6662.20996,0.73390
6662.52002,0.73370
6662.81982,0.73360
6663.12988,0.73340
6663.43018,0.73320
6663.74023,0.73300
6664.04004,0.73290
6664.35010,0.73270
6664.66016,0.73250
6664.95996,0.73230
6665.27002,0.73210
6665.56982,0.73200
6665.87988,0.73180
6666.18018,0.73160
6666.49023,0.73140
6666.79980,0.73130
6667.10010,0.73110
6667.41016,0.73090
6667.70996,0.73070
6668.02002,0.73060
6668.31982,0.73040
6668.62988,0.73020
6668.93994,0.73000
6669.24023,0.72980
6669.54980,0.72970
6669.85010,0.72950
6670.16016,0.72930
6670.47021,0.72910
6670.77979,0.72900
6671.08008,0.72880
6671.37988,0.72860
6671.68994,0.72840
6672.00000,0.72820
6672.29980,0.72810
6672.60986,0.72790
6672.91016,0.72770
6673.22021,0.72750
6673.52002,0.72740
6673.83008,0.72720
6674.14014,0.72700
6674.45020,0.72680
6674.75000,0.72660
6675.04980,0.72650
6675.35986,0.72630
6675.66992,0.72610
6675.97998,0.72590
6676.27979,0.72580
6676.58984,0.72560
6676.89014,0.72540
6677.20020,0.72520
6677.50977,0.72500
6677.81006,0.72490
6678.12012,0.72470
6678.41992,0.72450
6678.72998,0.72430
6679.02979,0.72420
6679.33984,0.72400
6679.64990,0.72380
6679.95996,0.72360
6680.25977,0.72340
6680.56982,0.72330
6680.87988,0.72310
6681.18018,0.72290
6681.49023,0.72270
6681.79980,0.72260
6682.10010,0.72240
6682.41016,0.72220
6682.70996,0.72200
6683.02002,0.72180
6683.33008,0.72170
6683.62988,0.72150
6683.93994,0.72130
6684.24023,0.72110
6684.54980,0.72100
6684.85986,0.72080
6685.16016,0.72060
6685.47021,0.72040
6685.77979,0.72020
6686.08984,0.72010
6686.39014,0.71990
6686.70020,0.71970
6687.00977,0.71950
6687.31982,0.71940
6687.62012,0.71920
6687.93018,0.71900
6688.22998,0.71880
6688.54004,0.71860
6688.85010,0.71850
6689.14990,0.71830
6689.45996,0.71810
6689.75977,0.71790
6690.06982,0.71780
6690.37988,0.71760
6690.68994,0.71740
6691.00000,0.71720
6691.29980,0.71700
6691.60986,0.71690
6691.91992,0.71670
6692.22021,0.71650
6692.52979,0.71630
6692.83984,0.71620
6693.14014,0.71600
6693.45020,0.71580
6693.75977,0.71560
6694.06006,0.71540
6694.37012,0.71530
6694.68018,0.71510
6694.99023,0.71490
6695.29004,0.71470
6695.60010,0.71460
6695.89990,0.71440
6696.20996,0.71420
6696.52002,0.71400
6696.83008,0.71380
6697.14014,0.71370
6697.43994,0.71350
6697.75000,0.71330
6698.06006,0.71310
6698.35986,0.71290
6698.66992,0.71280
6698.97998,0.71260
6699.29004,0.71240
6699.58984,0.71220
6699.89990,0.71210
6700.20996,0.71190
6700.52002,0.71170
6700.81982,0.71150
6701.12988,0.71130
6701.43994,0.71110
6701.74023,0.71090
6702.04980,0.71060
6702.35986,0.71040
6702.66016,0.71020
6702.97021,0.71000
6703.27979,0.70980
6703.58984,0.70960
6703.89990,0.70940
6704.20020,0.70920
6704.50977,0.70900
6704.81982,0.70880
6705.12988,0.70860
6705.43018,0.70840
6705.74023,0.70820
6706.04980,0.70800
6706.35010,0.70780
6706.66016,0.70760
6706.97021,0.70740
6707.27979,0.70720
6707.58984,0.70700
6707.89014,0.70680
6708.20020,0.70660
6708.50977,0.70640
6708.81982,0.70620
6709.12012,0.70600
6709.43018,0.70580
6709.74023,0.70560
6710.04980,0.70540
6710.35010,0.70520
6710.66016,0.70500
6710.97021,0.70480
6711.27979,0.70460
6711.58984,0.70440
6711.89014,0.70420
6712.20020,0.70390
6712.50977,0.70370
6712.81006,0.70350
6713.12012,0.70330
6713.43018,0.70310
6713.74023,0.70290
6714.04980,0.70270
6714.35986,0.70250
6714.66992,0.70230
6714.97021,0.70210
6715.27979,0.70190
6715.58984,0.70170
6715.89990,0.70150
6716.20020,0.70130
6716.50977,0.70110
6716.81982,0.70090
6717.12988,0.70070
6717.43994,0.70050
6717.75000,0.70030
6718.04980,0.70010
6718.35986,0.69990
6718.66992,0.69970
6718.97998,0.69950
6719.29004,0.69930
6719.58984,0.69910
6719.89990,0.69890
6720.20996,0.69870
6720.52002,0.69850
6720.83008,0.69830
6721.14014,0.69810
6721.45020,0.69780
6721.75000,0.69760
6722.06006,0.69740
6722.37012,0.69720
6722.68018,0.69700
6722.97998,0.69680
6723.29004,0.69660
6723.60010,0.69640
6723.91016,0.69620
6724.22021,0.69600
6724.52979,0.69580
6724.83008,0.69560
6725.14014,0.69540
6725.45020,0.69520
6725.75977,0.69500
6726.06982,0.69480
6726.37988,0.69460
6726.68994,0.69440
6726.99023,0.69420
6727.29980,0.69400
6727.60986,0.69380
6727.91992,0.69360
6728.22998,0.69340
6728.54004,0.69320
6728.83984,0.69300
6729.14990,0.69280
6729.45996,0.69260
6729.77002,0.69240
6730.08008,0.69210
6730.39014,0.69190
6730.68994,0.69170
6731.00977,0.69150
6731.31982,0.69130
6731.62012,0.69110
6731.93018,0.69090
6732.24023,0.69070
6732.54980,0.69050
6732.85986,0.69030
6733.16992,0.69010
6733.47021,0.68990
6733.77979,0.68970
6734.08984,0.68950
6734.39990,0.68930
6734.70996,0.68910
6735.02002,0.68890
6735.33008,0.68870
6735.64014,0.68850
6735.95020,0.68830
6736.25000,0.68810
6736.56982,0.68790
6736.87988,0.68770
6737.18018,0.68750
6737.49023,0.68730
6737.79980,0.68710
6738.10986,0.68680
6738.41992,0.68660
6738.72998,0.68640
6739.04004,0.68620
6739.35010,0.68600
6739.64990,0.68580
6739.95996,0.68560
6740.27002,0.68540
6740.58008,0.68520
6740.89014,0.68500
6741.20020,0.68480
6741.50977,0.68460
6741.81982,0.68440
6742.12988,0.68420
6742.43994,0.68400
6742.75000,0.68380
6743.06006,0.68360
6743.37012,0.68340
6743.68018,0.68320
6743.97998,0.68300
6744.29004,0.68280
6744.60010,0.68260
6744.91016,0.68240
6745.22021,0.68220
6745.52979,0.68200
6745.83984,0.68170
6746.14990,0.68150
6746.45996,0.68130
6746.77002,0.68110
6747.08008,0.68090
6747.37988,0.68070
6747.68994,0.68050
6748.00977,0.68030
6748.31982,0.68010
6748.62988,0.67990
6748.93994,0.67970
6749.24023,0.67950
6749.54980,0.67930
6749.85986,0.67910
6750.16992,0.67890
6750.47998,0.67870
6750.79004,0.67860
6751.10010,0.67840
6751.41016,0.67820
6751.72021,0.67810
6752.02979,0.67790
6752.33984,0.67770
6752.64990,0.67760
6752.95996,0.67740
6753.27002,0.67720
6753.58008,0.67710
6753.89014,0.67690
6754.20020,0.67670
6754.50977,0.67660
6754.81982,0.67640
6755.12988,0.67620
6755.43994,0.67610
6755.75000,0.67590
6756.06006,0.67570
6756.37012,0.67560
6756.66992,0.67540
6756.97998,0.67520
6757.29980,0.67510
6757.60010,0.67490
6757.91992,0.67470
6758.22998,0.67460
6758.54004,0.67440
6758.85010,0.67420
6759.14990,0.67410
6759.47021,0.67390
6759.77979,0.67370
6760.08984,0.67360
6760.39990,0.67340
6760.70996,0.67320
6761.02002,0.67300
6761.33008,0.67290
6761.62988,0.67270
6761.95020,0.67250
6762.25000,0.67240
6762.56982,0.67220
6762.87012,0.67200
6763.18994,0.67190
6763.49023,0.67170
6763.81006,0.67150
6764.12012,0.67140
6764.43018,0.67120
6764.74023,0.67100
6765.04980,0.67090
6765.35986,0.67070
6765.66992,0.67050
6765.97998,0.67040
6766.29004,0.67020
6766.60010,0.67000
6766.91016,0.66990
6767.22021,0.66970
6767.52979,0.66950
6767.83984,0.66940
6768.14990,0.66920
6768.45996,0.66900
6768.77002,0.66890
6769.08008,0.66870
6769.39014,0.66850
6769.70996,0.66840
6770.00977,0.66820
6770.33008,0.66800
6770.64014,0.66790
6770.95020,0.66770
6771.25977,0.66750
6771.56982,0.66740
6771.87988,0.66720
6772.18994,0.66700
6772.50000,0.66680
6772.81006,0.66670
6773.12012,0.66650
6773.43018,0.66640
6773.74023,0.66620
6774.04980,0.66600
6774.35986,0.66580
6774.66992,0.66570
6774.97998,0.66550
6775.29004,0.66530
6775.60986,0.66520
6775.91016,0.66500
6776.22998,0.66480
6776.54004,0.66470
6776.85010,0.66450
6777.16016,0.66430
6777.47021,0.66420
6777.77979,0.66400
6778.08984,0.66380
6778.39990,0.66370
6778.70996,0.66350
6779.02002,0.66330
6779.33008,0.66320
6779.64990,0.66300
6779.95996,0.66280
6780.27002,0.66270
6780.58008,0.66250
6780.89014,0.66230
6781.20020,0.66220
6781.50977,0.66200
6781.81982,0.66180
6782.14014,0.66160
6782.45020,0.66150
6782.75977,0.66130
6783.06982,0.66110
6783.37988,0.66100
6783.68994,0.66080
6784.00000,0.66060
6784.31006,0.66050
6784.62012,0.66030
6784.93018,0.66010
6785.24023,0.66000
6785.56006,0.65980
6785.85986,0.65960
6786.18018,0.65950
6786.49023,0.65930
6786.79980,0.65910
6787.10986,0.65900
6787.43018,0.65880
6787.72998,0.65860
6788.04980,0.65850
6788.35986,0.65830
6788.66992,0.65810
6788.97998,0.65800
6789.29004,0.65780
6789.60010,0.65760
6789.91992,0.65740
6790.22021,0.65730
6790.54004,0.65710
6790.85010,0.65690
6791.16016,0.65680
6791.47021,0.65660
6791.77979,0.65640
6792.10010,0.65630
6792.41016,0.65610
6792.72021,0.65590
6793.02979,0.65580
6793.33984,0.65560
6793.66016,0.65540
6793.95996,0.65530
6794.27979,0.65510
6794.58984,0.65490
6794.89990,0.65480
6795.20996,0.65460
6795.52002,0.65440
6795.83008,0.65430
6796.14014,0.65410
6796.45996,0.65390
6796.77002,0.65370
6797.08008,0.65360
6797.39014,0.65340
6797.70020,0.65320
6798.02002,0.65310
6798.33008,0.65290
6798.64014,0.65270
6798.95020,0.65260
6799.27002,0.65240
6799.58008,0.65220
6799.89014,0.65210
6800.20020,0.65190
6800.50977,0.65170
6800.81982,0.65150
6801.12988,0.65130
6801.45020,0.65110
6801.75977,0.65090
6802.06982,0.65070
6802.37988,0.65050
6802.68994,0.65030
6803.00000,0.65010
6803.31982,0.64990
6803.62988,0.64970
6803.93994,0.64960
6804.25977,0.64940
6804.56982,0.64920
6804.87988,0.64900
6805.18994,0.64880
6805.50000,0.64860
6805.81006,0.64840
6806.12988,0.64820
6806.43994,0.64800
6806.75000,0.64780
6807.06006,0.64760
6807.37988,0.64740
6807.68994,0.64720
6808.00000,0.64700
6808.31006,0.64680
6808.62012,0.64670
6808.93994,0.64650
6809.25000,0.64630
6809.56006,0.64610
6809.87988,0.64590
6810.18994,0.64570
6810.50000,0.64550
6810.81006,0.64530
6811.12012,0.64510
6811.43018,0.64490
6811.75000,0.64470
6812.06006,0.64450
6812.37012,0.64430
6812.68018,0.64410
6812.99023,0.64390
6813.31006,0.64370
6813.62012,0.64360
6813.93018,0.64340
6814.25000,0.64320
6814.56006,0.64300
6814.87012,0.64280
6815.18018,0.64260
6815.50000,0.64240
6815.81006,0.64220
6816.12988,0.64200
6816.43994,0.64180
6816.75000,0.64160
6817.06006,0.64140
6817.37012,0.64120
6817.68994,0.64100
6818.00000,0.64080
6818.31006,0.64060
6818.62012,0.64050
6818.93018,0.64030
6819.25000,0.64010
6819.56006,0.63990
6819.87988,0.63970
6820.18994,0.63950
6820.50000,0.63930
6820.81006,0.63910
6821.12988,0.63890
6821.43994,0.63870
6821.75977,0.63850
6822.06982,0.63830
6822.37988,0.63810
6822.68994,0.63790
6823.00000,0.63770
6823.31982,0.63750
6823.62988,0.63740
6823.93994,0.63720
6824.25000,0.63700
6824.56006,0.63680
6824.87988,0.63660
6825.18994,0.63640
6825.50977,0.63620
6825.81982,0.63600
6826.12988,0.63580
6826.45020,0.63560
6826.75977,0.63540
6827.08008,0.63520
6827.39014,0.63500
6827.70020,0.63480
6828.00977,0.63460
6828.31982,0.63440
6828.64014,0.63420
6828.95020,0.63400
6829.25977,0.63390
6829.58008,0.63370
6829.89014,0.63350
6830.20020,0.63330
6830.52002,0.63310
6830.83008,0.63290
6831.14014,0.63270
6831.45996,0.63250
6831.77002,0.63230
6832.08008,0.63210
6832.39990,0.63190
6832.70996,0.63170
6833.02979,0.63150
6833.33984,0.63130
6833.64990,0.63110
6833.97021,0.63090
6834.27979,0.63070
6834.58984,0.63060
6834.91016,0.63040
6835.22021,0.63020
6835.52979,0.63000
6835.83984,0.62980
6836.16016,0.62960
6836.47021,0.62940
6836.77979,0.62920
6837.10010,0.62900
6837.41016,0.62880
6837.72998,0.62860
6838.04004,0.62840
6838.35010,0.62820
6838.66992,0.62800
6838.97998,0.62780
6839.29980,0.62760
6839.60986,0.62740
6839.91992,0.62720
6840.24023,0.62710
6840.54980,0.62690
6840.85986,0.62670
6841.16992,0.62650
6841.49023,0.62630
6841.79980,0.62610
6842.12012,0.62590
6842.43018,0.62570
6842.75000,0.62550
6843.06006,0.62530
6843.37012,0.62510
6843.68994,0.62490
6844.00000,0.62470
6844.31982,0.62450
6844.62988,0.62430
6844.93994,0.62410
6845.25977,0.62390
6845.56982,0.62370
6845.89014,0.62360
6846.20020,0.62340
6846.50977,0.62320
6846.81982,0.62300
6847.14014,0.62280
6847.45020,0.62260
6847.77002,0.62240
6848.08008,0.62220
6848.39990,0.62200
6848.70996,0.62180
6849.02002,0.62160
6849.33984,0.62140
6849.66016,0.62120
6849.97021,0.62100
6850.27979,0.62080
6850.60010,0.62070
6850.91016,0.62050
6851.22998,0.62030
6851.54004,0.62010
6851.85010,0.62000
6852.16992,0.61980
6852.47998,0.61960
6852.79004,0.61940
6853.10986,0.61930
6853.41992,0.61910
6853.74023,0.61890
6854.04980,0.61870
6854.37012,0.61860
6854.68018,0.61840
6854.99023,0.61820
6855.31006,0.61800
6855.62988,0.61780
6855.93994,0.61770
6856.25977,0.61750
6856.56982,0.61730
6856.87988,0.61710
6857.20020,0.61700
6857.50977,0.61680
6857.83008,0.61660
6858.14014,0.61640
6858.45020,0.61630
6858.77002,0.61610
6859.08008,0.61590
6859.39990,0.61570
6859.70996,0.61560
6860.02979,0.61540
6860.33984,0.61520
6860.66016,0.61500
6860.97021,0.61490
6861.29004,0.61470
6861.60010,0.61450
6861.91992,0.61430
6862.22998,0.61420
6862.54004,0.61400
6862.85986,0.61380
6863.16992,0.61360
6863.49023,0.61340
6863.79980,0.61330
6864.12012,0.61310
6864.43018,0.61290
6864.74023,0.61270
6865.06006,0.61260
6865.37988,0.61240
6865.68994,0.61220
6866.00977,0.61200
6866.31982,0.61190
6866.64014,0.61170
6866.95020,0.61150
6867.27002,0.61130
6867.58984,0.61120
6867.89990,0.61100
6868.20996,0.61080
6868.52979,0.61060
6868.83984,0.61040
6869.16016,0.61030
6869.47021,0.61010
6869.79004,0.60990
6870.10010,0.60970
6870.41992,0.60960
6870.72998,0.60940
6871.04980,0.60920
6871.35986,0.60900
6871.68018,0.60890
6871.99023,0.60870
6872.31006,0.60850
6872.62988,0.60830
6872.93994,0.60820
6873.25977,0.60800
6873.56982,0.60780
6873.89014,0.60760
6874.20020,0.60740
6874.52002,0.60730
6874.83008,0.60710
6875.14990,0.60690
6875.45996,0.60670
6875.77002,0.60660
6876.08984,0.60640
6876.41016,0.60620
6876.72021,0.60600
6877.04004,0.60590
6877.35010,0.60570
6877.66992,0.60550
6877.99023,0.60530
6878.29980,0.60520
6878.62012,0.60500
6878.93018,0.60480
6879.25000,0.60460
6879.56006,0.60440
6879.87988,0.60430
6880.18994,0.60410
6880.50977,0.60390
6880.81982,0.60370
6881.14014,0.60360
6881.45020,0.60340
6881.77002,0.60320
6882.08984,0.60300
6882.39990,0.60290
6882.72021,0.60270
6883.02979,0.60250
6883.35010,0.60230
6883.66992,0.60210
6883.97998,0.60200
6884.29980,0.60180
6884.60986,0.60160
6884.93018,0.60140
6885.24023,0.60130
6885.56006,0.60110
6885.87012,0.60090
6886.18994,0.60070
6886.50000,0.60060
6886.81982,0.60040
6887.14014,0.60020
6887.45020,0.60000
6887.77002,0.59980
6888.08984,0.59970
6888.39990,0.59950
6888.72021,0.59930
6889.02979,0.59910
6889.35010,0.59900
6889.66992,0.59880
6889.97998,0.59860
6890.29980,0.59840
6890.62012,0.59830
6890.93018,0.59810
6891.24023,0.59790
6891.56006,0.59770
6891.87988,0.59750
6892.18994,0.59740
6892.50977,0.59720
6892.81982,0.59700
6893.14014,0.59680
6893.45996,0.59670
6893.77002,0.59650
6894.08984,0.59630
6894.41016,0.59610
6894.72021,0.59600
6895.04004,0.59580
6895.35986,0.59560
6895.68018,0.59540
6895.99023,0.59520
6896.29980,0.59510
6896.62012,0.59490
6896.93994,0.59470
6897.25000,0.59450
6897.56982,0.59440
6897.89014,0.59420
6898.20020,0.59400
6898.52002,0.59380
6898.83008,0.59370
6899.14990,0.59350
6899.47021,0.59330
6899.77979,0.59310
6900.10010,0.59290
6900.41992,0.59280
6900.72998,0.59260
6901.04980,0.59240
6901.37012,0.59220
6901.68994,0.59200
6902.00000,0.59180
6902.31982,0.59170
6902.62988,0.59150
6902.95020,0.59130
6903.27002,0.59110
6903.58008,0.59090
6903.89014,0.59070
6904.20996,0.59060
6904.52979,0.59040
6904.85010,0.59020
6905.16016,0.59000
6905.47998,0.58980
6905.79980,0.58960
6906.12012,0.58950
6906.43018,0.58930
6906.75000,0.58910
6907.06982,0.58890
6907.37988,0.58870
6907.70020,0.58850
6908.02002,0.58830
6908.33008,0.58820
6908.64990,0.58800
6908.97021,0.58780
6909.27979,0.58760
6909.60010,0.58740
6909.91992,0.58720
6910.22998,0.58710
6910.54980,0.58690
6910.85986,0.58670
6911.18018,0.58650
6911.50000,0.58630
6911.81982,0.58610
6912.14014,0.58600
6912.45020,0.58580
6912.77002,0.58560
6913.08984,0.58540
6913.41016,0.58520
6913.72998,0.58500
6914.04004,0.58490
6914.35986,0.58470
6914.66992,0.58450
6914.99023,0.58430
6915.29980,0.58410
6915.62012,0.58390
6915.93994,0.58380
6916.25977,0.58360
6916.56982,0.58340
6916.89014,0.58320
6917.20996,0.58300
6917.52979,0.58280
6917.85010,0.58260
6918.16016,0.58250
6918.47998,0.58230
6918.79980,0.58210
6919.10986,0.58190
6919.43018,0.58170
6919.75000,0.58150
6920.06982,0.58140
6920.37988,0.58120
6920.70020,0.58100
6921.02002,0.58080
6921.33984,0.58060
6921.64990,0.58040
6921.97021,0.58030
6922.29004,0.58010
6922.60010,0.57990
6922.91992,0.57970
6923.24023,0.57950
6923.56006,0.57930
6923.87012,0.57920
6924.18994,0.57900
6924.50977,0.57880
6924.83008,0.57860
6925.14014,0.57840
6925.45996,0.57820
6925.77979,0.57800
6926.10010,0.57790
6926.41016,0.57770
6926.72998,0.57750
6927.04980,0.57730
6927.37012,0.57710
6927.68994,0.57690
6928.00000,0.57680
6928.31982,0.57660
6928.64014,0.57640
6928.95996,0.57620
6929.27002,0.57600
6929.58984,0.57580
6929.91016,0.57570
6930.22998,0.57550
6930.54004,0.57530
6930.85986,0.57510
6931.18018,0.57490
6931.50000,0.57470
6931.81982,0.57450
6932.14014,0.57440
6932.45996,0.57420
6932.77002,0.57400
6933.08984,0.57380
6933.41016,0.57360
6933.72998,0.57340
6934.04004,0.57330
6934.35986,0.57310
6934.68018,0.57290
6935.00000,0.57270
6935.31006,0.57250
6935.62988,0.57230
6935.95020,0.57210
6936.27002,0.57200
6936.58984,0.57180
6936.91016,0.57160
6937.22998,0.57140
6937.54004,0.57120
6937.85986,0.57100
6938.18018,0.57090
6938.50000,0.57070
6938.81982,0.57050
6939.12988,0.57030
6939.45020,0.57010
6939.77002,0.56990
6940.08984,0.56970
6940.41016,0.56960
6940.72998,0.56940
6941.04004,0.56920
6941.35986,0.56900
6941.68018,0.56880
6942.00000,0.56860
6942.31982,0.56850
6942.64014,0.56830
6942.95020,0.56810
6943.27002,0.56790
6943.58984,0.56770
6943.91016,0.56750
6944.22998,0.56730
6944.54980,0.56720
6944.87012,0.56700
6945.18994,0.56680
6945.50000,0.56660
6945.81982,0.56640
6946.14014,0.56620
6946.45996,0.56610
6946.77979,0.56590
6947.08984,0.56570
6947.41016,0.56550
6947.72998,0.56530
6948.04980,0.56510
6948.37012,0.56490
6948.68994,0.56480
6949.00977,0.56460
6949.33008,0.56440
6949.64014,0.56420
6949.95996,0.56400
6950.27979,0.56380
6950.60010,0.56360
6950.91992,0.56340
6951.24023,0.56330
6951.56006,0.56310
6951.87988,0.56290
6952.18994,0.56270
6952.50977,0.56250
6952.83008,0.56230
6953.14990,0.56210
6953.47021,0.56190
6953.79004,0.56170
6954.10986,0.56150
6954.43018,0.56130
6954.75000,0.56120
6955.06006,0.56100
6955.37988,0.56080
6955.70020,0.56060
6956.02002,0.56040
6956.33984,0.56020
6956.66016,0.56000
6956.97998,0.55980
6957.29980,0.55960
6957.62012,0.55940
6957.93994,0.55920
6958.25000,0.55900
6958.56982,0.55890
6958.89014,0.55870
6959.20996,0.55850
6959.52979,0.55830
6959.85010,0.55810
6960.16992,0.55790
6960.49023,0.55770
6960.81006,0.55750
6961.12988,0.55730
6961.45020,0.55710
6961.75977,0.55690
6962.08984,0.55670
6962.41016,0.55660
6962.72021,0.55640
6963.04004,0.55620
6963.37012,0.55600
6963.68018,0.55580
6964.00000,0.55560
6964.31982,0.55540
6964.64014,0.55520
6964.95996,0.55500
6965.27979,0.55480
6965.60010,0.55460
6965.91992,0.55440
6966.24023,0.55430
6966.56006,0.55410
6966.87988,0.55390
6967.20020,0.55370
6967.50977,0.55350
6967.83008,0.55330
6968.14990,0.55310
6968.47998,0.55290
6968.79004,0.55270
6969.10986,0.55250
6969.43018,0.55230
6969.75000,0.55210
6970.06982,0.55200
6970.39014,0.55180
6970.70996,0.55160
6971.02979,0.55140
6971.35010,0.55120
6971.66992,0.55100
6971.99023,0.55080
6972.31006,0.55060
6972.62988,0.55040
6972.95020,0.55020
6973.27002,0.55000
6973.58984,0.54980
6973.91016,0.54970
6974.22998,0.54950
6974.54980,0.54930
6974.87012,0.54910
6975.18994,0.54890
6975.50977,0.54870
6975.83008,0.54850
6976.14990,0.54830
6976.47021,0.54810
6976.79004,0.54790
6977.10986,0.54770
6977.43018,0.54750
6977.75000,0.54740
6978.06982,0.54720
6978.39014,0.54700
6978.70996,0.54680
6979.02979,0.54660
6979.35010,0.54640
6979.66992,0.54620
6979.99023,0.54600
6980.31006,0.54580
6980.62988,0.54560
6980.95020,0.54540
6981.27002,0.54520
6981.58984,0.54500
6981.91016,0.54490
6982.22998,0.54470
6982.54980,0.54450
6982.87012,0.54430
6983.18994,0.54410
6983.50977,0.54390
6983.83008,0.54370
6984.14990,0.54350
6984.47021,0.54330
6984.79004,0.54310
6985.10986,0.54290
6985.43018,0.54270
6985.75000,0.54250
6986.06982,0.54240
6986.39014,0.54220
6986.72021,0.54200
6987.02979,0.54180
6987.35986,0.54160
6987.66992,0.54140
6988.00000,0.54120
6988.31982,0.54100
6988.64014,0.54080
6988.95996,0.54060
6989.27979,0.54040
6989.60010,0.54020
6989.91992,0.54000
6990.24023,0.53990
6990.56006,0.53970
6990.87988,0.53950
6991.20020,0.53930
6991.52002,0.53910
6991.85010,0.53890
6992.16016,0.53870
6992.47998,0.53850
6992.79980,0.53830
6993.12012,0.53810
6993.45020,0.53790
6993.77002,0.53770
6994.08984,0.53750
6994.41016,0.53740
6994.72998,0.53720
6995.04980,0.53700
6995.37012,0.53680
6995.68994,0.53660
6996.02002,0.53640
6996.33008,0.53620
6996.64990,0.53600
6996.97998,0.53580
6997.29004,0.53560
6997.62012,0.53540
6997.93994,0.53520
6998.25977,0.53500
6998.58008,0.53490
6998.89990,0.53470
6999.22021,0.53450
6999.54980,0.53430
6999.85986,0.53410
7000.18018,0.53390
7000.50977,0.53370
7000.83008,0.53350
7001.14990,0.53330
7001.47021,0.53310
7001.79004,0.53290
7002.10986,0.53270
7002.43018,0.53250
7002.75977,0.53230
7003.08008,0.53210
7003.39014,0.53190
7003.72021,0.53170
7004.04004,0.53150
7004.35986,0.53130
7004.68018,0.53110
7005.00000,0.53090
7005.31982,0.53070
7005.64990,0.53050
7005.97021,0.53030
7006.29004,0.53010
7006.60986,0.52990
7006.93018,0.52970
7007.25000,0.52950
7007.56982,0.52930
7007.89014,0.52910
7008.22021,0.52890
7008.54004,0.52870
7008.85986,0.52850
7009.18018,0.52830
7009.50000,0.52810
7009.83008,0.52790
7010.14990,0.52770
7010.45996,0.52750
7010.79004,0.52730
7011.10986,0.52710
7011.43018,0.52690
7011.75000,0.52670
7012.06982,0.52650
7012.39990,0.52630
7012.72021,0.52610
7013.04004,0.52590
7013.35986,0.52570
7013.68018,0.52550
7014.00977,0.52530
7014.33008,0.52510
7014.64014,0.52490
7014.97021,0.52470
7015.29004,0.52450
7015.60986,0.52430
7015.93994,0.52410
7016.25000,0.52390
7016.58008,0.52370
7016.89990,0.52350
7017.22021,0.52330
7017.54004,0.52310
7017.85986,0.52290
7018.18018,0.52270
7018.50977,0.52250
7018.83008,0.52230
7019.14990,0.52210
7019.47998,0.52190
7019.79980,0.52170
7020.12012,0.52150
7020.43994,0.52130
7020.75977,0.52110
7021.08984,0.52090
7021.41016,0.52070
7021.72998,0.52050
7022.04980,0.52030
7022.37012,0.52010
7022.68994,0.51990
7023.02002,0.51970
7023.33984,0.51950
7023.66016,0.51930
7023.99023,0.51910
7024.31006,0.51890
7024.62988,0.51870
7024.95020,0.51850
7025.27002,0.51830
7025.58984,0.51810
7025.91016,0.51790
7026.24023,0.51770
7026.56006,0.51750
7026.87988,0.51730
7027.20996,0.51710
7027.52979,0.51690
7027.85010,0.51670
7028.16992,0.51650
7028.49023,0.51630
7028.81006,0.51610
7029.14014,0.51590
7029.45996,0.51570
7029.77979,0.51550
7030.10986,0.51530
7030.43018,0.51510
7030.75000,0.51490
7031.06982,0.51470
7031.39990,0.51450
7031.72021,0.51430
7032.04004,0.51410
7032.35986,0.51390
7032.68994,0.51370
7033.00977,0.51350
7033.33008,0.51330
7033.64990,0.51310
7033.97998,0.51290
7034.29980,0.51270
7034.62012,0.51250
7034.95020,0.51230
7035.27002,0.51210
7035.58984,0.51190
7035.91016,0.51170
7036.24023,0.51150
7036.56006,0.51130
7036.87988,0.51110
7037.20020,0.51090
7037.52979,0.51070
7037.85010,0.51050
7038.16992,0.51030
7038.50000,0.51010
7038.81982,0.50990
7039.14014,0.50970
7039.45996,0.50950
7039.77979,0.50930
7040.10986,0.50910
7040.43018,0.50890
7040.75000,0.50870
7041.08008,0.50850
7041.39990,0.50830
7041.72021,0.50810
7042.04980,0.50790
7042.37012,0.50770
7042.68994,0.50750
7043.00977,0.50730
7043.33008,0.50710
7043.66016,0.50690
7043.97998,0.50670
7044.31006,0.50650
7044.62988,0.50630
7044.95996,0.50610
7045.27979,0.50590
7045.60010,0.50570
7045.91992,0.50550
7046.25000,0.50530
7046.56982,0.50510
7046.89014,0.50490
7047.20996,0.50470
7047.54004,0.50450
7047.85986,0.50430
7048.18994,0.50410
7048.50977,0.50390
7048.83008,0.50370
7049.16016,0.50350
7049.47998,0.50330
7049.79980,0.50310
7050.12012,0.50290
7050.45020,0.50270
7050.77002,0.50260
7051.10010,0.50240
7051.41992,0.50220
7051.74023,0.50200
7052.06006,0.50180
7052.39014,0.50160
7052.70996,0.50140
7053.04004,0.50120
7053.35986,0.50110
7053.68994,0.50090
7054.00000,0.50070
7054.33008,0.50050
7054.64990,0.50030
7054.97998,0.50010
7055.29980,0.49990
7055.62012,0.49970
7055.95020,0.49960
7056.27002,0.49940
7056.58984,0.49920
7056.91992,0.49900
7057.24023,0.49880
7057.56006,0.49860
7057.89014,0.49840
7058.20996,0.49820
7058.54004,0.49800
7058.85986,0.49790
7059.18018,0.49770
7059.50977,0.49750
7059.83008,0.49730
7060.16016,0.49710
7060.47998,0.49690
7060.79980,0.49670
7061.12012,0.49650
7061.45020,0.49640
7061.77002,0.49620
7062.10010,0.49600
7062.41992,0.49580
7062.74023,0.49560
7063.06982,0.49540
7063.39014,0.49520
7063.72021,0.49500
7064.04004,0.49490
7064.37012,0.49470
7064.68994,0.49450
7065.00977,0.49430
7065.33984,0.49410
7065.66016,0.49390
7065.97998,0.49370
7066.31006,0.49350
7066.62988,0.49340
7066.95996,0.49320
7067.27979,0.49300
7067.60986,0.49280
7067.93018,0.49260
7068.25000,0.49240
7068.58008,0.49220
7068.89990,0.49200
7069.22998,0.49180
7069.54980,0.49170
7069.87988,0.49150
7070.20020,0.49130
7070.52002,0.49110
7070.85010,0.49090
7071.18018,0.49070
7071.50000,0.49050
7071.81982,0.49030
7072.14014,0.49020
7072.47021,0.49000
7072.79004,0.48980
7073.12012,0.48960
7073.43994,0.48940
7073.77002,0.48920
7074.08984,0.48900
7074.41992,0.48880
7074.74023,0.48870
7075.06982,0.48850
7075.39014,0.48830
7075.70996,0.48810
7076.04004,0.48790
7076.35986,0.48770
7076.68994,0.48750
7077.00977,0.48730
7077.33984,0.48710
7077.66016,0.48700
7077.99023,0.48680
7078.31006,0.48660
7078.64014,0.48640
7078.95996,0.48620
7079.27979,0.48600
7079.60986,0.48580
7079.93018,0.48560
7080.25977,0.48550
7080.58008,0.48530
7080.91016,0.48510
7081.22998,0.48490
7081.56006,0.48470
7081.87988,0.48450
7082.20996,0.48430
7082.54004,0.48410
7082.85010,0.48390
7083.18018,0.48380
7083.50977,0.48360
7083.83008,0.48340
7084.16016,0.48320
7084.47998,0.48300
7084.81006,0.48280
7085.12988,0.48260
7085.45996,0.48240
7085.77979,0.48220
7086.10986,0.48210
7086.43018,0.48190
7086.75000,0.48170
7087.08008,0.48150
7087.39990,0.48130
7087.72998,0.48110
7088.04980,0.48090
7088.37988,0.48070
7088.70996,0.48050
7089.02979,0.48040
7089.35986,0.48020
7089.68018,0.48000
7090.00977,0.47980
7090.33008,0.47960
7090.64990,0.47940
7090.97998,0.47920
7091.31006,0.47900
7091.62988,0.47890
7091.95996,0.47870
7092.29004,0.47850
7092.60986,0.47830
7092.93994,0.47810
7093.25977,0.47790
7093.58008,0.47770
7093.91016,0.47750
7094.22998,0.47730
7094.56006,0.47720
7094.89014,0.47700
7095.20996,0.47680
7095.54004,0.47660
7095.85986,0.47640
7096.18994,0.47620
7096.52002,0.47600
7096.83984,0.47580
7097.16992,0.47560
7097.49023,0.47550
7097.81006,0.47530
7098.14014,0.47510
7098.45996,0.47490
7098.79004,0.47470
7099.12012,0.47450
7099.43994,0.47430
7099.77002,0.47410
7100.10010,0.47390
7100.41992,0.47380
7100.75000,0.47360
7101.06982,0.47340
7101.39014,0.47320
7101.72021,0.47300
7102.04980,0.47290
7102.37012,0.47270
7102.70020,0.47250
7103.02002,0.47230
7103.35010,0.47210
7103.68018,0.47190
7104.00000,0.47180
7104.33008,0.47160
7104.64990,0.47140
7104.97998,0.47120
7105.31006,0.47100
7105.62988,0.47080
7105.95996,0.47070
7106.27979,0.47050
7106.60986,0.47030
7106.93994,0.47010
7107.25977,0.46990
7107.58984,0.46980
7107.91992,0.46960
7108.24023,0.46940
7108.56006,0.46920
7108.89014,0.46900
7109.22021,0.46880
7109.54004,0.46870
7109.87012,0.46850
7110.18994,0.46830
7110.52002,0.46810
7110.85010,0.46790
7111.16992,0.46770
7111.50000,0.46760
7111.83008,0.46740
7112.14990,0.46720
7112.47998,0.46700
7112.79980,0.46680
7113.12988,0.46660
7113.45996,0.46650
7113.77979,0.46630
7114.10986,0.46610
7114.43994,0.46590
7114.75977,0.46570
7115.08984,0.46550
7115.41992,0.46540
7115.74023,0.46520
7116.06006,0.46500
7116.39014,0.46480
7116.72021,0.46460
7117.04004,0.46450
7117.37012,0.46430
7117.70020,0.46410
7118.02979,0.46390
7118.35010,0.46370
7118.68018,0.46350
7119.00977,0.46340
7119.33008,0.46320
7119.66016,0.46300
7119.97998,0.46280
7120.31006,0.46260
7120.64014,0.46240
7120.95996,0.46230
7121.29004,0.46210
7121.62012,0.46190
7121.95020,0.46170
7122.27002,0.46150
7122.60010,0.46130
7122.91992,0.46120
7123.25000,0.46100
7123.58008,0.46080
7123.89990,0.46060
7124.22998,0.46040
7124.56006,0.46020
7124.89014,0.46010
7125.20996,0.45990
7125.54004,0.45970
7125.85986,0.45950
7126.18994,0.45930
7126.52002,0.45920
7126.83984,0.45900
7127.16992,0.45880
7127.50000,0.45860
7127.81982,0.45840
7128.14990,0.45820
7128.47998,0.45810
7128.81006,0.45790
7129.14014,0.45770
7129.45996,0.45750
7129.79004,0.45730
7130.12012,0.45710
7130.43994,0.45700
7130.77002,0.45680
7131.08984,0.45660
7131.41992,0.45640
7131.75000,0.45620
7132.08008,0.45600
7132.39990,0.45590
7132.72998,0.45570
7133.06006,0.45550
7133.39014,0.45530
7133.72021,0.45510
7134.04004,0.45490
7134.37012,0.45480
7134.68994,0.45460
7135.02002,0.45440
7135.35010,0.45420
7135.66992,0.45400
7136.00000,0.45380
7136.33008,0.45370
7136.66016,0.45350
7136.99023,0.45330
7137.31006,0.45310
7137.64014,0.45290
7137.97021,0.45270
7138.29004,0.45260
7138.62012,0.45240
7138.95020,0.45220
7139.27979,0.45200
7139.60010,0.45180
7139.93018,0.45160
7140.25977,0.45150
7140.58984,0.45130
7140.91016,0.45110
7141.24023,0.45090
7141.56982,0.45070
7141.89014,0.45050
7142.22021,0.45040
7142.54980,0.45020
7142.87988,0.45000
7143.20996,0.44980
7143.52979,0.44960
7143.85986,0.44940
7144.18994,0.44930
7144.52002,0.44910
7144.83984,0.44890
7145.16992,0.44870
7145.50000,0.44850
7145.83008,0.44830
7146.14990,0.44820
7146.47998,0.44800
7146.81006,0.44780
7147.14014,0.44760
7147.47021,0.44740
7147.79980,0.44720
7148.12012,0.44710
7148.45020,0.44690
7148.77002,0.44670
7149.10010,0.44650
7149.43018,0.44630
7149.75977,0.44610
7150.08984,0.44600
7150.41992,0.44580
7150.74023,0.44560
7151.06982,0.44540
7151.39990,0.44530
7151.72998,0.44510
7152.06006,0.44490
7152.37988,0.44480
7152.70996,0.44460
7153.04004,0.44440
7153.37012,0.44420
7153.70020,0.44410
7154.02979,0.44390
7154.35010,0.44370
7154.68018,0.44360
7155.00977,0.44340
7155.33984,0.44320
7155.66992,0.44310
7155.99023,0.44290
7156.31982,0.44270
7156.64990,0.44250
7156.97998,0.44240
7157.31006,0.44220
7157.64014,0.44200
7157.95996,0.44190
7158.29004,0.44170
7158.62012,0.44150
7158.95020,0.44130
7159.27979,0.44120
7159.60010,0.44100
7159.93018,0.44080
7160.25977,0.44070
7160.58984,0.44050
7160.91992,0.44030
7161.25000,0.44020
7161.58008,0.44000
7161.91016,0.43980
7162.22998,0.43960
7162.56006,0.43950
7162.89014,0.43930
7163.22021,0.43910
7163.54980,0.43900
7163.87012,0.43880
7164.20020,0.43860
7164.52979,0.43840
7164.85986,0.43830
7165.18994,0.43810
7165.52002,0.43790
7165.85010,0.43780
7166.18018,0.43760
7166.50977,0.43740
7166.83008,0.43720
7167.16016,0.43710
7167.49023,0.43690
7167.81982,0.43670
7168.14990,0.43660
7168.47998,0.43640
7168.81006,0.43620
7169.14014,0.43600
7169.45996,0.43590
7169.79004,0.43570
7170.12012,0.43550
7170.45020,0.43540
7170.77979,0.43520
7171.10010,0.43500
7171.43994,0.43490
7171.77002,0.43470
7172.08984,0.43450
7172.41992,0.43430
7172.75000,0.43420
7173.08008,0.43400
7173.41016,0.43380
7173.74023,0.43370
7174.06982,0.43350
7174.39990,0.43330
7174.72021,0.43310
7175.04980,0.43300
7175.39014,0.43280
7175.70996,0.43260
7176.04004,0.43250
7176.37012,0.43230
7176.70020,0.43210
7177.02979,0.43190
7177.35986,0.43180
7177.68994,0.43160
7178.02002,0.43140
7178.33984,0.43130
7178.66992,0.43110
7179.00000,0.43090
7179.33008,0.43070
7179.66016,0.43060
7179.99023,0.43040
7180.31982,0.43020
7180.64990,0.43010
7180.97998,0.42990
7181.31006,0.42970
7181.64014,0.42950
7181.97021,0.42940
7182.29980,0.42920
7182.62012,0.42900
7182.95996,0.42890
7183.29004,0.42870
7183.60986,0.42850
7183.95020,0.42830
7184.27979,0.42820
7184.60010,0.42800
7184.93994,0.42780
7185.25977,0.42770
7185.58984,0.42750
7185.91992,0.42730
7186.25000,0.42720
7186.58008,0.42700
7186.91016,0.42680
7187.24023,0.42660
7187.56982,0.42650
7187.89990,0.42630
7188.22998,0.42610
7188.56006,0.42590
7188.89014,0.42580
7189.22021,0.42560
7189.54980,0.42540
7189.87988,0.42530
7190.20996,0.42510
7190.54004,0.42490
7190.87012,0.42470
7191.20020,0.42460
7191.52979,0.42440
7191.85986,0.42420
7192.18994,0.42410
7192.52002,0.42390
7192.83984,0.42370
7193.18018,0.42350
7193.50000,0.42340
7193.83984,0.42320
7194.16016,0.42300
7194.50000,0.42290
7194.83008,0.42270
7195.16016,0.42250
7195.49023,0.42230
7195.81982,0.42220
7196.14990,0.42200
7196.47021,0.42180
7196.79980,0.42170
7197.12988,0.42150
7197.47021,0.42130
7197.79004,0.42110
7198.12988,0.42100
7198.45996,0.42080
7198.79004,0.42060
7199.12012,0.42050
7199.45020,0.42030
7199.77979,0.42010
7200.10986,0.41990
7200.43018,0.41980
7200.77002,0.41960
7201.10010,0.41940
7201.43018,0.41930
7201.75977,0.41910
7202.08984,0.41890
7202.41992,0.41870
7202.75000,0.41860
7203.08008,0.41840
7203.41016,0.41820
7203.74023,0.41810
7204.06982,0.41790
7204.39990,0.41770
7204.72998,0.41750
7205.06006,0.41740
7205.39014,0.41720
7205.72021,0.41700
7206.04980,0.41690
7206.39014,0.41670
7206.70996,0.41650
7207.04980,0.41630
7207.37988,0.41620
7207.70020,0.41600
7208.04004,0.41580
7208.37012,0.41560
7208.70020,0.41550
7209.02979,0.41530
7209.35986,0.41510
7209.68994,0.41500
7210.02002,0.41480
7210.35010,0.41460
7210.68018,0.41440
7211.02002,0.41430
7211.33984,0.41410
7211.66992,0.41390
7212.00000,0.41380
7212.33008,0.41360
7212.66992,0.41340
7213.00000,0.41320
7213.33008,0.41310
7213.66016,0.41290
7213.99023,0.41270
7214.31982,0.41260
7214.64990,0.41240
7214.97998,0.41220
7215.31006,0.41200
7215.64014,0.41190
7215.97021,0.41170
7216.31006,0.41150
7216.64014,0.41130
7216.97021,0.41120
7217.29980,0.41100
7217.62988,0.41080
7217.95996,0.41070
7218.29004,0.41050
7218.62012,0.41030
7218.95020,0.41010
7219.27979,0.41000
7219.62012,0.40980
7219.95020,0.40960
7220.27979,0.40950
7220.60986,0.40930
7220.93994,0.40910
7221.27002,0.40890
7221.60986,0.40880
7221.93018,0.40860
7222.27002,0.40840
7222.60010,0.40820
7222.93018,0.40810
7223.25977,0.40790
7223.58984,0.40770
7223.91992,0.40760
7224.25000,0.40740
7224.58008,0.40720
7224.91992,0.40700
7225.25000,0.40690
7225.58008,0.40670
7225.91016,0.40650
7226.24023,0.40640
7226.56982,0.40620
7226.89990,0.40600
7227.22998,0.40580
7227.56982,0.40570
7227.89990,0.40550
7228.22998,0.40530
7228.56006,0.40510
7228.89990,0.40500
7229.22998,0.40480
7229.56006,0.40460
7229.87988,0.40450
7230.22021,0.40430
7230.54980,0.40410
7230.87988,0.40390
7231.20996,0.40380
7231.54980,0.40360
7231.87988,0.40340
7232.20996,0.40330
7232.54004,0.40310
7232.87012,0.40290
7233.20996,0.40270
7233.52979,0.40260
7233.87012,0.40240
7234.20020,0.40220
7234.52979,0.40200
7234.85986,0.40190
7235.20020,0.40170
7235.52979,0.40150
7235.85986,0.40140
7236.18994,0.40120
7236.52002,0.40100
7236.85986,0.40080
7237.18018,0.40070
7237.52002,0.40050
7237.85010,0.40030
7238.18018,0.40010
7238.50977,0.40000
7238.83984,0.39980
7239.18018,0.39960
7239.50977,0.39950
7239.83984,0.39930
7240.18018,0.39910
7240.50977,0.39890
7240.83984,0.39880
7241.16992,0.39860
7241.50000,0.39840
7241.83008,0.39820
7242.16992,0.39810
7242.50000,0.39790
7242.83008,0.39770
7243.16992,0.39760
7243.50000,0.39740
7243.83008,0.39720
7244.16016,0.39700
7244.49023,0.39690
7244.81982,0.39670
7245.14990,0.39650
7245.49023,0.39630
7245.81982,0.39620
7246.14990,0.39600
7246.49023,0.39580
7246.81982,0.39570
7247.14990,0.39550
7247.47998,0.39530
7247.81006,0.39510
7248.14990,0.39500
7248.47998,0.39480
7248.81006,0.39460
7249.14014,0.39440
7249.47998,0.39430
7249.81006,0.39410
7250.14014,0.39390
7250.47998,0.39380
7250.81006,0.39360
7251.14014,0.39350
7251.47021,0.39330
7251.81006,0.39310
7252.14014,0.39300
7252.47021,0.39280
7252.79980,0.39270
7253.14014,0.39250
7253.47021,0.39230
7253.79980,0.39220
7254.12988,0.39200
7254.47021,0.39190
7254.79980,0.39170
7255.12988,0.39150
7255.47021,0.39140
7255.79980,0.39120
7256.12988,0.39110
7256.45996,0.39090
7256.79980,0.39070
7257.12988,0.39060
7257.45996,0.39040
7257.79004,0.39030
7258.12988,0.39010
7258.45996,0.38990
7258.79004,0.38980
7259.12988,0.38960
7259.45996,0.38950
7259.79004,0.38930
7260.12012,0.38910
7260.45020,0.38900
7260.79004,0.38880
7261.12012,0.38870
7261.45996,0.38850
7261.79004,0.38830
7262.12012,0.38820
7262.45996,0.38800
7262.79004,0.38790
7263.12012,0.38770
7263.45020,0.38750
7263.79004,0.38740
7264.12012,0.38720
7264.45020,0.38710
7264.79004,0.38690
7265.12012,0.38670
7265.45020,0.38660
7265.79004,0.38640
7266.12012,0.38630
7266.45996,0.38610
7266.79004,0.38590
7267.12012,0.38580
7267.45020,0.38560
7267.77979,0.38550
7268.12012,0.38530
7268.45020,0.38510
7268.79004,0.38500
7269.12012,0.38480
7269.45020,0.38470
7269.79004,0.38450
7270.12012,0.38430
7270.45020,0.38420
7270.79004,0.38400
7271.12012,0.38390
7271.45020,0.38370
7271.79004,0.38350
7272.12012,0.38340
7272.45020,0.38320
7272.79004,0.38310
7273.12012,0.38290
7273.45996,0.38270
7273.79004,0.38260
7274.12012,0.38240
7274.45996,0.38230
7274.79004,0.38210
7275.12012,0.38190
7275.45996,0.38180
7275.79004,0.38160
7276.12012,0.38150
7276.45996,0.38130
7276.79004,0.38110
7277.12988,0.38100
7277.45996,0.38080
7277.79004,0.38070
7278.12988,0.38050
7278.45996,0.38030
7278.79004,0.38020
7279.12988,0.38000
7279.45996,0.37990
7279.79980,0.37970
7280.12988,0.37950
7280.45996,0.37940
7280.79980,0.37920
7281.12988,0.37910
7281.47021,0.37890
7281.79980,0.37870
7282.12988,0.37860
7282.47021,0.37840
7282.79980,0.37830
7283.12988,0.37810
7283.47021,0.37790
7283.81006,0.37780
7284.14014,0.37760
7284.47021,0.37750
7284.81006,0.37730
7285.14014,0.37710
7285.47998,0.37700
7285.81006,0.37680
7286.14014,0.37670
7286.47998,0.37650
7286.81006,0.37630
7287.14990,0.37620
7287.47998,0.37600
7287.81006,0.37580
7288.14990,0.37570
7288.47998,0.37550
7288.81982,0.37540
7289.14990,0.37520
7289.47998,0.37500
7289.81982,0.37490
7290.14990,0.37470
7290.49023,0.37460
7290.81982,0.37440
7291.14990,0.37420
7291.49023,0.37410
7291.83008,0.37390
7292.16016,0.37380
7292.50000,0.37360
7292.83008,0.37340
7293.16016,0.37330
7293.50000,0.37310
7293.83008,0.37300
7294.16992,0.37280
7294.50000,0.37260
7294.83008,0.37250
7295.16992,0.37230
7295.50977,0.37220
7295.83984,0.37200
7296.18018,0.37180
7296.50977,0.37170
7296.83984,0.37150
7297.18018,0.37140
7297.50977,0.37120
7297.85010,0.37100
7298.18018,0.37090
7298.52002,0.37070
7298.85010,0.37060
7299.18994,0.37040
7299.52002,0.37020
7299.85986,0.37010
7300.18994,0.36990
7300.52979,0.36970
7300.85986,0.36960
7301.18994,0.36940
7301.52979,0.36920
7301.87012,0.36900
7302.20020,0.36890
7302.54004,0.36870
7302.87012,0.36850
7303.20020,0.36830
7303.54004,0.36820
7303.87012,0.36800
7304.20996,0.36780
7304.54004,0.36760
7304.87988,0.36750
7305.20996,0.36730
7305.54980,0.36710
7305.87988,0.36690
7306.22021,0.36680
7306.54980,0.36660
7306.89014,0.36640
7307.22998,0.36620
7307.56006,0.36610
7307.89990,0.36590
7308.22998,0.36570
7308.56006,0.36550
7308.89990,0.36540
7309.22998,0.36520
7309.56982,0.36500
7309.91016,0.36480
7310.24023,0.36470
7310.58008,0.36450
7310.91016,0.36430
7311.25000,0.36420
7311.58008,0.36400
7311.91016,0.36380
7312.25000,0.36360
7312.58984,0.36350
7312.91992,0.36330
7313.25977,0.36310
7313.60010,0.36290
7313.93018,0.36280
7314.27002,0.36260
7314.60010,0.36240
7314.93994,0.36220
7315.27002,0.36210
7315.60010,0.36190
7315.93994,0.36170
7316.27979,0.36150
7316.60986,0.36140
7316.95020,0.36120
7317.29004,0.36100
7317.62012,0.36080
7317.95996,0.36070
7318.29004,0.36050
7318.62988,0.36030
7318.97021,0.36010
7319.29980,0.36000
7319.62988,0.35980
7319.97021,0.35960
7320.29980,0.35940
7320.64014,0.35930
7320.97998,0.35910
7321.31006,0.35890
7321.64990,0.35870
7321.97998,0.35860
7322.31982,0.35840
7322.66016,0.35820
7322.99023,0.35800
7323.33008,0.35790
7323.66016,0.35770
7324.00000,0.35750
7324.33984,0.35730
7324.66992,0.35720
7325.00977,0.35700
7325.35010,0.35680
7325.68018,0.35660
7326.02002,0.35650
7326.35010,0.35630
7326.68994,0.35610
7327.02002,0.35590
7327.35986,0.35580
7327.68994,0.35560
7328.02979,0.35540
7328.37012,0.35520
7328.70020,0.35510
7329.04004,0.35490
7329.37988,0.35470
7329.70996,0.35450
7330.04980,0.35440
7330.39014,0.35420
7330.72021,0.35400
7331.04980,0.35390
7331.39014,0.35370
7331.72998,0.35350
7332.06006,0.35330
7332.39990,0.35320
7332.74023,0.35300
7333.06982,0.35280
7333.41016,0.35260
7333.75000,0.35250
7334.08984,0.35230
7334.41992,0.35210
7334.75000,0.35190
7335.08984,0.35180
7335.43018,0.35160
7335.75977,0.35140
7336.10010,0.35120
7336.43994,0.35110
7336.77979,0.35090
7337.10986,0.35070
7337.45020,0.35050
7337.79004,0.35040
7338.12012,0.35020
7338.45996,0.35000
7338.79004,0.34980
7339.12988,0.34970
7339.47021,0.34950
7339.79980,0.34930
7340.14014,0.34910
7340.47998,0.34900
7340.81982,0.34880
7341.14990,0.34860
7341.49023,0.34840
7341.83008,0.34820
7342.16016,0.34810
7342.50000,0.34790
7342.83008,0.34770
7343.16992,0.34760
7343.50977,0.34740
7343.83984,0.34720
7344.18018,0.34700
7344.52002,0.34680
7344.85986,0.34670
7345.18994,0.34650
7345.52979,0.34630
7345.85986,0.34620
7346.20020,0.34600
7346.54004,0.34580
7346.87988,0.34560
7347.20996,0.34540
7347.54980,0.34530
7347.89014,0.34510
7348.22021,0.34490
7348.56006,0.34470
7348.89990,0.34460
7349.24023,0.34440
7349.56982,0.34420
7349.91016,0.34400
7350.24023,0.34390
7350.58008,0.34370
7350.91992,0.34360
7351.25977,0.34340
7351.60010,0.34330
7351.93018,0.34310
7352.27002,0.34300
7352.60986,0.34280
7352.93994,0.34260
7353.27979,0.34250
7353.62012,0.34230
7353.95020,0.34220
7354.29004,0.34200
7354.62988,0.34190
7354.97021,0.34170
7355.31006,0.34160
7355.64014,0.34140
7355.97998,0.34120
7356.31982,0.34110
7356.64990,0.34090
7356.99023,0.34080
7357.33008,0.34060
7357.66016,0.34050
7358.00000,0.34030
7358.33984,0.34020
7358.68018,0.34000
7359.02002,0.33990
7359.35010,0.33970
7359.68994,0.33950
7360.02979,0.33940
7360.37012,0.33920
7360.70996,0.33910
7361.04004,0.33890
7361.37988,0.33880
7361.72021,0.33860
7362.04980,0.33850
7362.39014,0.33830
7362.72998,0.33810
7363.06982,0.33800
7363.41016,0.33780
7363.74023,0.33770
7364.08008,0.33750
7364.41992,0.33740
7364.75000,0.33720
7365.08984,0.33710
7365.43018,0.33690
7365.77002,0.33670
7366.10986,0.33660
7366.43994,0.33640
7366.77979,0.33630
7367.12012,0.33610
7367.45996,0.33600
7367.79980,0.33580
7368.14014,0.33570
7368.47021,0.33550
7368.81006,0.33530
7369.14990,0.33520
7369.47998,0.33500
7369.81982,0.33490
7370.16016,0.33470
7370.50000,0.33460
7370.83984,0.33440
7371.18018,0.33430
7371.52002,0.33410
7371.85986,0.33390
7372.18994,0.33380
7372.52979,0.33360
7372.85986,0.33350
7373.20020,0.33330
7373.54004,0.33320
7373.87988,0.33300
7374.22021,0.33290
7374.56006,0.33270
7374.89990,0.33250
7375.24023,0.33240
7375.58008,0.33220
7375.91016,0.33210
7376.25000,0.33190
7376.58008,0.33180
7376.91992,0.33160
7377.25977,0.33150
7377.60010,0.33130
7377.93994,0.33110
7378.27979,0.33100
7378.62012,0.33080
7378.95996,0.33070
7379.29004,0.33050
7379.62988,0.33040
7379.97021,0.33020
7380.31006,0.33010
7380.64990,0.32990
7380.99023,0.32970
7381.31982,0.32960
7381.66016,0.32940
7382.00000,0.32930
7382.33984,0.32910
7382.68018,0.32900
7383.02002,0.32880
7383.35986,0.32870
7383.68994,0.32850
7384.02979,0.32830
7384.37012,0.32820
7384.70996,0.32800
7385.04980,0.32790
7385.39014,0.32770
7385.72998,0.32760
7386.06982,0.32740
7386.41016,0.32730
7386.74023,0.32710
7387.08008,0.32690
7387.41992,0.32680
7387.75977,0.32660
7388.10010,0.32650
7388.43994,0.32630
7388.77979,0.32620
7389.12012,0.32600
7389.45020,0.32590
7389.79004,0.32570
7390.12988,0.32550
7390.47021,0.32540
7390.81006,0.32520
7391.14990,0.32510
7391.49023,0.32490
7391.83008,0.32480
7392.16016,0.32460
7392.50000,0.32440
7392.85010,0.32430
7393.18018,0.32410
7393.52002,0.32400
7393.85986,0.32380
7394.20020,0.32370
7394.54004,0.32350
7394.87988,0.32340
7395.22021,0.32320
7395.56006,0.32300
7395.89014,0.32290
7396.22998,0.32270
7396.58008,0.32260
7396.91016,0.32240
7397.25000,0.32230
7397.58984,0.32210
7397.93018,0.32200
7398.27002,0.32180
7398.60986,0.32160
7398.95020,0.32150
7399.29004,0.32130
7399.62988,0.32120
7399.97021,0.32100
7400.29980,0.32090
7400.64990,0.32070
7400.99023,0.32060
7401.31982,0.32040
7401.66992,0.32030
7402.00977,0.32020
7402.33984,0.32000
7402.68018,0.31990
7403.02002,0.31970
7403.35986,0.31960
7403.70020,0.31940
7404.04004,0.31930
7404.37988,0.31920
7404.72021,0.31900
7405.06006,0.31890
7405.39990,0.31870
7405.74023,0.31860
7406.08008,0.31840
7406.41992,0.31830
7406.75000,0.31820
7407.10010,0.31800
7407.43994,0.31790
7407.77979,0.31770
7408.12012,0.31760
7408.45996,0.31740
7408.79980,0.31730
7409.14014,0.31720
7409.47998,0.31700
7409.81982,0.31690
7410.14990,0.31670
7410.49023,0.31660
7410.83008,0.31640
7411.18018,0.31630
7411.50977,0.31620
7411.85986,0.31600
7412.20020,0.31590
7412.52979,0.31570
7412.87988,0.31560
7413.20996,0.31550
7413.56006,0.31530
7413.89990,0.31520
7414.22998,0.31500
7414.56982,0.31490
7414.91992,0.31470
7415.25000,0.31460
7415.60010,0.31440
7415.93018,0.31430
7416.27979,0.31420
7416.62012,0.31400
7416.95996,0.31390
7417.29980,0.31370
7417.64014,0.31360
7417.97021,0.31350
7418.31982,0.31330
7418.66016,0.31320
7419.00000,0.31300
7419.33984,0.31290
7419.68018,0.31270
7420.02002,0.31260
7420.35986,0.31240
7420.70020,0.31230
7421.04004,0.31220
7421.37988,0.31200
7421.72021,0.31190
7422.06006,0.31170
7422.39990,0.31160
7422.74023,0.31140
7423.08008,0.31130
7423.41992,0.31120
7423.75977,0.31100
7424.10010,0.31090
7424.43994,0.31070
7424.79004,0.31060
7425.12012,0.31040
7425.45996,0.31030
7425.79980,0.31020
7426.14014,0.31000
7426.49023,0.30990
7426.83008,0.30970
7427.16992,0.30960
7427.50977,0.30940
7427.85010,0.30930
7428.18994,0.30920
7428.52979,0.30900
7428.87012,0.30890
7429.20996,0.30870
7429.54980,0.30860
7429.89014,0.30840
7430.22998,0.30830
7430.58008,0.30820
7430.91016,0.30800
7431.25977,0.30790
7431.60010,0.30770
7431.93994,0.30760
7432.27979,0.30740
7432.62012,0.30730
7432.95996,0.30720
7433.29980,0.30700
7433.64014,0.30690
7433.97998,0.30670
7434.31982,0.30660
7434.66016,0.30640
7435.00977,0.30630
7435.35010,0.30620
7435.68994,0.30600
7436.02979,0.30590
7436.37012,0.30570
7436.70996,0.30560
7437.04980,0.30540
7437.39014,0.30530
7437.72998,0.30520
7438.06982,0.30500
7438.41992,0.30490
7438.75977,0.30470
7439.10010,0.30460
7439.43994,0.30440
7439.77979,0.30430
7440.12012,0.30410
7440.47021,0.30400
7440.79980,0.30390
7441.14014,0.30370
7441.49023,0.30360
7441.83008,0.30340
7442.16992,0.30330
7442.50977,0.30310
7442.85010,0.30300
7443.20020,0.30290
7443.52979,0.30270
7443.87988,0.30260
7444.22021,0.30240
7444.56006,0.30230
7444.89990,0.30210
7445.24023,0.30200
7445.58008,0.30190
7445.93018,0.30170
7446.27002,0.30160
7446.60986,0.30140
7446.95020,0.30130
7447.29004,0.30110
7447.62988,0.30100
7447.97998,0.30080
7448.31982,0.30070
7448.66016,0.30060
7449.00000,0.30040
7449.33984,0.30030
7449.68018,0.30010
7450.02002,0.30000
7450.37012,0.29990
7450.70996,0.29970
7451.04980,0.29960
7451.39014,0.29940
7451.74023,0.29930
7452.06982,0.29920
7452.41992,0.29900
7452.75977,0.29890
7453.10010,0.29880
7453.43994,0.29860
7453.77979,0.29850
7454.12988,0.29840
7454.47021,0.29820
7454.81006,0.29810
7455.14990,0.29790
7455.50000,0.29780
7455.83984,0.29770
7456.18018,0.29750
7456.52002,0.29740
7456.85986,0.29730
7457.20020,0.29710
7457.54004,0.29700
7457.89014,0.29680
7458.22998,0.29670
7458.56982,0.29660
7458.91992,0.29640
7459.25000,0.29630
7459.60010,0.29620
7459.93994,0.29600
7460.27979,0.29590
7460.62012,0.29580
7460.97021,0.29560
7461.31006,0.29550
7461.64990,0.29530
7462.00000,0.29520
7462.33008,0.29510
7462.68018,0.29490
7463.02002,0.29480
7463.35986,0.29470
7463.70020,0.29450
7464.04004,0.29440
7464.39014,0.29420
7464.72998,0.29410
7465.06982,0.29400
7465.41992,0.29380
7465.75977,0.29370
7466.10010,0.29360
7466.43994,0.29340
7466.79004,0.29330
7467.12988,0.29310
7467.47021,0.29300
7467.81006,0.29290
7468.14990,0.29270
7468.49023,0.29260
7468.83984,0.29250
7469.18018,0.29230
7469.52002,0.29220
7469.87012,0.29210
7470.20996,0.29190
7470.54980,0.29180
7470.89990,0.29160
7471.24023,0.29150
7471.58008,0.29140
7471.91992,0.29120
7472.25977,0.29110
7472.60986,0.29100
7472.95020,0.29080
7473.29004,0.29070
7473.64014,0.29050
7473.97998,0.29040
7474.31982,0.29030
7474.66992,0.29010
7475.00977,0.29000
7475.35010,0.28990
7475.68994,0.28970
7476.02979,0.28960
7476.37988,0.28940
7476.72021,0.28930
7477.06006,0.28920
7477.41016,0.28900
7477.75000,0.28890
7478.10010,0.28880
7478.43994,0.28860
7478.77979,0.28850
7479.12012,0.28840
7479.47021,0.28820
7479.81006,0.28810
7480.14990,0.28790
7480.50000,0.28780
7480.83984,0.28770
7481.18018,0.28750
7481.52002,0.28740
7481.87012,0.28730
7482.20996,0.28710
7482.54980,0.28700
7482.89990,0.28680
7483.24023,0.28670
7483.58008,0.28660
7483.93018,0.28640
7484.27002,0.28630
7484.60986,0.28620
7484.95996,0.28600
7485.29980,0.28590
7485.64014,0.28570
7485.99023,0.28560
7486.33008,0.28550
7486.66992,0.28530
7487.02002,0.28520
7487.35986,0.28510
7487.70020,0.28490
7488.04004,0.28480
7488.39014,0.28460
7488.74023,0.28450
7489.08008,0.28440
7489.41992,0.28420
7489.77002,0.28410
7490.10986,0.28400
7490.45020,0.28380
7490.79004,0.28370
7491.14014,0.28350
7491.47998,0.28340
7491.81982,0.28330
7492.16992,0.28310
7492.50977,0.28300
7492.85986,0.28290
7493.20020,0.28270
7493.54004,0.28260
7493.89014,0.28240
7494.22998,0.28230
7494.56982,0.28220
7494.91992,0.28200
7495.25977,0.28190
7495.60010,0.28180
7495.95020,0.28160
7496.29980,0.28150
7496.64014,0.28130
7496.97998,0.28120
7497.31982,0.28110
7497.66992,0.28090
7498.02002,0.28080
7498.35010,0.28070
7498.70020,0.28050
7499.04004,0.28040
7499.39014,0.28020
7499.72998,0.28010
7500.06982,0.28000
7500.41992,0.27980
7500.77002,0.27970
7501.10986,0.27950
7501.45020,0.27940
7501.79980,0.27920
7502.14014,0.27910
7502.47998,0.27890
7502.83008,0.27880
7503.16992,0.27860
7503.52002,0.27850
7503.85986,0.27830
7504.20996,0.27820
7504.54980,0.27800
7504.89014,0.27780
7505.24023,0.27770
7505.58984,0.27750
7505.91992,0.27740
7506.27002,0.27720
7506.60986,0.27710
7506.95996,0.27690
7507.29980,0.27680
7507.64990,0.27660
7507.99023,0.27650
7508.33984,0.27630
7508.68018,0.27620
7509.02979,0.27600
7509.37012,0.27590
7509.72021,0.27570
7510.06006,0.27560
7510.39990,0.27540
7510.75000,0.27530
7511.08984,0.27510
7511.43018,0.27500
7511.77979,0.27480
7512.12012,0.27470
7512.47021,0.27450
7512.81982,0.27440
7513.16016,0.27420
7513.50000,0.27410
7513.85010,0.27390
7514.18994,0.27380
7514.54004,0.27360
7514.87988,0.27350
7515.22998,0.27330
7515.56982,0.27310
7515.91016,0.27300
7516.25977,0.27280
7516.60986,0.27270
7516.95020,0.27250
7517.29980,0.27240
7517.64014,0.27220
7517.97998,0.27210
7518.33008,0.27190
7518.66992,0.27180
7519.02002,0.27160
7519.35986,0.27150
7519.70996,0.27130
7520.04980,0.27120
7520.39990,0.27100
7520.74023,0.27090
7521.08984,0.27070
7521.43018,0.27060
7521.77979,0.27040
7522.12012,0.27030
7522.45996,0.27010
7522.81006,0.27000
7523.16016,0.26980
7523.50000,0.26970
7523.85010,0.26950
7524.20020,0.26940
7524.54004,0.26920
7524.89014,0.26900
7525.22021,0.26890
7525.56982,0.26870
7525.91992,0.26860
7526.25977,0.26840
7526.60986,0.26830
7526.95996,0.26810
7527.29980,0.26800
7527.64990,0.26780
7527.99023,0.26770
7528.33984,0.26750
7528.68018,0.26740
7529.02979,0.26720
7529.37012,0.26710
7529.72021,0.26690
7530.06006,0.26680
7530.41016,0.26660
7530.75000,0.26650
7531.10010,0.26630
7531.43994,0.26620
7531.79004,0.26600
7532.12988,0.26590
7532.47998,0.26570
7532.81982,0.26560
7533.16992,0.26540
7533.52002,0.26530
7533.85986,0.26510
7534.20996,0.26490
7534.54980,0.26480
7534.89990,0.26460
7535.24023,0.26450
7535.58984,0.26430
7535.93994,0.26420
7536.27979,0.26400
7536.62988,0.26390
7536.97021,0.26370
7537.31006,0.26360
7537.66016,0.26340
7538.00977,0.26330
7538.35010,0.26310
7538.70020,0.26300
7539.04980,0.26280
7539.39014,0.26270
7539.74023,0.26250
7540.08984,0.26240
7540.43018,0.26220
7540.77002,0.26210
7541.12012,0.26190
7541.45996,0.26180
7541.81006,0.26160
7542.16016,0.26150
7542.50000,0.26130
7542.85010,0.26110
7543.20020,0.26100
7543.54004,0.26080
7543.89014,0.26070
7544.22998,0.26050
7544.58008,0.26040
7544.91992,0.26020
7545.27002,0.26010
7545.62012,0.25990
7545.95996,0.25980
7546.31006,0.25960
7546.64990,0.25950
7547.00000,0.25930
7547.35010,0.25920
7547.68994,0.25900
7548.04004,0.25890
7548.39014,0.25870
7548.72998,0.25860
7549.08008,0.25840
7549.43018,0.25830
7549.77002,0.25810
7550.12012,0.25800
7550.45996,0.25780
7550.81006,0.25770
7551.16016,0.25760
7551.50000,0.25740
7551.85010,0.25730
7552.20020,0.25720
7552.54004,0.25700
7552.89014,0.25690
7553.22998,0.25680
7553.58008,0.25660
7553.93018,0.25650
7554.27002,0.25640
7554.62012,0.25620
7554.97021,0.25610
7555.31006,0.25600
7555.66016,0.25580
7556.00977,0.25570
7556.35010,0.25560
7556.70020,0.25550
7557.04004,0.25530
7557.39014,0.25520
7557.74023,0.25510
7558.08008,0.25490
7558.43018,0.25480
7558.77979,0.25470
7559.12988,0.25450
7559.47998,0.25440
7559.81982,0.25430
7560.16016,0.25410
7560.50977,0.25400
7560.85986,0.25390
7561.20996,0.25370
7561.54980,0.25360
7561.89990,0.25350
7562.25000,0.25330
7562.58984,0.25320
7562.93994,0.25310
7563.29004,0.25300
7563.62988,0.25280
7563.97998,0.25270
7564.33008,0.25260
7564.66992,0.25240
7565.02002,0.25230
7565.37012,0.25220
7565.72021,0.25200
7566.06006,0.25190
7566.41016,0.25180
7566.75977,0.25160
7567.10986,0.25150
7567.45020,0.25140
7567.79980,0.25120
7568.14990,0.25110
7568.49023,0.25100
7568.83984,0.25080
7569.18018,0.25070
7569.52979,0.25060
7569.87988,0.25040
7570.22998,0.25030
7570.58008,0.25020
7570.93018,0.25000
7571.27002,0.24990
7571.62012,0.24980
7571.95996,0.24970
7572.31006,0.24950
7572.66016,0.24940
7573.00000,0.24930
7573.35010,0.24910
7573.70020,0.24900
7574.04980,0.24890
7574.39990,0.24870
7574.75000,0.24860
7575.08984,0.24850
7575.43994,0.24830
7575.77979,0.24820
7576.12988,0.24810
7576.47998,0.24790
7576.83008,0.24780
7577.16992,0.24770
7577.52002,0.24750
7577.87012,0.24740
7578.22021,0.24730
7578.56006,0.24710
7578.91016,0.24700
7579.25977,0.24690
7579.60010,0.24680
7579.95020,0.24660
7580.29980,0.24650
7580.64990,0.24640
7581.00000,0.24620
7581.33984,0.24610
7581.68994,0.24600
7582.04004,0.24580
7582.39014,0.24570
7582.74023,0.24560
7583.08984,0.24540
7583.43018,0.24530
7583.77979,0.24520
7584.12988,0.24500
7584.47021,0.24490
7584.81982,0.24480
7585.16992,0.24460
7585.52002,0.24450
7585.87012,0.24440
7586.20996,0.24420
7586.56006,0.24410
7586.91016,0.24400
7587.25977,0.24380
7587.60986,0.24370
7587.95020,0.24360
7588.29980,0.24340
7588.64990,0.24330
7589.00000,0.24320
7589.35010,0.24300
7589.70020,0.24290
7590.04004,0.24280
7590.39014,0.24260
7590.74023,0.24250
7591.08984,0.24240
7591.43994,0.24230
7591.77979,0.24210
7592.12988,0.24200
7592.47998,0.24190
7592.83008,0.24170
7593.18018,0.24160
7593.52979,0.24150
7593.87012,0.24130
7594.22021,0.24120
7594.56982,0.24110
7594.91992,0.24090
7595.27002,0.24080
7595.60986,0.24070
7595.95996,0.24050
7596.31006,0.24040
7596.66016,0.24030
7597.00977,0.24010
7597.35986,0.24000
7597.70996,0.23990
7598.06006,0.23970
7598.39990,0.23960
7598.75000,0.23950
7599.10010,0.23930
7599.45020,0.23920
7599.79980,0.23910
7600.14014,0.23900
7600.49023,0.23880
7600.83984,0.23870
7601.18994,0.23860
7601.54004,0.23850
7601.89014,0.23840
7602.24023,0.23820
7602.58984,0.23810
7602.93018,0.23800
7603.27979,0.23790
7603.62988,0.23780
7603.97998,0.23760
7604.33008,0.23750
7604.68018,0.23740
7605.02979,0.23730
7605.37988,0.23720
7605.72998,0.23710
7606.06982,0.23690
7606.41992,0.23680
7606.77002,0.23670
7607.12012,0.23660
7607.47021,0.23650
7607.81006,0.23630
7608.16992,0.23620
7608.52002,0.23610
7608.85986,0.23600
7609.20996,0.23590
7609.56006,0.23570
7609.91016,0.23560
7610.25977,0.23550
7610.60986,0.23540
7610.95996,0.23530
7611.31006,0.23520
7611.64990,0.23500
7612.00000,0.23490
7612.35986,0.23480
7612.70020,0.23470
7613.04980,0.23460
7613.39990,0.23440
7613.75000,0.23430
7614.10010,0.23420
7614.45020,0.23410
7614.79980,0.23400
7615.14990,0.23380
7615.50000,0.23370
7615.85010,0.23360
7616.18994,0.23350
7616.54004,0.23340
7616.89990,0.23330
7617.24023,0.23310
7617.58984,0.23300
7617.95020,0.23290
7618.29004,0.23280
7618.64014,0.23270
7618.99023,0.23250
7619.33984,0.23240
7619.68994,0.23230
7620.04004,0.23220
7620.39014,0.23210
7620.74023,0.23190
7621.08984,0.23180
7621.43994,0.23170
7621.79004,0.23160
7622.14014,0.23150
7622.47998,0.23140
7622.83008,0.23120
7623.18018,0.23110
7623.52979,0.23100
7623.87988,0.23090
7624.22998,0.23080
7624.58008,0.23060
7624.93018,0.23050
7625.27979,0.23040
7625.62988,0.23030
7625.97998,0.23020
7626.33008,0.23000
7626.68018,0.22990
7627.02979,0.22980
7627.37988,0.22970
7627.72998,0.22960
7628.08008,0.22950
7628.43018,0.22930
7628.77979,0.22920
7629.12988,0.22910
7629.47998,0.22900
7629.83008,0.22890
7630.18018,0.22870
7630.52979,0.22860
7630.87988,0.22850
7631.22998,0.22840
7631.58008,0.22830
7631.93018,0.22810
7632.27979,0.22800
7632.62988,0.22790
7632.97998,0.22780
7633.33008,0.22770
7633.68018,0.22750
7634.02979,0.22740
7634.37988,0.22730
7634.72998,0.22720
7635.08008,0.22710
7635.43018,0.22700
7635.77979,0.22680
7636.12988,0.22670
7636.47998,0.22660
7636.83008,0.22650
7637.18018,0.22640
7637.52979,0.22620
7637.89014,0.22610
7638.22998,0.22600
7638.58008,0.22590
7638.93018,0.22580
7639.27979,0.22560
7639.64014,0.22550
7639.97998,0.22540
7640.33984,0.22530
7640.68994,0.22520
7641.04004,0.22500
7641.39014,0.22490
7641.74023,0.22480
7642.08008,0.22470
7642.43994,0.22460
7642.79004,0.22450
7643.14014,0.22430
7643.49023,0.22420
7643.83984,0.22410
7644.18994,0.22400
7644.54004,0.22390
7644.89014,0.22370
7645.24023,0.22360
7645.58984,0.22350
7645.93994,0.22340
7646.29004,0.22330
7646.64014,0.22310
7647.00000,0.22300
7647.35010,0.22290
7647.70020,0.22280
7648.04980,0.22270
7648.39990,0.22250
7648.75000,0.22240
7649.10010,0.22230
7649.45020,0.22220
7649.79980,0.22210
7650.14990,0.22190
7650.50000,0.22180
7650.85010,0.22170
7651.20020,0.22160
7651.56006,0.22150
7651.91016,0.22140
7652.25977,0.22120
7652.60986,0.22110
7652.95996,0.22100
7653.31006,0.22090
7653.66016,0.22080
7654.00977,0.22060
7654.35986,0.22050
7654.70996,0.22040
7655.06006,0.22030
7655.41992,0.22020
7655.77002,0.22000
7656.12012,0.21990
7656.47021,0.21980
7656.81982,0.21970
7657.16992,0.21960
7657.52979,0.21940
7657.87012,0.21930
7658.22021,0.21920
7658.58008,0.21910
7658.93018,0.21900
7659.27979,0.21880
7659.62988,0.21870
7659.97998,0.21860
7660.33984,0.21850
7660.68018,0.21840
7661.04004,0.21820
7661.39014,0.21810
7661.74023,0.21800
7662.08984,0.21790
7662.43994,0.21780
7662.79004,0.21770
7663.14990,0.21750
7663.50000,0.21740
7663.85010,0.21730
7664.20020,0.21720
7664.54980,0.21710
7664.89990,0.21690
7665.25977,0.21680
7665.60010,0.21670
7665.95996,0.21660
7666.31006,0.21650
7666.66016,0.21630
7667.00977,0.21620
7667.35986,0.21610
7667.70996,0.21600
7668.06982,0.21590
7668.41992,0.21570
7668.77002,0.21560
7669.12988,0.21550
7669.47021,0.21540
7669.81982,0.21530
7670.16992,0.21510
7670.52979,0.21500
7670.87988,0.21490
7671.22998,0.21480
7671.58008,0.21470
7671.93994,0.21450
7672.29004,0.21440
7672.64014,0.21430
7673.00000,0.21420
7673.35010,0.21410
7673.68994,0.21390
7674.04004,0.21380
7674.39990,0.21370
7674.75000,0.21360
7675.10010,0.21350
7675.45996,0.21330
7675.81006,0.21320
7676.16016,0.21310
7676.50977,0.21300
7676.85986,0.21290
7677.22021,0.21270
7677.56982,0.21260
7677.91992,0.21250
7678.27002,0.21240
7678.62012,0.21230
7678.97998,0.21210
7679.33008,0.21200
7679.68018,0.21190
7680.02979,0.21180
7680.39014,0.21170
7680.74023,0.21150
7681.08984,0.21140
7681.43994,0.21130
7681.79004,0.21120
7682.14990,0.21110
7682.50000,0.21100
7682.85010,0.21080
7683.20020,0.21070
7683.54980,0.21060
7683.91016,0.21050
7684.25977,0.21040
7684.60986,0.21020
7684.97021,0.21010
7685.31982,0.21000
7685.66992,0.20990
7686.02002,0.20980
7686.37012,0.20960
7686.72998,0.20950
7687.08008,0.20940
7687.43018,0.20930
7687.79004,0.20920
7688.14014,0.20900
7688.49023,0.20890
7688.85010,0.20880
7689.20020,0.20870
7689.54980,0.20860
7689.89990,0.20840
7690.25000,0.20830
7690.60986,0.20820
7690.95996,0.20810
7691.31006,0.20800
7691.66992,0.20780
7692.02002,0.20770
7692.37012,0.20760
7692.72998,0.20750
7693.08008,0.20740
7693.43018,0.20720
7693.77979,0.20710
7694.12988,0.20700
7694.49023,0.20690
7694.83984,0.20680
7695.18994,0.20660
7695.54980,0.20650
7695.89990,0.20640
7696.25000,0.20630
7696.60986,0.20620
7696.95996,0.20600
7697.31006,0.20590
7697.66016,0.20580
7698.02002,0.20570
7698.37012,0.20560
7698.72998,0.20540
7699.08008,0.20530
7699.43018,0.20520
7699.77979,0.20510
7700.14014,0.20500
7700.49023,0.20480
7700.83984,0.20470
7701.18994,0.20460
7701.54980,0.20450
7701.89990,0.20440
7702.25000,0.20430
7702.60986,0.20420
7702.95996,0.20410
7703.31982,0.20390
7703.66992,0.20380
7704.02002,0.20370
7704.37988,0.20360
7704.72998,0.20350
7705.08008,0.20340
7705.43018,0.20330
7705.79004,0.20310
7706.14014,0.20300
7706.49023,0.20290
7706.85010,0.20280
7707.20020,0.20270
7707.56006,0.20260
7707.91016,0.20250
7708.27002,0.20240
7708.62012,0.20220
7708.97021,0.20210
7709.31982,0.20200
7709.68018,0.20190
7710.02979,0.20180
7710.37988,0.20170
7710.74023,0.20160
7711.08984,0.20140
7711.43994,0.20130
7711.79980,0.20120
7712.14990,0.20110
7712.50977,0.20100
7712.85986,0.20090
7713.20996,0.20080
7713.56982,0.20070
7713.91992,0.20050
7714.27002,0.20040
7714.62988,0.20030
7714.97998,0.20020
7715.33984,0.20010
7715.68994,0.20000
7716.04004,0.19990
7716.39990,0.19980
7716.75977,0.19960
7717.10010,0.19950
7717.45996,0.19940
7717.81006,0.19930
7718.16992,0.19920
7718.52002,0.19910
7718.87012,0.19900
7719.22998,0.19880
7719.58984,0.19870
7719.93994,0.19860
7720.29004,0.19850
7720.64990,0.19840
7721.00000,0.19830
7721.35010,0.19820
7721.70020,0.19810
7722.06006,0.19790
7722.41992,0.19780
7722.77002,0.19770
7723.12012,0.19760
7723.47998,0.19750
7723.83008,0.19740
7724.18994,0.19730
7724.54980,0.19710
7724.89990,0.19700
7725.25000,0.19690
7725.60010,0.19680
7725.95996,0.19670
7726.31006,0.19660
7726.66992,0.19650
7727.02002,0.19640
7727.37988,0.19620
7727.72998,0.19610
7728.08984,0.19600
7728.43994,0.19590
7728.79004,0.19580
7729.14990,0.19570
7729.50000,0.19560
7729.85986,0.19540
7730.20996,0.19530
7730.56982,0.19520
7730.91992,0.19510
7731.27002,0.19500
7731.62988,0.19490
7731.99023,0.19480
7732.33984,0.19470
7732.70020,0.19450
7733.04980,0.19440
7733.39990,0.19430
7733.75977,0.19420
7734.10986,0.19410
7734.47021,0.19400
7734.81982,0.19390
7735.18018,0.19370
7735.52979,0.19360
7735.89014,0.19350
7736.24023,0.19340
7736.60010,0.19330
7736.95020,0.19320
7737.29980,0.19310
7737.66016,0.19290
7738.00977,0.19280
7738.37012,0.19270
7738.72998,0.19260
7739.08008,0.19250
7739.43994,0.19240
7739.79004,0.19230
7740.14990,0.19220
7740.50000,0.19200
7740.85010,0.19190
7741.20996,0.19180
7741.56006,0.19170
7741.91992,0.19160
7742.27002,0.19150
7742.62988,0.19140
7742.97998,0.19120
7743.33984,0.19110
7743.70020,0.19100
7744.04980,0.19090
7744.41016,0.19080
7744.75977,0.19070
7745.10986,0.19060
7745.47021,0.19040
7745.81982,0.19030
7746.18018,0.19020
7746.54004,0.19010
7746.89014,0.19000
7747.25000,0.18990
7747.60010,0.18980
7747.95996,0.18970
7748.31982,0.18950
7748.66992,0.18940
7749.02002,0.18930
7749.37988,0.18920
7749.72998,0.18910
7750.08984,0.18900
7750.43994,0.18890
7750.79980,0.18880
7751.16016,0.18870
7751.50977,0.18860
7751.87012,0.18850
7752.22998,0.18840
7752.58008,0.18830
7752.93018,0.18820
7753.29004,0.18810
7753.64014,0.18800
7754.00000,0.18790
7754.35010,0.18780
7754.70996,0.18770
7755.06982,0.18760
7755.41992,0.18750
7755.77979,0.18740
7756.14014,0.18730
7756.49023,0.18720
7756.85010,0.18710
7757.20020,0.18700
7757.56006,0.18690
7757.91016,0.18680
7758.27002,0.18670
7758.62988,0.18660
7758.97998,0.18650
7759.33984,0.18640
7759.70020,0.18630
7760.04980,0.18620
7760.41016,0.18610
7760.75977,0.18600
7761.10986,0.18590
7761.47021,0.18580
7761.83008,0.18570
7762.18018,0.18560
7762.54004,0.18550
7762.89990,0.18540
7763.25000,0.18530
7763.60986,0.18520
7763.95996,0.18510
7764.31982,0.18500
7764.68018,0.18490
7765.02979,0.18480
7765.39014,0.18470
7765.75000,0.18460
7766.10010,0.18450
7766.45996,0.18440
7766.81006,0.18430
7767.16992,0.18420
7767.52979,0.18410
7767.87988,0.18400
7768.24023,0.18390
7768.58984,0.18380
7768.95020,0.18370
7769.31006,0.18360
7769.66992,0.18350
7770.02002,0.18340
7770.37988,0.18330
7770.72998,0.18320
7771.08984,0.18310
7771.45020,0.18300
7771.79980,0.18290
7772.16016,0.18280
7772.52002,0.18270
7772.87012,0.18260
7773.22998,0.18250
7773.58008,0.18240
7773.93994,0.18230
7774.29980,0.18220
7774.64990,0.18210
7775.00977,0.18200
7775.37012,0.18190
7775.72021,0.18180
7776.08008,0.18170
7776.43994,0.18160
7776.79004,0.18150
7777.14990,0.18140
7777.50000,0.18130
7777.85986,0.18120
7778.22021,0.18110
7778.58008,0.18100
7778.93994,0.18090
7779.29004,0.18080
7779.64990,0.18070
7780.00977,0.18060
7780.35986,0.18050
7780.72021,0.18040
7781.08008,0.18030
7781.43018,0.18020
7781.79004,0.18010
7782.14990,0.18000
7782.50000,0.17990
7782.85986,0.17980
7783.22021,0.17970
7783.56982,0.17960
7783.93018,0.17950
7784.29004,0.17940
7784.64014,0.17930
7785.00000,0.17920
7785.35986,0.17910
7785.72021,0.17900
7786.06982,0.17890
7786.43018,0.17880
7786.79004,0.17870
7787.14014,0.17860
7787.50000,0.17850
7787.85986,0.17840
7788.22021,0.17830
7788.58008,0.17820
7788.93018,0.17810
7789.29004,0.17800
7789.64014,0.17790
7790.00000,0.17780
7790.35986,0.17770
7790.72021,0.17760
7791.06982,0.17750
7791.43018,0.17740
7791.79004,0.17730
7792.14990,0.17720
7792.50977,0.17710
7792.85986,0.17700
7793.22021,0.17690
7793.58008,0.17680
7793.93018,0.17670
7794.29004,0.17660
7794.64990,0.17650
7795.00000,0.17640
7795.35986,0.17630
7795.72021,0.17620
7796.08008,0.17610
7796.43994,0.17600
7796.79004,0.17590
7797.14990,0.17580
7797.50977,0.17570
7797.85986,0.17560
7798.22021,0.17550
7798.58008,0.17540
7798.93994,0.17530
7799.29980,0.17520
7799.64990,0.17510
7800.00977,0.17500
7800.37012,0.17490
7800.72021,0.17480
7801.08008,0.17470
7801.43994,0.17460
7801.79980,0.17450
7802.16016,0.17440
7802.50977,0.17420
7802.87012,0.17410
7803.22998,0.17400
7803.58984,0.17390
7803.95020,0.17380
7804.31006,0.17370
7804.66016,0.17360
7805.02002,0.17350
7805.37988,0.17340
7805.74023,0.17330
7806.10010,0.17320
7806.45020,0.17310
7806.81006,0.17300
7807.16992,0.17280
7807.52979,0.17270
7807.89014,0.17260
7808.25000,0.17250
7808.60010,0.17240
7808.95996,0.17230
7809.31006,0.17220
7809.66992,0.17210
7810.04004,0.17200
7810.39014,0.17190
7810.75000,0.17180
7811.10986,0.17170
7811.47021,0.17160
7811.83008,0.17150
7812.18018,0.17130
7812.54004,0.17120
7812.89990,0.17110
7813.25977,0.17100
7813.62012,0.17090
7813.97998,0.17080
7814.33008,0.17070
7814.68994,0.17060
7815.04980,0.17050
7815.41016,0.17040
7815.77002,0.17030
7816.12988,0.17020
7816.49023,0.17010
7816.83984,0.16990
7817.20020,0.16980
7817.56006,0.16970
7817.91992,0.16960
7818.27979,0.16950
7818.64014,0.16940
7818.99023,0.16930
7819.35010,0.16920
7819.70996,0.16910
7820.06982,0.16900
7820.43018,0.16890
7820.79004,0.16880
7821.14014,0.16870
7821.50000,0.16850
7821.85986,0.16840
7822.22021,0.16830
7822.58008,0.16820
7822.93994,0.16810
7823.29980,0.16800
7823.66016,0.16790
7824.02002,0.16780
7824.37988,0.16770
7824.72998,0.16760
7825.08984,0.16750
7825.45020,0.16740
7825.81006,0.16730
7826.16992,0.16710
7826.52979,0.16700
7826.89014,0.16690
7827.25000,0.16680
7827.60986,0.16670
7827.95996,0.16660
7828.33008,0.16650
7828.68018,0.16640
7829.04004,0.16630
7829.39990,0.16620
7829.75977,0.16610
7830.12012,0.16600
7830.47998,0.16590
7830.83984,0.16570
7831.20020,0.16560
7831.54980,0.16550
7831.91992,0.16540
7832.27979,0.16530
7832.62988,0.16520
7832.99023,0.16510
7833.35010,0.16500
7833.70996,0.16490
7834.06982,0.16480
7834.43018,0.16470
7834.79004,0.16460
7835.14990,0.16450
7835.50977,0.16430
7835.87012,0.16420
7836.22998,0.16410
7836.58984,0.16400
7836.93994,0.16390
7837.29980,0.16380
7837.66016,0.16370
7838.02002,0.16360
7838.37988,0.16350
7838.74023,0.16340
7839.10010,0.16330
7839.45996,0.16320
7839.81982,0.16310
7840.18018,0.16290
7840.54004,0.16280
7840.89990,0.16270
7841.25000,0.16260
7841.62012,0.16250
7841.97998,0.16240
7842.33984,0.16230
7842.70020,0.16220
7843.06006,0.16210
7843.41992,0.16200
7843.77979,0.16190
7844.14014,0.16180
7844.50000,0.16170
7844.85986,0.16150
7845.20996,0.16140
7845.56982,0.16130
7845.93994,0.16120
7846.29004,0.16110
7846.64990,0.16100
7847.02002,0.16090
7847.37012,0.16080
7847.74023,0.16070
7848.08984,0.16060
7848.45996,0.16050
7848.81006,0.16040
7849.16992,0.16020
7849.52979,0.16010
7849.89990,0.16000
7850.25000,0.15990
7850.60986,0.15980
7850.97998,0.15970
7851.33008,0.15970
7851.70020,0.15960
7852.04980,0.15950
7852.41992,0.15940
7852.77979,0.15930
7853.12988,0.15920
7853.49023,0.15910
7853.85986,0.15900
7854.20996,0.15890
7854.58008,0.15880
7854.93018,0.15870
7855.29980,0.15860
7855.66016,0.15850
7856.02002,0.15840
7856.37988,0.15830
7856.74023,0.15820
7857.10010,0.15820
7857.45996,0.15810
7857.81982,0.15800
7858.18018,0.15790
7858.54004,0.15780
7858.89990,0.15770
7859.25977,0.15760
7859.62012,0.15750
7859.97998,0.15740
7860.33984,0.15730
7860.70996,0.15720
7861.06006,0.15710
7861.41992,0.15700
7861.77979,0.15690
7862.14014,0.15680
7862.50977,0.15670
7862.85986,0.15670
7863.22998,0.15660
7863.58984,0.15650
7863.95020,0.15640
7864.31006,0.15630
7864.66992,0.15620
7865.02979,0.15610
7865.39014,0.15600
7865.75000,0.15590
7866.10986,0.15580
7866.47021,0.15570
7866.83008,0.15560
7867.18994,0.15550
7867.54980,0.15540
7867.91992,0.15530
7868.27979,0.15520
7868.64014,0.15520
7869.00000,0.15510
7869.35986,0.15500
7869.72021,0.15490
7870.08008,0.15480
7870.43994,0.15470
7870.79980,0.15460
7871.16992,0.15450
7871.52002,0.15440
7871.89014,0.15430
7872.25000,0.15420
7872.60986,0.15410
7872.97021,0.15400
7873.33008,0.15390
7873.68994,0.15380
7874.04980,0.15370
7874.41016,0.15370
7874.77002,0.15360
7875.14014,0.15350
7875.50000,0.15340
7875.85986,0.15330
7876.22021,0.15320
7876.58008,0.15310
7876.93994,0.15300
7877.29980,0.15290
7877.66016,0.15280
7878.02979,0.15270
7878.37988,0.15260
7878.75000,0.15250
7879.10986,0.15240
7879.47021,0.15230
7879.83008,0.15220
7880.20020,0.15210
7880.56006,0.15210
7880.91992,0.15200
7881.27002,0.15190
7881.64014,0.15180
7882.00000,0.15170
7882.35986,0.15160
7882.72021,0.15150
7883.08984,0.15140
7883.45020,0.15130
7883.81006,0.15120
7884.16992,0.15110
7884.52979,0.15100
7884.89990,0.15090
7885.25000,0.15080
7885.60986,0.15070
7885.97998,0.15060
7886.33984,0.15060
7886.70020,0.15050
7887.06982,0.15040
7887.41992,0.15030
7887.79004,0.15020
7888.14990,0.15010
7888.50977,0.15000
7888.87988,0.14990
7889.22998,0.14980
7889.58984,0.14970
7889.95996,0.14960
7890.31982,0.14950
7890.68018,0.14940
7891.04004,0.14930
7891.39990,0.14920
7891.77002,0.14910
7892.12988,0.14900
7892.49023,0.14900
7892.85986,0.14890
7893.22021,0.14880
7893.58008,0.14870
7893.93994,0.14860
7894.29980,0.14850
7894.66016,0.14840
7895.02002,0.14830
7895.39014,0.14820
7895.75000,0.14810
7896.10986,0.14800
7896.47998,0.14790
7896.83984,0.14780
7897.18994,0.14770
7897.56006,0.14760
7897.91992,0.14750
7898.27979,0.14740
7898.64990,0.14740
7899.00977,0.14730
7899.37012,0.14720
7899.74023,0.14710
7900.10010,0.14700
7900.45996,0.14690
7900.81982,0.14680
7901.18018,0.14670
7901.54004,0.14670
7901.89990,0.14660
7902.27002,0.14650
7902.62988,0.14640
7902.99023,0.14630
7903.35986,0.14630
7903.72021,0.14620
7904.08008,0.14610
7904.45020,0.14600
7904.81006,0.14590
7905.16992,0.14590
7905.52979,0.14580
7905.89014,0.14570
7906.25977,0.14560
7906.62012,0.14550
7906.97998,0.14550
7907.35010,0.14540
7907.70996,0.14530
7908.06982,0.14520
7908.43994,0.14510
7908.79980,0.14510
7909.16016,0.14500
7909.52979,0.14490
7909.87988,0.14480
7910.25000,0.14470
7910.60986,0.14470
7910.97021,0.14460
7911.33984,0.14450
7911.70020,0.14440
7912.06006,0.14430
7912.43018,0.14430
7912.79004,0.14420
7913.14990,0.14410
7913.50977,0.14400
7913.87012,0.14390
7914.24023,0.14390
7914.60010,0.14380
7914.95996,0.14370
7915.33008,0.14360
7915.68994,0.14350
7916.04980,0.14350
7916.41992,0.14340
7916.77979,0.14330
7917.14990,0.14320
7917.50977,0.14310
7917.87012,0.14310
7918.22998,0.14300
7918.58984,0.14290
7918.95996,0.14280
7919.31982,0.14270
7919.68018,0.14270
7920.04980,0.14260
7920.41016,0.14250
7920.77979,0.14240
7921.14014,0.14230
7921.50000,0.14230
7921.85986,0.14220
7922.22998,0.14210
7922.58984,0.14200
7922.95020,0.14200
7923.31982,0.14190
7923.68018,0.14180
7924.04980,0.14170
7924.41016,0.14160
7924.77002,0.14160
7925.14014,0.14150
7925.50000,0.14140
7925.85986,0.14130
7926.22998,0.14120
7926.58984,0.14120
7926.95020,0.14110
7927.31006,0.14100
7927.68018,0.14090
7928.04004,0.14080
7928.41016,0.14080
7928.77002,0.14070
7929.14014,0.14060
7929.50000,0.14050
7929.85986,0.14040
7930.22021,0.14040
7930.58984,0.14030
7930.95020,0.14020
7931.31006,0.14010
7931.68018,0.14000
7932.04980,0.14000
7932.41016,0.13990
7932.77002,0.13980
7933.14014,0.13970
7933.50000,0.13960
7933.85986,0.13960
7934.22021,0.13950
7934.58984,0.13940
7934.95996,0.13930
7935.31982,0.13920
7935.68018,0.13910
7936.04980,0.13910
7936.41016,0.13900
7936.77979,0.13890
7937.14014,0.13880
7937.50000,0.13870
7937.87012,0.13870
7938.22998,0.13860
7938.58984,0.13850
7938.95996,0.13840
7939.31982,0.13830
7939.68994,0.13830
7940.04980,0.13820
7940.41992,0.13810
7940.77979,0.13800
7941.14014,0.13790
7941.50977,0.13790
7941.87988,0.13780
7942.22998,0.13770
7942.60010,0.13760
7942.97021,0.13750
7943.33008,0.13750
7943.68994,0.13740
7944.06006,0.13730
7944.41992,0.13720
7944.79004,0.13710
7945.14990,0.13710
7945.52002,0.13700
7945.87988,0.13690
7946.25000,0.13680
7946.60986,0.13670
7946.97021,0.13670
7947.33984,0.13660
7947.70020,0.13650
7948.06006,0.13640
7948.43018,0.13630
7948.79980,0.13630
7949.16016,0.13620
7949.52979,0.13610
7949.89014,0.13600
7950.25000,0.13590
7950.62012,0.13580
7950.97998,0.13570
7951.35010,0.13560
7951.70996,0.13550
7952.08008,0.13540
7952.43994,0.13530
7952.81006,0.13520
7953.16992,0.13500
7953.54004,0.13490
7953.89990,0.13480
7954.27002,0.13470
7954.62988,0.13460
7954.99023,0.13450
7955.35986,0.13440
7955.72998,0.13430
7956.08984,0.13420
7956.45996,0.13410
7956.81982,0.13400
7957.18994,0.13380
7957.54980,0.13370
7957.91016,0.13360
7958.27979,0.13350
7958.64014,0.13340
7959.00977,0.13330
7959.37012,0.13320
7959.74023,0.13310
7960.10010,0.13300
7960.47021,0.13290
7960.83008,0.13280
7961.20020,0.13260
7961.56982,0.13250
7961.93018,0.13240
7962.29980,0.13230
7962.66016,0.13220
7963.02002,0.13210
7963.39014,0.13200
7963.75000,0.13190
7964.12012,0.13180
7964.49023,0.13170
7964.85010,0.13150
7965.22021,0.13140
7965.58984,0.13130
7965.95020,0.13120
7966.31982,0.13110
7966.66992,0.13100
7967.04004,0.13090
7967.41016,0.13080
7967.77002,0.13070
7968.14014,0.13060
7968.50977,0.13040
7968.87012,0.13030
7969.24023,0.13020
7969.60010,0.13010
7969.97021,0.13000
7970.33984,0.12990
7970.68994,0.12980
7971.06006,0.12970
7971.43018,0.12960
7971.79004,0.12950
7972.16016,0.12940
7972.52979,0.12920
7972.89014,0.12910
7973.25977,0.12900
7973.62012,0.12890
7973.99023,0.12880
7974.35986,0.12870
7974.72021,0.12860
7975.08008,0.12850
7975.45020,0.12840
7975.81982,0.12830
7976.18018,0.12810
7976.54980,0.12800
7976.91992,0.12790
7977.27979,0.12780
7977.64990,0.12770
7978.00977,0.12760
7978.37988,0.12750
7978.75000,0.12740
7979.10986,0.12730
7979.47998,0.12720
7979.83984,0.12700
7980.20996,0.12690
7980.56982,0.12680
7980.93994,0.12670
7981.31006,0.12660
7981.66992,0.12650
7982.04004,0.12640
7982.41016,0.12630
7982.77002,0.12620
7983.14014,0.12610
7983.50000,0.12590
7983.87012,0.12580
7984.24023,0.12570
7984.60010,0.12560
7984.97021,0.12550
7985.33984,0.12540
7985.70020,0.12530
7986.06982,0.12520
7986.43018,0.12510
7986.79980,0.12500
7987.16016,0.12490
7987.52979,0.12470
7987.89990,0.12460
7988.27002,0.12450
7988.62988,0.12440
7989.00000,0.12430
7989.37012,0.12420
7989.72998,0.12410
7990.10010,0.12400
7990.45996,0.12390
7990.83008,0.12380
7991.20020,0.12360
7991.56006,0.12350
7991.93018,0.12340
7992.29980,0.12330
7992.66016,0.12320
7993.02979,0.12310
7993.39014,0.12300
7993.75977,0.12290
7994.12988,0.12280
7994.49023,0.12270
7994.85986,0.12250
7995.22998,0.12240
7995.58984,0.12230
7995.95996,0.12220
7996.33008,0.12210
7996.68994,0.12200
7997.06006,0.12190
7997.43018,0.12180
7997.79980,0.12170
7998.16016,0.12160
7998.52979,0.12140
7998.89990,0.12130
7999.27002,0.12120
7999.62988,0.12110
8000.00000,0.12100
8000.35986,0.12090
8000.72998,0.12090
8001.10010,0.12080
8001.45996,0.12070
8001.83008,0.12070
8002.20020,0.12060
8002.56982,0.12050
8002.93018,0.12050
8003.29980,0.12040
8003.66016,0.12030
8004.02979,0.12030
8004.39990,0.12020
8004.77002,0.12010
8005.14014,0.12010
8005.50000,0.12000
8005.87012,0.11990
8006.24023,0.11990
8006.60010,0.11980
8006.97021,0.11970
8007.33984,0.11970
8007.70020,0.11960
8008.06982,0.11950
8008.43994,0.11950
8008.81006,0.11940
8009.18018,0.11930
8009.54004,0.11930
8009.91016,0.11920
8010.27002,0.11920
8010.64014,0.11910
8011.00977,0.11900
8011.37988,0.11900
8011.75000,0.11890
8012.10986,0.11880
8012.47998,0.11880
8012.85010,0.11870
8013.20996,0.11860
8013.58008,0.11860
8013.95020,0.11850
8014.31982,0.11840
8014.68994,0.11840
8015.06006,0.11830
8015.41992,0.11820
8015.79004,0.11820
8016.16016,0.11810
8016.52002,0.11800
8016.89014,0.11800
8017.25977,0.11790
8017.62988,0.11780
8018.00000,0.11780
8018.35986,0.11770
8018.72998,0.11760
8019.10010,0.11760
8019.47021,0.11750
8019.83984,0.11740
8020.20020,0.11740
8020.56982,0.11730
8020.93994,0.11720
8021.29980,0.11720
8021.66992,0.11710
8022.04004,0.11700
8022.41016,0.11700
8022.77979,0.11690
8023.14014,0.11680
8023.50977,0.11680
8023.87988,0.11670
8024.24023,0.11660
8024.60986,0.11660
8024.97998,0.11650
8025.35010,0.11640
8025.72021,0.11640
8026.08984,0.11630
8026.45996,0.11620
8026.83008,0.11620
8027.18994,0.11610
8027.56006,0.11600
8027.93018,0.11600
8028.29004,0.11590
8028.66016,0.11580
8029.02979,0.11580
8029.39990,0.11570
8029.77002,0.11560
8030.14014,0.11560
8030.50977,0.11550
8030.87988,0.11540
8031.24023,0.11540
8031.60986,0.11530
8031.97998,0.11520
8032.35010,0.11520
8032.72021,0.11510
8033.08008,0.11500
8033.45020,0.11500
8033.81982,0.11490
8034.18994,0.11480
8034.56006,0.11480
8034.93018,0.11470
8035.29980,0.11460
8035.66992,0.11460
8036.04004,0.11450
8036.39990,0.11440
8036.77002,0.11440
8037.14014,0.11430
8037.50977,0.11420
8037.87988,0.11420
8038.24023,0.11410
8038.60986,0.11400
8038.97998,0.11400
8039.35010,0.11390
8039.72021,0.11380
8040.08984,0.11380
8040.45996,0.11370
8040.83008,0.11370
8041.18994,0.11360
8041.56006,0.11350
8041.93018,0.11350
8042.29980,0.11340
8042.66992,0.11330
8043.04004,0.11330
8043.41016,0.11320
8043.77979,0.11310
8044.14990,0.11310
8044.52002,0.11300
8044.87988,0.11290
8045.25000,0.11290
8045.62012,0.11280
8045.99023,0.11270
8046.35986,0.11270
8046.72998,0.11260
8047.10010,0.11250
8047.47021,0.11250
8047.83984,0.11240
8048.20020,0.11230
8048.58008,0.11230
8048.93994,0.11220
8049.31006,0.11210
8049.68018,0.11210
8050.04980,0.11200
8050.41992,0.11190
8050.79004,0.11180
8051.16016,0.11170
8051.52979,0.11170
8051.89990,0.11160
8052.27002,0.11150
8052.64014,0.11140
8053.00000,0.11130
8053.37012,0.11130
8053.74023,0.11120
8054.10986,0.11110
8054.47998,0.11100
8054.85010,0.11090
8055.22021,0.11090
8055.58984,0.11080
8055.95996,0.11070
8056.33008,0.11060
8056.70020,0.11050
8057.06006,0.11040
8057.43994,0.11040
8057.81006,0.11030
8058.16992,0.11020
8058.54980,0.11010
8058.91992,0.11000
8059.27979,0.11000
8059.66016,0.10990
8060.02002,0.10980
8060.39990,0.10970
8060.77002,0.10960
8061.12988,0.10960
8061.50000,0.10950
8061.87012,0.10940
8062.24023,0.10930
8062.60986,0.10920
8062.97998,0.10910
8063.35010,0.10910
8063.72021,0.10900
8064.08984,0.10890
8064.45996,0.10880
8064.83008,0.10870
8065.20020,0.10870
8065.56982,0.10860
8065.93994,0.10850
8066.31006,0.10840
8066.68018,0.10830
8067.04980,0.10820
8067.41992,0.10820
8067.79004,0.10810
8068.16016,0.10800
8068.52979,0.10790
8068.89990,0.10780
8069.27002,0.10780
8069.64014,0.10770
8070.00977,0.10760
8070.37988,0.10750
8070.75000,0.10740
8071.12012,0.10740
8071.49023,0.10730
8071.85986,0.10720
8072.22998,0.10710
8072.60010,0.10700
8072.97998,0.10690
8073.33984,0.10690
8073.70996,0.10680
8074.08008,0.10670
8074.45020,0.10660
8074.81982,0.10650
8075.18994,0.10650
8075.56006,0.10640
8075.93994,0.10630
8076.31006,0.10620
8076.68018,0.10610
8077.04980,0.10600
8077.41992,0.10600
8077.79004,0.10590
8078.14990,0.10580
8078.52979,0.10570
8078.89990,0.10560
8079.27002,0.10560
8079.64014,0.10550
8080.00977,0.10540
8080.37988,0.10530
8080.75000,0.10520
8081.12012,0.10520
8081.49023,0.10510
8081.87012,0.10500
8082.22998,0.10490
8082.60010,0.10480
8082.97998,0.10470
8083.33984,0.10470
8083.72021,0.10460
8084.08984,0.10450
8084.45996,0.10440
8084.83008,0.10430
8085.20020,0.10430
8085.56982,0.10420
8085.95020,0.10410
8086.31006,0.10400
8086.68018,0.10390
8087.04980,0.10380
8087.41992,0.10380
8087.79980,0.10370
8088.16992,0.10360
8088.54004,0.10350
8088.91016,0.10340
8089.27979,0.10340
8089.64990,0.10330
8090.02979,0.10320
8090.39014,0.10310
8090.75977,0.10300
8091.12988,0.10300
8091.50977,0.10290
8091.87988,0.10280
8092.25000,0.10270
8092.62012,0.10260
8092.99023,0.10250
8093.35986,0.10250
8093.74023,0.10240
8094.10010,0.10230
8094.47021,0.10220
8094.85010,0.10210
8095.22021,0.10210
8095.58984,0.10200
8095.95996,0.10190
8096.33008,0.10180
8096.70020,0.10170
8097.06982,0.10160
8097.45020,0.10160
8097.81982,0.10150
8098.18994,0.10140
8098.56006,0.10130
8098.93018,0.10120
8099.29980,0.10120
8099.66992,0.10110
8100.04980,0.10100
8100.41992,0.10090
8100.79004,0.10090
8101.16016,0.10080
8101.52979,0.10070
8101.91016,0.10070
8102.27979,0.10060
8102.64990,0.10050
8103.02002,0.10050
8103.39014,0.10040
8103.75977,0.10030
8104.12988,0.10030
8104.50000,0.10020
8104.87988,0.10010
8105.25000,0.10010
8105.62012,0.10000
8105.99023,0.09990
8106.35986,0.09990
8106.74023,0.09980
8107.10010,0.09970
8107.47998,0.09970
8107.85010,0.09960
8108.22021,0.09950
8108.58984,0.09950
8108.97021,0.09940
8109.33984,0.09930
8109.70996,0.09930
8110.08984,0.09920
8110.45996,0.09910
8110.83008,0.09910
8111.18994,0.09900
8111.56982,0.09890
8111.93994,0.09880
8112.31006,0.09880
8112.68994,0.09870
8113.06006,0.09860
8113.43018,0.09860
8113.79980,0.09850
8114.16992,0.09840
8114.54980,0.09840
8114.91992,0.09830
8115.29004,0.09820
8115.66016,0.09820
8116.04004,0.09810
8116.41016,0.09800
8116.77979,0.09800
8117.14990,0.09790
8117.52002,0.09780
8117.89990,0.09780
8118.27002,0.09770
8118.64014,0.09760
8119.02002,0.09760
8119.39014,0.09750
8119.75977,0.09740
8120.12988,0.09740
8120.50000,0.09730
8120.87988,0.09720
8121.25000,0.09720
8121.62012,0.09710
8122.00000,0.09700
8122.37012,0.09700
8122.74023,0.09690
8123.10986,0.09680
8123.47998,0.09680
8123.85010,0.09670
8124.22021,0.09660
8124.60010,0.09660
8124.97021,0.09650
8125.33984,0.09640
8125.72021,0.09640
8126.08984,0.09630
8126.45996,0.09620
8126.83984,0.09620
8127.20996,0.09610
8127.58008,0.09600
8127.95020,0.09600
8128.31982,0.09590
8128.70020,0.09580
8129.06982,0.09580
8129.43994,0.09570
8129.81982,0.09560
8130.18994,0.09560
8130.56006,0.09550
8130.93994,0.09540
8131.31006,0.09540
8131.68994,0.09530
8132.06006,0.09520
8132.43018,0.09520
8132.79980,0.09510
8133.18018,0.09500
8133.54980,0.09500
8133.91992,0.09490
8134.29004,0.09480
8134.66992,0.09480
8135.04004,0.09470
8135.41016,0.09460
8135.79004,0.09460
8136.16016,0.09450
8136.52979,0.09440
8136.91016,0.09440
8137.27979,0.09430
8137.64990,0.09420
8138.02979,0.09420
8138.39990,0.09410
8138.77002,0.09400
8139.14990,0.09400
8139.52002,0.09390
8139.89014,0.09380
8140.27002,0.09380
8140.64014,0.09370
8141.00977,0.09360
8141.37988,0.09360
8141.75977,0.09350
8142.12988,0.09340
8142.50000,0.09330
8142.87988,0.09330
8143.25977,0.09320
8143.62988,0.09310
8144.00000,0.09310
8144.37012,0.09300
8144.74023,0.09290
8145.12012,0.09290
8145.49023,0.09280
8145.87012,0.09270
8146.24023,0.09270
8146.60986,0.09260
8146.99023,0.09250
8147.37012,0.09250
8147.74023,0.09240
8148.10986,0.09230
8148.47998,0.09230
8148.85010,0.09220
8149.22998,0.09210
8149.60010,0.09210
8149.97998,0.09200
8150.35010,0.09190
8150.72021,0.09190
8151.10010,0.09180
8151.47021,0.09180
8151.85010,0.09170
8152.22021,0.09160
8152.60010,0.09160
8152.97021,0.09150
8153.33984,0.09150
8153.70996,0.09140
8154.08984,0.09130
8154.45996,0.09130
8154.83984,0.09120
8155.20996,0.09120
8155.58984,0.09110
8155.95996,0.09100
8156.33984,0.09100
8156.70996,0.09090
8157.08008,0.09090
8157.45996,0.09080
8157.83008,0.09070
8158.20996,0.09070
8158.58008,0.09060
8158.95020,0.09060
8159.33008,0.09050
8159.70020,0.09040
8160.08008,0.09040
8160.45020,0.09030
8160.83008,0.09030
8161.20020,0.09020
8161.56982,0.09010
8161.95020,0.09010
8162.31982,0.09000
8162.68994,0.09000
8163.06982,0.08990
8163.45020,0.08980
8163.81982,0.08980
8164.20020,0.08970
8164.56982,0.08970
8164.93994,0.08960
8165.31982,0.08950
8165.68994,0.08950
8166.06006,0.08940
8166.43994,0.08940
8166.81006,0.08930
8167.18994,0.08920
8167.56982,0.08920
8167.93994,0.08910
8168.31982,0.08910
8168.68994,0.08900
8169.06006,0.08900
8169.43994,0.08890
8169.81006,0.08880
8170.18994,0.08880
8170.56006,0.08870
8170.93018,0.08870
8171.31006,0.08860
8171.68018,0.08850
8172.06006,0.08850
8172.43994,0.08840
8172.81006,0.08840
8173.18994,0.08830
8173.56006,0.08820
8173.93018,0.08820
8174.31006,0.08810
8174.68994,0.08800
8175.06006,0.08800
8175.43994,0.08790
8175.81006,0.08790
8176.18018,0.08780
8176.56006,0.08780
8176.93018,0.08770
8177.31006,0.08760
8177.68994,0.08760
8178.06006,0.08750
8178.43018,0.08750
8178.81006,0.08740
8179.18018,0.08730
8179.56006,0.08730
8179.93018,0.08720
8180.31006,0.08720
8180.68994,0.08710
8181.06006,0.08700
8181.43994,0.08700
8181.81006,0.08690
8182.18018,0.08690
8182.56006,0.08680
8182.93018,0.08670
8183.31006,0.08670
8183.68994,0.08660
8184.06006,0.08660
8184.43994,0.08650
8184.81982,0.08640
8185.18994,0.08640
8185.56982,0.08630
8185.93994,0.08620
8186.31982,0.08620
8186.68994,0.08610
8187.06006,0.08610
8187.43994,0.08600
8187.81982,0.08590
8188.18994,0.08590
8188.56982,0.08580
8188.93994,0.08580
8189.31982,0.08570
8189.70020,0.08560
8190.06982,0.08560
8190.45020,0.08550
8190.81982,0.08550
8191.18994,0.08540
8191.56982,0.08530
8191.95020,0.08530
8192.32031,0.08520
8192.70020,0.08520
8193.07031,0.08510
8193.45020,0.08500
8193.83008,0.08500
8194.20020,0.08490
8194.58008,0.08490
8194.95996,0.08480
8195.33008,0.08470
8195.70996,0.08470
8196.08008,0.08460
8196.45996,0.08460
8196.83984,0.08450
8197.20996,0.08440
8197.58984,0.08440
8197.95996,0.08430
8198.33984,0.08430
8198.71973,0.08420
8199.08984,0.08410
8199.45996,0.08410
8199.83984,0.08400
8200.21973,0.08400
8200.58984,0.08390
8200.96973,0.08380
8201.34961,0.08380
8201.71973,0.08370
8202.09961,0.08370
8202.48047,0.08360
8202.84961,0.08350
8203.23047,0.08350
8203.59961,0.08340
8203.98047,0.08340
8204.34961,0.08330
8204.73047,0.08320
8205.11035,0.08320
8205.48047,0.08310
8205.86035,0.08310
8206.24023,0.08300
8206.62012,0.08290
8206.99023,0.08290
8207.37012,0.08280
8207.74023,0.08280
8208.12012,0.08270
8208.49023,0.08260
8208.87012,0.08260
8209.25000,0.08250
8209.62012,0.08250
8210.00000,0.08240
8210.37988,0.08230
8210.75977,0.08230
8211.12988,0.08220
8211.50977,0.08220
8211.87988,0.08210
8212.25977,0.08200
8212.63965,0.08200
8213.00977,0.08190
8213.38965,0.08190
8213.76953,0.08180
8214.15039,0.08170
8214.51953,0.08170
8214.90039,0.08160
8215.28027,0.08160
8215.65039,0.08150
8216.03027,0.08140
8216.40039,0.08140
8216.78027,0.08130
8217.16016,0.08130
8217.53027,0.08120
8217.91016,0.08110
8218.29004,0.08110
8218.66992,0.08100
8219.04980,0.08100
8219.41992,0.08090
8219.79980,0.08080
8220.16992,0.08080
8220.54980,0.08070
8220.92969,0.08070
8221.30957,0.08060
8221.67969,0.08050
8222.05957,0.08050
8222.44043,0.08040
8222.80957,0.08030
8223.19043,0.08030
8223.57031,0.08020
8223.95020,0.08020
8224.33008,0.08010
8224.70020,0.08000
8225.08008,0.08000
8225.45996,0.07990
8225.83008,0.07990
8226.20996,0.07980
8226.58008,0.07970
8226.95996,0.07970
8227.33984,0.07960
8227.71973,0.07960
8228.09961,0.07950
8228.46973,0.07940
8228.84961,0.07940
8229.23047,0.07930
8229.59961,0.07930
8229.98047,0.07920
8230.36035,0.07910
8230.74023,0.07910
8231.12012,0.07900
8231.50000,0.07900
8231.87012,0.07890
8232.25000,0.07880
8232.62988,0.07880
8233.00000,0.07870
8233.37988,0.07870
8233.75000,0.07860
8234.12988,0.07850
8234.50977,0.07850
8234.88965,0.07840
8235.26953,0.07840
8235.65039,0.07830
8236.01953,0.07820
8236.40039,0.07820
8236.78027,0.07810
8237.15039,0.07810
8237.53027,0.07800
8237.91016,0.07790
8238.29004,0.07790
8238.66992,0.07780
8239.04004,0.07780
8239.41992,0.07770
8239.79980,0.07760
8240.17969,0.07760
8240.55957,0.07750
8240.94043,0.07740
8241.30957,0.07740
8241.69043,0.07730
8242.07031,0.07730
8242.45020,0.07720
8242.83008,0.07710
8243.20020,0.07710
8243.58008,0.07700
8243.95996,0.07700
8244.33984,0.07690
8244.71973,0.07680
8245.08984,0.07680
8245.46973,0.07670
8245.84961,0.07670
8246.23047,0.07660
8246.61035,0.07650
8246.98047,0.07650
8247.36035,0.07640
8247.74023,0.07640
8248.12012,0.07630
8248.50000,0.07620
8248.87988,0.07620
8249.25000,0.07610
8249.62988,0.07610
8250.00977,0.07600
8250.38965,0.07590
8250.76953,0.07590
8251.13965,0.07580
8251.51953,0.07570
8251.91016,0.07570
8252.28027,0.07560
8252.66016,0.07550
8253.04004,0.07550
8253.41992,0.07540
8253.79980,0.07530
8254.16992,0.07520
8254.54980,0.07520
8254.92969,0.07510
8255.30957,0.07500
8255.69043,0.07500
8256.07031,0.07490
8256.45020,0.07480
8256.83008,0.07480
8257.20020,0.07470
8257.58008,0.07460
8257.95996,0.07460
8258.33984,0.07450
8258.71973,0.07440
8259.09961,0.07440
8259.46973,0.07430
8259.84961,0.07420
8260.24023,0.07420
8260.61035,0.07410
8260.99023,0.07400
8261.37012,0.07400
8261.75000,0.07390
8262.12988,0.07380
8262.50000,0.07370
8262.87988,0.07370
8263.26953,0.07360
8263.63965,0.07350
8264.01953,0.07350
8264.40039,0.07340
8264.78027,0.07330
8265.16016,0.07330
8265.54004,0.07320
8265.91992,0.07310
8266.29980,0.07310
8266.66992,0.07300
8267.04980,0.07290
8267.42969,0.07290
8267.80957,0.07280
8268.19043,0.07270
8268.57031,0.07270
8268.95020,0.07260
8269.33008,0.07250
8269.70996,0.07250
8270.08984,0.07240
8270.46973,0.07230
8270.84961,0.07220
8271.23047,0.07220
8271.59961,0.07210
8271.98047,0.07200
8272.37012,0.07200
8272.74023,0.07190
8273.12012,0.07180
8273.50977,0.07180
8273.87988,0.07170
8274.25977,0.07160
8274.63965,0.07160
8275.01953,0.07150
8275.40039,0.07140
8275.78027,0.07140
8276.16016,0.07130
8276.54004,0.07120
8276.91992,0.07120
8277.29980,0.07110
8277.67969,0.07100
8278.05957,0.07100
8278.44043,0.07090
8278.82031,0.07080
8279.20020,0.07070
8279.58008,0.07070
8279.95020,0.07060
8280.33008,0.07050
8280.71973,0.07050
8281.08984,0.07040
8281.48047,0.07030
8281.84961,0.07030
8282.24023,0.07020
8282.62012,0.07010
8283.00000,0.07010
8283.37988,0.07000
8283.75000,0.06990
8284.12988,0.06990
8284.50977,0.06980
8284.88965,0.06970
8285.26953,0.06970
8285.66016,0.06960
8286.03027,0.06950
8286.41992,0.06940
8286.79980,0.06940
8287.16992,0.06930
8287.55957,0.06920
8287.92969,0.06920
8288.30957,0.06910
8288.69043,0.06900
8289.07031,0.06900
8289.45020,0.06890
8289.83984,0.06880
8290.20996,0.06880
8290.59961,0.06870
8290.98047,0.06860
8291.36035,0.06860
8291.74023,0.06850
8292.12012,0.06840
8292.49023,0.06840
8292.87988,0.06830
8293.25000,0.06820
8293.63965,0.06810
8294.01953,0.06810
8294.40039,0.06800
8294.78027,0.06790
8295.16016,0.06790
8295.54004,0.06780
8295.91992,0.06770
8296.29980,0.06770
8296.67969,0.06760
8297.05957,0.06750
8297.44043,0.06750
8297.82031,0.06740
8298.20996,0.06730
8298.58008,0.06730
8298.96973,0.06720
8299.33984,0.06710
8299.73047,0.06700
8300.11035,0.06700
8300.49023,0.06690
8300.87012,0.06680
8301.25000,0.06680
8301.62988,0.06670
8302.00977,0.06660
8302.38965,0.06660
8302.76953,0.06650
8303.15039,0.06640
8303.53027,0.06640
8303.91992,0.06630
8304.29980,0.06620
8304.67969,0.06620
8305.04980,0.06610
8305.42969,0.06600
8305.82031,0.06600
8306.20020,0.06590
8306.58008,0.06580
8306.95996,0.06570
8307.33984,0.06570
8307.71973,0.06560
8308.11035,0.06550
8308.49023,0.06550
8308.87012,0.06540
8309.25000,0.06530
8309.62012,0.06530
8310.00977,0.06520
8310.38965,0.06510
8310.76953,0.06510
8311.15039,0.06500
8311.54004,0.06490
8311.91992,0.06490
8312.29980,0.06480
8312.67969,0.06470
8313.05957,0.06460
8313.44043,0.06460
8313.82031,0.06450
8314.20020,0.06440
8314.58008,0.06440
8314.95996,0.06430
8315.34961,0.06420
8315.73047,0.06420
8316.11035,0.06410
8316.49023,0.06400
8316.87012,0.06400
8317.25977,0.06390
8317.62988,0.06380
8318.00977,0.06380
8318.40039,0.06370
8318.78027,0.06360
8319.16016,0.06360
8319.54004,0.06350
8319.91992,0.06340
8320.30957,0.06330
8320.69043,0.06330
8321.07031,0.06320
8321.45020,0.06310
8321.83984,0.06310
8322.20996,0.06300
8322.58984,0.06290
8322.96973,0.06290
8323.36035,0.06280
8323.74023,0.06270
8324.12012,0.06270
8324.50000,0.06260
8324.88965,0.06250
8325.26953,0.06250
8325.65039,0.06240
8326.03027,0.06230
8326.41016,0.06220
8326.79004,0.06220
8327.16992,0.06210
8327.55957,0.06200
8327.94043,0.06200
8328.32031,0.06190
8328.70996,0.06180
8329.08984,0.06180
8329.46973,0.06170
8329.84961,0.06160
8330.23047,0.06160
8330.62012,0.06150
8331.00000,0.06140
8331.37988,0.06140
8331.75977,0.06130
8332.13965,0.06120
8332.51953,0.06110
8332.91016,0.06110
8333.29004,0.06100
8333.66992,0.06090
8334.05957,0.06090
8334.44043,0.06080
8334.82031,0.06070
8335.20020,0.06070
8335.58008,0.06060
8335.95996,0.06050
8336.34961,0.06050
8336.73047,0.06040
8337.11035,0.06030
8337.49023,0.06030
8337.87988,0.06020
8338.25977,0.06010
8338.63965,0.06000
8339.03027,0.06000
8339.41016,0.05990
8339.79004,0.05980
8340.16992,0.05980
8340.54980,0.05970
8340.94043,0.05960
8341.32031,0.05960
8341.70020,0.05950
8342.08984,0.05940
8342.46973,0.05940
8342.84961,0.05930
8343.24023,0.05920
8343.61035,0.05920
8344.00000,0.05910
8344.37988,0.05900
8344.75977,0.05890
8345.15039,0.05890
8345.53027,0.05880
8345.91016,0.05870
8346.29980,0.05870
8346.67969,0.05860
8347.05957,0.05850
8347.45020,0.05850
8347.82031,0.05840
8348.20996,0.05830
8348.58984,0.05830
8348.96973,0.05820
8349.36035,0.05810
8349.74023,0.05800
8350.12012,0.05800
8350.50977,0.05790
8350.88965,0.05790
8351.26953,0.05780
8351.66016,0.05780
8352.03027,0.05770
8352.41992,0.05770
8352.79980,0.05760
8353.19043,0.05760
8353.57031,0.05750
8353.95020,0.05740
8354.33984,0.05740
8354.71973,0.05730
8355.09961,0.05730
8355.49023,0.05720
8355.87012,0.05720
8356.25000,0.05710
8356.62988,0.05710
8357.01953,0.05700
8357.40039,0.05700
8357.79004,0.05690
8358.16992,0.05690
8358.54980,0.05680
8358.94043,0.05670
8359.32031,0.05670
8359.70020,0.05660
8360.08984,0.05660
8360.46973,0.05650
8360.84961,0.05650
8361.23047,0.05640
8361.62012,0.05640
8362.00000,0.05630
8362.37988,0.05630
8362.76953,0.05620
8363.16016,0.05620
8363.54004,0.05610
8363.91992,0.05610
8364.29980,0.05600
8364.69043,0.05590
8365.07031,0.05590
8365.45020,0.05580
8365.83984,0.05580
8366.21973,0.05570
8366.59961,0.05570
8366.99023,0.05560
8367.37988,0.05560
8367.75977,0.05550
8368.13965,0.05550
8368.51953,0.05540
8368.91016,0.05540
8369.29004,0.05530
8369.66992,0.05520
8370.05957,0.05520
8370.45020,0.05510
8370.83008,0.05510
8371.20996,0.05500
8371.58984,0.05500
8371.98047,0.05490
8372.37012,0.05490
8372.75000,0.05480
8373.12988,0.05480
8373.51953,0.05470
8373.90039,0.05470
8374.28027,0.05460
8374.66992,0.05450
8375.04980,0.05450
8375.44043,0.05440
8375.82031,0.05440
8376.20996,0.05430
8376.58984,0.05430
8376.96973,0.05420
8377.36035,0.05420
8377.74023,0.05410
8378.12012,0.05410
8378.50977,0.05400
8378.88965,0.05400
8379.28027,0.05390
8379.66016,0.05380
8380.04980,0.05380
8380.42969,0.05370
8380.82031,0.05370
8381.20020,0.05360
8381.58984,0.05360
8381.96973,0.05350
8382.34961,0.05350
8382.74023,0.05340
8383.12012,0.05340
8383.50977,0.05330
8383.88965,0.05330
8384.26953,0.05320
8384.66016,0.05310
8385.04980,0.05310
8385.42969,0.05300
8385.82031,0.05300
8386.20020,0.05290
8386.58008,0.05290
8386.96973,0.05280
8387.34961,0.05280
8387.74023,0.05270
8388.12012,0.05270
8388.50977,0.05260
8388.88965,0.05260
8389.26953,0.05250
8389.66016,0.05240
8390.04980,0.05240
8390.42969,0.05230
8390.80957,0.05230
8391.20020,0.05220
8391.58008,0.05220
8391.96973,0.05210
8392.34961,0.05210
8392.74023,0.05200
8393.12988,0.05200
8393.50977,0.05190
8393.90039,0.05190
8394.28027,0.05180
8394.66992,0.05170
8395.04980,0.05170
8395.42969,0.05160
8395.82031,0.05160
8396.20020,0.05150
8396.58984,0.05150
8396.96973,0.05140
8397.36035,0.05140
8397.74023,0.05130
8398.12988,0.05130
8398.51953,0.05120
8398.90039,0.05120
8399.29004,0.05110
8399.66992,0.05100
8400.04980,0.05100
8400.44043,0.05090
8400.82031,0.05080
8401.20996,0.05080
8401.59961,0.05070
8401.98047,0.05060
8402.37012,0.05050
8402.75000,0.05040
8403.13965,0.05040
8403.53027,0.05030
8403.91016,0.05020
8404.29004,0.05010
8404.67969,0.05010
8405.05957,0.05000
8405.45020,0.04990
8405.83984,0.04980
8406.21973,0.04980
8406.61035,0.04970
8406.99023,0.04960
8407.37988,0.04950
8407.76953,0.04940
8408.15039,0.04940
8408.53027,0.04930
8408.91992,0.04920
8409.29980,0.04910
8409.69043,0.04910
8410.08008,0.04900
8410.45996,0.04890
8410.84961,0.04880
8411.24023,0.04880
8411.62012,0.04870
8412.00977,0.04860
8412.38965,0.04850
8412.78027,0.04840
8413.16016,0.04840
8413.54980,0.04830
8413.94043,0.04820
8414.32031,0.04810
8414.70996,0.04810
8415.09961,0.04800
8415.48047,0.04790
8415.87012,0.04780
8416.25977,0.04770
8416.62988,0.04770
8417.01953,0.04760
8417.41016,0.04750
8417.79004,0.04740
8418.17969,0.04740
8418.57031,0.04730
8418.95020,0.04720
8419.33984,0.04710
8419.73047,0.04710
8420.11035,0.04700
8420.50000,0.04690
8420.88965,0.04680
8421.26953,0.04670
8421.65039,0.04670
8422.04004,0.04660
8422.42969,0.04650
8422.80957,0.04640
8423.20020,0.04640
8423.58984,0.04630
8423.98047,0.04620
8424.36035,0.04610
8424.75000,0.04600
8425.12988,0.04600
8425.51953,0.04590
8425.90039,0.04580
8426.29004,0.04570
8426.67969,0.04570
8427.07031,0.04560
8427.45020,0.04550
8427.83984,0.04540
8428.23047,0.04540
8428.62012,0.04530
8429.00000,0.04520
8429.38965,0.04510
8429.76953,0.04500
8430.16016,0.04500
8430.54004,0.04490
8430.92969,0.04480
8431.32031,0.04470
8431.70996,0.04470
8432.08984,0.04460
8432.48047,0.04450
8432.87012,0.04440
8433.25000,0.04430
8433.63965,0.04430
8434.03027,0.04420
8434.41016,0.04410
8434.79980,0.04400
8435.17969,0.04400
8435.57031,0.04390
8435.95996,0.04380
8436.34961,0.04370
8436.74023,0.04370
8437.12012,0.04360
8437.50977,0.04350
8437.90039,0.04340
8438.28027,0.04330
8438.66992,0.04330
8439.05957,0.04320
8439.44043,0.04310
8439.83008,0.04300
8440.21973,0.04300
8440.59961,0.04290
8440.99023,0.04280
8441.37988,0.04270
8441.76953,0.04260
8442.16016,0.04260
8442.54004,0.04250
8442.91992,0.04240
8443.30957,0.04230
8443.70020,0.04230
8444.08984,0.04220
8444.48047,0.04210
8444.86035,0.04200
8445.25000,0.04200
8445.63965,0.04190
8446.03027,0.04180
8446.41992,0.04170
8446.79980,0.04160
8447.19043,0.04160
8447.58008,0.04150
8447.95996,0.04140
8448.34961,0.04130
8448.73047,0.04130
8449.12012,0.04120
8449.50977,0.04110
8449.90039,0.04100
8450.29004,0.04090
8450.67969,0.04080
8451.05957,0.04070
8451.45020,0.04070
8451.83008,0.04060
8452.21973,0.04050
8452.61035,0.04040
8453.00000,0.04030
8453.38965,0.04020
8453.78027,0.04010
8454.16016,0.04000
8454.54980,0.03990
8454.94043,0.03980
8455.33008,0.03970
8455.70996,0.03960
8456.09961,0.03950
8456.49023,0.03940
8456.87988,0.03930
8457.25977,0.03930
8457.65039,0.03920
8458.04004,0.03910
8458.42969,0.03900
8458.82031,0.03890
8459.20996,0.03880
8459.58984,0.03870
8459.98047,0.03860
8460.37012,0.03850
8460.75977,0.03840
8461.15039,0.03830
8461.53027,0.03820
8461.91992,0.03810
8462.30957,0.03800
8462.70020,0.03800
8463.08984,0.03790
8463.46973,0.03780
8463.86035,0.03770
8464.25000,0.03760
8464.63965,0.03750
8465.03027,0.03740
8465.41992,0.03730
8465.79980,0.03720
8466.19043,0.03710
8466.58008,0.03700
8466.96973,0.03690
8467.36035,0.03680
8467.75000,0.03670
8468.12988,0.03660
8468.53027,0.03660
8468.91016,0.03650
8469.29980,0.03640
8469.67969,0.03630
8470.07031,0.03620
8470.45996,0.03610
8470.84961,0.03600
8471.24023,0.03590
8471.62988,0.03580
8472.01953,0.03570
8472.41016,0.03560
8472.79980,0.03550
8473.17969,0.03540
8473.57031,0.03530
8473.95996,0.03520
8474.34961,0.03520
8474.74023,0.03510
8475.12012,0.03500
8475.51953,0.03490
8475.91016,0.03480
8476.29004,0.03470
8476.67969,0.03460
8477.07031,0.03450
8477.45996,0.03440
8477.84961,0.03430
8478.23047,0.03420
8478.62012,0.03410
8479.01953,0.03400
8479.40039,0.03390
8479.79004,0.03380
8480.17969,0.03380
8480.57031,0.03370
8480.95996,0.03360
8481.34961,0.03350
8481.73047,0.03340
8482.12988,0.03330
8482.50977,0.03320
8482.90039,0.03310
8483.29004,0.03300
8483.67969,0.03290
8484.07031,0.03280
8484.45996,0.03270
8484.84961,0.03260
8485.24023,0.03250
8485.62988,0.03240
8486.00977,0.03240
8486.41016,0.03230
8486.79004,0.03220
8487.17969,0.03210
8487.57031,0.03200
8487.95996,0.03190
8488.34961,0.03180
8488.74023,0.03170
8489.12988,0.03160
8489.51953,0.03150
8489.91016,0.03140
8490.29980,0.03130
8490.67969,0.03120
8491.08008,0.03110
8491.46973,0.03100
8491.84961,0.03100
8492.25000,0.03090
8492.63965,0.03080
8493.01953,0.03070
8493.41992,0.03060
8493.80957,0.03050
8494.19043,0.03040
8494.58984,0.03030
8494.96973,0.03020
8495.36035,0.03010
8495.75000,0.03000
8496.13965,0.02990
8496.53027,0.02980
8496.91992,0.02970
8497.30957,0.02960
8497.70020,0.02960
8498.08984,0.02950
8498.48047,0.02940
8498.87012,0.02930
8499.25977,0.02920
8499.65039,0.02910
8500.04004,0.02900
8500.42969,0.02890
8500.82031,0.02880
8501.20996,0.02880
8501.59961,0.02870
8501.99023,0.02860
8502.37988,0.02850
8502.76953,0.02840
8503.16016,0.02840
8503.54004,0.02830
8503.94043,0.02820
8504.33008,0.02810
8504.71973,0.02810
8505.11035,0.02800
8505.50000,0.02790
8505.88965,0.02780
8506.28027,0.02770
8506.66992,0.02770
8507.05957,0.02760
8507.45020,0.02750
8507.83984,0.02740
8508.23047,0.02740
8508.62012,0.02730
8509.00977,0.02720
8509.40039,0.02710
8509.79004,0.02700
8510.17969,0.02700
8510.57031,0.02690
8510.95996,0.02680
8511.34961,0.02670
8511.75000,0.02670
8512.12988,0.02660
8512.51953,0.02650
8512.91016,0.02640
8513.29980,0.02630
8513.70020,0.02630
8514.08008,0.02620
8514.48047,0.02610
8514.87012,0.02600
8515.25977,0.02590
8515.65039,0.02590
8516.04004,0.02580
8516.42969,0.02570
8516.82031,0.02560
8517.20996,0.02560
8517.59961,0.02550
8517.99023,0.02540
8518.37988,0.02530
8518.76953,0.02520
8519.16016,0.02520
8519.54980,0.02510
8519.95020,0.02500
8520.33008,0.02490
8520.73047,0.02490
8521.12012,0.02480
8521.50000,0.02470
8521.90039,0.02460
8522.29004,0.02450
8522.67969,0.02450
8523.07031,0.02440
8523.45996,0.02430
8523.84961,0.02420
8524.25000,0.02420
8524.62988,0.02410
8525.03027,0.02400
8525.41992,0.02390
8525.79980,0.02380
8526.20020,0.02380
8526.58984,0.02370
8526.98047,0.02360
8527.37012,0.02350
8527.75977,0.02340
8528.15039,0.02340
8528.54980,0.02330
8528.94043,0.02320
8529.33008,0.02310
8529.71973,0.02310
8530.11035,0.02300
8530.50000,0.02290
8530.88965,0.02280
8531.28027,0.02270
8531.67969,0.02270
8532.05957,0.02260
8532.45996,0.02250
8532.84961,0.02240
8533.24023,0.02240
8533.62988,0.02230
8534.01953,0.02220
8534.41016,0.02210
8534.79980,0.02200
8535.19043,0.02200
8535.58984,0.02190
8535.98047,0.02180
8536.37012,0.02170
8536.75977,0.02160
8537.15039,0.02160
8537.54980,0.02150
8537.94043,0.02140
8538.33008,0.02130
8538.71973,0.02130
8539.11035,0.02120
8539.50000,0.02110
8539.88965,0.02100
8540.28027,0.02090
8540.67969,0.02090
8541.07031,0.02080
8541.45996,0.02070
8541.84961,0.02060
8542.25000,0.02060
8542.63965,0.02050
8543.03027,0.02040
8543.41992,0.02030
8543.80957,0.02020
8544.20020,0.02020
8544.58984,0.02010
8544.99023,0.02000
8545.37988,0.01990
8545.76953,0.01980
8546.16992,0.01980
8546.55957,0.01970
8546.95020,0.01960
8547.33984,0.01950
8547.73047,0.01950
8548.12012,0.01940
8548.51953,0.01930
8548.91016,0.01920
8549.29980,0.01910
8549.69043,0.01910
8550.08008,0.01900
8550.48047,0.01890
8550.87012,0.01880
8551.25977,0.01870
8551.65039,0.01870
8552.04004,0.01860
8552.44043,0.01850
8552.83008,0.01840
8553.21973,0.01840
8553.61035,0.01830
8554.00977,0.01820
8554.40039,0.01810
8554.79004,0.01800
8555.17969,0.01800
8555.58008,0.01790
8555.96973,0.01780
8556.36035,0.01770
8556.75000,0.01760
8557.15039,0.01760
8557.54004,0.01750
8557.92969,0.01740
8558.32031,0.01730
8558.70996,0.01730
8559.11035,0.01720
8559.50000,0.01710
8559.88965,0.01700
8560.29004,0.01690
8560.66992,0.01690
8561.07031,0.01680
8561.45996,0.01670
8561.84961,0.01660
8562.25000,0.01660
8562.63965,0.01650
8563.03027,0.01640
8563.42969,0.01630
8563.82031,0.01620
8564.20996,0.01620
8564.61035,0.01610
8565.00000,0.01600
8565.38965,0.01590
8565.78027,0.01580
8566.16992,0.01580
8566.57031,0.01570
8566.95996,0.01560
8567.36035,0.01550
8567.75000,0.01540
8568.13965,0.01540
8568.54004,0.01530
8568.92969,0.01520
8569.32031,0.01510
8569.70996,0.01510
8570.09961,0.01500
8570.50000,0.01490
8570.88965,0.01480
8571.28027,0.01470
8571.67969,0.01470
8572.07031,0.01460
8572.45996,0.01450
8572.86035,0.01440
8573.25000,0.01440
8573.63965,0.01430
8574.04004,0.01420
8574.42969,0.01410
8574.82031,0.01400
8575.21973,0.01400
8575.61035,0.01390
8576.00000,0.01380
8576.40039,0.01370
8576.79004,0.01360
8577.19043,0.01360
8577.58008,0.01350
8577.96973,0.01340
8578.36035,0.01330
8578.75000,0.01320
8579.15039,0.01320
8579.54004,0.01310
8579.94043,0.01300
8580.33008,0.01290
8580.71973,0.01290
8581.12012,0.01280
8581.50977,0.01270
8581.91016,0.01260
8582.29980,0.01250
8582.69043,0.01250
8583.08008,0.01240
8583.48047,0.01230
8583.87012,0.01220
8584.26953,0.01210
8584.66016,0.01210
8585.04980,0.01200
8585.45020,0.01190
8585.83984,0.01180
8586.24023,0.01180
8586.62988,0.01170
8587.01953,0.01160
8587.41992,0.01150
8587.80957,0.01140
8588.20020,0.01140
8588.59961,0.01130
8588.99023,0.01120
8589.38965,0.01110
8589.78027,0.01100
8590.16992,0.01100
8590.57031,0.01090
8590.96973,0.01080
8591.34961,0.01070
8591.75000,0.01060
8592.13965,0.01060
8592.54004,0.01050
8592.92969,0.01040
8593.33008,0.01030
8593.71973,0.01030
8594.12012,0.01020
8594.50977,0.01010
8594.90039,0.01000
8595.29980,0.00990
8595.69043,0.00990
8596.08008,0.00980
8596.48047,0.00970
8596.87012,0.00960
8597.26953,0.00950
8597.66016,0.00950
8598.05957,0.00940
8598.45020,0.00930
8598.84961,0.00920
8599.24023,0.00920
8599.63965,0.00910
8600.03027,0.00900
8600.41992,0.00900
8600.82031,0.00890
8601.20996,0.00890
8601.61035,0.00880
8602.00000,0.00880
8602.40039,0.00880
8602.79004,0.00870
8603.17969,0.00870
8603.58008,0.00860
8603.98047,0.00860
8604.37012,0.00860
8604.75977,0.00850
8605.15039,0.00850
8605.54980,0.00840
8605.95020,0.00840
8606.33984,0.00840
8606.74023,0.00830
8607.12988,0.00830
8607.53027,0.00820
8607.91992,0.00820
8608.32031,0.00820
8608.70996,0.00810
8609.09961,0.00810
8609.50000,0.00800
8609.88965,0.00800
8610.29004,0.00800
8610.67969,0.00790
8611.08008,0.00790
8611.48047,0.00790
8611.87012,0.00780
8612.26953,0.00780
8612.66016,0.00770
8613.05957,0.00770
8613.45020,0.00770
8613.83984,0.00760
8614.24023,0.00760
8614.63965,0.00750
8615.03027,0.00750
8615.42969,0.00750
8615.82031,0.00740
8616.21973,0.00740
8616.61035,0.00730
8617.00977,0.00730
8617.40039,0.00730
8617.79980,0.00720
8618.19043,0.00720
8618.58984,0.00710
8618.98047,0.00710
8619.37988,0.00710
8619.76953,0.00700
8620.16992,0.00700
8620.55957,0.00690
8620.95996,0.00690
8621.34961,0.00690
8621.75000,0.00680
8622.15039,0.00680
8622.54004,0.00670
8622.94043,0.00670
8623.33008,0.00670
8623.73047,0.00660
8624.12012,0.00660
8624.51953,0.00650
8624.91016,0.00650
8625.30957,0.00650
8625.70996,0.00640
8626.09961,0.00640
8626.49023,0.00640
8626.88965,0.00630
8627.29004,0.00630
8627.67969,0.00620
8628.08008,0.00620
8628.48047,0.00620
8628.87012,0.00610
8629.26953,0.00610
8629.66016,0.00600
8630.05957,0.00600
8630.45996,0.00600
8630.84961,0.00590
8631.24023,0.00590
8631.63965,0.00580
8632.03027,0.00580
8632.42969,0.00580
8632.83008,0.00570
8633.21973,0.00570
8633.62012,0.00560
8634.00977,0.00560
8634.41016,0.00560
8634.80957,0.00550
8635.20020,0.00550
8635.59961,0.00540
8636.00000,0.00540
8636.38965,0.00540
8636.79004,0.00530
8637.17969,0.00530
8637.58008,0.00520
8637.98047,0.00520
8638.37012,0.00520
8638.76953,0.00510
8639.16992,0.00510
8639.55957,0.00500
8639.95996,0.00500
8640.34961,0.00500
8640.75000,0.00490
8641.15039,0.00490
8641.54004,0.00480
8641.94043,0.00480
8642.33984,0.00480
8642.73047,0.00470
8643.12988,0.00470
8643.53027,0.00460
8643.91992,0.00460
8644.32031,0.00460
8644.70996,0.00450
8645.11035,0.00450
8645.50977,0.00440
8645.90039,0.00440
8646.29980,0.00440
8646.70020,0.00430
8647.08984,0.00430
8647.49023,0.00430
8647.87988,0.00420
8648.28027,0.00420
8648.67969,0.00410
8649.07031,0.00410
8649.46973,0.00410
8649.87012,0.00400
8650.25977,0.00400
8650.66016,0.00390
8651.05957,0.00390
8651.45996,0.00390
8651.86035,0.00390
8652.25000,0.00380
8652.65039,0.00380
8653.04980,0.00380
8653.44043,0.00370
8653.83984,0.00370
8654.24023,0.00370
8654.62988,0.00360
8655.03027,0.00360
8655.41992,0.00360
8655.82031,0.00350
8656.21973,0.00350
8656.62012,0.00350
8657.00977,0.00340
8657.41016,0.00340
8657.79980,0.00340
8658.20020,0.00330
8658.59961,0.00330
8659.00000,0.00330
8659.40039,0.00320
8659.79004,0.00320
8660.19043,0.00320
8660.58984,0.00320
8660.98047,0.00310
8661.37988,0.00310
8661.78027,0.00310
8662.17969,0.00300
8662.57031,0.00300
8662.96973,0.00300
8663.37012,0.00290
8663.76953,0.00290
8664.16016,0.00290
8664.55957,0.00280
8664.95996,0.00280
8665.34961,0.00280
8665.75000,0.00270
8666.15039,0.00270
8666.54004,0.00270
8666.94043,0.00260
8667.33984,0.00260
8667.74023,0.00260
8668.13965,0.00250
8668.53027,0.00250
8668.92969,0.00250
8669.33008,0.00250
8669.73047,0.00240
8670.12988,0.00240
8670.51953,0.00240
8670.91992,0.00230
8671.32031,0.00230
8671.70996,0.00230
8672.11035,0.00220
8672.50977,0.00220
8672.91016,0.00220
8673.30957,0.00210
8673.70020,0.00210
8674.09961,0.00210
8674.50000,0.00200
8674.90039,0.00200
8675.29980,0.00200
8675.69043,0.00190
8676.08984,0.00190
8676.49023,0.00190
8676.87988,0.00180
8677.28027,0.00180
8677.67969,0.00180
8678.08008,0.00180
8678.48047,0.00170
8678.87988,0.00170
8679.28027,0.00170
8679.67969,0.00160
8680.07031,0.00160
8680.46973,0.00160
8680.87012,0.00150
8681.25977,0.00150
8681.66016,0.00150
8682.05957,0.00140
8682.45996,0.00140
8682.86035,0.00140
8683.25977,0.00130
8683.66016,0.00130
8684.05957,0.00130
8684.45020,0.00120
8684.84961,0.00120
8685.25000,0.00120
8685.63965,0.00110
8686.04004,0.00110
8686.44043,0.00110
8686.83984,0.00110
8687.24023,0.00100
8687.63965,0.00100
8688.04004,0.00100
8688.44043,0.00090
8688.83008,0.00090
8689.23047,0.00090
8689.62988,0.00080
8690.03027,0.00080
8690.42969,0.00080
8690.83008,0.00070
8691.21973,0.00070
8691.62012,0.00070
8692.01953,0.00060
8692.41992,0.00060
8692.82031,0.00060
8693.21973,0.00050
8693.62012,0.00050
8694.01953,0.00050
8694.41016,0.00040
8694.80957,0.00040
8695.20996,0.00040
8695.61035,0.00040
8696.00977,0.00030
8696.41016,0.00030
8696.80957,0.00030
8697.20996,0.00020
8697.61035,0.00020
8698.00000,0.00020
8698.40039,0.00010
8698.79980,0.00010
8699.20020,0.00010
8699.59961,0.00000
8700.00000,0.00000
