wavelength,response
3050.00000,0.00000
3050.10010,0.00000
3050.18994,0.00010
3050.29004,0.00010
3050.38989,0.00020
3050.48999,0.00020
3050.59009,0.00020
3050.67993,0.00030
3050.78003,0.00030
3050.87988,0.00040
3050.97998,0.00040
3051.07007,0.00040
3051.16992,0.00050
3051.27002,0.00050
3051.37012,0.00050
3051.46997,0.00060
3051.56006,0.00060
3051.65991,0.00070
3051.76001,0.00070
3051.85010,0.00070
3051.94995,0.00080
3052.05005,0.00080
3052.14990,0.00090
3052.25000,0.00090
3052.34009,0.00090
3052.43994,0.00100
3052.54004,0.00100
3052.63989,0.00110
3052.72998,0.00110
3052.83008,0.00110
3052.92993,0.00120
3053.03003,0.00120
3053.12988,0.00130
3053.21997,0.00130
3053.32007,0.00130
3053.41992,0.00140
3053.52002,0.00140
3053.61011,0.00140
3053.70996,0.00150
3053.81006,0.00150
3053.90991,0.00160
3054.00000,0.00160
3054.10010,0.00160
3054.19995,0.00170
3054.30005,0.00170
3054.39990,0.00180
3054.48999,0.00180
3054.59009,0.00180
3054.68994,0.00190
3054.79004,0.00190
3054.88989,0.00200
3054.97998,0.00200
3055.08008,0.00200
3055.17993,0.00210
3055.27002,0.00210
3055.37012,0.00210
3055.46997,0.00220
3055.57007,0.00220
3055.66992,0.00230
3055.76001,0.00230
3055.86011,0.00230
3055.95996,0.00240
3056.06006,0.00240
3056.15991,0.00250
3056.25000,0.00250
3056.35010,0.00250
3056.44995,0.00260
3056.55005,0.00260
3056.64990,0.00270
3056.73999,0.00270
3056.84009,0.00270
3056.93994,0.00280
3057.04004,0.00280
3057.12988,0.00290
3057.22998,0.00290
3057.33008,0.00290
3057.42993,0.00300
3057.52002,0.00300
3057.62012,0.00300
3057.71997,0.00310
3057.82007,0.00310
3057.91992,0.00320
3058.01001,0.00320
3058.11011,0.00320
3058.20996,0.00330
3058.31006,0.00330
3058.40991,0.00340
3058.50000,0.00340
3058.60010,0.00340
3058.69995,0.00350
3058.80005,0.00350
3058.88989,0.00360
3058.98999,0.00360
3059.09009,0.00360
3059.18994,0.00370
3059.29004,0.00370
3059.37988,0.00380
3059.47998,0.00380
3059.58008,0.00380
3059.67993,0.00390
3059.77002,0.00390
3059.87012,0.00390
3059.96997,0.00400
3060.07007,0.00400
3060.16992,0.00410
3060.26001,0.00410
3060.36011,0.00410
3060.45996,0.00420
3060.56006,0.00420
3060.65991,0.00430
3060.75000,0.00430
3060.85010,0.00430
3060.94995,0.00440
3061.05005,0.00440
3061.14990,0.00450
3061.23999,0.00450
3061.34009,0.00450
3061.43994,0.00460
3061.54004,0.00460
3061.63989,0.00470
3061.72998,0.00470
3061.83008,0.00470
3061.92993,0.00480
3062.03003,0.00480
3062.12988,0.00490
3062.21997,0.00490
3062.32007,0.00490
3062.41992,0.00500
3062.52002,0.00500
3062.62012,0.00500
3062.70996,0.00510
3062.81006,0.00510
3062.90991,0.00520
3063.01001,0.00520
3063.11011,0.00520
3063.19995,0.00530
3063.30005,0.00530
3063.39990,0.00540
3063.50000,0.00540
3063.59009,0.00540
3063.68994,0.00550
3063.79004,0.00550
3063.88989,0.00560
3063.98999,0.00560
3064.09009,0.00560
3064.17993,0.00570
3064.28003,0.00570
3064.37988,0.00580
3064.47998,0.00580
3064.58008,0.00580
3064.66992,0.00590
3064.77002,0.00590
3064.87012,0.00590
3064.96997,0.00600
3065.07007,0.00600
3065.15991,0.00610
3065.26001,0.00610
3065.36011,0.00610
3065.45996,0.00620
3065.56006,0.00620
3065.65991,0.00630
3065.75000,0.00630
3065.85010,0.00630
3065.94995,0.00640
3066.05005,0.00640
3066.14990,0.00650
3066.23999,0.00650
3066.34009,0.00650
3066.43994,0.00660
3066.54004,0.00660
3066.63989,0.00670
3066.72998,0.00670
3066.83008,0.00670
3066.92993,0.00680
3067.03003,0.00680
3067.12988,0.00690
3067.21997,0.00690
3067.32007,0.00690
3067.41992,0.00700
3067.52002,0.00700
3067.62012,0.00700
3067.71997,0.00710
3067.81006,0.00710
3067.90991,0.00720
3068.01001,0.00720
3068.11011,0.00720
3068.20996,0.00730
3068.31006,0.00730
3068.39990,0.00740
3068.50000,0.00740
3068.60010,0.00740
3068.69995,0.00750
3068.80005,0.00750
3068.88989,0.00760
3068.98999,0.00760
3069.09009,0.00760
3069.18994,0.00770
3069.29004,0.00770
3069.38989,0.00780
3069.47998,0.00780
3069.58008,0.00780
3069.67993,0.00790
3069.78003,0.00790
3069.87988,0.00800
3069.97998,0.00800
3070.07007,0.00800
3070.16992,0.00810
3070.27002,0.00810
3070.37012,0.00810
3070.46997,0.00820
3070.56006,0.00820
3070.65991,0.00830
3070.76001,0.00830
3070.86011,0.00830
3070.95996,0.00840
3071.06006,0.00840
3071.14990,0.00850
3071.25000,0.00850
3071.35010,0.00850
3071.44995,0.00860
3071.55005,0.00860
3071.63989,0.00870
3071.73999,0.00870
3071.84009,0.00870
3071.93994,0.00880
3072.04004,0.00880
3072.13989,0.00890
3072.22998,0.00890
3072.33008,0.00890
3072.42993,0.00900
3072.53003,0.00900
3072.62988,0.00910
3072.72998,0.00910
3072.83008,0.00910
3072.91992,0.00920
3073.02002,0.00920
3073.12012,0.00920
3073.21997,0.00930
3073.32007,0.00930
3073.40991,0.00940
3073.51001,0.00940
3073.61011,0.00940
3073.70996,0.00950
3073.81006,0.00950
3073.90991,0.00960
3074.00000,0.00960
3074.10010,0.00960
3074.19995,0.00970
3074.30005,0.00970
3074.39990,0.00980
3074.50000,0.00980
3074.60010,0.00980
3074.68994,0.00990
3074.79004,0.00990
3074.88989,0.01000
3074.98999,0.01000
3075.09009,0.01000
3075.17993,0.01010
3075.28003,0.01010
3075.37988,0.01020
3075.47998,0.01020
3075.58008,0.01020
3075.67993,0.01030
3075.78003,0.01030
3075.87012,0.01030
3075.96997,0.01040
3076.07007,0.01040
3076.16992,0.01050
3076.27002,0.01050
3076.37012,0.01050
3076.45996,0.01060
3076.56006,0.01060
3076.65991,0.01070
3076.76001,0.01070
3076.86011,0.01070
3076.95996,0.01080
3077.06006,0.01080
3077.14990,0.01090
3077.25000,0.01090
3077.35010,0.01090
3077.44995,0.01100
3077.55005,0.01100
3077.64990,0.01110
3077.73999,0.01110
3077.84009,0.01110
3077.93994,0.01120
3078.04004,0.01120
3078.13989,0.01130
3078.23999,0.01130
3078.34009,0.01130
3078.42993,0.01140
3078.53003,0.01140
3078.62988,0.01150
3078.72998,0.01150
3078.83008,0.01150
3078.92993,0.01160
3079.03003,0.01160
3079.12012,0.01160
3079.21997,0.01170
3079.32007,0.01170
3079.41992,0.01180
3079.52002,0.01180
3079.62012,0.01180
3079.71997,0.01190
3079.81006,0.01190
3079.90991,0.01200
3080.01001,0.01200
3080.11011,0.01200
3080.20996,0.01210
3080.31006,0.01210
3080.39990,0.01220
3080.50000,0.01220
3080.60010,0.01220
3080.69995,0.01230
3080.80005,0.01230
3080.89990,0.01240
3081.00000,0.01240
3081.09009,0.01240
3081.18994,0.01250
3081.29004,0.01250
3081.38989,0.01260
3081.48999,0.01260
3081.59009,0.01260
3081.68994,0.01270
3081.79004,0.01270
3081.87988,0.01280
3081.97998,0.01280
3082.08008,0.01280
3082.17993,0.01290
3082.28003,0.01290
3082.37988,0.01300
3082.47998,0.01300
3082.57007,0.01300
3082.66992,0.01310
3082.77002,0.01310
3082.87012,0.01310
3082.96997,0.01320
3083.07007,0.01320
3083.15991,0.01330
3083.26001,0.01330
3083.36011,0.01330
3083.45996,0.01340
3083.56006,0.01340
3083.65991,0.01350
3083.76001,0.01350
3083.86011,0.01350
3083.95996,0.01360
3084.05005,0.01360
3084.14990,0.01370
3084.25000,0.01370
3084.35010,0.01370
3084.44995,0.01380
3084.55005,0.01380
3084.64990,0.01390
3084.73999,0.01390
3084.84009,0.01390
3084.93994,0.01400
3085.04004,0.01400
3085.13989,0.01410
3085.23999,0.01410
3085.34009,0.01410
3085.43994,0.01420
3085.53003,0.01420
3085.62988,0.01430
3085.72998,0.01430
3085.83008,0.01430
3085.92993,0.01440
3086.03003,0.01440
3086.12988,0.01450
3086.21997,0.01450
3086.32007,0.01450
3086.41992,0.01460
3086.52002,0.01460
3086.62012,0.01460
3086.71997,0.01470
3086.82007,0.01470
3086.91992,0.01480
3087.02002,0.01480
3087.11011,0.01480
3087.20996,0.01490
3087.31006,0.01490
3087.40991,0.01500
3087.51001,0.01500
3087.61011,0.01500
3087.70996,0.01510
3087.81006,0.01510
3087.89990,0.01520
3088.00000,0.01520
3088.10010,0.01520
3088.19995,0.01530
3088.30005,0.01530
3088.39990,0.01540
3088.50000,0.01540
3088.60010,0.01540
3088.69995,0.01550
3088.79004,0.01550
3088.88989,0.01560
3088.98999,0.01560
3089.09009,0.01560
3089.18994,0.01570
3089.29004,0.01570
3089.38989,0.01580
3089.47998,0.01580
3089.58008,0.01580
3089.67993,0.01590
3089.78003,0.01590
3089.87988,0.01600
3089.97998,0.01600
3090.08008,0.01600
3090.17993,0.01610
3090.28003,0.01610
3090.37988,0.01620
3090.47998,0.01620
3090.57007,0.01620
3090.66992,0.01630
3090.77002,0.01630
3090.87012,0.01630
3090.96997,0.01640
3091.07007,0.01640
3091.16992,0.01650
3091.27002,0.01650
3091.37012,0.01650
3091.45996,0.01660
3091.56006,0.01660
3091.65991,0.01670
3091.76001,0.01670
3091.86011,0.01670
3091.95996,0.01680
3092.06006,0.01680
3092.15991,0.01690
3092.26001,0.01690
3092.35010,0.01690
3092.44995,0.01700
3092.55005,0.01700
3092.64990,0.01710
3092.75000,0.01710
3092.85010,0.01710
3092.94995,0.01720
3093.05005,0.01720
3093.14990,0.01730
3093.25000,0.01730
3093.34009,0.01730
3093.43994,0.01740
3093.54004,0.01740
3093.63989,0.01750
3093.73999,0.01750
3093.84009,0.01750
3093.93994,0.01760
3094.04004,0.01760
3094.13989,0.01770
3094.23999,0.01770
3094.33008,0.01770
3094.42993,0.01780
3094.53003,0.01780
3094.62988,0.01790
3094.72998,0.01790
3094.83008,0.01790
3094.92993,0.01800
3095.03003,0.01800
3095.12988,0.01800
3095.21997,0.01810
3095.32007,0.01810
3095.41992,0.01820
3095.52002,0.01820
3095.62012,0.01820
3095.71997,0.01830
3095.82007,0.01830
3095.91992,0.01840
3096.02002,0.01840
3096.12012,0.01840
3096.21997,0.01850
3096.31006,0.01850
3096.40991,0.01860
3096.51001,0.01860
3096.61011,0.01860
3096.70996,0.01870
3096.81006,0.01870
3096.90991,0.01880
3097.01001,0.01880
3097.11011,0.01880
3097.20996,0.01890
3097.30005,0.01890
3097.39990,0.01900
3097.50000,0.01900
3097.60010,0.01900
3097.69995,0.01910
3097.80005,0.01910
3097.89990,0.01920
3098.00000,0.01920
3098.10010,0.01920
3098.19995,0.01930
3098.30005,0.01930
3098.39990,0.01940
3098.50000,0.01940
3098.59009,0.01940
3098.68994,0.01950
3098.79004,0.01950
3098.88989,0.01960
3098.98999,0.01960
3099.09009,0.01960
3099.18994,0.01970
3099.29004,0.01970
3099.38989,0.01980
3099.48999,0.01980
3099.59009,0.01980
3099.67993,0.01990
3099.78003,0.01990
3099.87988,0.02000
3099.97998,0.02000
3100.08008,0.02010
3100.17993,0.02020
3100.28003,0.02030
3100.37988,0.02040
3100.47998,0.02050
3100.58008,0.02070
3100.67993,0.02080
3100.78003,0.02090
3100.87012,0.02100
3100.96997,0.02110
3101.07007,0.02120
3101.16992,0.02130
3101.27002,0.02150
3101.37012,0.02160
3101.46997,0.02170
3101.57007,0.02180
3101.66992,0.02190
3101.77002,0.02200
3101.87012,0.02210
3101.96997,0.02220
3102.07007,0.02240
3102.16992,0.02250
3102.27002,0.02260
3102.36011,0.02270
3102.45996,0.02280
3102.56006,0.02290
3102.65991,0.02300
3102.76001,0.02310
3102.86011,0.02330
3102.95996,0.02340
3103.06006,0.02350
3103.15991,0.02360
3103.26001,0.02370
3103.36011,0.02380
3103.45996,0.02390
3103.55005,0.02410
3103.64990,0.02420
3103.75000,0.02430
3103.85010,0.02440
3103.94995,0.02450
3104.05005,0.02460
3104.14990,0.02470
3104.25000,0.02480
3104.35010,0.02500
3104.44995,0.02510
3104.55005,0.02520
3104.64990,0.02530
3104.75000,0.02540
3104.85010,0.02550
3104.94995,0.02560
3105.05005,0.02580
3105.14990,0.02590
3105.23999,0.02600
3105.34009,0.02610
3105.43994,0.02620
3105.54004,0.02630
3105.63989,0.02640
3105.73999,0.02650
3105.84009,0.02670
3105.93994,0.02680
3106.04004,0.02690
3106.13989,0.02700
3106.23999,0.02710
3106.34009,0.02720
3106.43994,0.02730
3106.54004,0.02750
3106.63989,0.02760
3106.73999,0.02770
3106.83008,0.02780
3106.92993,0.02790
3107.03003,0.02800
3107.12988,0.02810
3107.22998,0.02820
3107.33008,0.02840
3107.42993,0.02850
3107.53003,0.02860
3107.62988,0.02870
3107.72998,0.02880
3107.83008,0.02890
3107.92993,0.02900
3108.03003,0.02920
3108.12988,0.02930
3108.22998,0.02940
3108.33008,0.02950
3108.42993,0.02960
3108.53003,0.02970
3108.62012,0.02980
3108.71997,0.02990
3108.82007,0.03010
3108.91992,0.03020
3109.02002,0.03030
3109.12012,0.03040
3109.21997,0.03050
3109.32007,0.03060
3109.41992,0.03070
3109.52002,0.03090
3109.62012,0.03100
3109.71997,0.03110
3109.82007,0.03120
3109.91992,0.03130
3110.02002,0.03140
3110.12012,0.03150
3110.21997,0.03160
3110.32007,0.03180
3110.41992,0.03190
3110.51001,0.03200
3110.61011,0.03210
3110.70996,0.03220
3110.81006,0.03230
3110.90991,0.03240
3111.01001,0.03260
3111.11011,0.03270
3111.20996,0.03280
3111.31006,0.03290
3111.40991,0.03300
3111.51001,0.03310
3111.61011,0.03320
3111.70996,0.03330
3111.81006,0.03350
3111.90991,0.03360
3112.01001,0.03370
3112.11011,0.03380
3112.20996,0.03390
3112.31006,0.03400
3112.40991,0.03410
3112.51001,0.03430
3112.60010,0.03440
3112.69995,0.03450
3112.80005,0.03460
3112.89990,0.03470
3113.00000,0.03480
3113.10010,0.03490
3113.19995,0.03510
3113.30005,0.03520
3113.39990,0.03530
3113.50000,0.03540
3113.60010,0.03550
3113.69995,0.03560
3113.80005,0.03570
3113.89990,0.03580
3114.00000,0.03600
3114.10010,0.03610
3114.19995,0.03620
3114.30005,0.03630
3114.39990,0.03640
3114.50000,0.03650
3114.60010,0.03660
3114.69995,0.03680
3114.80005,0.03690
3114.89990,0.03700
3115.00000,0.03710
3115.10010,0.03720
3115.19995,0.03730
3115.30005,0.03740
3115.39990,0.03760
3115.50000,0.03770
3115.59009,0.03780
3115.68994,0.03790
3115.80005,0.03800
3115.88989,0.03810
3115.98999,0.03820
3116.09009,0.03830
3116.18994,0.03850
3116.29004,0.03860
3116.38989,0.03870
3116.48999,0.03880
3116.59009,0.03890
3116.68994,0.03900
3116.79004,0.03910
3116.88989,0.03930
3116.98999,0.03940
3117.09009,0.03950
3117.18994,0.03960
3117.29004,0.03970
3117.38989,0.03980
3117.48999,0.03990
3117.59009,0.04010
3117.68994,0.04020
3117.79004,0.04030
3117.88989,0.04040
3117.98999,0.04050
3118.09009,0.04060
3118.18994,0.04070
3118.29004,0.04080
3118.38989,0.04100
3118.48999,0.04110
3118.59009,0.04120
3118.68994,0.04130
3118.79004,0.04140
3118.88989,0.04150
3118.98999,0.04160
3119.09009,0.04180
3119.18994,0.04190
3119.29004,0.04200
3119.38989,0.04210
3119.48999,0.04220
3119.58008,0.04230
3119.67993,0.04240
3119.78003,0.04260
3119.87988,0.04270
3119.97998,0.04280
3120.08008,0.04290
3120.17993,0.04300
3120.28003,0.04310
3120.37988,0.04320
3120.47998,0.04340
3120.58008,0.04350
3120.67993,0.04360
3120.78003,0.04370
3120.87988,0.04380
3120.97998,0.04390
3121.08008,0.04400
3121.17993,0.04410
3121.28003,0.04430
3121.37988,0.04440
3121.47998,0.04450
3121.58008,0.04460
3121.67993,0.04470
3121.78003,0.04480
3121.87988,0.04490
3121.97998,0.04510
3122.08008,0.04520
3122.17993,0.04530
3122.28003,0.04540
3122.37988,0.04550
3122.47998,0.04560
3122.58008,0.04570
3122.67993,0.04590
3122.78003,0.04600
3122.87988,0.04610
3122.97998,0.04620
3123.08008,0.04630
3123.17993,0.04640
3123.28003,0.04650
3123.37988,0.04670
3123.47998,0.04680
3123.58008,0.04690
3123.67993,0.04700
3123.78003,0.04710
3123.87988,0.04720
3123.97998,0.04730
3124.08008,0.04750
3124.17993,0.04760
3124.28003,0.04770
3124.37988,0.04780
3124.47998,0.04790
3124.58008,0.04800
3124.67993,0.04810
3124.78003,0.04820
3124.87988,0.04840
3124.97998,0.04850
3125.08008,0.04860
3125.17993,0.04870
3125.28003,0.04880
3125.37988,0.04890
3125.47998,0.04900
3125.58008,0.04920
3125.67993,0.04930
3125.78003,0.04940
3125.87988,0.04950
3125.97998,0.04960
3126.08008,0.04970
3126.17993,0.04980
3126.28003,0.05000
3126.37988,0.05010
3126.47998,0.05020
3126.58008,0.05030
3126.67993,0.05040
3126.78003,0.05050
3126.87988,0.05060
3126.97998,0.05080
3127.08008,0.05090
3127.17993,0.05100
3127.28003,0.05110
3127.37988,0.05120
3127.47998,0.05130
3127.58008,0.05140
3127.67993,0.05160
3127.78003,0.05170
3127.87988,0.05180
3127.97998,0.05190
3128.08008,0.05200
3128.17993,0.05210
3128.28003,0.05220
3128.37988,0.05240
3128.47998,0.05250
3128.58008,0.05260
3128.67993,0.05270
3128.78003,0.05280
3128.87988,0.05290
3128.97998,0.05300
3129.08008,0.05320
3129.17993,0.05330
3129.28003,0.05340
3129.37988,0.05350
3129.47998,0.05360
3129.58008,0.05370
3129.67993,0.05380
3129.78003,0.05400
3129.87988,0.05410
3129.97998,0.05420
3130.08008,0.05430
3130.17993,0.05440
3130.28003,0.05450
3130.37988,0.05460
3130.47998,0.05480
3130.58008,0.05490
3130.67993,0.05500
3130.78003,0.05510
3130.87988,0.05520
3130.98999,0.05530
3131.09009,0.05540
3131.18994,0.05560
3131.29004,0.05570
3131.38989,0.05580
3131.48999,0.05590
3131.59009,0.05600
3131.68994,0.05610
3131.79004,0.05620
3131.88989,0.05640
3131.98999,0.05650
3132.09009,0.05660
3132.18994,0.05670
3132.29004,0.05680
3132.38989,0.05690
3132.48999,0.05700
3132.59009,0.05720
3132.68994,0.05730
3132.79004,0.05740
3132.88989,0.05750
3132.98999,0.05760
3133.09009,0.05770
3133.18994,0.05780
3133.29004,0.05800
3133.38989,0.05810
3133.48999,0.05820
3133.59009,0.05830
3133.68994,0.05840
3133.79004,0.05850
3133.88989,0.05860
3133.98999,0.05880
3134.09009,0.05890
3134.18994,0.05900
3134.29004,0.05910
3134.38989,0.05920
3134.48999,0.05930
3134.59009,0.05940
3134.69995,0.05960
3134.79004,0.05970
3134.88989,0.05980
3134.98999,0.05990
3135.09009,0.06000
3135.19995,0.06010
3135.30005,0.06020
3135.39990,0.06040
3135.50000,0.06050
3135.60010,0.06060
3135.69995,0.06070
3135.80005,0.06080
3135.89990,0.06090
3136.00000,0.06100
3136.10010,0.06120
3136.19995,0.06130
3136.30005,0.06140
3136.39990,0.06150
3136.50000,0.06160
3136.60010,0.06170
3136.69995,0.06180
3136.80005,0.06200
3136.89990,0.06210
3137.00000,0.06220
3137.10010,0.06230
3137.19995,0.06240
3137.30005,0.06250
3137.39990,0.06260
3137.50000,0.06280
3137.60010,0.06290
3137.69995,0.06300
3137.80005,0.06310
3137.89990,0.06320
3138.00000,0.06330
3138.11011,0.06340
3138.20996,0.06360
3138.31006,0.06370
3138.40991,0.06380
3138.51001,0.06390
3138.61011,0.06400
3138.70996,0.06410
3138.81006,0.06420
3138.90991,0.06440
3139.01001,0.06450
3139.11011,0.06460
3139.20996,0.06470
3139.31006,0.06480
3139.40991,0.06490
3139.51001,0.06500
3139.61011,0.06520
3139.70996,0.06530
3139.81006,0.06540
3139.90991,0.06550
3140.01001,0.06560
3140.12012,0.06570
3140.21997,0.06580
3140.32007,0.06600
3140.41992,0.06610
3140.52002,0.06620
3140.62012,0.06630
3140.71997,0.06640
3140.82007,0.06650
3140.91992,0.06660
3141.02002,0.06680
3141.12012,0.06690
3141.21997,0.06700
3141.32007,0.06710
3141.41992,0.06720
3141.52002,0.06730
3141.62012,0.06740
3141.71997,0.06760
3141.82007,0.06770
3141.91992,0.06780
3142.02002,0.06790
3142.12988,0.06800
3142.22998,0.06810
3142.33008,0.06830
3142.42993,0.06840
3142.53003,0.06850
3142.62988,0.06860
3142.72998,0.06870
3142.83008,0.06880
3142.92993,0.06890
3143.03003,0.06910
3143.12988,0.06920
3143.22998,0.06930
3143.33008,0.06940
3143.42993,0.06950
3143.53003,0.06960
3143.62988,0.06970
3143.72998,0.06990
3143.83008,0.07000
3143.93994,0.07010
3144.04004,0.07020
3144.13989,0.07030
3144.23999,0.07040
3144.34009,0.07050
3144.43994,0.07070
3144.54004,0.07080
3144.63989,0.07090
3144.73999,0.07100
3144.84009,0.07110
3144.93994,0.07120
3145.04004,0.07130
3145.13989,0.07150
3145.23999,0.07160
3145.34009,0.07170
3145.43994,0.07180
3145.55005,0.07190
3145.64990,0.07200
3145.75000,0.07220
3145.85010,0.07230
3145.94995,0.07240
3146.05005,0.07250
3146.14990,0.07260
3146.25000,0.07270
3146.35010,0.07280
3146.44995,0.07300
3146.55005,0.07310
3146.64990,0.07320
3146.75000,0.07330
3146.85010,0.07340
3146.94995,0.07350
3147.05005,0.07360
3147.15991,0.07380
3147.26001,0.07390
3147.36011,0.07400
3147.45996,0.07410
3147.56006,0.07420
3147.65991,0.07430
3147.76001,0.07440
3147.86011,0.07460
3147.95996,0.07470
3148.06006,0.07480
3148.15991,0.07490
3148.26001,0.07500
3148.36011,0.07510
3148.46997,0.07530
3148.57007,0.07540
3148.66992,0.07550
3148.77002,0.07560
3148.87012,0.07570
3148.96997,0.07580
3149.07007,0.07590
3149.16992,0.07610
3149.27002,0.07620
3149.37012,0.07630
3149.46997,0.07640
3149.57007,0.07650
3149.67993,0.07660
3149.78003,0.07670
3149.87988,0.07690
3149.97998,0.07700
3150.08008,0.07710
3150.17993,0.07720
3150.28003,0.07730
3150.37988,0.07740
3150.47998,0.07760
3150.58008,0.07770
3150.67993,0.07780
3150.78003,0.07790
3150.87988,0.07800
3150.98999,0.07810
3151.09009,0.07830
3151.18994,0.07840
3151.29004,0.07850
3151.38989,0.07860
3151.48999,0.07870
3151.59009,0.07880
3151.68994,0.07900
3151.79004,0.07910
3151.88989,0.07920
3151.98999,0.07930
3152.09009,0.07940
3152.19995,0.07950
3152.30005,0.07970
3152.39990,0.07980
3152.50000,0.07990
3152.60010,0.08000
3152.69995,0.08010
3152.80005,0.08020
3152.89990,0.08040
3153.00000,0.08050
3153.10010,0.08060
3153.19995,0.08070
3153.30005,0.08080
3153.40991,0.08100
3153.51001,0.08110
3153.61011,0.08120
3153.70996,0.08130
3153.81006,0.08140
3153.90991,0.08150
3154.01001,0.08170
3154.11011,0.08180
3154.20996,0.08190
3154.31006,0.08200
3154.40991,0.08210
3154.52002,0.08220
3154.62012,0.08240
3154.71997,0.08250
3154.82007,0.08260
3154.91992,0.08270
3155.02002,0.08280
3155.12012,0.08290
3155.21997,0.08310
3155.32007,0.08320
3155.42993,0.08330
3155.53003,0.08340
3155.62988,0.08350
3155.72998,0.08360
3155.83008,0.08380
3155.92993,0.08390
3156.03003,0.08400
3156.12988,0.08410
3156.22998,0.08420
3156.33008,0.08430
3156.42993,0.08450
3156.54004,0.08460
3156.63989,0.08470
3156.73999,0.08480
3156.84009,0.08490
3156.93994,0.08500
3157.04004,0.08520
3157.13989,0.08530
3157.23999,0.08540
3157.34009,0.08550
3157.43994,0.08560
3157.55005,0.08580
3157.64990,0.08590
3157.75000,0.08600
3157.85010,0.08610
3157.94995,0.08620
3158.05005,0.08630
3158.14990,0.08650
3158.25000,0.08660
3158.35010,0.08670
3158.45996,0.08680
3158.56006,0.08690
3158.65991,0.08700
3158.76001,0.08720
3158.86011,0.08730
3158.95996,0.08740
3159.06006,0.08750
3159.15991,0.08760
3159.26001,0.08770
3159.36011,0.08790
3159.46997,0.08800
3159.57007,0.08810
3159.66992,0.08820
3159.77002,0.08830
3159.87012,0.08840
3159.96997,0.08860
3160.07007,0.08870
3160.16992,0.08880
3160.27002,0.08890
3160.37988,0.08900
3160.47998,0.08920
3160.58008,0.08930
3160.67993,0.08940
3160.78003,0.08950
3160.87988,0.08960
3160.97998,0.08970
3161.08008,0.08990
3161.18994,0.09000
3161.29004,0.09010
3161.38989,0.09020
3161.48999,0.09030
3161.59009,0.09040
3161.68994,0.09060
3161.79004,0.09070
3161.88989,0.09080
3161.98999,0.09090
3162.10010,0.09100
3162.19995,0.09110
3162.30005,0.09130
3162.39990,0.09140
3162.50000,0.09150
3162.60010,0.09160
3162.69995,0.09170
3162.80005,0.09190
3162.90991,0.09200
3163.01001,0.09210
3163.11011,0.09220
3163.20996,0.09230
3163.31006,0.09240
3163.40991,0.09260
3163.51001,0.09270
3163.61011,0.09280
3163.70996,0.09290
3163.82007,0.09300
3163.91992,0.09310
3164.02002,0.09330
3164.12012,0.09340
3164.21997,0.09350
3164.32007,0.09360
3164.41992,0.09370
3164.52002,0.09380
3164.62988,0.09400
3164.72998,0.09410
3164.83008,0.09420
3164.92993,0.09430
3165.03003,0.09440
3165.12988,0.09460
3165.22998,0.09470
3165.33008,0.09480
3165.43994,0.09490
3165.54004,0.09500
3165.63989,0.09510
3165.73999,0.09530
3165.84009,0.09540
3165.93994,0.09550
3166.04004,0.09560
3166.13989,0.09570
3166.25000,0.09580
3166.35010,0.09600
3166.44995,0.09610
3166.55005,0.09620
3166.64990,0.09630
3166.75000,0.09640
3166.85010,0.09660
3166.95996,0.09670
3167.06006,0.09680
3167.15991,0.09690
3167.26001,0.09700
3167.36011,0.09710
3167.45996,0.09730
3167.56006,0.09740
3167.66992,0.09750
3167.77002,0.09760
3167.87012,0.09770
3167.96997,0.09780
3168.07007,0.09800
3168.16992,0.09810
3168.27002,0.09820
3168.37988,0.09830
3168.47998,0.09840
3168.58008,0.09850
3168.67993,0.09870
3168.78003,0.09880
3168.87988,0.09890
3168.97998,0.09900
3169.08008,0.09910
3169.17993,0.09930
3169.29004,0.09940
3169.38989,0.09950
3169.48999,0.09960
3169.59009,0.09970
3169.68994,0.09980
3169.79004,0.10000
3169.89990,0.10010
3170.00000,0.10020
3170.10010,0.10030
3170.19995,0.10040
3170.30005,0.10050
3170.39990,0.10070
3170.50000,0.10080
3170.61011,0.10090
3170.70996,0.10100
3170.81006,0.10110
3170.90991,0.10130
3171.01001,0.10140
3171.11011,0.10150
3171.21997,0.10160
3171.32007,0.10170
3171.41992,0.10180
3171.52002,0.10200
3171.62012,0.10210
3171.71997,0.10220
3171.82007,0.10230
3171.92993,0.10240
3172.03003,0.10260
3172.12988,0.10270
3172.22998,0.10280
3172.33008,0.10290
3172.42993,0.10300
3172.53003,0.10310
3172.62988,0.10330
3172.73999,0.10340
3172.84009,0.10350
3172.93994,0.10360
3173.04004,0.10370
3173.13989,0.10380
3173.23999,0.10400
3173.35010,0.10410
3173.44995,0.10420
3173.55005,0.10430
3173.64990,0.10440
3173.75000,0.10460
3173.85010,0.10470
3173.95996,0.10480
3174.06006,0.10490
3174.15991,0.10500
3174.26001,0.10510
3174.36011,0.10530
3174.45996,0.10540
3174.56006,0.10550
3174.66992,0.10560
3174.77002,0.10570
3174.87012,0.10580
3174.96997,0.10600
3175.07007,0.10610
3175.16992,0.10620
3175.28003,0.10630
3175.37988,0.10640
3175.47998,0.10660
3175.58008,0.10670
3175.67993,0.10680
3175.78003,0.10690
3175.88989,0.10700
3175.98999,0.10710
3176.09009,0.10730
3176.18994,0.10740
3176.29004,0.10750
3176.38989,0.10760
3176.48999,0.10770
3176.60010,0.10790
3176.69995,0.10800
3176.80005,0.10810
3176.89990,0.10820
3177.00000,0.10830
3177.10010,0.10840
3177.20996,0.10860
3177.31006,0.10870
3177.40991,0.10880
3177.51001,0.10890
3177.61011,0.10900
3177.71997,0.10920
3177.82007,0.10930
3177.91992,0.10940
3178.02002,0.10950
3178.12012,0.10960
3178.21997,0.10970
3178.32007,0.10990
3178.42993,0.11000
3178.53003,0.11010
3178.62988,0.11020
3178.72998,0.11030
3178.83008,0.11040
3178.93994,0.11060
3179.04004,0.11070
3179.13989,0.11080
3179.23999,0.11090
3179.34009,0.11100
3179.43994,0.11120
3179.55005,0.11130
3179.64990,0.11140
3179.75000,0.11150
3179.85010,0.11160
3179.94995,0.11170
3180.05005,0.11190
3180.15991,0.11200
3180.26001,0.11210
3180.36011,0.11220
3180.45996,0.11230
3180.56006,0.11250
3180.66992,0.11260
3180.77002,0.11270
3180.87012,0.11280
3180.96997,0.11290
3181.07007,0.11300
3181.17993,0.11320
3181.28003,0.11330
3181.37988,0.11340
3181.47998,0.11350
3181.58008,0.11360
3181.67993,0.11380
3181.78003,0.11390
3181.88989,0.11400
3181.98999,0.11410
3182.09009,0.11420
3182.18994,0.11430
3182.29004,0.11450
3182.39990,0.11460
3182.50000,0.11470
3182.60010,0.11480
3182.69995,0.11490
3182.80005,0.11510
3182.90991,0.11520
3183.01001,0.11530
3183.11011,0.11540
3183.20996,0.11550
3183.31006,0.11560
3183.40991,0.11580
3183.52002,0.11590
3183.62012,0.11600
3183.71997,0.11610
3183.82007,0.11620
3183.91992,0.11640
3184.03003,0.11650
3184.12988,0.11660
3184.22998,0.11670
3184.33008,0.11680
3184.42993,0.11690
3184.54004,0.11710
3184.63989,0.11720
3184.73999,0.11730
3184.84009,0.11740
3184.93994,0.11750
3185.05005,0.11770
3185.14990,0.11780
3185.25000,0.11790
3185.35010,0.11800
3185.44995,0.11810
3185.55005,0.11820
3185.65991,0.11840
3185.76001,0.11850
3185.86011,0.11860
3185.95996,0.11870
3186.07007,0.11880
3186.16992,0.11900
3186.27002,0.11910
3186.37012,0.11920
3186.46997,0.11930
3186.57007,0.11940
3186.67993,0.11950
3186.78003,0.11970
3186.87988,0.11980
3186.97998,0.11990
3187.08008,0.12000
3187.17993,0.12010
3187.29004,0.12030
3187.38989,0.12040
3187.48999,0.12050
3187.59009,0.12060
3187.69995,0.12070
3187.80005,0.12080
3187.89990,0.12100
3188.00000,0.12110
3188.10010,0.12120
3188.20996,0.12130
3188.31006,0.12140
3188.40991,0.12160
3188.51001,0.12170
3188.61011,0.12180
3188.71997,0.12190
3188.82007,0.12200
3188.91992,0.12210
3189.02002,0.12230
3189.12012,0.12240
3189.22998,0.12250
3189.33008,0.12260
3189.42993,0.12270
3189.53003,0.12290
3189.63989,0.12300
3189.73999,0.12310
3189.84009,0.12320
3189.93994,0.12330
3190.04004,0.12340
3190.13989,0.12360
3190.25000,0.12370
3190.35010,0.12380
3190.44995,0.12390
3190.55005,0.12400
3190.64990,0.12420
3190.76001,0.12430
3190.86011,0.12440
3190.95996,0.12450
3191.06006,0.12460
3191.15991,0.12480
3191.27002,0.12490
3191.37012,0.12500
3191.46997,0.12510
3191.57007,0.12520
3191.67993,0.12530
3191.78003,0.12550
3191.87988,0.12560
3191.97998,0.12570
3192.09009,0.12580
3192.18994,0.12590
3192.29004,0.12610
3192.38989,0.12620
3192.48999,0.12630
3192.60010,0.12640
3192.69995,0.12650
3192.80005,0.12660
3192.89990,0.12680
3193.00000,0.12690
3193.11011,0.12700
3193.20996,0.12710
3193.31006,0.12720
3193.40991,0.12740
3193.51001,0.12750
3193.62012,0.12760
3193.71997,0.12770
3193.82007,0.12780
3193.91992,0.12800
3194.03003,0.12810
3194.12988,0.12820
3194.22998,0.12830
3194.33008,0.12840
3194.43994,0.12850
3194.54004,0.12870
3194.63989,0.12880
3194.73999,0.12890
3194.84009,0.12900
3194.94995,0.12910
3195.05005,0.12930
3195.14990,0.12940
3195.25000,0.12950
3195.35010,0.12960
3195.45996,0.12970
3195.56006,0.12980
3195.65991,0.13000
3195.76001,0.13010
3195.87012,0.13020
3195.96997,0.13030
3196.07007,0.13040
3196.16992,0.13060
3196.28003,0.13070
3196.37988,0.13080
3196.47998,0.13090
3196.58008,0.13100
3196.67993,0.13120
3196.79004,0.13130
3196.88989,0.13140
3196.98999,0.13150
3197.09009,0.13160
3197.18994,0.13170
3197.30005,0.13190
3197.39990,0.13200
3197.50000,0.13210
3197.60010,0.13220
3197.70996,0.13230
3197.81006,0.13250
3197.90991,0.13260
3198.01001,0.13270
3198.12012,0.13280
3198.21997,0.13290
3198.32007,0.13310
3198.41992,0.13320
3198.53003,0.13330
3198.62988,0.13340
3198.72998,0.13350
3198.83008,0.13360
3198.92993,0.13380
3199.04004,0.13390
3199.13989,0.13400
3199.23999,0.13410
3199.34009,0.13420
3199.44995,0.13440
3199.55005,0.13450
3199.64990,0.13460
3199.75000,0.13470
3199.86011,0.13480
3199.95996,0.13500
3200.06006,0.13510
3200.15991,0.13520
3200.27002,0.13540
3200.37012,0.13550
3200.46997,0.13560
3200.57007,0.13580
3200.67993,0.13590
3200.78003,0.13610
3200.87988,0.13620
3200.97998,0.13640
3201.08008,0.13650
3201.18994,0.13660
3201.29004,0.13680
3201.38989,0.13690
3201.50000,0.13710
3201.60010,0.13720
3201.69995,0.13730
3201.80005,0.13750
3201.90991,0.13760
3202.01001,0.13780
3202.11011,0.13790
3202.20996,0.13810
3202.31006,0.13820
3202.41992,0.13830
3202.52002,0.13850
3202.62012,0.13860
3202.71997,0.13880
3202.83008,0.13890
3202.92993,0.13900
3203.03003,0.13920
3203.12988,0.13930
3203.23999,0.13950
3203.34009,0.13960
3203.43994,0.13980
3203.54004,0.13990
3203.64990,0.14000
3203.75000,0.14020
3203.85010,0.14030
3203.94995,0.14050
3204.06006,0.14060
3204.15991,0.14070
3204.26001,0.14090
3204.37012,0.14100
3204.46997,0.14120
3204.57007,0.14130
3204.66992,0.14140
3204.78003,0.14160
3204.87988,0.14170
3204.97998,0.14190
3205.08008,0.14200
3205.18994,0.14220
3205.29004,0.14230
3205.38989,0.14240
3205.48999,0.14260
3205.60010,0.14270
3205.69995,0.14290
3205.80005,0.14300
3205.89990,0.14310
3206.00000,0.14330
3206.11011,0.14340
3206.20996,0.14360
3206.31006,0.14370
3206.41992,0.14390
3206.52002,0.14400
3206.62012,0.14410
3206.71997,0.14430
3206.83008,0.14440
3206.92993,0.14460
3207.03003,0.14470
3207.12988,0.14480
3207.23999,0.14500
3207.34009,0.14510
3207.43994,0.14530
3207.54004,0.14540
3207.64990,0.14560
3207.75000,0.14570
3207.85010,0.14580
3207.94995,0.14600
3208.06006,0.14610
3208.15991,0.14630
3208.26001,0.14640
3208.37012,0.14650
3208.46997,0.14670
3208.57007,0.14680
3208.66992,0.14700
3208.78003,0.14710
3208.87988,0.14730
3208.97998,0.14740
3209.09009,0.14750
3209.18994,0.14770
3209.29004,0.14780
3209.38989,0.14800
3209.48999,0.14810
3209.60010,0.14820
3209.69995,0.14840
3209.80005,0.14850
3209.90991,0.14870
3210.01001,0.14880
3210.11011,0.14900
3210.20996,0.14910
3210.32007,0.14920
3210.41992,0.14940
3210.52002,0.14950
3210.62988,0.14970
3210.72998,0.14980
3210.83008,0.14990
3210.92993,0.15010
3211.04004,0.15020
3211.13989,0.15040
3211.23999,0.15050
3211.34009,0.15070
3211.44995,0.15080
3211.55005,0.15090
3211.64990,0.15110
3211.76001,0.15120
3211.86011,0.15140
3211.95996,0.15150
3212.06006,0.15160
3212.16992,0.15180
3212.27002,0.15190
3212.37012,0.15210
3212.46997,0.15220
3212.58008,0.15240
3212.67993,0.15250
3212.78003,0.15260
3212.88989,0.15280
3212.98999,0.15290
3213.09009,0.15310
3213.18994,0.15320
3213.30005,0.15340
3213.39990,0.15350
3213.50000,0.15360
3213.61011,0.15380
3213.70996,0.15390
3213.81006,0.15410
3213.90991,0.15420
3214.02002,0.15430
3214.12012,0.15450
3214.21997,0.15460
3214.33008,0.15480
3214.42993,0.15490
3214.53003,0.15510
3214.62988,0.15520
3214.73999,0.15530
3214.84009,0.15550
3214.93994,0.15560
3215.05005,0.15580
3215.14990,0.15590
3215.25000,0.15600
3215.35010,0.15620
3215.45996,0.15630
3215.56006,0.15650
3215.65991,0.15660
3215.77002,0.15680
3215.87012,0.15690
3215.96997,0.15700
3216.07007,0.15720
3216.17993,0.15730
3216.28003,0.15750
3216.37988,0.15760
3216.48999,0.15780
3216.59009,0.15790
3216.68994,0.15800
3216.80005,0.15820
3216.89990,0.15830
3217.00000,0.15850
3217.10010,0.15860
3217.20996,0.15870
3217.31006,0.15890
3217.40991,0.15900
3217.52002,0.15920
3217.62012,0.15930
3217.71997,0.15950
3217.82007,0.15960
3217.92993,0.15970
3218.03003,0.15990
3218.12988,0.16000
3218.23999,0.16020
3218.34009,0.16030
3218.43994,0.16050
3218.55005,0.16060
3218.64990,0.16070
3218.75000,0.16090
3218.85010,0.16100
3218.95996,0.16120
3219.06006,0.16130
3219.15991,0.16140
3219.27002,0.16160
3219.37012,0.16170
3219.46997,0.16190
3219.58008,0.16200
3219.67993,0.16220
3219.78003,0.16230
3219.88989,0.16240
3219.98999,0.16260
3220.09009,0.16270
3220.18994,0.16290
3220.30005,0.16300
3220.39990,0.16320
3220.50000,0.16330
3220.60010,0.16340
3220.70996,0.16360
3220.81006,0.16370
3220.90991,0.16390
3221.02002,0.16400
3221.12012,0.16410
3221.22998,0.16430
3221.33008,0.16440
3221.42993,0.16460
3221.53003,0.16470
3221.63989,0.16490
3221.73999,0.16500
3221.84009,0.16510
3221.94995,0.16530
3222.05005,0.16540
3222.14990,0.16560
3222.25000,0.16570
3222.36011,0.16590
3222.45996,0.16600
3222.56006,0.16610
3222.66992,0.16630
3222.77002,0.16640
3222.87012,0.16660
3222.97998,0.16670
3223.08008,0.16690
3223.17993,0.16700
3223.29004,0.16710
3223.38989,0.16730
3223.48999,0.16740
3223.59009,0.16760
3223.69995,0.16770
3223.80005,0.16780
3223.90991,0.16800
3224.01001,0.16810
3224.11011,0.16830
3224.21997,0.16840
3224.32007,0.16860
3224.41992,0.16870
3224.52002,0.16880
3224.62988,0.16900
3224.72998,0.16910
3224.83008,0.16930
3224.93994,0.16940
3225.04004,0.16960
3225.13989,0.16970
3225.25000,0.16980
3225.35010,0.17000
3225.44995,0.17010
3225.56006,0.17030
3225.65991,0.17040
3225.76001,0.17060
3225.87012,0.17070
3225.96997,0.17080
3226.07007,0.17100
3226.17993,0.17110
3226.28003,0.17130
3226.37988,0.17140
3226.47998,0.17150
3226.59009,0.17170
3226.68994,0.17180
3226.80005,0.17200
3226.89990,0.17210
3227.00000,0.17230
3227.10010,0.17240
3227.20996,0.17250
3227.31006,0.17270
3227.41992,0.17280
3227.52002,0.17300
3227.62012,0.17310
3227.72998,0.17330
3227.83008,0.17340
3227.92993,0.17350
3228.03003,0.17370
3228.13989,0.17380
3228.23999,0.17400
3228.34009,0.17410
3228.44995,0.17430
3228.55005,0.17440
3228.64990,0.17450
3228.76001,0.17470
3228.86011,0.17480
3228.95996,0.17500
3229.07007,0.17510
3229.16992,0.17530
3229.27002,0.17540
3229.37988,0.17550
3229.47998,0.17570
3229.58008,0.17580
3229.68994,0.17600
3229.79004,0.17610
3229.88989,0.17630
3230.00000,0.17640
3230.10010,0.17650
3230.19995,0.17670
3230.31006,0.17680
3230.40991,0.17700
3230.51001,0.17710
3230.62012,0.17730
3230.71997,0.17740
3230.82007,0.17750
3230.92993,0.17770
3231.03003,0.17780
3231.12988,0.17800
3231.23999,0.17810
3231.34009,0.17820
3231.44995,0.17840
3231.55005,0.17850
3231.64990,0.17870
3231.75000,0.17880
3231.86011,0.17900
3231.95996,0.17910
3232.06006,0.17920
3232.16992,0.17940
3232.27002,0.17950
3232.37988,0.17970
3232.47998,0.17980
3232.58008,0.18000
3232.68994,0.18010
3232.79004,0.18020
3232.88989,0.18040
3233.00000,0.18050
3233.10010,0.18070
3233.19995,0.18080
3233.31006,0.18100
3233.40991,0.18110
3233.51001,0.18120
3233.62012,0.18140
3233.71997,0.18150
3233.82007,0.18170
3233.92993,0.18180
3234.03003,0.18200
3234.12988,0.18210
3234.23999,0.18220
3234.34009,0.18240
3234.43994,0.18250
3234.55005,0.18270
3234.64990,0.18280
3234.76001,0.18300
3234.86011,0.18310
3234.95996,0.18320
3235.07007,0.18340
3235.16992,0.18350
3235.27002,0.18370
3235.37988,0.18380
3235.47998,0.18400
3235.58008,0.18410
3235.68994,0.18420
3235.79004,0.18440
3235.88989,0.18450
3236.00000,0.18470
3236.10010,0.18480
3236.19995,0.18500
3236.31006,0.18510
3236.40991,0.18520
3236.51001,0.18540
3236.62012,0.18550
3236.71997,0.18570
3236.83008,0.18580
3236.92993,0.18600
3237.03003,0.18610
3237.13989,0.18620
3237.23999,0.18640
3237.34009,0.18650
3237.44995,0.18670
3237.55005,0.18680
3237.64990,0.18700
3237.76001,0.18710
3237.86011,0.18720
3237.96997,0.18740
3238.07007,0.18750
3238.16992,0.18770
3238.28003,0.18780
3238.37988,0.18800
3238.47998,0.18810
3238.59009,0.18830
3238.68994,0.18840
3238.79004,0.18850
3238.89990,0.18870
3239.00000,0.18880
3239.11011,0.18900
3239.20996,0.18910
3239.31006,0.18930
3239.40991,0.18940
3239.52002,0.18950
3239.62012,0.18970
3239.72998,0.18980
3239.83008,0.19000
3239.92993,0.19010
3240.04004,0.19030
3240.13989,0.19040
3240.25000,0.19050
3240.35010,0.19070
3240.44995,0.19080
3240.56006,0.19100
3240.65991,0.19110
3240.76001,0.19130
3240.87012,0.19140
3240.96997,0.19150
3241.07007,0.19170
3241.17993,0.19180
3241.28003,0.19200
3241.37988,0.19210
3241.48999,0.19230
3241.59009,0.19240
3241.69995,0.19250
3241.80005,0.19270
3241.89990,0.19280
3242.01001,0.19300
3242.11011,0.19310
3242.21997,0.19330
3242.32007,0.19340
3242.41992,0.19350
3242.53003,0.19370
3242.62988,0.19380
3242.73999,0.19400
3242.84009,0.19410
3242.93994,0.19430
3243.04004,0.19440
3243.14990,0.19450
3243.25000,0.19470
3243.36011,0.19480
3243.45996,0.19500
3243.56006,0.19510
3243.66992,0.19530
3243.77002,0.19540
3243.87988,0.19560
3243.97998,0.19570
3244.08008,0.19580
3244.18994,0.19600
3244.29004,0.19610
3244.39990,0.19630
3244.50000,0.19640
3244.60010,0.19660
3244.70996,0.19670
3244.81006,0.19680
3244.90991,0.19700
3245.02002,0.19710
3245.12012,0.19730
3245.21997,0.19740
3245.33008,0.19760
3245.42993,0.19770
3245.54004,0.19780
3245.63989,0.19800
3245.73999,0.19810
3245.85010,0.19830
3245.94995,0.19840
3246.06006,0.19860
3246.15991,0.19870
3246.27002,0.19880
3246.37012,0.19900
3246.46997,0.19910
3246.58008,0.19930
3246.67993,0.19940
3246.78003,0.19960
3246.88989,0.19970
3246.98999,0.19980
3247.09009,0.20000
3247.19995,0.20010
3247.30005,0.20030
3247.40991,0.20040
3247.51001,0.20060
3247.61011,0.20070
3247.71997,0.20090
3247.82007,0.20100
3247.92993,0.20110
3248.03003,0.20130
3248.13989,0.20140
3248.23999,0.20160
3248.34009,0.20170
3248.44995,0.20190
3248.55005,0.20200
3248.64990,0.20210
3248.76001,0.20230
3248.86011,0.20240
3248.95996,0.20260
3249.07007,0.20270
3249.16992,0.20290
3249.28003,0.20300
3249.37988,0.20310
3249.48999,0.20330
3249.59009,0.20340
3249.68994,0.20360
3249.80005,0.20370
3249.89990,0.20390
3250.01001,0.20400
3250.11011,0.20420
3250.20996,0.20430
3250.32007,0.20450
3250.41992,0.20470
3250.53003,0.20480
3250.62988,0.20500
3250.72998,0.20510
3250.84009,0.20530
3250.93994,0.20550
3251.05005,0.20560
3251.14990,0.20580
3251.25000,0.20600
3251.36011,0.20610
3251.45996,0.20630
3251.57007,0.20640
3251.66992,0.20660
3251.77002,0.20680
3251.87988,0.20690
3251.97998,0.20710
3252.09009,0.20730
3252.18994,0.20740
3252.29004,0.20760
3252.39990,0.20770
3252.50000,0.20790
3252.61011,0.20810
3252.70996,0.20820
3252.81006,0.20840
3252.91992,0.20860
3253.02002,0.20870
3253.12988,0.20890
3253.22998,0.20900
3253.34009,0.20920
3253.43994,0.20940
3253.54004,0.20950
3253.64990,0.20970
3253.75000,0.20990
3253.86011,0.21000
3253.95996,0.21020
3254.06006,0.21030
3254.16992,0.21050
3254.27002,0.21070
3254.37988,0.21080
3254.47998,0.21100
3254.58008,0.21120
3254.68994,0.21130
3254.79004,0.21150
3254.89990,0.21160
3255.00000,0.21180
3255.11011,0.21200
3255.20996,0.21210
3255.31006,0.21230
3255.41992,0.21250
3255.52002,0.21260
3255.62988,0.21280
3255.72998,0.21290
3255.84009,0.21310
3255.93994,0.21330
3256.04004,0.21340
3256.14990,0.21360
3256.25000,0.21380
3256.36011,0.21390
3256.45996,0.21410
3256.56006,0.21420
3256.66992,0.21440
3256.77002,0.21460
3256.87988,0.21470
3256.97998,0.21490
3257.08008,0.21510
3257.18994,0.21520
3257.29004,0.21540
3257.39990,0.21550
3257.50000,0.21570
3257.61011,0.21590
3257.70996,0.21600
3257.81006,0.21620
3257.91992,0.21640
3258.02002,0.21650
3258.12988,0.21670
3258.22998,0.21680
3258.33008,0.21700
3258.43994,0.21720
3258.54004,0.21730
3258.64990,0.21750
3258.75000,0.21770
3258.86011,0.21780
3258.95996,0.21800
3259.06006,0.21810
3259.16992,0.21830
3259.27002,0.21850
3259.37988,0.21860
3259.47998,0.21880
3259.59009,0.21900
3259.68994,0.21910
3259.79004,0.21930
3259.89990,0.21940
3260.00000,0.21960
3260.11011,0.21980
3260.20996,0.21990
3260.32007,0.22010
3260.41992,0.22030
3260.53003,0.22040
3260.62988,0.22060
3260.72998,0.22070
3260.84009,0.22090
3260.93994,0.22110
3261.05005,0.22120
3261.14990,0.22140
3261.26001,0.22160
3261.36011,0.22170
3261.45996,0.22190
3261.57007,0.22200
3261.66992,0.22220
3261.78003,0.22240
3261.87988,0.22250
3261.98999,0.22270
3262.09009,0.22290
3262.19995,0.22300
3262.30005,0.22320
3262.40991,0.22340
3262.51001,0.22350
3262.61011,0.22370
3262.71997,0.22380
3262.82007,0.22400
3262.92993,0.22420
3263.03003,0.22430
3263.13989,0.22450
3263.23999,0.22470
3263.34009,0.22480
3263.44995,0.22500
3263.55005,0.22510
3263.65991,0.22530
3263.76001,0.22550
3263.86011,0.22560
3263.96997,0.22580
3264.07007,0.22600
3264.17993,0.22610
3264.28003,0.22630
3264.38989,0.22640
3264.48999,0.22660
3264.60010,0.22680
3264.69995,0.22690
3264.81006,0.22710
3264.90991,0.22730
3265.02002,0.22740
3265.12012,0.22760
3265.22998,0.22780
3265.33008,0.22790
3265.42993,0.22810
3265.54004,0.22820
3265.63989,0.22840
3265.75000,0.22860
3265.85010,0.22870
3265.95996,0.22890
3266.06006,0.22910
3266.15991,0.22920
3266.27002,0.22940
3266.37012,0.22950
3266.47998,0.22970
3266.58008,0.22990
3266.68994,0.23000
3266.79004,0.23020
3266.89990,0.23040
3267.00000,0.23050
3267.11011,0.23070
3267.20996,0.23080
3267.31006,0.23100
3267.41992,0.23120
3267.52002,0.23130
3267.62988,0.23150
3267.72998,0.23170
3267.84009,0.23180
3267.93994,0.23200
3268.05005,0.23220
3268.14990,0.23230
3268.26001,0.23250
3268.36011,0.23260
3268.45996,0.23280
3268.57007,0.23300
3268.66992,0.23310
3268.78003,0.23330
3268.87988,0.23350
3268.98999,0.23360
3269.09009,0.23380
3269.19995,0.23390
3269.30005,0.23410
3269.39990,0.23430
3269.51001,0.23440
3269.61011,0.23460
3269.71997,0.23480
3269.82007,0.23490
3269.92993,0.23510
3270.03003,0.23530
3270.13989,0.23540
3270.23999,0.23560
3270.35010,0.23570
3270.44995,0.23590
3270.56006,0.23610
3270.65991,0.23620
3270.77002,0.23640
3270.87012,0.23660
3270.97998,0.23670
3271.08008,0.23690
3271.18994,0.23700
3271.29004,0.23720
3271.38989,0.23740
3271.50000,0.23750
3271.60010,0.23770
3271.70996,0.23790
3271.81006,0.23800
3271.91992,0.23820
3272.02002,0.23840
3272.12988,0.23850
3272.22998,0.23870
3272.34009,0.23880
3272.43994,0.23900
3272.55005,0.23920
3272.64990,0.23930
3272.76001,0.23950
3272.86011,0.23970
3272.95996,0.23980
3273.07007,0.24000
3273.16992,0.24020
3273.28003,0.24030
3273.37988,0.24050
3273.48999,0.24060
3273.59009,0.24080
3273.69995,0.24100
3273.80005,0.24110
3273.90991,0.24130
3274.01001,0.24150
3274.12012,0.24160
3274.21997,0.24180
3274.33008,0.24190
3274.42993,0.24210
3274.54004,0.24230
3274.63989,0.24240
3274.75000,0.24260
3274.85010,0.24280
3274.95996,0.24290
3275.06006,0.24310
3275.15991,0.24330
3275.27002,0.24340
3275.37012,0.24360
3275.47998,0.24370
3275.58008,0.24390
3275.68994,0.24410
3275.79004,0.24420
3275.89990,0.24440
3276.00000,0.24460
3276.11011,0.24470
3276.20996,0.24490
3276.32007,0.24510
3276.41992,0.24520
3276.53003,0.24540
3276.62988,0.24550
3276.73999,0.24570
3276.84009,0.24590
3276.94995,0.24600
3277.05005,0.24620
3277.15991,0.24640
3277.26001,0.24650
3277.37012,0.24670
3277.46997,0.24690
3277.58008,0.24700
3277.67993,0.24720
3277.78003,0.24730
3277.88989,0.24750
3278.00000,0.24770
3278.10010,0.24780
3278.20996,0.24800
3278.31006,0.24820
3278.40991,0.24830
3278.52002,0.24850
3278.62012,0.24870
3278.72998,0.24880
3278.83008,0.24900
3278.93994,0.24910
3279.04004,0.24930
3279.14990,0.24950
3279.25000,0.24960
3279.36011,0.24980
3279.45996,0.25000
3279.57007,0.25010
3279.66992,0.25030
3279.78003,0.25050
3279.87988,0.25060
3279.98999,0.25080
3280.09009,0.25090
3280.19995,0.25110
3280.30005,0.25130
3280.40991,0.25140
3280.51001,0.25160
3280.62012,0.25180
3280.71997,0.25190
3280.83008,0.25210
3280.92993,0.25230
3281.04004,0.25240
3281.13989,0.25260
3281.25000,0.25270
3281.35010,0.25290
3281.45996,0.25310
3281.56006,0.25320
3281.66992,0.25340
3281.77002,0.25360
3281.87988,0.25370
3281.97998,0.25390
3282.09009,0.25410
3282.18994,0.25420
3282.30005,0.25440
3282.39990,0.25450
3282.51001,0.25470
3282.61011,0.25490
3282.71997,0.25500
3282.82007,0.25520
3282.92993,0.25540
3283.03003,0.25550
3283.13989,0.25570
3283.25000,0.25590
3283.35010,0.25600
3283.44995,0.25620
3283.56006,0.25640
3283.65991,0.25650
3283.77002,0.25670
3283.87988,0.25680
3283.97998,0.25700
3284.09009,0.25720
3284.18994,0.25730
3284.29004,0.25750
3284.39990,0.25770
3284.51001,0.25780
3284.61011,0.25800
3284.70996,0.25820
3284.82007,0.25830
3284.91992,0.25850
3285.03003,0.25860
3285.13989,0.25880
3285.23999,0.25900
3285.35010,0.25910
3285.44995,0.25930
3285.56006,0.25950
3285.65991,0.25960
3285.77002,0.25980
3285.87012,0.26000
3285.97998,0.26010
3286.08008,0.26030
3286.18994,0.26050
3286.29004,0.26060
3286.39990,0.26080
3286.50000,0.26090
3286.61011,0.26110
3286.70996,0.26130
3286.82007,0.26140
3286.91992,0.26160
3287.03003,0.26180
3287.12988,0.26190
3287.23999,0.26210
3287.34009,0.26230
3287.44995,0.26240
3287.55005,0.26260
3287.65991,0.26280
3287.77002,0.26290
3287.87012,0.26310
3287.96997,0.26320
3288.08008,0.26340
3288.18994,0.26360
3288.29004,0.26370
3288.39990,0.26390
3288.50000,0.26410
3288.60010,0.26420
3288.70996,0.26440
3288.82007,0.26460
3288.91992,0.26470
3289.03003,0.26490
3289.12988,0.26500
3289.23999,0.26520
3289.34009,0.26540
3289.44995,0.26550
3289.55005,0.26570
3289.65991,0.26590
3289.77002,0.26600
3289.87012,0.26620
3289.97998,0.26640
3290.08008,0.26650
3290.17993,0.26670
3290.29004,0.26690
3290.39990,0.26700
3290.50000,0.26720
3290.61011,0.26730
3290.70996,0.26750
3290.82007,0.26770
3290.91992,0.26780
3291.03003,0.26800
3291.12988,0.26820
3291.23999,0.26830
3291.34009,0.26850
3291.44995,0.26870
3291.55005,0.26880
3291.65991,0.26900
3291.77002,0.26920
3291.87012,0.26930
3291.97998,0.26950
3292.08008,0.26960
3292.17993,0.26980
3292.29004,0.27000
3292.39990,0.27010
3292.50000,0.27030
3292.61011,0.27050
3292.70996,0.27060
3292.82007,0.27080
3292.91992,0.27100
3293.03003,0.27110
3293.12988,0.27130
3293.23999,0.27150
3293.35010,0.27160
3293.44995,0.27180
3293.56006,0.27190
3293.65991,0.27210
3293.77002,0.27230
3293.87012,0.27240
3293.97998,0.27260
3294.08008,0.27280
3294.18994,0.27290
3294.29004,0.27310
3294.39990,0.27330
3294.50000,0.27340
3294.61011,0.27360
3294.71997,0.27380
3294.82007,0.27390
3294.92993,0.27410
3295.03003,0.27420
3295.13989,0.27440
3295.23999,0.27460
3295.35010,0.27470
3295.44995,0.27490
3295.56006,0.27510
3295.65991,0.27520
3295.77002,0.27540
3295.87988,0.27560
3295.97998,0.27570
3296.09009,0.27590
3296.18994,0.27610
3296.30005,0.27620
3296.39990,0.27640
3296.51001,0.27660
3296.61011,0.27670
3296.71997,0.27690
3296.82007,0.27700
3296.92993,0.27720
3297.04004,0.27740
3297.13989,0.27750
3297.25000,0.27770
3297.35010,0.27790
3297.45996,0.27800
3297.56006,0.27820
3297.66992,0.27840
3297.77002,0.27850
3297.87988,0.27870
3297.97998,0.27890
3298.09009,0.27900
3298.18994,0.27920
3298.30005,0.27940
3298.40991,0.27950
3298.51001,0.27970
3298.62012,0.27980
3298.71997,0.28000
3298.83008,0.28020
3298.92993,0.28030
3299.04004,0.28050
3299.14990,0.28070
3299.25000,0.28080
3299.36011,0.28100
3299.45996,0.28120
3299.57007,0.28130
3299.66992,0.28150
3299.78003,0.28170
3299.87988,0.28180
3299.98999,0.28200
3300.09009,0.28220
3300.19995,0.28240
3300.31006,0.28260
3300.40991,0.28280
3300.52002,0.28310
3300.62012,0.28330
3300.72998,0.28350
3300.84009,0.28370
3300.93994,0.28390
3301.05005,0.28420
3301.14990,0.28440
3301.26001,0.28460
3301.36011,0.28480
3301.46997,0.28500
3301.57007,0.28520
3301.67993,0.28550
3301.78003,0.28570
3301.88989,0.28590
3302.00000,0.28610
3302.10010,0.28630
3302.20996,0.28660
3302.31006,0.28680
3302.41992,0.28700
3302.53003,0.28720
3302.62988,0.28740
3302.73999,0.28760
3302.84009,0.28790
3302.94995,0.28810
3303.05005,0.28830
3303.15991,0.28850
3303.27002,0.28870
3303.37012,0.28890
3303.47998,0.28920
3303.58008,0.28940
3303.68994,0.28960
3303.79004,0.28980
3303.89990,0.29000
3304.00000,0.29020
3304.11011,0.29050
3304.21997,0.29070
3304.32007,0.29090
3304.42993,0.29110
3304.53003,0.29130
3304.63989,0.29160
3304.75000,0.29180
3304.85010,0.29200
3304.95996,0.29220
3305.06006,0.29240
3305.16992,0.29260
3305.27002,0.29290
3305.37988,0.29310
3305.48999,0.29330
3305.59009,0.29350
3305.69995,0.29370
3305.80005,0.29400
3305.90991,0.29420
3306.01001,0.29440
3306.12012,0.29460
3306.22998,0.29480
3306.33008,0.29500
3306.43994,0.29530
3306.54004,0.29550
3306.64990,0.29570
3306.76001,0.29590
3306.86011,0.29610
3306.96997,0.29640
3307.07007,0.29660
3307.17993,0.29680
3307.28003,0.29700
3307.38989,0.29720
3307.50000,0.29740
3307.60010,0.29770
3307.70996,0.29790
3307.81006,0.29810
3307.91992,0.29830
3308.02002,0.29850
3308.12988,0.29880
3308.23999,0.29900
3308.34009,0.29920
3308.44995,0.29940
3308.55005,0.29960
3308.65991,0.29980
3308.77002,0.30010
3308.87012,0.30030
3308.97998,0.30050
3309.08008,0.30070
3309.18994,0.30090
3309.30005,0.30110
3309.39990,0.30140
3309.51001,0.30160
3309.61011,0.30180
3309.71997,0.30200
3309.82007,0.30220
3309.92993,0.30250
3310.04004,0.30270
3310.13989,0.30290
3310.25000,0.30310
3310.35010,0.30330
3310.45996,0.30350
3310.57007,0.30380
3310.66992,0.30400
3310.78003,0.30420
3310.87988,0.30440
3310.98999,0.30460
3311.10010,0.30490
3311.19995,0.30510
3311.31006,0.30530
3311.40991,0.30550
3311.52002,0.30570
3311.62988,0.30590
3311.72998,0.30620
3311.84009,0.30640
3311.93994,0.30660
3312.05005,0.30680
3312.15991,0.30700
3312.26001,0.30730
3312.37012,0.30750
3312.46997,0.30770
3312.58008,0.30790
3312.68994,0.30810
3312.79004,0.30840
3312.89990,0.30860
3313.00000,0.30880
3313.11011,0.30900
3313.20996,0.30920
3313.32007,0.30940
3313.42993,0.30970
3313.53003,0.30990
3313.63989,0.31010
3313.73999,0.31030
3313.85010,0.31050
3313.95996,0.31080
3314.06006,0.31100
3314.16992,0.31120
3314.28003,0.31140
3314.37988,0.31160
3314.48999,0.31180
3314.59009,0.31210
3314.69995,0.31230
3314.81006,0.31250
3314.90991,0.31270
3315.02002,0.31290
3315.12988,0.31320
3315.22998,0.31340
3315.34009,0.31360
3315.43994,0.31380
3315.55005,0.31400
3315.65991,0.31420
3315.76001,0.31450
3315.87012,0.31470
3315.96997,0.31490
3316.08008,0.31510
3316.17993,0.31530
3316.29004,0.31560
3316.39990,0.31580
3316.51001,0.31600
3316.61011,0.31620
3316.71997,0.31640
3316.82007,0.31670
3316.92993,0.31690
3317.03003,0.31710
3317.13989,0.31730
3317.25000,0.31750
3317.35010,0.31770
3317.45996,0.31800
3317.56006,0.31820
3317.66992,0.31840
3317.78003,0.31860
3317.87988,0.31880
3317.98999,0.31910
3318.09009,0.31930
3318.19995,0.31950
3318.31006,0.31970
3318.41992,0.31990
3318.52002,0.32020
3318.62988,0.32040
3318.72998,0.32060
3318.84009,0.32080
3318.94995,0.32100
3319.05005,0.32120
3319.15991,0.32150
3319.26001,0.32170
3319.37012,0.32190
3319.47998,0.32210
3319.58008,0.32230
3319.68994,0.32260
3319.79004,0.32280
3319.89990,0.32300
3320.01001,0.32320
3320.11011,0.32340
3320.21997,0.32370
3320.33008,0.32390
3320.42993,0.32410
3320.54004,0.32430
3320.63989,0.32450
3320.75000,0.32470
3320.86011,0.32500
3320.95996,0.32520
3321.07007,0.32540
3321.16992,0.32560
3321.28003,0.32580
3321.38989,0.32610
3321.50000,0.32630
3321.60010,0.32650
3321.70996,0.32670
3321.81006,0.32690
3321.91992,0.32720
3322.03003,0.32740
3322.12988,0.32760
3322.23999,0.32780
3322.35010,0.32800
3322.44995,0.32820
3322.56006,0.32850
3322.65991,0.32870
3322.77002,0.32890
3322.87988,0.32910
3322.97998,0.32930
3323.09009,0.32960
3323.19995,0.32980
3323.30005,0.33000
3323.40991,0.33020
3323.51001,0.33040
3323.62012,0.33070
3323.72998,0.33090
3323.83008,0.33110
3323.93994,0.33130
3324.05005,0.33150
3324.14990,0.33180
3324.26001,0.33200
3324.37012,0.33220
3324.46997,0.33240
3324.58008,0.33260
3324.67993,0.33280
3324.79004,0.33310
3324.89990,0.33330
3325.00000,0.33350
3325.11011,0.33370
3325.21997,0.33390
3325.32007,0.33420
3325.42993,0.33440
3325.54004,0.33460
3325.63989,0.33480
3325.75000,0.33500
3325.86011,0.33530
3325.95996,0.33550
3326.07007,0.33570
3326.17993,0.33590
3326.28003,0.33610
3326.38989,0.33640
3326.48999,0.33660
3326.60010,0.33680
3326.70996,0.33700
3326.81006,0.33720
3326.91992,0.33750
3327.03003,0.33770
3327.12988,0.33790
3327.23999,0.33810
3327.34009,0.33830
3327.44995,0.33860
3327.56006,0.33880
3327.65991,0.33900
3327.77002,0.33920
3327.87988,0.33940
3327.98999,0.33970
3328.09009,0.33990
3328.19995,0.34010
3328.30005,0.34030
3328.40991,0.34050
3328.52002,0.34070
3328.62012,0.34100
3328.72998,0.34120
3328.84009,0.34140
3328.93994,0.34160
3329.05005,0.34180
3329.15991,0.34210
3329.26001,0.34230
3329.37012,0.34250
3329.47998,0.34270
3329.58008,0.34290
3329.68994,0.34320
3329.80005,0.34340
3329.89990,0.34360
3330.01001,0.34380
3330.12012,0.34400
3330.21997,0.34430
3330.33008,0.34450
3330.43994,0.34470
3330.54004,0.34490
3330.64990,0.34510
3330.75000,0.34540
3330.86011,0.34560
3330.96997,0.34580
3331.07007,0.34600
3331.17993,0.34620
3331.29004,0.34650
3331.38989,0.34670
3331.50000,0.34690
3331.61011,0.34710
3331.70996,0.34730
3331.82007,0.34760
3331.92993,0.34780
3332.03003,0.34800
3332.13989,0.34820
3332.25000,0.34840
3332.35010,0.34860
3332.45996,0.34890
3332.57007,0.34910
3332.66992,0.34930
3332.78003,0.34950
3332.88989,0.34970
3332.98999,0.35000
3333.10010,0.35020
3333.20996,0.35040
3333.31006,0.35060
3333.41992,0.35080
3333.53003,0.35110
3333.62988,0.35130
3333.73999,0.35150
3333.85010,0.35170
3333.94995,0.35190
3334.06006,0.35220
3334.16992,0.35240
3334.27002,0.35260
3334.37988,0.35280
3334.48999,0.35300
3334.59009,0.35330
3334.69995,0.35350
3334.81006,0.35370
3334.90991,0.35390
3335.02002,0.35410
3335.12988,0.35440
3335.22998,0.35460
3335.34009,0.35480
3335.44995,0.35500
3335.55005,0.35520
3335.65991,0.35550
3335.77002,0.35570
3335.87988,0.35590
3335.97998,0.35610
3336.09009,0.35630
3336.18994,0.35660
3336.30005,0.35680
3336.40991,0.35700
3336.51001,0.35720
3336.62012,0.35740
3336.72998,0.35770
3336.83008,0.35790
3336.93994,0.35810
3337.05005,0.35830
3337.15991,0.35850
3337.26001,0.35880
3337.37012,0.35900
3337.47998,0.35920
3337.58008,0.35940
3337.68994,0.35960
3337.80005,0.35990
3337.89990,0.36010
3338.01001,0.36030
3338.12012,0.36050
3338.21997,0.36070
3338.33008,0.36100
3338.43994,0.36120
3338.54004,0.36140
3338.64990,0.36160
3338.76001,0.36180
3338.86011,0.36210
3338.96997,0.36230
3339.08008,0.36250
3339.17993,0.36270
3339.29004,0.36290
3339.39990,0.36320
3339.51001,0.36340
3339.61011,0.36360
3339.71997,0.36380
3339.83008,0.36400
3339.92993,0.36430
3340.04004,0.36450
3340.14990,0.36470
3340.25000,0.36490
3340.36011,0.36510
3340.46997,0.36540
3340.57007,0.36560
3340.67993,0.36580
3340.79004,0.36600
3340.89990,0.36620
3341.00000,0.36650
3341.11011,0.36670
3341.21997,0.36690
3341.32007,0.36710
3341.42993,0.36730
3341.54004,0.36760
3341.63989,0.36780
3341.75000,0.36800
3341.86011,0.36820
3341.95996,0.36840
3342.07007,0.36870
3342.17993,0.36890
3342.28003,0.36910
3342.38989,0.36930
3342.50000,0.36950
3342.60010,0.36980
3342.70996,0.37000
3342.82007,0.37020
3342.92993,0.37040
3343.03003,0.37060
3343.13989,0.37090
3343.25000,0.37110
3343.35010,0.37130
3343.45996,0.37150
3343.57007,0.37180
3343.66992,0.37200
3343.78003,0.37220
3343.88989,0.37240
3344.00000,0.37260
3344.10010,0.37290
3344.20996,0.37310
3344.32007,0.37330
3344.41992,0.37350
3344.53003,0.37370
3344.63989,0.37400
3344.75000,0.37420
3344.85010,0.37440
3344.95996,0.37460
3345.07007,0.37480
3345.16992,0.37510
3345.28003,0.37530
3345.38989,0.37550
3345.48999,0.37570
3345.60010,0.37590
3345.70996,0.37620
3345.82007,0.37640
3345.91992,0.37660
3346.03003,0.37680
3346.13989,0.37700
3346.23999,0.37730
3346.35010,0.37750
3346.45996,0.37770
3346.57007,0.37790
3346.66992,0.37810
3346.78003,0.37840
3346.88989,0.37860
3346.98999,0.37880
3347.10010,0.37900
3347.20996,0.37920
3347.31006,0.37950
3347.41992,0.37970
3347.53003,0.37990
3347.63989,0.38010
3347.73999,0.38040
3347.85010,0.38060
3347.95996,0.38080
3348.06006,0.38100
3348.16992,0.38120
3348.28003,0.38150
3348.37988,0.38170
3348.48999,0.38190
3348.60010,0.38210
3348.70996,0.38230
3348.81006,0.38260
3348.91992,0.38280
3349.03003,0.38300
3349.13989,0.38320
3349.23999,0.38340
3349.35010,0.38370
3349.45996,0.38390
3349.56006,0.38410
3349.66992,0.38430
3349.78003,0.38450
3349.88989,0.38480
3349.98999,0.38500
3350.10010,0.38520
3350.20996,0.38540
3350.31006,0.38570
3350.41992,0.38590
3350.53003,0.38610
3350.63989,0.38640
3350.73999,0.38660
3350.85010,0.38680
3350.95996,0.38710
3351.07007,0.38730
3351.16992,0.38750
3351.28003,0.38780
3351.38989,0.38800
3351.48999,0.38820
3351.60010,0.38850
3351.70996,0.38870
3351.82007,0.38890
3351.91992,0.38920
3352.03003,0.38940
3352.13989,0.38960
3352.23999,0.38980
3352.35010,0.39010
3352.45996,0.39030
3352.57007,0.39050
3352.66992,0.39080
3352.78003,0.39100
3352.88989,0.39120
3353.00000,0.39150
3353.10010,0.39170
3353.20996,0.39190
3353.32007,0.39220
3353.42993,0.39240
3353.53003,0.39260
3353.63989,0.39290
3353.75000,0.39310
3353.85010,0.39330
3353.95996,0.39360
3354.07007,0.39380
3354.17993,0.39400
3354.28003,0.39430
3354.38989,0.39450
3354.50000,0.39470
3354.61011,0.39490
3354.70996,0.39520
3354.82007,0.39540
3354.92993,0.39560
3355.04004,0.39590
3355.13989,0.39610
3355.25000,0.39630
3355.36011,0.39660
3355.45996,0.39680
3355.57007,0.39700
3355.67993,0.39730
3355.79004,0.39750
3355.88989,0.39770
3356.00000,0.39800
3356.11011,0.39820
3356.21997,0.39840
3356.32007,0.39870
3356.42993,0.39890
3356.54004,0.39910
3356.63989,0.39940
3356.75000,0.39960
3356.86011,0.39980
3356.96997,0.40010
3357.08008,0.40030
3357.17993,0.40050
3357.29004,0.40070
3357.39990,0.40100
3357.51001,0.40120
3357.61011,0.40140
3357.71997,0.40170
3357.83008,0.40190
3357.92993,0.40210
3358.04004,0.40240
3358.14990,0.40260
3358.26001,0.40280
3358.36011,0.40310
3358.46997,0.40330
3358.58008,0.40350
3358.68994,0.40380
3358.80005,0.40400
3358.89990,0.40420
3359.01001,0.40450
3359.12012,0.40470
3359.22998,0.40490
3359.33008,0.40520
3359.43994,0.40540
3359.55005,0.40560
3359.64990,0.40590
3359.76001,0.40610
3359.87012,0.40630
3359.97998,0.40650
3360.08008,0.40680
3360.18994,0.40700
3360.30005,0.40720
3360.40991,0.40750
3360.51001,0.40770
3360.62012,0.40790
3360.72998,0.40820
3360.84009,0.40840
3360.93994,0.40860
3361.05005,0.40890
3361.15991,0.40910
3361.27002,0.40930
3361.37012,0.40960
3361.47998,0.40980
3361.59009,0.41000
3361.69995,0.41030
3361.80005,0.41050
3361.90991,0.41070
3362.02002,0.41100
3362.12988,0.41120
3362.23999,0.41140
3362.34009,0.41170
3362.44995,0.41190
3362.56006,0.41210
3362.66992,0.41240
3362.77002,0.41260
3362.87988,0.41280
3362.98999,0.41310
3363.10010,0.41330
3363.19995,0.41350
3363.31006,0.41380
3363.41992,0.41400
3363.53003,0.41420
3363.62988,0.41440
3363.73999,0.41470
3363.85010,0.41490
3363.95996,0.41510
3364.06006,0.41540
3364.16992,0.41560
3364.28003,0.41580
3364.38989,0.41610
3364.48999,0.41630
3364.60010,0.41650
3364.70996,0.41680
3364.82007,0.41700
3364.92993,0.41720
3365.03003,0.41750
3365.13989,0.41770
3365.25000,0.41790
3365.36011,0.41820
3365.45996,0.41840
3365.57007,0.41860
3365.67993,0.41890
3365.79004,0.41910
3365.89990,0.41930
3366.00000,0.41960
3366.11011,0.41980
3366.21997,0.42000
3366.33008,0.42030
3366.42993,0.42050
3366.54004,0.42070
3366.64990,0.42100
3366.76001,0.42120
3366.87012,0.42140
3366.96997,0.42170
3367.08008,0.42190
3367.18994,0.42210
3367.30005,0.42240
3367.39990,0.42260
3367.51001,0.42280
3367.62012,0.42310
3367.72998,0.42330
3367.83008,0.42350
3367.93994,0.42380
3368.05005,0.42400
3368.15991,0.42420
3368.27002,0.42450
3368.37012,0.42470
3368.47998,0.42490
3368.59009,0.42520
3368.69995,0.42540
3368.80005,0.42560
3368.90991,0.42580
3369.02002,0.42610
3369.12988,0.42630
3369.23999,0.42650
3369.34009,0.42680
3369.44995,0.42700
3369.56006,0.42720
3369.66992,0.42750
3369.77002,0.42770
3369.87988,0.42790
3369.98999,0.42820
3370.10010,0.42840
3370.20996,0.42860
3370.31006,0.42890
3370.41992,0.42910
3370.53003,0.42930
3370.63989,0.42960
3370.75000,0.42980
3370.85010,0.43000
3370.95996,0.43030
3371.07007,0.43050
3371.17993,0.43070
3371.28003,0.43100
3371.38989,0.43120
3371.50000,0.43140
3371.61011,0.43170
3371.71997,0.43190
3371.82007,0.43210
3371.92993,0.43240
3372.04004,0.43260
3372.14990,0.43280
3372.26001,0.43310
3372.36011,0.43330
3372.46997,0.43350
3372.58008,0.43380
3372.68994,0.43400
3372.80005,0.43420
3372.89990,0.43450
3373.01001,0.43470
3373.12012,0.43490
3373.22998,0.43520
3373.33008,0.43540
3373.43994,0.43560
3373.55005,0.43590
3373.65991,0.43610
3373.77002,0.43630
3373.87012,0.43660
3373.97998,0.43680
3374.09009,0.43700
3374.19995,0.43730
3374.31006,0.43750
3374.40991,0.43770
3374.52002,0.43800
3374.62988,0.43820
3374.73999,0.43840
3374.85010,0.43870
3374.94995,0.43890
3375.06006,0.43910
3375.16992,0.43940
3375.28003,0.43960
3375.38989,0.43980
3375.48999,0.44010
3375.60010,0.44030
3375.70996,0.44050
3375.82007,0.44080
3375.92993,0.44100
3376.03003,0.44120
3376.13989,0.44150
3376.25000,0.44170
3376.36011,0.44190
3376.46997,0.44220
3376.58008,0.44240
3376.67993,0.44260
3376.79004,0.44290
3376.89990,0.44310
3377.01001,0.44330
3377.11011,0.44360
3377.21997,0.44380
3377.33008,0.44400
3377.43994,0.44430
3377.55005,0.44450
3377.64990,0.44470
3377.76001,0.44500
3377.87012,0.44520
3377.97998,0.44540
3378.09009,0.44570
3378.19995,0.44590
3378.30005,0.44610
3378.40991,0.44640
3378.52002,0.44660
3378.62988,0.44680
3378.73999,0.44710
3378.84009,0.44730
3378.94995,0.44750
3379.06006,0.44780
3379.16992,0.44800
3379.28003,0.44820
3379.37988,0.44850
3379.48999,0.44870
3379.60010,0.44890
3379.70996,0.44920
3379.82007,0.44940
3379.92993,0.44960
3380.03003,0.44990
3380.13989,0.45010
3380.25000,0.45030
3380.36011,0.45060
3380.46997,0.45080
3380.57007,0.45100
3380.67993,0.45130
3380.79004,0.45150
3380.89990,0.45170
3381.01001,0.45200
3381.11011,0.45220
3381.21997,0.45240
3381.33008,0.45270
3381.43994,0.45290
3381.55005,0.45310
3381.65991,0.45340
3381.76001,0.45360
3381.87012,0.45380
3381.97998,0.45410
3382.09009,0.45430
3382.19995,0.45450
3382.31006,0.45480
3382.40991,0.45500
3382.52002,0.45530
3382.62988,0.45550
3382.73999,0.45570
3382.85010,0.45590
3382.94995,0.45620
3383.06006,0.45640
3383.16992,0.45660
3383.28003,0.45690
3383.38989,0.45710
3383.50000,0.45730
3383.60010,0.45760
3383.70996,0.45780
3383.82007,0.45810
3383.92993,0.45830
3384.04004,0.45850
3384.14990,0.45880
3384.25000,0.45900
3384.36011,0.45920
3384.46997,0.45950
3384.58008,0.45970
3384.68994,0.45990
3384.80005,0.46020
3384.89990,0.46040
3385.01001,0.46060
3385.12012,0.46090
3385.22998,0.46110
3385.34009,0.46130
3385.43994,0.46160
3385.55005,0.46180
3385.65991,0.46200
3385.77002,0.46230
3385.87988,0.46250
3385.98999,0.46270
3386.10010,0.46300
3386.19995,0.46320
3386.31006,0.46340
3386.41992,0.46370
3386.53003,0.46390
3386.63989,0.46410
3386.75000,0.46440
3386.85010,0.46460
3386.95996,0.46480
3387.07007,0.46510
3387.17993,0.46530
3387.29004,0.46550
3387.39990,0.46580
3387.50000,0.46600
3387.61011,0.46620
3387.71997,0.46650
3387.83008,0.46670
3387.93994,0.46690
3388.05005,0.46720
3388.14990,0.46740
3388.26001,0.46770
3388.37012,0.46790
3388.47998,0.46810
3388.59009,0.46840
3388.69995,0.46860
3388.81006,0.46880
3388.90991,0.46910
3389.02002,0.46930
3389.12988,0.46950
3389.23999,0.46980
3389.35010,0.47000
3389.45996,0.47020
3389.57007,0.47050
3389.66992,0.47070
3389.78003,0.47090
3389.88989,0.47120
3390.00000,0.47140
3390.11011,0.47160
3390.21997,0.47190
3390.32007,0.47210
3390.42993,0.47230
3390.54004,0.47260
3390.64990,0.47280
3390.76001,0.47300
3390.87012,0.47330
3390.96997,0.47350
3391.08008,0.47370
3391.18994,0.47400
3391.30005,0.47420
3391.40991,0.47440
3391.52002,0.47470
3391.62988,0.47490
3391.73999,0.47510
3391.84009,0.47540
3391.94995,0.47560
3392.06006,0.47580
3392.16992,0.47610
3392.28003,0.47630
3392.38989,0.47660
3392.48999,0.47680
3392.60010,0.47700
3392.70996,0.47730
3392.82007,0.47750
3392.92993,0.47770
3393.04004,0.47800
3393.14990,0.47820
3393.25000,0.47840
3393.36011,0.47870
3393.46997,0.47890
3393.58008,0.47910
3393.68994,0.47940
3393.80005,0.47960
3393.90991,0.47980
3394.02002,0.48010
3394.12012,0.48030
3394.22998,0.48050
3394.34009,0.48080
3394.44995,0.48100
3394.56006,0.48120
3394.66992,0.48150
3394.78003,0.48170
3394.87988,0.48190
3394.98999,0.48220
3395.10010,0.48240
3395.20996,0.48260
3395.32007,0.48290
3395.42993,0.48310
3395.53003,0.48340
3395.63989,0.48360
3395.75000,0.48380
3395.86011,0.48410
3395.96997,0.48430
3396.08008,0.48450
3396.18994,0.48480
3396.29004,0.48500
3396.39990,0.48520
3396.51001,0.48550
3396.62012,0.48570
3396.72998,0.48590
3396.84009,0.48620
3396.94995,0.48640
3397.06006,0.48660
3397.15991,0.48690
3397.27002,0.48710
3397.37988,0.48730
3397.48999,0.48760
3397.60010,0.48780
3397.70996,0.48800
3397.82007,0.48830
3397.92993,0.48850
3398.03003,0.48880
3398.13989,0.48900
3398.25000,0.48920
3398.36011,0.48950
3398.46997,0.48970
3398.58008,0.48990
3398.68994,0.49020
3398.79004,0.49040
3398.89990,0.49060
3399.01001,0.49090
3399.12012,0.49110
3399.22998,0.49130
3399.34009,0.49160
3399.44995,0.49180
3399.56006,0.49200
3399.66992,0.49230
3399.78003,0.49250
3399.87988,0.49280
3399.98999,0.49300
3400.10010,0.49320
3400.20996,0.49350
3400.32007,0.49370
3400.42993,0.49390
3400.54004,0.49420
3400.64990,0.49440
3400.75000,0.49460
3400.86011,0.49480
3400.96997,0.49510
3401.08008,0.49530
3401.18994,0.49550
3401.30005,0.49580
3401.40991,0.49600
3401.52002,0.49620
3401.62012,0.49650
3401.72998,0.49670
3401.84009,0.49690
3401.94995,0.49720
3402.06006,0.49740
3402.16992,0.49760
3402.28003,0.49790
3402.38989,0.49810
3402.48999,0.49830
3402.60010,0.49860
3402.70996,0.49880
3402.82007,0.49900
3402.92993,0.49930
3403.04004,0.49950
3403.14990,0.49970
3403.26001,0.50000
3403.37012,0.50020
3403.47998,0.50040
3403.59009,0.50070
3403.68994,0.50090
3403.80005,0.50110
3403.90991,0.50140
3404.02002,0.50160
3404.12988,0.50180
3404.23999,0.50210
3404.35010,0.50230
3404.45996,0.50250
3404.56006,0.50280
3404.66992,0.50300
3404.78003,0.50320
3404.88989,0.50350
3405.00000,0.50370
3405.11011,0.50390
3405.21997,0.50420
3405.33008,0.50440
3405.43994,0.50460
3405.54004,0.50490
3405.64990,0.50510
3405.76001,0.50530
3405.87012,0.50560
3405.97998,0.50580
3406.09009,0.50600
3406.19995,0.50630
3406.31006,0.50650
3406.41992,0.50670
3406.53003,0.50700
3406.62988,0.50720
3406.73999,0.50740
3406.85010,0.50770
3406.95996,0.50790
3407.07007,0.50810
3407.17993,0.50840
3407.29004,0.50860
3407.39990,0.50880
3407.51001,0.50910
3407.62012,0.50930
3407.72998,0.50950
3407.84009,0.50980
3407.93994,0.51000
3408.05005,0.51020
3408.15991,0.51050
3408.27002,0.51070
3408.37988,0.51090
3408.48999,0.51120
3408.60010,0.51140
3408.70996,0.51160
3408.82007,0.51190
3408.91992,0.51210
3409.03003,0.51230
3409.13989,0.51260
3409.25000,0.51280
3409.36011,0.51300
3409.46997,0.51330
3409.58008,0.51350
3409.68994,0.51370
3409.80005,0.51400
3409.90991,0.51420
3410.02002,0.51440
3410.12012,0.51470
3410.22998,0.51490
3410.34009,0.51510
3410.44995,0.51540
3410.56006,0.51560
3410.66992,0.51580
3410.78003,0.51610
3410.88989,0.51630
3411.00000,0.51650
3411.11011,0.51680
3411.21997,0.51700
3411.33008,0.51720
3411.42993,0.51750
3411.54004,0.51770
3411.64990,0.51790
3411.76001,0.51820
3411.87012,0.51840
3411.97998,0.51860
3412.09009,0.51890
3412.19995,0.51910
3412.31006,0.51930
3412.41992,0.51960
3412.53003,0.51980
3412.63989,0.52000
3412.73999,0.52030
3412.85010,0.52050
3412.95996,0.52070
3413.07007,0.52100
3413.17993,0.52120
3413.29004,0.52140
3413.39990,0.52170
3413.51001,0.52190
3413.62012,0.52210
3413.72998,0.52240
3413.84009,0.52260
3413.94995,0.52280
3414.06006,0.52310
3414.15991,0.52330
3414.27002,0.52350
3414.37988,0.52380
3414.48999,0.52400
3414.60010,0.52420
3414.70996,0.52450
3414.82007,0.52470
3414.92993,0.52490
3415.04004,0.52520
3415.14990,0.52540
3415.26001,0.52570
3415.37012,0.52590
3415.47998,0.52610
3415.59009,0.52640
3415.69995,0.52660
3415.80005,0.52680
3415.90991,0.52710
3416.02002,0.52730
3416.12988,0.52750
3416.23999,0.52780
3416.35010,0.52800
3416.45996,0.52820
3416.57007,0.52850
3416.67993,0.52870
3416.79004,0.52890
3416.89990,0.52920
3417.01001,0.52940
3417.12012,0.52960
3417.21997,0.52990
3417.34009,0.53010
3417.43994,0.53030
3417.55005,0.53060
3417.65991,0.53080
3417.77002,0.53100
3417.87988,0.53130
3417.98999,0.53150
3418.10010,0.53170
3418.20996,0.53200
3418.32007,0.53220
3418.42993,0.53240
3418.54004,0.53270
3418.64990,0.53290
3418.76001,0.53310
3418.86011,0.53340
3418.96997,0.53360
3419.08008,0.53380
3419.18994,0.53410
3419.30005,0.53430
3419.40991,0.53450
3419.52002,0.53480
3419.62988,0.53500
3419.73999,0.53520
3419.85010,0.53550
3419.95996,0.53570
3420.07007,0.53590
3420.17993,0.53620
3420.29004,0.53640
3420.39990,0.53660
3420.51001,0.53690
3420.61011,0.53710
3420.72998,0.53740
3420.83008,0.53760
3420.93994,0.53780
3421.05005,0.53810
3421.15991,0.53830
3421.27002,0.53850
3421.37988,0.53880
3421.48999,0.53900
3421.60010,0.53920
3421.70996,0.53950
3421.82007,0.53970
3421.92993,0.53990
3422.04004,0.54020
3422.14990,0.54040
3422.26001,0.54060
3422.37012,0.54090
3422.47998,0.54110
3422.59009,0.54130
3422.69995,0.54160
3422.80005,0.54180
3422.91992,0.54200
3423.02002,0.54230
3423.13989,0.54250
3423.23999,0.54270
3423.35010,0.54300
3423.45996,0.54320
3423.57007,0.54340
3423.67993,0.54370
3423.79004,0.54390
3423.89990,0.54420
3424.01001,0.54440
3424.12012,0.54460
3424.22998,0.54490
3424.34009,0.54510
3424.44995,0.54530
3424.56006,0.54560
3424.66992,0.54580
3424.78003,0.54600
3424.88989,0.54630
3425.00000,0.54650
3425.11011,0.54670
3425.21997,0.54700
3425.33008,0.54720
3425.43994,0.54740
3425.55005,0.54770
3425.65991,0.54790
3425.77002,0.54810
3425.87012,0.54840
3425.97998,0.54860
3426.09009,0.54880
3426.19995,0.54910
3426.31006,0.54930
3426.41992,0.54950
3426.53003,0.54980
3426.63989,0.55000
3426.75000,0.55020
3426.86011,0.55050
3426.96997,0.55070
3427.08008,0.55100
3427.18994,0.55120
3427.30005,0.55140
3427.40991,0.55170
3427.52002,0.55190
3427.62988,0.55210
3427.73999,0.55240
3427.85010,0.55260
3427.95996,0.55280
3428.07007,0.55310
3428.17993,0.55330
3428.29004,0.55350
3428.39990,0.55380
3428.50000,0.55400
3428.61011,0.55420
3428.71997,0.55450
3428.83008,0.55470
3428.94995,0.55490
3429.05005,0.55520
3429.15991,0.55540
3429.27002,0.55560
3429.37988,0.55590
3429.48999,0.55610
3429.60010,0.55640
3429.70996,0.55660
3429.82007,0.55680
3429.92993,0.55710
3430.04004,0.55730
3430.14990,0.55750
3430.26001,0.55780
3430.37012,0.55800
3430.47998,0.55820
3430.59009,0.55850
3430.69995,0.55870
3430.81006,0.55890
3430.91992,0.55920
3431.03003,0.55940
3431.13989,0.55960
3431.25000,0.55990
3431.36011,0.56010
3431.46997,0.56030
3431.58008,0.56060
3431.68994,0.56080
3431.80005,0.56110
3431.90991,0.56130
3432.02002,0.56150
3432.12988,0.56180
3432.23999,0.56200
3432.35010,0.56220
3432.45996,0.56250
3432.57007,0.56270
3432.67993,0.56290
3432.79004,0.56320
3432.89990,0.56340
3433.01001,0.56360
3433.12012,0.56390
3433.22998,0.56410
3433.34009,0.56430
3433.44995,0.56460
3433.56006,0.56480
3433.66992,0.56500
3433.78003,0.56530
3433.88989,0.56550
3434.00000,0.56580
3434.10010,0.56600
3434.20996,0.56620
3434.32007,0.56650
3434.42993,0.56670
3434.54004,0.56690
3434.64990,0.56720
3434.76001,0.56740
3434.87012,0.56760
3434.97998,0.56790
3435.09009,0.56810
3435.19995,0.56830
3435.32007,0.56860
3435.42993,0.56880
3435.53003,0.56900
3435.63989,0.56930
3435.75000,0.56950
3435.86011,0.56980
3435.96997,0.57000
3436.08008,0.57020
3436.18994,0.57050
3436.30005,0.57070
3436.40991,0.57090
3436.52002,0.57120
3436.62988,0.57140
3436.73999,0.57160
3436.85010,0.57190
3436.95996,0.57210
3437.07007,0.57230
3437.17993,0.57260
3437.29004,0.57280
3437.39990,0.57300
3437.51001,0.57330
3437.62012,0.57350
3437.72998,0.57380
3437.84009,0.57400
3437.94995,0.57420
3438.06006,0.57450
3438.16992,0.57470
3438.28003,0.57490
3438.38989,0.57520
3438.50000,0.57540
3438.61011,0.57560
3438.71997,0.57590
3438.83008,0.57610
3438.93994,0.57630
3439.05005,0.57660
3439.15991,0.57680
3439.27002,0.57700
3439.37988,0.57730
3439.50000,0.57750
3439.60010,0.57780
3439.70996,0.57800
3439.82007,0.57820
3439.92993,0.57850
3440.04004,0.57870
3440.14990,0.57890
3440.26001,0.57920
3440.37012,0.57940
3440.47998,0.57960
3440.59009,0.57990
3440.69995,0.58010
3440.82007,0.58030
3440.92993,0.58060
3441.03003,0.58080
3441.14990,0.58110
3441.26001,0.58130
3441.37012,0.58150
3441.46997,0.58180
3441.59009,0.58200
3441.69995,0.58220
3441.81006,0.58250
3441.91992,0.58270
3442.03003,0.58290
3442.13989,0.58320
3442.25000,0.58340
3442.36011,0.58360
3442.45996,0.58390
3442.58008,0.58410
3442.68994,0.58430
3442.80005,0.58460
3442.90991,0.58480
3443.02002,0.58510
3443.12988,0.58530
3443.23999,0.58550
3443.35010,0.58580
3443.45996,0.58600
3443.57007,0.58620
3443.67993,0.58650
3443.79004,0.58670
3443.89990,0.58690
3444.01001,0.58720
3444.12012,0.58740
3444.22998,0.58770
3444.34009,0.58790
3444.44995,0.58810
3444.56006,0.58840
3444.66992,0.58860
3444.78003,0.58880
3444.88989,0.58910
3445.00000,0.58930
3445.11011,0.58950
3445.21997,0.58980
3445.33008,0.59000
3445.43994,0.59020
3445.55005,0.59050
3445.65991,0.59070
3445.77002,0.59100
3445.87988,0.59120
3445.98999,0.59140
3446.10010,0.59170
3446.20996,0.59190
3446.32007,0.59210
3446.42993,0.59240
3446.54004,0.59260
3446.64990,0.59280
3446.77002,0.59310
3446.87012,0.59330
3446.98999,0.59360
3447.10010,0.59380
3447.20996,0.59400
3447.32007,0.59430
3447.42993,0.59450
3447.54004,0.59470
3447.64990,0.59500
3447.76001,0.59520
3447.87012,0.59540
3447.97998,0.59570
3448.09009,0.59590
3448.19995,0.59610
3448.31006,0.59640
3448.41992,0.59660
3448.53003,0.59690
3448.63989,0.59710
3448.75000,0.59730
3448.86011,0.59760
3448.96997,0.59780
3449.08008,0.59800
3449.18994,0.59830
3449.30005,0.59850
3449.40991,0.59870
3449.52002,0.59900
3449.63989,0.59920
3449.73999,0.59950
3449.85010,0.59970
3449.95996,0.59990
3450.08008,0.60020
3450.18994,0.60040
3450.30005,0.60060
3450.40991,0.60090
3450.52002,0.60110
3450.62988,0.60130
3450.73999,0.60150
3450.85010,0.60180
3450.95996,0.60200
3451.07007,0.60220
3451.17993,0.60250
3451.29004,0.60270
3451.39990,0.60290
3451.51001,0.60320
3451.62012,0.60340
3451.72998,0.60360
3451.84009,0.60390
3451.94995,0.60410
3452.06006,0.60430
3452.16992,0.60460
3452.28003,0.60480
3452.38989,0.60500
3452.50000,0.60530
3452.61011,0.60550
3452.72998,0.60570
3452.84009,0.60600
3452.94995,0.60620
3453.06006,0.60640
3453.16992,0.60670
3453.28003,0.60690
3453.38989,0.60710
3453.50000,0.60740
3453.61011,0.60760
3453.71997,0.60780
3453.83008,0.60800
3453.93994,0.60830
3454.05005,0.60850
3454.15991,0.60870
3454.27002,0.60900
3454.37988,0.60920
3454.48999,0.60940
3454.60010,0.60970
3454.70996,0.60990
3454.83008,0.61010
3454.93994,0.61040
3455.05005,0.61060
3455.15991,0.61080
3455.27002,0.61110
3455.37988,0.61130
3455.48999,0.61150
3455.60010,0.61180
3455.70996,0.61200
3455.82007,0.61220
3455.92993,0.61250
3456.04004,0.61270
3456.14990,0.61290
3456.26001,0.61320
3456.37012,0.61340
3456.47998,0.61360
3456.59009,0.61380
3456.69995,0.61410
3456.82007,0.61430
3456.92993,0.61450
3457.04004,0.61480
3457.14990,0.61500
3457.26001,0.61520
3457.37012,0.61550
3457.47998,0.61570
3457.59009,0.61590
3457.69995,0.61620
3457.81006,0.61640
3457.91992,0.61660
3458.03003,0.61690
3458.13989,0.61710
3458.25000,0.61730
3458.36011,0.61760
3458.47998,0.61780
3458.59009,0.61800
3458.69995,0.61830
3458.81006,0.61850
3458.91992,0.61870
3459.03003,0.61900
3459.13989,0.61920
3459.25000,0.61940
3459.36011,0.61970
3459.46997,0.61990
3459.58008,0.62010
3459.68994,0.62040
3459.80005,0.62060
3459.90991,0.62080
3460.02002,0.62110
3460.12988,0.62130
3460.23999,0.62150
3460.36011,0.62180
3460.46997,0.62200
3460.58008,0.62220
3460.68994,0.62240
3460.80005,0.62270
3460.90991,0.62290
3461.02002,0.62310
3461.12988,0.62340
3461.23999,0.62360
3461.35010,0.62380
3461.45996,0.62410
3461.58008,0.62430
3461.68994,0.62450
3461.80005,0.62480
3461.90991,0.62500
3462.02002,0.62520
3462.12988,0.62550
3462.23999,0.62570
3462.35010,0.62590
3462.45996,0.62620
3462.57007,0.62640
3462.67993,0.62660
3462.79004,0.62690
3462.89990,0.62710
3463.02002,0.62730
3463.12988,0.62760
3463.23999,0.62780
3463.35010,0.62800
3463.45996,0.62830
3463.57007,0.62850
3463.67993,0.62870
3463.79004,0.62900
3463.89990,0.62920
3464.01001,0.62940
3464.12012,0.62970
3464.22998,0.62990
3464.34009,0.63010
3464.45996,0.63040
3464.57007,0.63060
3464.67993,0.63080
3464.79004,0.63110
3464.89990,0.63130
3465.01001,0.63150
3465.12012,0.63180
3465.22998,0.63200
3465.34009,0.63220
3465.45996,0.63250
3465.57007,0.63270
3465.67993,0.63290
3465.79004,0.63320
3465.89990,0.63340
3466.01001,0.63360
3466.12012,0.63390
3466.22998,0.63410
3466.34009,0.63430
3466.44995,0.63450
3466.56006,0.63480
3466.66992,0.63500
3466.79004,0.63520
3466.89990,0.63550
3467.01001,0.63570
3467.12012,0.63600
3467.22998,0.63620
3467.34009,0.63640
3467.44995,0.63660
3467.56006,0.63690
3467.66992,0.63710
3467.78003,0.63730
3467.88989,0.63760
3468.01001,0.63780
3468.12012,0.63800
3468.22998,0.63830
3468.34009,0.63850
3468.44995,0.63870
3468.56006,0.63900
3468.66992,0.63920
3468.78003,0.63940
3468.88989,0.63970
3469.00000,0.63990
3469.11011,0.64010
3469.22998,0.64040
3469.34009,0.64060
3469.44995,0.64080
3469.56006,0.64110
3469.66992,0.64130
3469.78003,0.64150
3469.88989,0.64180
3470.00000,0.64200
3470.11011,0.64220
3470.21997,0.64250
3470.34009,0.64270
3470.44995,0.64290
3470.56006,0.64320
3470.66992,0.64340
3470.78003,0.64360
3470.88989,0.64390
3471.00000,0.64410
3471.11011,0.64430
3471.21997,0.64460
3471.34009,0.64480
3471.44995,0.64500
3471.56006,0.64530
3471.66992,0.64550
3471.78003,0.64570
3471.88989,0.64600
3472.00000,0.64620
3472.11011,0.64640
3472.21997,0.64670
3472.33008,0.64690
3472.44995,0.64710
3472.56006,0.64740
3472.66992,0.64760
3472.78003,0.64780
3472.88989,0.64810
3473.00000,0.64830
3473.11011,0.64850
3473.21997,0.64880
3473.34009,0.64900
3473.44995,0.64920
3473.56006,0.64950
3473.66992,0.64970
3473.78003,0.64990
3473.88989,0.65020
3474.00000,0.65040
3474.11011,0.65060
3474.22998,0.65090
3474.34009,0.65110
3474.44995,0.65130
3474.56006,0.65160
3474.66992,0.65180
3474.78003,0.65200
3474.88989,0.65230
3475.00000,0.65250
3475.11011,0.65270
3475.22998,0.65300
3475.34009,0.65320
3475.44995,0.65340
3475.56006,0.65370
3475.66992,0.65390
3475.78003,0.65410
3475.88989,0.65440
3476.00000,0.65460
3476.12012,0.65480
3476.22998,0.65510
3476.34009,0.65530
3476.44995,0.65550
3476.56006,0.65580
3476.66992,0.65600
3476.78003,0.65620
3476.88989,0.65650
3477.01001,0.65670
3477.12012,0.65690
3477.22998,0.65720
3477.34009,0.65740
3477.44995,0.65760
3477.56006,0.65790
3477.66992,0.65810
3477.78003,0.65830
3477.89990,0.65860
3478.01001,0.65880
3478.12012,0.65900
3478.22998,0.65930
3478.34009,0.65950
3478.44995,0.65970
3478.56006,0.66000
3478.66992,0.66020
3478.79004,0.66040
3478.89990,0.66070
3479.01001,0.66090
3479.12012,0.66120
3479.22998,0.66140
3479.34009,0.66160
3479.44995,0.66190
3479.57007,0.66210
3479.67993,0.66230
3479.79004,0.66260
3479.89990,0.66280
3480.01001,0.66300
3480.12012,0.66330
3480.22998,0.66350
3480.34009,0.66370
3480.44995,0.66400
3480.57007,0.66420
3480.67993,0.66440
3480.79004,0.66470
3480.89990,0.66490
3481.01001,0.66510
3481.12012,0.66540
3481.23999,0.66560
3481.35010,0.66580
3481.45996,0.66610
3481.57007,0.66630
3481.67993,0.66650
3481.79004,0.66680
3481.89990,0.66700
3482.02002,0.66720
3482.12988,0.66750
3482.23999,0.66770
3482.35010,0.66790
3482.45996,0.66820
3482.57007,0.66840
3482.67993,0.66860
3482.79004,0.66890
3482.90991,0.66910
3483.02002,0.66930
3483.12988,0.66960
3483.23999,0.66980
3483.35010,0.67000
3483.46997,0.67030
3483.58008,0.67050
3483.68994,0.67070
3483.80005,0.67100
3483.90991,0.67120
3484.02002,0.67140
3484.12988,0.67170
3484.23999,0.67190
3484.35010,0.67210
3484.46997,0.67240
3484.58008,0.67260
3484.68994,0.67280
3484.80005,0.67310
3484.90991,0.67330
3485.02002,0.67360
3485.13989,0.67380
3485.25000,0.67400
3485.36011,0.67430
3485.46997,0.67450
3485.58008,0.67470
3485.68994,0.67500
3485.81006,0.67520
3485.91992,0.67540
3486.03003,0.67570
3486.13989,0.67590
3486.25000,0.67610
3486.36011,0.67640
3486.46997,0.67660
3486.59009,0.67680
3486.69995,0.67710
3486.81006,0.67730
3486.91992,0.67750
3487.03003,0.67780
3487.13989,0.67800
3487.26001,0.67820
3487.37012,0.67850
3487.47998,0.67870
3487.59009,0.67890
3487.69995,0.67920
3487.81006,0.67940
3487.92993,0.67960
3488.04004,0.67990
3488.14990,0.68010
3488.26001,0.68030
3488.37012,0.68060
3488.47998,0.68080
3488.59009,0.68100
3488.70996,0.68130
3488.82007,0.68150
3488.92993,0.68180
3489.04004,0.68200
3489.14990,0.68220
3489.26001,0.68250
3489.37988,0.68270
3489.48999,0.68290
3489.60010,0.68320
3489.70996,0.68340
3489.82007,0.68360
3489.93994,0.68390
3490.05005,0.68410
3490.15991,0.68430
3490.27002,0.68460
3490.37988,0.68480
3490.48999,0.68500
3490.60010,0.68530
3490.71997,0.68550
3490.83008,0.68570
3490.93994,0.68600
3491.05005,0.68620
3491.15991,0.68640
3491.28003,0.68670
3491.38989,0.68690
3491.50000,0.68720
3491.61011,0.68740
3491.71997,0.68760
3491.83008,0.68790
3491.94995,0.68810
3492.06006,0.68830
3492.16992,0.68860
3492.28003,0.68880
3492.38989,0.68900
3492.50000,0.68930
3492.61011,0.68950
3492.72998,0.68970
3492.84009,0.69000
3492.94995,0.69020
3493.06006,0.69040
3493.16992,0.69070
3493.29004,0.69090
3493.39990,0.69110
3493.51001,0.69140
3493.62012,0.69160
3493.72998,0.69180
3493.85010,0.69210
3493.95996,0.69230
3494.07007,0.69250
3494.17993,0.69280
3494.29004,0.69300
3494.40991,0.69330
3494.52002,0.69350
3494.62988,0.69370
3494.73999,0.69400
3494.85010,0.69420
3494.95996,0.69440
3495.08008,0.69470
3495.18994,0.69490
3495.30005,0.69510
3495.40991,0.69540
3495.52002,0.69560
3495.63989,0.69580
3495.75000,0.69610
3495.86011,0.69630
3495.96997,0.69650
3496.08008,0.69680
3496.18994,0.69700
3496.31006,0.69720
3496.41992,0.69750
3496.53003,0.69770
3496.63989,0.69790
3496.75000,0.69820
3496.86011,0.69840
3496.97998,0.69870
3497.09009,0.69890
3497.19995,0.69910
3497.31006,0.69940
3497.41992,0.69960
3497.54004,0.69980
3497.64990,0.70010
3497.76001,0.70030
3497.87012,0.70050
3497.98999,0.70080
3498.10010,0.70100
3498.20996,0.70120
3498.32007,0.70150
3498.42993,0.70170
3498.54004,0.70190
3498.65991,0.70220
3498.77002,0.70240
3498.87988,0.70260
3498.98999,0.70290
3499.11011,0.70310
3499.21997,0.70340
3499.33008,0.70360
3499.43994,0.70380
3499.55005,0.70410
3499.65991,0.70430
3499.78003,0.70450
3499.88989,0.70480
3500.00000,0.70500
3500.11011,0.70530
3500.21997,0.70550
3500.34009,0.70580
3500.44995,0.70600
3500.56006,0.70630
3500.66992,0.70650
3500.78003,0.70680
3500.88989,0.70710
3501.01001,0.70730
3501.12012,0.70760
3501.22998,0.70780
3501.34009,0.70810
3501.45996,0.70830
3501.57007,0.70860
3501.67993,0.70890
3501.79004,0.70910
3501.90991,0.70940
3502.02002,0.70960
3502.12988,0.70990
3502.23999,0.71020
3502.35010,0.71040
3502.45996,0.71070
3502.58008,0.71090
3502.68994,0.71120
3502.80005,0.71140
3502.90991,0.71170
3503.02002,0.71200
3503.13989,0.71220
3503.25000,0.71250
3503.36011,0.71270
3503.46997,0.71300
3503.59009,0.71320
3503.69995,0.71350
3503.81006,0.71380
3503.91992,0.71400
3504.03003,0.71430
3504.14990,0.71450
3504.26001,0.71480
3504.37012,0.71510
3504.47998,0.71530
3504.59009,0.71560
3504.70996,0.71580
3504.82007,0.71610
3504.92993,0.71630
3505.04004,0.71660
3505.15991,0.71690
3505.27002,0.71710
3505.37988,0.71740
3505.48999,0.71760
3505.60010,0.71790
3505.71997,0.71810
3505.83008,0.71840
3505.93994,0.71870
3506.05005,0.71890
3506.15991,0.71920
3506.28003,0.71940
3506.38989,0.71970
3506.50000,0.72000
3506.61011,0.72020
3506.71997,0.72050
3506.84009,0.72070
3506.94995,0.72100
3507.06006,0.72120
3507.16992,0.72150
3507.29004,0.72180
3507.39990,0.72200
3507.51001,0.72230
3507.62012,0.72250
3507.73999,0.72280
3507.85010,0.72310
3507.95996,0.72330
3508.07007,0.72360
3508.18994,0.72380
3508.30005,0.72410
3508.40991,0.72430
3508.52002,0.72460
3508.62988,0.72490
3508.73999,0.72510
3508.86011,0.72540
3508.96997,0.72560
3509.08008,0.72590
3509.19995,0.72610
3509.31006,0.72640
3509.41992,0.72670
3509.53003,0.72690
3509.64990,0.72720
3509.76001,0.72740
3509.87012,0.72770
3509.97998,0.72800
3510.09009,0.72820
3510.19995,0.72850
3510.32007,0.72870
3510.42993,0.72900
3510.54004,0.72920
3510.65991,0.72950
3510.77002,0.72980
3510.87988,0.73000
3510.98999,0.73030
3511.10010,0.73050
3511.21997,0.73080
3511.33008,0.73110
3511.43994,0.73130
3511.55005,0.73160
3511.66992,0.73180
3511.78003,0.73210
3511.88989,0.73240
3512.00000,0.73260
3512.12012,0.73290
3512.22998,0.73310
3512.34009,0.73340
3512.44995,0.73360
3512.57007,0.73390
3512.67993,0.73420
3512.79004,0.73440
3512.89990,0.73470
3513.02002,0.73490
3513.12988,0.73520
3513.23999,0.73550
3513.35010,0.73570
3513.45996,0.73600
3513.58008,0.73620
3513.68994,0.73650
3513.80005,0.73670
3513.90991,0.73700
3514.03003,0.73730
3514.13989,0.73750
3514.25000,0.73780
3514.36011,0.73800
3514.47998,0.73830
3514.59009,0.73860
3514.69995,0.73880
3514.81006,0.73910
3514.92993,0.73930
3515.04004,0.73960
3515.14990,0.73980
3515.26001,0.74010
3515.37988,0.74040
3515.48999,0.74060
3515.60010,0.74090
3515.70996,0.74110
3515.83008,0.74140
3515.93994,0.74170
3516.05005,0.74190
3516.15991,0.74220
3516.28003,0.74240
3516.38989,0.74270
3516.50000,0.74300
3516.61011,0.74320
3516.72998,0.74350
3516.84009,0.74370
3516.94995,0.74400
3517.06006,0.74420
3517.17993,0.74450
3517.29004,0.74480
3517.39990,0.74500
3517.51001,0.74530
3517.62988,0.74550
3517.73999,0.74580
3517.85010,0.74610
3517.96997,0.74630
3518.08008,0.74660
3518.18994,0.74680
3518.30005,0.74710
3518.40991,0.74740
3518.53003,0.74760
3518.63989,0.74790
3518.75000,0.74810
3518.86011,0.74840
3518.97998,0.74860
3519.09009,0.74890
3519.19995,0.74920
3519.31006,0.74940
3519.42993,0.74970
3519.54004,0.74990
3519.64990,0.75020
3519.77002,0.75050
3519.87988,0.75070
3519.98999,0.75100
3520.10010,0.75120
3520.21997,0.75150
3520.33008,0.75180
3520.43994,0.75200
3520.55005,0.75230
3520.66992,0.75250
3520.78003,0.75280
3520.88989,0.75300
3521.00000,0.75330
3521.12012,0.75360
3521.22998,0.75380
3521.34009,0.75410
3521.45996,0.75430
3521.57007,0.75460
3521.67993,0.75490
3521.79004,0.75510
3521.90991,0.75540
3522.02002,0.75560
3522.12988,0.75590
3522.25000,0.75620
3522.36011,0.75640
3522.46997,0.75670
3522.58008,0.75690
3522.68994,0.75720
3522.81006,0.75750
3522.91992,0.75770
3523.03003,0.75800
3523.14990,0.75820
3523.26001,0.75850
3523.37012,0.75880
3523.47998,0.75900
3523.60010,0.75930
3523.70996,0.75950
3523.82007,0.75980
3523.93994,0.76010
3524.05005,0.76030
3524.15991,0.76060
3524.27002,0.76080
3524.38989,0.76110
3524.50000,0.76130
3524.61011,0.76160
3524.71997,0.76190
3524.84009,0.76210
3524.94995,0.76240
3525.06006,0.76260
3525.16992,0.76290
3525.29004,0.76320
3525.39990,0.76340
3525.51001,0.76370
3525.62988,0.76390
3525.73999,0.76420
3525.85010,0.76450
3525.96997,0.76470
3526.08008,0.76500
3526.18994,0.76520
3526.31006,0.76550
3526.41992,0.76580
3526.53003,0.76600
3526.63989,0.76630
3526.76001,0.76650
3526.87012,0.76680
3526.97998,0.76710
3527.09009,0.76730
3527.20996,0.76760
3527.32007,0.76780
3527.42993,0.76810
3527.54004,0.76840
3527.65991,0.76860
3527.77002,0.76890
3527.87988,0.76910
3528.00000,0.76940
3528.11011,0.76970
3528.21997,0.76990
3528.34009,0.77020
3528.44995,0.77040
3528.56006,0.77070
3528.66992,0.77090
3528.79004,0.77120
3528.89990,0.77150
3529.01001,0.77170
3529.12012,0.77200
3529.23999,0.77220
3529.35010,0.77250
3529.45996,0.77280
3529.58008,0.77300
3529.68994,0.77330
3529.80005,0.77350
3529.91992,0.77380
3530.03003,0.77410
3530.13989,0.77430
3530.26001,0.77460
3530.37012,0.77480
3530.47998,0.77510
3530.59009,0.77540
3530.70996,0.77560
3530.82007,0.77590
3530.92993,0.77610
3531.05005,0.77640
3531.15991,0.77670
3531.27002,0.77690
3531.37988,0.77720
3531.50000,0.77740
3531.61011,0.77770
3531.71997,0.77800
3531.84009,0.77820
3531.94995,0.77850
3532.06006,0.77870
3532.17993,0.77900
3532.29004,0.77930
3532.39990,0.77950
3532.52002,0.77980
3532.62988,0.78000
3532.73999,0.78030
3532.85010,0.78060
3532.96997,0.78080
3533.08008,0.78110
3533.18994,0.78130
3533.30005,0.78160
3533.41992,0.78190
3533.53003,0.78210
3533.64990,0.78240
3533.76001,0.78260
3533.87012,0.78290
3533.98999,0.78320
3534.10010,0.78340
3534.20996,0.78370
3534.32007,0.78390
3534.43994,0.78420
3534.55005,0.78450
3534.65991,0.78470
3534.78003,0.78500
3534.88989,0.78520
3535.00000,0.78550
3535.12012,0.78580
3535.22998,0.78600
3535.34009,0.78630
3535.44995,0.78650
3535.57007,0.78680
3535.67993,0.78710
3535.79004,0.78730
3535.90991,0.78760
3536.02002,0.78780
3536.13989,0.78810
3536.25000,0.78840
3536.36011,0.78860
3536.46997,0.78890
3536.59009,0.78920
3536.69995,0.78940
3536.81006,0.78970
3536.92993,0.78990
3537.04004,0.79020
3537.14990,0.79050
3537.27002,0.79070
3537.37988,0.79100
3537.48999,0.79120
3537.61011,0.79150
3537.71997,0.79180
3537.83008,0.79200
3537.94995,0.79230
3538.06006,0.79250
3538.16992,0.79280
3538.29004,0.79310
3538.39990,0.79330
3538.51001,0.79360
3538.62988,0.79380
3538.73999,0.79410
3538.85010,0.79440
3538.96997,0.79460
3539.08008,0.79490
3539.18994,0.79510
3539.30005,0.79540
3539.41992,0.79570
3539.53003,0.79590
3539.63989,0.79620
3539.76001,0.79640
3539.87012,0.79670
3539.97998,0.79700
3540.10010,0.79720
3540.20996,0.79750
3540.32007,0.79770
3540.43994,0.79800
3540.55005,0.79830
3540.65991,0.79850
3540.78003,0.79880
3540.88989,0.79900
3541.00000,0.79930
3541.12012,0.79960
3541.22998,0.79980
3541.34009,0.80010
3541.44995,0.80030
3541.57007,0.80060
3541.67993,0.80090
3541.80005,0.80110
3541.90991,0.80140
3542.02002,0.80170
3542.13989,0.80190
3542.25000,0.80220
3542.36011,0.80240
3542.47998,0.80270
3542.59009,0.80300
3542.69995,0.80320
3542.82007,0.80350
3542.92993,0.80370
3543.04004,0.80400
3543.15991,0.80430
3543.27002,0.80450
3543.37988,0.80480
3543.48999,0.80500
3543.61011,0.80530
3543.71997,0.80560
3543.84009,0.80580
3543.94995,0.80610
3544.06006,0.80630
3544.17993,0.80660
3544.29004,0.80690
3544.39990,0.80710
3544.52002,0.80740
3544.62988,0.80770
3544.73999,0.80790
3544.86011,0.80820
3544.96997,0.80840
3545.08008,0.80870
3545.19995,0.80900
3545.31006,0.80920
3545.41992,0.80950
3545.54004,0.80970
3545.64990,0.81000
3545.76001,0.81030
3545.87988,0.81050
3545.98999,0.81080
3546.10010,0.81100
3546.21997,0.81130
3546.33008,0.81160
3546.44995,0.81180
3546.56006,0.81210
3546.66992,0.81230
3546.79004,0.81260
3546.89990,0.81290
3547.01001,0.81310
3547.12988,0.81340
3547.23999,0.81370
3547.35010,0.81390
3547.46997,0.81420
3547.58008,0.81440
3547.68994,0.81470
3547.81006,0.81500
3547.91992,0.81520
3548.03003,0.81550
3548.14990,0.81570
3548.26001,0.81600
3548.37988,0.81630
3548.48999,0.81650
3548.60010,0.81680
3548.71997,0.81700
3548.83008,0.81730
3548.93994,0.81760
3549.06006,0.81780
3549.16992,0.81810
3549.28003,0.81840
3549.39990,0.81860
3549.51001,0.81890
3549.62012,0.81910
3549.73999,0.81940
3549.85010,0.81970
3549.95996,0.81990
3550.08008,0.82010
3550.18994,0.82030
3550.31006,0.82050
3550.41992,0.82070
3550.53003,0.82090
3550.64990,0.82100
3550.76001,0.82120
3550.87988,0.82140
3550.98999,0.82160
3551.10010,0.82180
3551.20996,0.82190
3551.33008,0.82210
3551.43994,0.82230
3551.56006,0.82250
3551.66992,0.82270
3551.78003,0.82290
3551.88989,0.82300
3552.01001,0.82320
3552.12012,0.82340
3552.23999,0.82360
3552.35010,0.82380
3552.45996,0.82390
3552.58008,0.82410
3552.68994,0.82430
3552.81006,0.82450
3552.91992,0.82470
3553.03003,0.82490
3553.14990,0.82500
3553.26001,0.82520
3553.37012,0.82540
3553.48999,0.82560
3553.60010,0.82580
3553.70996,0.82590
3553.83008,0.82610
3553.93994,0.82630
3554.06006,0.82650
3554.16992,0.82670
3554.28003,0.82690
3554.39990,0.82700
3554.51001,0.82720
3554.62988,0.82740
3554.73999,0.82760
3554.85010,0.82780
3554.96997,0.82790
3555.08008,0.82810
3555.18994,0.82830
3555.31006,0.82850
3555.41992,0.82870
3555.54004,0.82890
3555.64990,0.82900
3555.76001,0.82920
3555.87988,0.82940
3555.98999,0.82960
3556.10010,0.82980
3556.21997,0.83000
3556.33008,0.83010
3556.44995,0.83030
3556.56006,0.83050
3556.66992,0.83070
3556.79004,0.83090
3556.89990,0.83100
3557.02002,0.83120
3557.12988,0.83140
3557.23999,0.83160
3557.36011,0.83180
3557.46997,0.83200
3557.58008,0.83210
3557.69995,0.83230
3557.81006,0.83250
3557.92993,0.83270
3558.04004,0.83290
3558.14990,0.83300
3558.27002,0.83320
3558.37988,0.83340
3558.48999,0.83360
3558.61011,0.83380
3558.71997,0.83400
3558.84009,0.83410
3558.94995,0.83430
3559.06006,0.83450
3559.17993,0.83470
3559.29004,0.83490
3559.40991,0.83500
3559.52002,0.83520
3559.62988,0.83540
3559.75000,0.83560
3559.86011,0.83580
3559.96997,0.83600
3560.09009,0.83610
3560.19995,0.83630
3560.32007,0.83650
3560.42993,0.83670
3560.55005,0.83690
3560.65991,0.83710
3560.77002,0.83720
3560.88989,0.83740
3561.00000,0.83760
3561.11011,0.83780
3561.22998,0.83800
3561.34009,0.83810
3561.45996,0.83830
3561.57007,0.83850
3561.67993,0.83870
3561.80005,0.83890
3561.90991,0.83910
3562.03003,0.83920
3562.13989,0.83940
3562.25000,0.83960
3562.37012,0.83980
3562.47998,0.84000
3562.60010,0.84020
3562.70996,0.84030
3562.82007,0.84050
3562.93994,0.84070
3563.05005,0.84090
3563.16992,0.84110
3563.28003,0.84120
3563.38989,0.84140
3563.51001,0.84160
3563.62012,0.84180
3563.73999,0.84200
3563.85010,0.84220
3563.95996,0.84230
3564.08008,0.84250
3564.18994,0.84270
3564.30005,0.84290
3564.41992,0.84310
3564.53003,0.84330
3564.64990,0.84340
3564.76001,0.84360
3564.87988,0.84380
3564.98999,0.84400
3565.10010,0.84420
3565.21997,0.84440
3565.33008,0.84450
3565.44995,0.84470
3565.56006,0.84490
3565.67993,0.84510
3565.79004,0.84530
3565.89990,0.84540
3566.02002,0.84560
3566.12988,0.84580
3566.23999,0.84600
3566.36011,0.84620
3566.46997,0.84640
3566.59009,0.84650
3566.69995,0.84670
3566.82007,0.84690
3566.92993,0.84710
3567.04004,0.84730
3567.15991,0.84750
3567.27002,0.84760
3567.38989,0.84780
3567.50000,0.84800
3567.61011,0.84820
3567.72998,0.84840
3567.84009,0.84860
3567.95996,0.84870
3568.07007,0.84890
3568.17993,0.84910
3568.30005,0.84930
3568.40991,0.84950
3568.53003,0.84960
3568.63989,0.84980
3568.76001,0.85000
3568.87012,0.85020
3568.98999,0.85040
3569.10010,0.85060
3569.21997,0.85070
3569.33008,0.85090
3569.43994,0.85110
3569.56006,0.85130
3569.66992,0.85150
3569.79004,0.85170
3569.89990,0.85180
3570.01001,0.85200
3570.12988,0.85220
3570.23999,0.85240
3570.36011,0.85260
3570.46997,0.85280
3570.58008,0.85290
3570.69995,0.85310
3570.81006,0.85330
3570.92993,0.85350
3571.04004,0.85370
3571.15991,0.85390
3571.27002,0.85400
3571.37988,0.85420
3571.50000,0.85440
3571.61011,0.85460
3571.72998,0.85480
3571.84009,0.85490
3571.95996,0.85510
3572.07007,0.85530
3572.17993,0.85550
3572.30005,0.85570
3572.40991,0.85590
3572.53003,0.85600
3572.63989,0.85620
3572.76001,0.85640
3572.87012,0.85660
3572.98999,0.85680
3573.10010,0.85700
3573.20996,0.85710
3573.33008,0.85730
3573.43994,0.85750
3573.56006,0.85770
3573.66992,0.85790
3573.79004,0.85810
3573.89990,0.85820
3574.01001,0.85840
3574.12988,0.85860
3574.23999,0.85880
3574.36011,0.85900
3574.46997,0.85920
3574.58008,0.85930
3574.69995,0.85950
3574.81006,0.85970
3574.92993,0.85990
3575.04004,0.86010
3575.15991,0.86030
3575.27002,0.86040
3575.38989,0.86060
3575.50000,0.86080
3575.62012,0.86100
3575.72998,0.86120
3575.84009,0.86140
3575.95996,0.86150
3576.07007,0.86170
3576.18994,0.86190
3576.30005,0.86210
3576.41992,0.86230
3576.53003,0.86240
3576.64990,0.86260
3576.76001,0.86280
3576.87012,0.86300
3576.98999,0.86320
3577.10010,0.86340
3577.21997,0.86350
3577.33008,0.86370
3577.44995,0.86390
3577.56006,0.86410
3577.67993,0.86430
3577.79004,0.86450
3577.89990,0.86460
3578.02002,0.86480
3578.12988,0.86500
3578.25000,0.86520
3578.36011,0.86540
3578.47998,0.86560
3578.59009,0.86570
3578.69995,0.86590
3578.82007,0.86610
3578.92993,0.86630
3579.05005,0.86650
3579.15991,0.86670
3579.28003,0.86680
3579.38989,0.86700
3579.51001,0.86720
3579.62012,0.86740
3579.73999,0.86760
3579.85010,0.86780
3579.96997,0.86790
3580.08008,0.86810
3580.19995,0.86830
3580.31006,0.86850
3580.41992,0.86870
3580.54004,0.86890
3580.64990,0.86900
3580.77002,0.86920
3580.87988,0.86940
3581.00000,0.86960
3581.11011,0.86980
3581.22998,0.87000
3581.34009,0.87010
3581.45996,0.87030
3581.57007,0.87050
3581.67993,0.87070
3581.80005,0.87090
3581.90991,0.87110
3582.03003,0.87120
3582.13989,0.87140
3582.26001,0.87160
3582.37012,0.87180
3582.48999,0.87200
3582.60010,0.87220
3582.71997,0.87230
3582.83008,0.87250
3582.94995,0.87270
3583.06006,0.87290
3583.16992,0.87310
3583.29004,0.87330
3583.39990,0.87340
3583.52002,0.87360
3583.62988,0.87380
3583.75000,0.87400
3583.86011,0.87420
3583.97998,0.87440
3584.09009,0.87450
3584.20996,0.87470
3584.32007,0.87490
3584.43994,0.87510
3584.55005,0.87530
3584.66992,0.87550
3584.78003,0.87560
3584.88989,0.87580
3585.01001,0.87600
3585.12012,0.87620
3585.23999,0.87640
3585.35010,0.87660
3585.46997,0.87670
3585.58008,0.87690
3585.69995,0.87710
3585.81006,0.87730
3585.92993,0.87750
3586.04004,0.87770
3586.15991,0.87790
3586.27002,0.87800
3586.38989,0.87820
3586.50000,0.87840
3586.62012,0.87860
3586.72998,0.87880
3586.84009,0.87900
3586.95996,0.87910
3587.07007,0.87930
3587.18994,0.87950
3587.31006,0.87970
3587.41992,0.87990
3587.53003,0.88010
3587.64990,0.88020
3587.76001,0.88040
3587.87988,0.88060
3587.98999,0.88080
3588.11011,0.88100
3588.21997,0.88120
3588.34009,0.88130
3588.44995,0.88150
3588.57007,0.88170
3588.67993,0.88190
3588.80005,0.88210
3588.90991,0.88230
3589.03003,0.88240
3589.13989,0.88260
3589.26001,0.88280
3589.37012,0.88300
3589.48999,0.88320
3589.60010,0.88340
3589.70996,0.88350
3589.83008,0.88370
3589.94995,0.88390
3590.06006,0.88410
3590.17993,0.88430
3590.29004,0.88450
3590.39990,0.88460
3590.52002,0.88480
3590.63989,0.88500
3590.75000,0.88520
3590.86011,0.88540
3590.97998,0.88560
3591.09009,0.88580
3591.20996,0.88590
3591.32007,0.88610
3591.43994,0.88630
3591.55005,0.88650
3591.66992,0.88670
3591.78003,0.88690
3591.89990,0.88700
3592.01001,0.88720
3592.12988,0.88740
3592.23999,0.88760
3592.36011,0.88780
3592.46997,0.88800
3592.59009,0.88810
3592.69995,0.88830
3592.82007,0.88850
3592.92993,0.88870
3593.05005,0.88890
3593.15991,0.88910
3593.28003,0.88920
3593.38989,0.88940
3593.51001,0.88960
3593.62012,0.88980
3593.73999,0.89000
3593.85010,0.89020
3593.96997,0.89030
3594.08008,0.89050
3594.19995,0.89070
3594.31006,0.89090
3594.42993,0.89110
3594.54004,0.89130
3594.65991,0.89150
3594.77002,0.89160
3594.88989,0.89180
3595.00000,0.89200
3595.12012,0.89220
3595.22998,0.89240
3595.35010,0.89260
3595.45996,0.89270
3595.58008,0.89290
3595.68994,0.89310
3595.81006,0.89330
3595.91992,0.89350
3596.04004,0.89370
3596.14990,0.89380
3596.27002,0.89400
3596.37988,0.89420
3596.50000,0.89440
3596.61011,0.89460
3596.72998,0.89480
3596.84009,0.89500
3596.95996,0.89510
3597.07007,0.89530
3597.18994,0.89550
3597.30005,0.89570
3597.41992,0.89590
3597.53003,0.89610
3597.64990,0.89620
3597.76001,0.89640
3597.87988,0.89660
3597.98999,0.89680
3598.11011,0.89700
3598.22998,0.89720
3598.34009,0.89730
3598.45996,0.89750
3598.57007,0.89770
3598.68994,0.89790
3598.80005,0.89810
3598.91992,0.89830
3599.03003,0.89840
3599.14990,0.89860
3599.26001,0.89880
3599.37988,0.89900
3599.48999,0.89920
3599.61011,0.89940
3599.71997,0.89960
3599.84009,0.89970
3599.94995,0.89990
3600.07007,0.90010
3600.17993,0.90020
3600.30005,0.90040
3600.40991,0.90050
3600.53003,0.90060
3600.63989,0.90080
3600.76001,0.90090
3600.87012,0.90100
3600.98999,0.90120
3601.11011,0.90130
3601.21997,0.90140
3601.33008,0.90160
3601.44995,0.90170
3601.57007,0.90180
3601.67993,0.90200
3601.80005,0.90210
3601.90991,0.90230
3602.03003,0.90240
3602.13989,0.90250
3602.26001,0.90270
3602.37012,0.90280
3602.48999,0.90290
3602.60010,0.90310
3602.71997,0.90320
3602.83008,0.90330
3602.94995,0.90350
3603.06006,0.90360
3603.17993,0.90380
3603.29004,0.90390
3603.40991,0.90400
3603.53003,0.90420
3603.63989,0.90430
3603.76001,0.90440
3603.87012,0.90460
3603.98999,0.90470
3604.10010,0.90480
3604.21997,0.90500
3604.33008,0.90510
3604.44995,0.90520
3604.56006,0.90540
3604.67993,0.90550
3604.79004,0.90570
3604.90991,0.90580
3605.03003,0.90590
3605.13989,0.90610
3605.26001,0.90620
3605.37012,0.90630
3605.47998,0.90650
3605.60010,0.90660
3605.71997,0.90670
3605.83008,0.90690
3605.94995,0.90700
3606.06006,0.90720
3606.17993,0.90730
3606.29004,0.90740
3606.40991,0.90760
3606.52002,0.90770
3606.63989,0.90780
3606.76001,0.90800
3606.87012,0.90810
3606.98999,0.90820
3607.10010,0.90840
3607.21997,0.90850
3607.33008,0.90870
3607.44995,0.90880
3607.56006,0.90890
3607.67993,0.90910
3607.79004,0.90920
3607.90991,0.90930
3608.03003,0.90950
3608.13989,0.90960
3608.26001,0.90970
3608.37012,0.90990
3608.48999,0.91000
3608.60010,0.91020
3608.71997,0.91030
3608.83008,0.91040
3608.94995,0.91060
3609.06006,0.91070
3609.17993,0.91080
3609.30005,0.91100
3609.40991,0.91110
3609.53003,0.91120
3609.63989,0.91140
3609.76001,0.91150
3609.87012,0.91170
3609.98999,0.91180
3610.10010,0.91190
3610.21997,0.91210
3610.33008,0.91220
3610.44995,0.91230
3610.57007,0.91250
3610.67993,0.91260
3610.80005,0.91270
3610.90991,0.91290
3611.03003,0.91300
3611.13989,0.91320
3611.26001,0.91330
3611.37012,0.91340
3611.48999,0.91360
3611.60010,0.91370
3611.71997,0.91380
3611.84009,0.91400
3611.94995,0.91410
3612.07007,0.91420
3612.17993,0.91440
3612.30005,0.91450
3612.41992,0.91460
3612.53003,0.91480
3612.64990,0.91490
3612.76001,0.91510
3612.87988,0.91520
3612.98999,0.91530
3613.11011,0.91550
3613.21997,0.91560
3613.34009,0.91570
3613.44995,0.91590
3613.57007,0.91600
3613.68994,0.91620
3613.80005,0.91630
3613.91992,0.91640
3614.03003,0.91660
3614.14990,0.91670
3614.26001,0.91680
3614.37988,0.91700
3614.50000,0.91710
3614.61011,0.91720
3614.72998,0.91740
3614.84009,0.91750
3614.95996,0.91770
3615.07007,0.91780
3615.18994,0.91790
3615.31006,0.91810
3615.41992,0.91820
3615.54004,0.91830
3615.64990,0.91850
3615.77002,0.91860
3615.87988,0.91870
3616.00000,0.91890
3616.12012,0.91900
3616.22998,0.91920
3616.35010,0.91930
3616.45996,0.91940
3616.58008,0.91960
3616.68994,0.91970
3616.81006,0.91980
3616.92993,0.92000
3617.04004,0.92010
3617.15991,0.92020
3617.27002,0.92040
3617.38989,0.92050
3617.50000,0.92070
3617.62012,0.92080
3617.73999,0.92090
3617.85010,0.92110
3617.96997,0.92120
3618.08008,0.92130
3618.19995,0.92150
3618.31006,0.92160
3618.42993,0.92170
3618.55005,0.92190
3618.65991,0.92200
3618.78003,0.92220
3618.88989,0.92230
3619.01001,0.92240
3619.12012,0.92260
3619.23999,0.92270
3619.36011,0.92280
3619.46997,0.92300
3619.59009,0.92310
3619.69995,0.92320
3619.82007,0.92340
3619.93994,0.92350
3620.05005,0.92370
3620.16992,0.92380
3620.28003,0.92390
3620.39990,0.92410
3620.52002,0.92420
3620.62988,0.92430
3620.75000,0.92450
3620.86011,0.92460
3620.97998,0.92480
3621.09009,0.92490
3621.20996,0.92500
3621.32007,0.92520
3621.43994,0.92530
3621.56006,0.92540
3621.66992,0.92560
3621.79004,0.92570
3621.90991,0.92580
3622.02002,0.92600
3622.13989,0.92610
3622.25000,0.92630
3622.37012,0.92640
3622.48999,0.92650
3622.60010,0.92670
3622.71997,0.92680
3622.83008,0.92690
3622.94995,0.92710
3623.06006,0.92720
3623.17993,0.92740
3623.30005,0.92750
3623.40991,0.92760
3623.53003,0.92780
3623.63989,0.92790
3623.76001,0.92800
3623.87988,0.92820
3623.98999,0.92830
3624.11011,0.92840
3624.21997,0.92860
3624.34009,0.92870
3624.45996,0.92890
3624.57007,0.92900
3624.68994,0.92910
3624.80005,0.92930
3624.91992,0.92940
3625.04004,0.92950
3625.14990,0.92970
3625.27002,0.92980
3625.37988,0.93000
3625.50000,0.93010
3625.62012,0.93020
3625.72998,0.93040
3625.85010,0.93050
3625.95996,0.93060
3626.08008,0.93080
3626.19995,0.93090
3626.31006,0.93100
3626.42993,0.93120
3626.54004,0.93130
3626.65991,0.93150
3626.78003,0.93160
3626.88989,0.93170
3627.01001,0.93190
3627.12012,0.93200
3627.23999,0.93210
3627.36011,0.93230
3627.46997,0.93240
3627.59009,0.93260
3627.69995,0.93270
3627.82007,0.93280
3627.93994,0.93300
3628.05005,0.93310
3628.16992,0.93320
3628.29004,0.93340
3628.39990,0.93350
3628.52002,0.93360
3628.62988,0.93380
3628.75000,0.93390
3628.86011,0.93410
3628.97998,0.93420
3629.10010,0.93430
3629.20996,0.93450
3629.33008,0.93460
3629.44995,0.93470
3629.56006,0.93490
3629.67993,0.93500
3629.79004,0.93520
3629.90991,0.93530
3630.03003,0.93540
3630.13989,0.93560
3630.26001,0.93570
3630.37988,0.93580
3630.48999,0.93600
3630.61011,0.93610
3630.71997,0.93630
3630.84009,0.93640
3630.95996,0.93650
3631.07007,0.93670
3631.18994,0.93680
3631.30005,0.93690
3631.41992,0.93710
3631.54004,0.93720
3631.64990,0.93740
3631.77002,0.93750
3631.88989,0.93760
3632.00000,0.93780
3632.12012,0.93790
3632.22998,0.93800
3632.35010,0.93820
3632.46997,0.93830
3632.58008,0.93840
3632.69995,0.93860
3632.82007,0.93870
3632.92993,0.93890
3633.05005,0.93900
3633.15991,0.93910
3633.28003,0.93930
3633.39990,0.93940
3633.51001,0.93950
3633.62988,0.93970
3633.75000,0.93980
3633.86011,0.94000
3633.97998,0.94010
3634.09009,0.94020
3634.20996,0.94040
3634.33008,0.94050
3634.43994,0.94060
3634.56006,0.94080
3634.67993,0.94090
3634.79004,0.94110
3634.90991,0.94120
3635.02002,0.94130
3635.13989,0.94150
3635.26001,0.94160
3635.37012,0.94170
3635.48999,0.94190
3635.61011,0.94200
3635.71997,0.94220
3635.84009,0.94230
3635.95996,0.94240
3636.07007,0.94260
3636.18994,0.94270
3636.30005,0.94280
3636.41992,0.94300
3636.54004,0.94310
3636.64990,0.94330
3636.77002,0.94340
3636.88989,0.94350
3637.00000,0.94370
3637.12012,0.94380
3637.23999,0.94390
3637.35010,0.94410
3637.46997,0.94420
3637.59009,0.94440
3637.69995,0.94450
3637.82007,0.94460
3637.92993,0.94480
3638.05005,0.94490
3638.16992,0.94500
3638.28003,0.94520
3638.39990,0.94530
3638.52002,0.94540
3638.62988,0.94560
3638.75000,0.94570
3638.87012,0.94590
3638.97998,0.94600
3639.10010,0.94610
3639.21997,0.94630
3639.33008,0.94640
3639.44995,0.94650
3639.56006,0.94670
3639.67993,0.94680
3639.80005,0.94700
3639.90991,0.94710
3640.03003,0.94720
3640.14990,0.94740
3640.26001,0.94750
3640.37988,0.94760
3640.50000,0.94780
3640.61011,0.94790
3640.72998,0.94810
3640.85010,0.94820
3640.95996,0.94830
3641.08008,0.94850
3641.19995,0.94860
3641.31006,0.94870
3641.42993,0.94890
3641.54004,0.94900
3641.65991,0.94920
3641.78003,0.94930
3641.88989,0.94940
3642.01001,0.94960
3642.12988,0.94970
3642.23999,0.94980
3642.36011,0.95000
3642.47998,0.95010
3642.59009,0.95030
3642.70996,0.95040
3642.83008,0.95050
3642.93994,0.95070
3643.06006,0.95080
3643.17993,0.95090
3643.29004,0.95110
3643.40991,0.95120
3643.53003,0.95140
3643.63989,0.95150
3643.76001,0.95160
3643.87988,0.95180
3643.98999,0.95190
3644.11011,0.95200
3644.22998,0.95220
3644.34009,0.95230
3644.45996,0.95250
3644.58008,0.95260
3644.68994,0.95270
3644.81006,0.95290
3644.92993,0.95300
3645.04004,0.95310
3645.15991,0.95330
3645.28003,0.95340
3645.38989,0.95360
3645.51001,0.95370
3645.62988,0.95380
3645.73999,0.95400
3645.86011,0.95410
3645.96997,0.95420
3646.09009,0.95440
3646.20996,0.95450
3646.32007,0.95470
3646.43994,0.95480
3646.56006,0.95490
3646.66992,0.95510
3646.79004,0.95520
3646.90991,0.95540
3647.03003,0.95550
3647.13989,0.95560
3647.26001,0.95580
3647.37988,0.95590
3647.48999,0.95600
3647.61011,0.95620
3647.72998,0.95630
3647.84009,0.95650
3647.95996,0.95660
3648.08008,0.95670
3648.18994,0.95690
3648.31006,0.95700
3648.42993,0.95710
3648.54004,0.95730
3648.65991,0.95740
3648.78003,0.95760
3648.88989,0.95770
3649.01001,0.95780
3649.12012,0.95800
3649.23999,0.95810
3649.36011,0.95820
3649.46997,0.95840
3649.59009,0.95850
3649.70996,0.95870
3649.83008,0.95880
3649.93994,0.95890
3650.06006,0.95900
3650.17993,0.95910
3650.29004,0.95920
3650.40991,0.95930
3650.53003,0.95940
3650.63989,0.95940
3650.76001,0.95950
3650.87988,0.95960
3651.00000,0.95970
3651.11011,0.95980
3651.22998,0.95980
3651.35010,0.95990
3651.45996,0.96000
3651.58008,0.96010
3651.69995,0.96020
3651.81006,0.96020
3651.92993,0.96030
3652.05005,0.96040
3652.15991,0.96050
3652.28003,0.96050
3652.38989,0.96060
3652.51001,0.96070
3652.62988,0.96080
3652.75000,0.96090
3652.86011,0.96090
3652.97998,0.96100
3653.10010,0.96110
3653.21997,0.96120
3653.33008,0.96130
3653.44995,0.96130
3653.57007,0.96140
3653.67993,0.96150
3653.80005,0.96160
3653.91992,0.96170
3654.03003,0.96170
3654.14990,0.96180
3654.27002,0.96190
3654.37988,0.96200
3654.50000,0.96210
3654.62012,0.96210
3654.73999,0.96220
3654.85010,0.96230
3654.96997,0.96240
3655.09009,0.96250
3655.19995,0.96250
3655.32007,0.96260
3655.43994,0.96270
3655.55005,0.96280
3655.66992,0.96290
3655.79004,0.96290
3655.89990,0.96300
3656.02002,0.96310
3656.13989,0.96320
3656.25000,0.96330
3656.37012,0.96330
3656.48999,0.96340
3656.61011,0.96350
3656.71997,0.96360
3656.84009,0.96370
3656.95996,0.96370
3657.07007,0.96380
3657.18994,0.96390
3657.31006,0.96400
3657.42993,0.96400
3657.54004,0.96410
3657.65991,0.96420
3657.78003,0.96430
3657.89990,0.96440
3658.01001,0.96440
3658.12988,0.96450
3658.23999,0.96460
3658.36011,0.96470
3658.47998,0.96480
3658.59009,0.96480
3658.70996,0.96490
3658.83008,0.96500
3658.94995,0.96510
3659.06006,0.96520
3659.17993,0.96520
3659.30005,0.96530
3659.41992,0.96540
3659.53003,0.96550
3659.64990,0.96560
3659.77002,0.96560
3659.87988,0.96570
3660.00000,0.96580
3660.12012,0.96590
3660.23999,0.96600
3660.35010,0.96600
3660.46997,0.96610
3660.59009,0.96620
3660.69995,0.96630
3660.82007,0.96640
3660.93994,0.96640
3661.06006,0.96650
3661.16992,0.96660
3661.29004,0.96670
3661.40991,0.96680
3661.53003,0.96680
3661.63989,0.96690
3661.76001,0.96700
3661.87988,0.96710
3661.98999,0.96720
3662.11011,0.96720
3662.22998,0.96730
3662.34009,0.96740
3662.45996,0.96750
3662.58008,0.96760
3662.69995,0.96760
3662.81006,0.96770
3662.92993,0.96780
3663.05005,0.96790
3663.15991,0.96800
3663.28003,0.96800
3663.39990,0.96810
3663.52002,0.96820
3663.62988,0.96830
3663.75000,0.96840
3663.87012,0.96840
3663.97998,0.96850
3664.10010,0.96860
3664.21997,0.96870
3664.34009,0.96870
3664.45996,0.96880
3664.57007,0.96890
3664.68994,0.96900
3664.81006,0.96910
3664.91992,0.96910
3665.04004,0.96920
3665.15991,0.96930
3665.27002,0.96940
3665.38989,0.96950
3665.51001,0.96950
3665.62988,0.96960
3665.73999,0.96970
3665.86011,0.96980
3665.97998,0.96990
3666.10010,0.96990
3666.20996,0.97000
3666.33008,0.97010
3666.44995,0.97020
3666.56006,0.97030
3666.67993,0.97030
3666.80005,0.97040
3666.91992,0.97050
3667.04004,0.97060
3667.14990,0.97070
3667.27002,0.97070
3667.38989,0.97080
3667.50000,0.97090
3667.62012,0.97100
3667.73999,0.97110
3667.86011,0.97110
3667.96997,0.97120
3668.09009,0.97130
3668.20996,0.97140
3668.32007,0.97150
3668.43994,0.97150
3668.56006,0.97160
3668.67993,0.97170
3668.79004,0.97180
3668.90991,0.97190
3669.03003,0.97190
3669.14990,0.97200
3669.26001,0.97210
3669.37988,0.97220
3669.50000,0.97230
3669.62012,0.97230
3669.72998,0.97240
3669.85010,0.97250
3669.96997,0.97260
3670.09009,0.97270
3670.19995,0.97270
3670.32007,0.97280
3670.43994,0.97290
3670.56006,0.97300
3670.66992,0.97310
3670.79004,0.97310
3670.90991,0.97320
3671.03003,0.97330
3671.13989,0.97340
3671.26001,0.97350
3671.37988,0.97350
3671.48999,0.97360
3671.61011,0.97370
3671.72998,0.97380
3671.85010,0.97390
3671.95996,0.97390
3672.08008,0.97400
3672.19995,0.97410
3672.32007,0.97420
3672.42993,0.97430
3672.55005,0.97430
3672.66992,0.97440
3672.79004,0.97450
3672.90991,0.97460
3673.02002,0.97470
3673.13989,0.97470
3673.26001,0.97480
3673.37988,0.97490
3673.48999,0.97500
3673.61011,0.97510
3673.72998,0.97510
3673.85010,0.97520
3673.95996,0.97530
3674.08008,0.97540
3674.19995,0.97550
3674.32007,0.97550
3674.42993,0.97560
3674.55005,0.97570
3674.66992,0.97580
3674.79004,0.97590
3674.89990,0.97590
3675.02002,0.97600
3675.13989,0.97610
3675.26001,0.97620
3675.37988,0.97630
3675.48999,0.97630
3675.61011,0.97640
3675.72998,0.97650
3675.85010,0.97660
3675.95996,0.97670
3676.08008,0.97670
3676.19995,0.97680
3676.32007,0.97690
3676.42993,0.97700
3676.55005,0.97710
3676.66992,0.97710
3676.79004,0.97720
3676.89990,0.97730
3677.02002,0.97740
3677.13989,0.97750
3677.26001,0.97750
3677.37988,0.97760
3677.48999,0.97770
3677.61011,0.97780
3677.72998,0.97790
3677.84009,0.97790
3677.95996,0.97800
3678.08008,0.97810
3678.19995,0.97820
3678.32007,0.97830
3678.42993,0.97830
3678.55005,0.97840
3678.66992,0.97850
3678.79004,0.97860
3678.89990,0.97870
3679.02002,0.97870
3679.13989,0.97880
3679.26001,0.97890
3679.37012,0.97900
3679.48999,0.97910
3679.61011,0.97910
3679.72998,0.97920
3679.85010,0.97930
3679.95996,0.97940
3680.08008,0.97950
3680.19995,0.97950
3680.32007,0.97960
3680.42993,0.97970
3680.55005,0.97980
3680.66992,0.97990
3680.79004,0.97990
3680.90991,0.98000
3681.02002,0.98010
3681.13989,0.98020
3681.26001,0.98030
3681.37988,0.98030
3681.48999,0.98040
3681.61011,0.98050
3681.72998,0.98060
3681.85010,0.98070
3681.96997,0.98070
3682.08008,0.98080
3682.19995,0.98090
3682.32007,0.98100
3682.43994,0.98110
3682.55005,0.98110
3682.66992,0.98120
3682.79004,0.98130
3682.90991,0.98140
3683.03003,0.98150
3683.14990,0.98150
3683.26001,0.98160
3683.37988,0.98170
3683.50000,0.98180
3683.62012,0.98190
3683.72998,0.98190
3683.85010,0.98200
3683.96997,0.98210
3684.09009,0.98220
3684.20996,0.98230
3684.32007,0.98230
3684.43994,0.98240
3684.56006,0.98250
3684.67993,0.98260
3684.79004,0.98270
3684.90991,0.98270
3685.03003,0.98280
3685.14990,0.98290
3685.27002,0.98300
3685.37988,0.98310
3685.50000,0.98310
3685.62012,0.98320
3685.73999,0.98330
3685.86011,0.98340
3685.96997,0.98350
3686.09009,0.98350
3686.20996,0.98360
3686.33008,0.98370
3686.44995,0.98380
3686.56006,0.98390
3686.67993,0.98390
3686.80005,0.98400
3686.91992,0.98410
3687.04004,0.98420
3687.15991,0.98430
3687.27002,0.98430
3687.38989,0.98440
3687.51001,0.98450
3687.62012,0.98460
3687.73999,0.98470
3687.86011,0.98470
3687.97998,0.98480
3688.10010,0.98490
3688.21997,0.98500
3688.33008,0.98510
3688.44995,0.98510
3688.57007,0.98520
3688.68994,0.98530
3688.81006,0.98540
3688.91992,0.98550
3689.04004,0.98550
3689.15991,0.98560
3689.28003,0.98570
3689.39990,0.98580
3689.51001,0.98590
3689.62988,0.98600
3689.75000,0.98600
3689.87012,0.98610
3689.98999,0.98620
3690.11011,0.98630
3690.21997,0.98640
3690.34009,0.98640
3690.45996,0.98650
3690.58008,0.98660
3690.68994,0.98670
3690.81006,0.98680
3690.92993,0.98680
3691.05005,0.98690
3691.16992,0.98700
3691.28003,0.98710
3691.39990,0.98720
3691.52002,0.98720
3691.63989,0.98730
3691.76001,0.98740
3691.87988,0.98750
3691.98999,0.98760
3692.11011,0.98760
3692.22998,0.98770
3692.35010,0.98780
3692.46997,0.98790
3692.59009,0.98800
3692.69995,0.98800
3692.82007,0.98810
3692.93994,0.98820
3693.06006,0.98830
3693.17993,0.98840
3693.29004,0.98840
3693.40991,0.98850
3693.53003,0.98860
3693.64990,0.98870
3693.77002,0.98880
3693.87988,0.98880
3694.00000,0.98890
3694.12012,0.98900
3694.23999,0.98910
3694.36011,0.98920
3694.47998,0.98920
3694.59009,0.98930
3694.70996,0.98940
3694.83008,0.98950
3694.94995,0.98960
3695.07007,0.98960
3695.18994,0.98970
3695.30005,0.98980
3695.41992,0.98990
3695.54004,0.99000
3695.65991,0.99000
3695.78003,0.99010
3695.89990,0.99020
3696.01001,0.99030
3696.12988,0.99040
3696.25000,0.99040
3696.37012,0.99050
3696.48999,0.99060
3696.60010,0.99070
3696.71997,0.99080
3696.84009,0.99090
3696.95996,0.99090
3697.08008,0.99100
3697.18994,0.99110
3697.31006,0.99120
3697.42993,0.99130
3697.55005,0.99130
3697.66992,0.99140
3697.79004,0.99150
3697.89990,0.99160
3698.02002,0.99170
3698.13989,0.99170
3698.26001,0.99180
3698.37988,0.99190
3698.50000,0.99200
3698.62012,0.99210
3698.72998,0.99210
3698.85010,0.99220
3698.96997,0.99230
3699.09009,0.99240
3699.20996,0.99250
3699.33008,0.99250
3699.43994,0.99260
3699.56006,0.99270
3699.67993,0.99280
3699.80005,0.99290
3699.91992,0.99290
3700.04004,0.99300
3700.14990,0.99300
3700.27002,0.99300
3700.38989,0.99310
3700.51001,0.99310
3700.62988,0.99310
3700.75000,0.99310
3700.86011,0.99310
3700.97998,0.99310
3701.10010,0.99320
3701.21997,0.99320
3701.34009,0.99320
3701.45996,0.99320
3701.57007,0.99320
3701.68994,0.99320
3701.81006,0.99330
3701.92993,0.99330
3702.05005,0.99330
3702.16992,0.99330
3702.29004,0.99330
3702.39990,0.99330
3702.52002,0.99340
3702.63989,0.99340
3702.76001,0.99340
3702.87988,0.99340
3703.00000,0.99340
3703.12012,0.99340
3703.23999,0.99350
3703.35010,0.99350
3703.46997,0.99350
3703.59009,0.99350
3703.70996,0.99350
3703.83008,0.99350
3703.93994,0.99360
3704.06006,0.99360
3704.17993,0.99360
3704.30005,0.99360
3704.41992,0.99360
3704.54004,0.99360
3704.64990,0.99370
3704.77002,0.99370
3704.88989,0.99370
3705.01001,0.99370
3705.12988,0.99370
3705.25000,0.99370
3705.37012,0.99380
3705.48999,0.99380
3705.60010,0.99380
3705.71997,0.99380
3705.84009,0.99380
3705.95996,0.99380
3706.08008,0.99390
3706.19995,0.99390
3706.32007,0.99390
3706.42993,0.99390
3706.55005,0.99390
3706.66992,0.99390
3706.79004,0.99400
3706.90991,0.99400
3707.03003,0.99400
3707.14990,0.99400
3707.26001,0.99400
3707.37988,0.99400
3707.50000,0.99400
3707.62012,0.99410
3707.73999,0.99410
3707.86011,0.99410
3707.97998,0.99410
3708.10010,0.99410
3708.20996,0.99420
3708.33008,0.99420
3708.44995,0.99420
3708.57007,0.99420
3708.68994,0.99420
3708.81006,0.99420
3708.92993,0.99420
3709.04004,0.99430
3709.15991,0.99430
3709.28003,0.99430
3709.39990,0.99430
3709.52002,0.99430
3709.63989,0.99430
3709.76001,0.99440
3709.87988,0.99440
3710.00000,0.99440
3710.11011,0.99440
3710.22998,0.99440
3710.35010,0.99440
3710.46997,0.99450
3710.59009,0.99450
3710.70996,0.99450
3710.82007,0.99450
3710.93994,0.99450
3711.06006,0.99450
3711.17993,0.99460
3711.30005,0.99460
3711.41992,0.99460
3711.54004,0.99460
3711.65991,0.99460
3711.78003,0.99460
3711.88989,0.99470
3712.01001,0.99470
3712.12988,0.99470
3712.25000,0.99470
3712.37012,0.99470
3712.48999,0.99470
3712.61011,0.99480
3712.72998,0.99480
3712.85010,0.99480
3712.95996,0.99480
3713.08008,0.99480
3713.19995,0.99480
3713.32007,0.99490
3713.43994,0.99490
3713.56006,0.99490
3713.67993,0.99490
3713.79004,0.99490
3713.90991,0.99490
3714.03003,0.99500
3714.14990,0.99500
3714.27002,0.99500
3714.38989,0.99500
3714.51001,0.99500
3714.62988,0.99500
3714.75000,0.99510
3714.86011,0.99510
3714.97998,0.99510
3715.10010,0.99510
3715.21997,0.99510
3715.34009,0.99510
3715.45996,0.99520
3715.58008,0.99520
3715.69995,0.99520
3715.82007,0.99520
3715.93994,0.99520
3716.05005,0.99520
3716.16992,0.99530
3716.29004,0.99530
3716.40991,0.99530
3716.53003,0.99530
3716.64990,0.99530
3716.77002,0.99530
3716.87988,0.99540
3717.00000,0.99540
3717.12012,0.99540
3717.23999,0.99540
3717.36011,0.99540
3717.47998,0.99540
3717.60010,0.99550
3717.71997,0.99550
3717.84009,0.99550
3717.95996,0.99550
3718.08008,0.99550
3718.18994,0.99550
3718.31006,0.99560
3718.42993,0.99560
3718.55005,0.99560
3718.66992,0.99560
3718.79004,0.99560
3718.90991,0.99560
3719.03003,0.99570
3719.14990,0.99570
3719.27002,0.99570
3719.37988,0.99570
3719.50000,0.99570
3719.62012,0.99570
3719.73999,0.99580
3719.86011,0.99580
3719.97998,0.99580
3720.10010,0.99580
3720.21997,0.99580
3720.34009,0.99580
3720.44995,0.99590
3720.57007,0.99590
3720.68994,0.99590
3720.81006,0.99590
3720.92993,0.99590
3721.05005,0.99590
3721.16992,0.99600
3721.29004,0.99600
3721.40991,0.99600
3721.53003,0.99600
3721.64990,0.99600
3721.77002,0.99600
3721.87988,0.99610
3722.00000,0.99610
3722.12012,0.99610
3722.23999,0.99610
3722.36011,0.99610
3722.47998,0.99610
3722.60010,0.99620
3722.71997,0.99620
3722.84009,0.99620
3722.95996,0.99620
3723.07007,0.99620
3723.18994,0.99620
3723.31006,0.99630
3723.42993,0.99630
3723.55005,0.99630
3723.66992,0.99630
3723.79004,0.99630
3723.90991,0.99630
3724.03003,0.99640
3724.14990,0.99640
3724.27002,0.99640
3724.38989,0.99640
3724.50000,0.99640
3724.62012,0.99640
3724.73999,0.99650
3724.86011,0.99650
3724.97998,0.99650
3725.10010,0.99650
3725.21997,0.99650
3725.34009,0.99650
3725.45996,0.99660
3725.58008,0.99660
3725.69995,0.99660
3725.82007,0.99660
3725.93994,0.99660
3726.05005,0.99660
3726.17993,0.99670
3726.29004,0.99670
3726.40991,0.99670
3726.53003,0.99670
3726.64990,0.99670
3726.77002,0.99670
3726.88989,0.99680
3727.01001,0.99680
3727.12988,0.99680
3727.25000,0.99680
3727.37012,0.99680
3727.47998,0.99680
3727.60010,0.99690
3727.71997,0.99690
3727.84009,0.99690
3727.95996,0.99690
3728.08008,0.99690
3728.19995,0.99690
3728.32007,0.99700
3728.43994,0.99700
3728.56006,0.99700
3728.67993,0.99700
3728.80005,0.99700
3728.91992,0.99700
3729.04004,0.99710
3729.15991,0.99710
3729.28003,0.99710
3729.38989,0.99710
3729.52002,0.99710
3729.62988,0.99710
3729.75000,0.99720
3729.87012,0.99720
3729.98999,0.99720
3730.11011,0.99720
3730.22998,0.99720
3730.35010,0.99720
3730.46997,0.99730
3730.59009,0.99730
3730.70996,0.99730
3730.83008,0.99730
3730.93994,0.99730
3731.07007,0.99730
3731.17993,0.99740
3731.30005,0.99740
3731.41992,0.99740
3731.54004,0.99740
3731.65991,0.99740
3731.78003,0.99740
3731.89990,0.99750
3732.02002,0.99750
3732.13989,0.99750
3732.26001,0.99750
3732.37988,0.99750
3732.50000,0.99760
3732.62012,0.99760
3732.73999,0.99760
3732.86011,0.99760
3732.97998,0.99760
3733.09009,0.99760
3733.20996,0.99760
3733.33008,0.99770
3733.44995,0.99770
3733.57007,0.99770
3733.68994,0.99770
3733.81006,0.99770
3733.92993,0.99780
3734.05005,0.99780
3734.16992,0.99780
3734.29004,0.99780
3734.40991,0.99780
3734.53003,0.99780
3734.64990,0.99790
3734.77002,0.99790
3734.88989,0.99790
3735.01001,0.99790
3735.12988,0.99790
3735.25000,0.99790
3735.37012,0.99800
3735.48999,0.99800
3735.61011,0.99800
3735.71997,0.99800
3735.85010,0.99800
3735.95996,0.99800
3736.08008,0.99810
3736.19995,0.99810
3736.32007,0.99810
3736.43994,0.99810
3736.56006,0.99810
3736.67993,0.99810
3736.80005,0.99820
3736.91992,0.99820
3737.04004,0.99820
3737.15991,0.99820
3737.28003,0.99820
3737.39990,0.99820
3737.52002,0.99830
3737.63989,0.99830
3737.76001,0.99830
3737.87988,0.99830
3738.00000,0.99830
3738.12012,0.99830
3738.23999,0.99840
3738.36011,0.99840
3738.47998,0.99840
3738.59009,0.99840
3738.70996,0.99840
3738.83008,0.99840
3738.94995,0.99850
3739.07007,0.99850
3739.18994,0.99850
3739.31006,0.99850
3739.42993,0.99850
3739.55005,0.99850
3739.66992,0.99860
3739.79004,0.99860
3739.90991,0.99860
3740.03003,0.99860
3740.14990,0.99860
3740.27002,0.99860
3740.38989,0.99870
3740.51001,0.99870
3740.62988,0.99870
3740.75000,0.99870
3740.87012,0.99870
3740.98999,0.99870
3741.11011,0.99880
3741.22998,0.99880
3741.35010,0.99880
3741.46997,0.99880
3741.59009,0.99880
3741.70996,0.99880
3741.83008,0.99890
3741.94995,0.99890
3742.06006,0.99890
3742.18994,0.99890
3742.31006,0.99890
3742.41992,0.99890
3742.55005,0.99900
3742.65991,0.99900
3742.78003,0.99900
3742.89990,0.99900
3743.02002,0.99900
3743.13989,0.99900
3743.26001,0.99910
3743.37988,0.99910
3743.50000,0.99910
3743.62012,0.99910
3743.73999,0.99910
3743.86011,0.99910
3743.97998,0.99920
3744.10010,0.99920
3744.21997,0.99920
3744.34009,0.99920
3744.45996,0.99920
3744.58008,0.99920
3744.69995,0.99930
3744.82007,0.99930
3744.93994,0.99930
3745.06006,0.99930
3745.17993,0.99930
3745.30005,0.99930
3745.41992,0.99940
3745.54004,0.99940
3745.65991,0.99940
3745.78003,0.99940
3745.89990,0.99940
3746.02002,0.99940
3746.13989,0.99950
3746.26001,0.99950
3746.37988,0.99950
3746.50000,0.99950
3746.62012,0.99950
3746.73999,0.99950
3746.86011,0.99960
3746.97998,0.99960
3747.10010,0.99960
3747.21997,0.99960
3747.34009,0.99960
3747.45996,0.99960
3747.58008,0.99970
3747.69995,0.99970
3747.82007,0.99970
3747.93994,0.99970
3748.06006,0.99970
3748.17993,0.99970
3748.30005,0.99980
3748.41992,0.99980
3748.54004,0.99980
3748.65991,0.99980
3748.78003,0.99980
3748.89990,0.99980
3749.02002,0.99990
3749.13989,0.99990
3749.26001,0.99990
3749.37988,0.99990
3749.48999,0.99990
3749.62012,0.99990
3749.73999,1.00000
3749.85010,1.00000
3749.97998,1.00000
3750.10010,1.00000
3750.20996,0.99990
3750.34009,0.99980
3750.45996,0.99980
3750.58008,0.99970
3750.69995,0.99970
3750.82007,0.99960
3750.93994,0.99950
3751.06006,0.99950
3751.17993,0.99940
3751.30005,0.99940
3751.41992,0.99930
3751.54004,0.99920
3751.65991,0.99920
3751.78003,0.99910
3751.89990,0.99910
3752.02002,0.99900
3752.13989,0.99890
3752.26001,0.99890
3752.37988,0.99880
3752.50000,0.99880
3752.62012,0.99870
3752.73999,0.99860
3752.86011,0.99860
3752.97998,0.99850
3753.10010,0.99850
3753.21997,0.99840
3753.34009,0.99830
3753.45996,0.99830
3753.58008,0.99820
3753.69995,0.99820
3753.82007,0.99810
3753.93994,0.99800
3754.06006,0.99800
3754.17993,0.99790
3754.30005,0.99790
3754.41992,0.99780
3754.54004,0.99770
3754.65991,0.99770
3754.78003,0.99760
3754.89990,0.99760
3755.02002,0.99750
3755.13989,0.99740
3755.26001,0.99740
3755.37988,0.99730
3755.50000,0.99720
3755.62012,0.99720
3755.73999,0.99710
3755.86011,0.99710
3755.97998,0.99700
3756.10010,0.99700
3756.21997,0.99690
3756.34009,0.99680
3756.45996,0.99680
3756.58008,0.99670
3756.69995,0.99660
3756.82007,0.99660
3756.93994,0.99650
3757.06006,0.99650
3757.17993,0.99640
3757.30005,0.99630
3757.41992,0.99630
3757.54004,0.99620
3757.65991,0.99620
3757.78003,0.99610
3757.89990,0.99600
3758.02002,0.99600
3758.14990,0.99590
3758.27002,0.99590
3758.37988,0.99580
3758.51001,0.99570
3758.62988,0.99570
3758.75000,0.99560
3758.87012,0.99560
3758.98999,0.99550
3759.11011,0.99540
3759.22998,0.99540
3759.35010,0.99530
3759.46997,0.99530
3759.59009,0.99520
3759.70996,0.99510
3759.83008,0.99510
3759.94995,0.99500
3760.07007,0.99500
3760.18994,0.99490
3760.31006,0.99480
3760.42993,0.99480
3760.55005,0.99470
3760.66992,0.99470
3760.79004,0.99460
3760.90991,0.99450
3761.03003,0.99450
3761.14990,0.99440
3761.27002,0.99440
3761.38989,0.99430
3761.51001,0.99420
3761.62988,0.99420
3761.75000,0.99410
3761.87988,0.99410
3762.00000,0.99400
3762.11011,0.99390
3762.23999,0.99390
3762.36011,0.99380
3762.47998,0.99380
3762.59009,0.99370
3762.71997,0.99360
3762.84009,0.99360
3762.95996,0.99350
3763.08008,0.99350
3763.19995,0.99340
3763.32007,0.99330
3763.43994,0.99330
3763.56006,0.99320
3763.67993,0.99320
3763.80005,0.99310
3763.91992,0.99300
3764.04004,0.99300
3764.15991,0.99290
3764.28003,0.99290
3764.39990,0.99280
3764.52002,0.99270
3764.63989,0.99270
3764.76001,0.99260
3764.88989,0.99260
3765.01001,0.99250
3765.12988,0.99240
3765.25000,0.99240
3765.37012,0.99230
3765.48999,0.99230
3765.61011,0.99220
3765.72998,0.99210
3765.85010,0.99210
3765.96997,0.99200
3766.09009,0.99200
3766.20996,0.99190
3766.33008,0.99180
3766.44995,0.99180
3766.57007,0.99170
3766.68994,0.99170
3766.81006,0.99160
3766.92993,0.99150
3767.05005,0.99150
3767.16992,0.99140
3767.29004,0.99140
3767.40991,0.99130
3767.54004,0.99120
3767.65991,0.99120
3767.78003,0.99110
3767.89990,0.99110
3768.02002,0.99100
3768.13989,0.99090
3768.26001,0.99090
3768.37988,0.99080
3768.50000,0.99080
3768.62012,0.99070
3768.73999,0.99060
3768.86011,0.99060
3768.97998,0.99050
3769.10010,0.99040
3769.21997,0.99040
3769.34009,0.99030
3769.45996,0.99030
3769.58008,0.99020
3769.70996,0.99010
3769.83008,0.99010
3769.94995,0.99000
3770.07007,0.99000
3770.18994,0.98990
3770.31006,0.98980
3770.42993,0.98980
3770.55005,0.98970
3770.66992,0.98970
3770.79004,0.98960
3770.90991,0.98950
3771.03003,0.98950
3771.14990,0.98940
3771.28003,0.98940
3771.39990,0.98930
3771.52002,0.98920
3771.63989,0.98920
3771.76001,0.98910
3771.87988,0.98910
3772.00000,0.98900
3772.12012,0.98890
3772.23999,0.98890
3772.36011,0.98880
3772.47998,0.98880
3772.60010,0.98870
3772.71997,0.98860
3772.84009,0.98860
3772.95996,0.98850
3773.09009,0.98850
3773.20996,0.98840
3773.33008,0.98830
3773.44995,0.98830
3773.57007,0.98820
3773.68994,0.98820
3773.81006,0.98810
3773.92993,0.98800
3774.05005,0.98800
3774.16992,0.98790
3774.29004,0.98790
3774.40991,0.98780
3774.53003,0.98770
3774.65991,0.98770
3774.78003,0.98760
3774.89990,0.98760
3775.02002,0.98750
3775.13989,0.98740
3775.26001,0.98740
3775.37988,0.98730
3775.50000,0.98720
3775.62012,0.98720
3775.73999,0.98710
3775.86011,0.98710
3775.97998,0.98700
3776.10010,0.98690
3776.21997,0.98690
3776.34009,0.98680
3776.46997,0.98680
3776.59009,0.98670
3776.70996,0.98660
3776.83008,0.98660
3776.94995,0.98650
3777.07007,0.98650
3777.18994,0.98640
3777.31006,0.98630
3777.42993,0.98630
3777.55005,0.98620
3777.67993,0.98620
3777.80005,0.98610
3777.91992,0.98600
3778.04004,0.98600
3778.15991,0.98590
3778.28003,0.98590
3778.39990,0.98580
3778.52002,0.98570
3778.63989,0.98570
3778.77002,0.98560
3778.88989,0.98560
3779.01001,0.98550
3779.12988,0.98540
3779.25000,0.98540
3779.37012,0.98530
3779.48999,0.98530
3779.61011,0.98520
3779.72998,0.98510
3779.85010,0.98510
3779.96997,0.98500
3780.09009,0.98500
3780.21997,0.98490
3780.34009,0.98480
3780.45996,0.98480
3780.58008,0.98470
3780.69995,0.98460
3780.82007,0.98460
3780.93994,0.98450
3781.06006,0.98450
3781.17993,0.98440
3781.30005,0.98430
3781.42993,0.98430
3781.55005,0.98420
3781.66992,0.98420
3781.79004,0.98410
3781.90991,0.98400
3782.03003,0.98400
3782.14990,0.98390
3782.27002,0.98390
3782.38989,0.98380
3782.51001,0.98370
3782.62988,0.98370
3782.75000,0.98360
3782.87988,0.98360
3783.00000,0.98350
3783.12012,0.98340
3783.23999,0.98340
3783.36011,0.98330
3783.47998,0.98330
3783.60010,0.98320
3783.71997,0.98310
3783.84009,0.98310
3783.96997,0.98300
3784.09009,0.98300
3784.20996,0.98290
3784.33008,0.98280
3784.44995,0.98280
3784.57007,0.98270
3784.68994,0.98270
3784.81006,0.98260
3784.93994,0.98250
3785.06006,0.98250
3785.17993,0.98240
3785.30005,0.98240
3785.41992,0.98230
3785.54004,0.98220
3785.65991,0.98220
3785.78003,0.98210
3785.89990,0.98200
3786.02002,0.98200
3786.14990,0.98190
3786.27002,0.98190
3786.38989,0.98180
3786.51001,0.98170
3786.62988,0.98170
3786.75000,0.98160
3786.87012,0.98160
3787.00000,0.98150
3787.12012,0.98140
3787.23999,0.98140
3787.36011,0.98130
3787.47998,0.98130
3787.60010,0.98120
3787.71997,0.98110
3787.84009,0.98110
3787.95996,0.98100
3788.08008,0.98100
3788.20996,0.98090
3788.33008,0.98080
3788.44995,0.98080
3788.57007,0.98070
3788.68994,0.98070
3788.81006,0.98060
3788.93994,0.98050
3789.05005,0.98050
3789.16992,0.98040
3789.30005,0.98040
3789.41992,0.98030
3789.54004,0.98020
3789.65991,0.98020
3789.78003,0.98010
3789.89990,0.98000
3790.03003,0.98000
3790.14990,0.97990
3790.27002,0.97990
3790.38989,0.97980
3790.51001,0.97970
3790.62988,0.97970
3790.75000,0.97960
3790.87012,0.97960
3791.00000,0.97950
3791.12012,0.97940
3791.23999,0.97940
3791.36011,0.97930
3791.47998,0.97930
3791.60010,0.97920
3791.71997,0.97910
3791.84009,0.97910
3791.96997,0.97900
3792.09009,0.97900
3792.20996,0.97890
3792.33008,0.97880
3792.44995,0.97880
3792.57007,0.97870
3792.68994,0.97870
3792.81006,0.97860
3792.93994,0.97850
3793.06006,0.97850
3793.17993,0.97840
3793.30005,0.97840
3793.41992,0.97830
3793.54004,0.97820
3793.65991,0.97820
3793.79004,0.97810
3793.90991,0.97800
3794.03003,0.97800
3794.14990,0.97790
3794.27002,0.97790
3794.38989,0.97780
3794.52002,0.97770
3794.63989,0.97770
3794.76001,0.97760
3794.87988,0.97760
3795.00000,0.97750
3795.12012,0.97740
3795.23999,0.97740
3795.37012,0.97730
3795.48999,0.97730
3795.61011,0.97720
3795.72998,0.97710
3795.85010,0.97710
3795.96997,0.97700
3796.09009,0.97700
3796.20996,0.97690
3796.33008,0.97680
3796.45996,0.97680
3796.58008,0.97670
3796.69995,0.97660
3796.82007,0.97660
3796.93994,0.97650
3797.06006,0.97650
3797.18994,0.97640
3797.31006,0.97630
3797.42993,0.97630
3797.55005,0.97620
3797.66992,0.97620
3797.79004,0.97610
3797.91992,0.97600
3798.04004,0.97600
3798.15991,0.97590
3798.28003,0.97590
3798.39990,0.97580
3798.52002,0.97570
3798.64990,0.97570
3798.77002,0.97560
3798.88989,0.97560
3799.01001,0.97550
3799.12988,0.97540
3799.25000,0.97540
3799.37012,0.97530
3799.50000,0.97530
3799.62012,0.97520
3799.73999,0.97510
3799.86011,0.97510
3799.97998,0.97500
3800.10010,0.97470
3800.22998,0.97440
3800.35010,0.97410
3800.46997,0.97380
3800.59009,0.97350
3800.70996,0.97320
3800.83008,0.97290
3800.95996,0.97260
3801.08008,0.97230
3801.19995,0.97200
3801.32007,0.97170
3801.43994,0.97140
3801.56006,0.97110
3801.67993,0.97080
3801.81006,0.97050
3801.92993,0.97020
3802.05005,0.96990
3802.16992,0.96960
3802.29004,0.96930
3802.40991,0.96900
3802.54004,0.96870
3802.65991,0.96840
3802.78003,0.96810
3802.89990,0.96770
3803.02002,0.96740
3803.13989,0.96710
3803.27002,0.96680
3803.38989,0.96650
3803.51001,0.96620
3803.62988,0.96590
3803.75000,0.96560
3803.87012,0.96530
3804.00000,0.96500
3804.12012,0.96470
3804.23999,0.96440
3804.36011,0.96410
3804.47998,0.96380
3804.61011,0.96350
3804.72998,0.96320
3804.85010,0.96290
3804.96997,0.96260
3805.09009,0.96230
3805.21997,0.96200
3805.34009,0.96170
3805.45996,0.96140
3805.58008,0.96110
3805.69995,0.96080
3805.82007,0.96040
3805.93994,0.96010
3806.07007,0.95980
3806.18994,0.95950
3806.31006,0.95920
3806.42993,0.95890
3806.55005,0.95860
3806.67993,0.95830
3806.80005,0.95800
3806.91992,0.95770
3807.04004,0.95740
3807.15991,0.95710
3807.28003,0.95680
3807.40991,0.95650
3807.53003,0.95620
3807.64990,0.95590
3807.77002,0.95560
3807.88989,0.95530
3808.02002,0.95500
3808.13989,0.95470
3808.26001,0.95430
3808.37988,0.95400
3808.50000,0.95370
3808.62988,0.95340
3808.75000,0.95310
3808.87012,0.95280
3808.98999,0.95250
3809.11011,0.95220
3809.22998,0.95190
3809.36011,0.95160
3809.47998,0.95130
3809.60010,0.95100
3809.71997,0.95070
3809.84009,0.95040
3809.95996,0.95010
3810.09009,0.94980
3810.20996,0.94950
3810.33008,0.94920
3810.44995,0.94890
3810.58008,0.94860
3810.69995,0.94830
3810.82007,0.94800
3810.93994,0.94760
3811.06006,0.94730
3811.18994,0.94700
3811.31006,0.94670
3811.42993,0.94640
3811.55005,0.94610
3811.66992,0.94580
3811.80005,0.94550
3811.91992,0.94520
3812.04004,0.94490
3812.15991,0.94460
3812.28003,0.94430
3812.39990,0.94400
3812.53003,0.94370
3812.64990,0.94340
3812.77002,0.94310
3812.88989,0.94280
3813.01001,0.94250
3813.13989,0.94220
3813.26001,0.94190
3813.37988,0.94160
3813.50000,0.94120
3813.62012,0.94090
3813.75000,0.94060
3813.87012,0.94030
3813.98999,0.94000
3814.11011,0.93970
3814.23999,0.93940
3814.36011,0.93910
3814.47998,0.93880
3814.60010,0.93850
3814.71997,0.93820
3814.85010,0.93790
3814.96997,0.93760
3815.09009,0.93730
3815.20996,0.93700
3815.34009,0.93670
3815.45996,0.93640
3815.58008,0.93610
3815.69995,0.93580
3815.82007,0.93540
3815.93994,0.93510
3816.06006,0.93480
3816.18994,0.93450
3816.31006,0.93420
3816.42993,0.93390
3816.55005,0.93360
3816.67993,0.93330
3816.80005,0.93300
3816.91992,0.93270
3817.04004,0.93240
3817.15991,0.93210
3817.29004,0.93180
3817.40991,0.93150
3817.53003,0.93120
3817.64990,0.93090
3817.78003,0.93060
3817.89990,0.93030
3818.02002,0.92990
3818.13989,0.92960
3818.26001,0.92930
3818.38989,0.92900
3818.51001,0.92870
3818.62988,0.92840
3818.76001,0.92810
3818.87988,0.92780
3819.00000,0.92750
3819.12012,0.92720
3819.23999,0.92690
3819.36011,0.92660
3819.47998,0.92630
3819.61011,0.92600
3819.72998,0.92570
3819.85010,0.92540
3819.97998,0.92510
3820.10010,0.92480
3820.21997,0.92450
3820.34009,0.92410
3820.45996,0.92380
3820.59009,0.92350
3820.70996,0.92320
3820.83008,0.92290
3820.94995,0.92260
3821.08008,0.92230
3821.19995,0.92200
3821.32007,0.92170
3821.43994,0.92140
3821.57007,0.92110
3821.68994,0.92080
3821.81006,0.92050
3821.92993,0.92020
3822.05005,0.91990
3822.17993,0.91960
3822.30005,0.91930
3822.41992,0.91900
3822.54004,0.91860
3822.65991,0.91830
3822.79004,0.91800
3822.90991,0.91770
3823.03003,0.91740
3823.14990,0.91710
3823.28003,0.91680
3823.39990,0.91650
3823.52002,0.91620
3823.64990,0.91590
3823.77002,0.91560
3823.88989,0.91530
3824.01001,0.91500
3824.12988,0.91470
3824.26001,0.91440
3824.37988,0.91410
3824.50000,0.91370
3824.62012,0.91340
3824.75000,0.91310
3824.87012,0.91280
3824.98999,0.91250
3825.11011,0.91220
3825.23999,0.91190
3825.36011,0.91160
3825.47998,0.91130
3825.60010,0.91100
3825.71997,0.91070
3825.85010,0.91040
3825.96997,0.91010
3826.09009,0.90980
3826.20996,0.90950
3826.34009,0.90920
3826.45996,0.90890
3826.58008,0.90850
3826.69995,0.90820
3826.83008,0.90790
3826.94995,0.90760
3827.07007,0.90730
3827.18994,0.90700
3827.32007,0.90670
3827.43994,0.90640
3827.56006,0.90610
3827.67993,0.90580
3827.81006,0.90550
3827.92993,0.90520
3828.05005,0.90490
3828.16992,0.90460
3828.30005,0.90430
3828.41992,0.90400
3828.54004,0.90360
3828.66992,0.90330
3828.79004,0.90300
3828.90991,0.90270
3829.03003,0.90240
3829.14990,0.90210
3829.27002,0.90180
3829.39990,0.90150
3829.52002,0.90120
3829.63989,0.90090
3829.77002,0.90060
3829.88989,0.90030
3830.01001,0.90000
3830.12988,0.89970
3830.26001,0.89940
3830.37988,0.89910
3830.50000,0.89870
3830.62012,0.89840
3830.75000,0.89810
3830.87012,0.89780
3830.98999,0.89750
3831.11011,0.89720
3831.23999,0.89690
3831.36011,0.89660
3831.47998,0.89630
3831.60010,0.89600
3831.72998,0.89570
3831.85010,0.89540
3831.96997,0.89510
3832.10010,0.89480
3832.21997,0.89450
3832.34009,0.89420
3832.45996,0.89380
3832.58008,0.89350
3832.70996,0.89320
3832.83008,0.89290
3832.94995,0.89260
3833.08008,0.89230
3833.19995,0.89200
3833.32007,0.89170
3833.43994,0.89140
3833.57007,0.89110
3833.68994,0.89080
3833.81006,0.89050
3833.92993,0.89020
3834.06006,0.88990
3834.17993,0.88960
3834.30005,0.88920
3834.42993,0.88890
3834.55005,0.88860
3834.66992,0.88830
3834.79004,0.88800
3834.91992,0.88770
3835.04004,0.88740
3835.15991,0.88710
3835.29004,0.88680
3835.40991,0.88650
3835.53003,0.88620
3835.64990,0.88590
3835.77002,0.88560
3835.89990,0.88530
3836.02002,0.88490
3836.13989,0.88460
3836.27002,0.88430
3836.38989,0.88400
3836.51001,0.88370
3836.63989,0.88340
3836.76001,0.88310
3836.87988,0.88280
3837.00000,0.88250
3837.12988,0.88220
3837.25000,0.88190
3837.37012,0.88160
3837.48999,0.88130
3837.62012,0.88100
3837.73999,0.88070
3837.86011,0.88030
3837.98999,0.88000
3838.11011,0.87970
3838.22998,0.87940
3838.35010,0.87910
3838.47998,0.87880
3838.60010,0.87850
3838.71997,0.87820
3838.85010,0.87790
3838.96997,0.87760
3839.09009,0.87730
3839.20996,0.87700
3839.34009,0.87670
3839.45996,0.87640
3839.58008,0.87600
3839.70996,0.87570
3839.83008,0.87540
3839.94995,0.87510
3840.07007,0.87480
3840.19995,0.87450
3840.32007,0.87420
3840.43994,0.87390
3840.57007,0.87360
3840.68994,0.87330
3840.81006,0.87300
3840.92993,0.87270
3841.06006,0.87240
3841.17993,0.87200
3841.30005,0.87170
3841.42993,0.87140
3841.55005,0.87110
3841.66992,0.87080
3841.79004,0.87050
3841.91992,0.87020
3842.04004,0.86990
3842.15991,0.86960
3842.29004,0.86930
3842.40991,0.86900
3842.53003,0.86870
3842.64990,0.86840
3842.78003,0.86810
3842.89990,0.86780
3843.02002,0.86740
3843.14990,0.86710
3843.27002,0.86680
3843.38989,0.86650
3843.52002,0.86620
3843.63989,0.86590
3843.76001,0.86560
3843.88989,0.86530
3844.01001,0.86500
3844.12988,0.86470
3844.25000,0.86440
3844.37988,0.86410
3844.50000,0.86380
3844.62012,0.86340
3844.75000,0.86310
3844.87012,0.86280
3844.98999,0.86250
3845.12012,0.86220
3845.23999,0.86190
3845.36011,0.86160
3845.48999,0.86130
3845.61011,0.86100
3845.72998,0.86070
3845.85010,0.86040
3845.97998,0.86010
3846.10010,0.85980
3846.21997,0.85940
3846.34009,0.85910
3846.46997,0.85880
3846.59009,0.85850
3846.70996,0.85820
3846.84009,0.85790
3846.95996,0.85760
3847.08008,0.85730
3847.20996,0.85700
3847.33008,0.85670
3847.44995,0.85640
3847.58008,0.85610
3847.69995,0.85570
3847.82007,0.85540
3847.94995,0.85510
3848.07007,0.85480
3848.18994,0.85450
3848.32007,0.85420
3848.43994,0.85390
3848.56006,0.85360
3848.68994,0.85330
3848.81006,0.85300
3848.92993,0.85270
3849.05005,0.85240
3849.17993,0.85210
3849.30005,0.85170
3849.41992,0.85140
3849.54004,0.85110
3849.66992,0.85080
3849.79004,0.85050
3849.90991,0.85020
3850.04004,0.84980
3850.15991,0.84930
3850.28003,0.84880
3850.40991,0.84830
3850.53003,0.84780
3850.64990,0.84730
3850.78003,0.84680
3850.89990,0.84630
3851.02002,0.84580
3851.14990,0.84530
3851.27002,0.84480
3851.38989,0.84430
3851.52002,0.84380
3851.63989,0.84330
3851.76001,0.84280
3851.88989,0.84230
3852.01001,0.84180
3852.12988,0.84120
3852.26001,0.84070
3852.37988,0.84020
3852.50000,0.83970
3852.62988,0.83920
3852.75000,0.83870
3852.87012,0.83820
3853.00000,0.83770
3853.12012,0.83720
3853.23999,0.83670
3853.37012,0.83620
3853.48999,0.83570
3853.61011,0.83520
3853.73999,0.83470
3853.86011,0.83420
3853.97998,0.83370
3854.11011,0.83320
3854.22998,0.83270
3854.35010,0.83220
3854.47998,0.83160
3854.60010,0.83110
3854.71997,0.83060
3854.85010,0.83010
3854.96997,0.82960
3855.09009,0.82910
3855.21997,0.82860
3855.34009,0.82810
3855.45996,0.82760
3855.59009,0.82710
3855.70996,0.82660
3855.83008,0.82610
3855.95996,0.82560
3856.08008,0.82510
3856.19995,0.82460
3856.33008,0.82410
3856.44995,0.82360
3856.57007,0.82300
3856.69995,0.82250
3856.82007,0.82200
3856.93994,0.82150
3857.07007,0.82100
3857.18994,0.82050
3857.32007,0.82000
3857.43994,0.81950
3857.56006,0.81900
3857.68994,0.81850
3857.81006,0.81800
3857.92993,0.81750
3858.06006,0.81700
3858.17993,0.81650
3858.30005,0.81600
3858.42993,0.81540
3858.55005,0.81490
3858.66992,0.81440
3858.80005,0.81390
3858.91992,0.81340
3859.04004,0.81290
3859.16992,0.81240
3859.29004,0.81190
3859.40991,0.81140
3859.53003,0.81090
3859.65991,0.81040
3859.78003,0.80990
3859.90991,0.80940
3860.03003,0.80890
3860.14990,0.80840
3860.28003,0.80790
3860.39990,0.80740
3860.52002,0.80680
3860.64990,0.80630
3860.77002,0.80580
3860.89990,0.80530
3861.02002,0.80480
3861.13989,0.80430
3861.27002,0.80380
3861.38989,0.80330
3861.51001,0.80280
3861.63989,0.80230
3861.76001,0.80180
3861.88989,0.80130
3862.01001,0.80080
3862.12988,0.80030
3862.26001,0.79970
3862.37988,0.79920
3862.50000,0.79870
3862.62988,0.79820
3862.75000,0.79770
3862.87012,0.79720
3862.98999,0.79670
3863.12012,0.79620
3863.23999,0.79570
3863.37012,0.79520
3863.48999,0.79470
3863.61011,0.79420
3863.73999,0.79370
3863.86011,0.79320
3863.97998,0.79270
3864.11011,0.79220
3864.22998,0.79160
3864.36011,0.79110
3864.47998,0.79060
3864.60010,0.79010
3864.72998,0.78960
3864.85010,0.78910
3864.97998,0.78860
3865.10010,0.78810
3865.21997,0.78760
3865.35010,0.78710
3865.46997,0.78660
3865.59009,0.78610
3865.71997,0.78560
3865.84009,0.78510
3865.95996,0.78450
3866.09009,0.78400
3866.20996,0.78350
3866.33008,0.78300
3866.45996,0.78250
3866.58008,0.78200
3866.70996,0.78150
3866.83008,0.78100
3866.94995,0.78050
3867.08008,0.78000
3867.19995,0.77950
3867.33008,0.77900
3867.44995,0.77850
3867.57007,0.77800
3867.69995,0.77740
3867.82007,0.77690
3867.93994,0.77640
3868.07007,0.77590
3868.18994,0.77540
3868.31006,0.77490
3868.43994,0.77440
3868.56006,0.77390
3868.68994,0.77340
3868.81006,0.77290
3868.92993,0.77240
3869.06006,0.77190
3869.17993,0.77130
3869.31006,0.77080
3869.42993,0.77030
3869.55005,0.76980
3869.67993,0.76930
3869.80005,0.76880
3869.91992,0.76830
3870.05005,0.76780
3870.16992,0.76730
3870.30005,0.76680
3870.41992,0.76630
3870.54004,0.76580
3870.66992,0.76530
3870.79004,0.76480
3870.90991,0.76420
3871.04004,0.76370
3871.15991,0.76320
3871.29004,0.76270
3871.40991,0.76220
3871.54004,0.76170
3871.65991,0.76120
3871.78003,0.76070
3871.90991,0.76020
3872.03003,0.75970
3872.14990,0.75920
3872.28003,0.75870
3872.39990,0.75810
3872.53003,0.75760
3872.64990,0.75710
3872.77002,0.75660
3872.89990,0.75610
3873.02002,0.75560
3873.13989,0.75510
3873.27002,0.75460
3873.38989,0.75410
3873.52002,0.75360
3873.63989,0.75310
3873.77002,0.75260
3873.88989,0.75210
3874.01001,0.75160
3874.13989,0.75100
3874.26001,0.75050
3874.37988,0.75000
3874.51001,0.74950
3874.62988,0.74900
3874.76001,0.74850
3874.87988,0.74800
3875.01001,0.74750
3875.12988,0.74700
3875.25000,0.74650
3875.37988,0.74600
3875.50000,0.74540
3875.62012,0.74490
3875.75000,0.74440
3875.87012,0.74390
3876.00000,0.74340
3876.12012,0.74290
3876.25000,0.74240
3876.37012,0.74190
3876.48999,0.74140
3876.62012,0.74090
3876.73999,0.74040
3876.87012,0.73990
3876.98999,0.73930
3877.11011,0.73880
3877.23999,0.73830
3877.36011,0.73780
3877.47998,0.73730
3877.61011,0.73680
3877.72998,0.73630
3877.86011,0.73580
3877.97998,0.73530
3878.11011,0.73480
3878.22998,0.73430
3878.35010,0.73380
3878.47998,0.73320
3878.60010,0.73270
3878.72998,0.73220
3878.85010,0.73170
3878.97998,0.73120
3879.10010,0.73070
3879.21997,0.73020
3879.35010,0.72970
3879.46997,0.72920
3879.60010,0.72870
3879.71997,0.72810
3879.84009,0.72760
3879.96997,0.72710
3880.09009,0.72660
3880.20996,0.72610
3880.34009,0.72560
3880.45996,0.72510
3880.59009,0.72460
3880.70996,0.72410
3880.84009,0.72360
3880.95996,0.72310
3881.08008,0.72260
3881.20996,0.72200
3881.33008,0.72150
3881.45996,0.72100
3881.58008,0.72050
3881.70996,0.72000
3881.83008,0.71950
3881.95996,0.71900
3882.08008,0.71850
3882.19995,0.71800
3882.33008,0.71750
3882.44995,0.71690
3882.58008,0.71640
3882.69995,0.71590
3882.82007,0.71540
3882.94995,0.71490
3883.07007,0.71440
3883.19995,0.71390
3883.32007,0.71340
3883.44995,0.71290
3883.57007,0.71240
3883.68994,0.71190
3883.82007,0.71130
3883.93994,0.71080
3884.07007,0.71030
3884.18994,0.70980
3884.32007,0.70930
3884.43994,0.70880
3884.56006,0.70830
3884.68994,0.70780
3884.81006,0.70730
3884.93994,0.70680
3885.06006,0.70620
3885.18994,0.70570
3885.31006,0.70520
3885.42993,0.70470
3885.56006,0.70420
3885.67993,0.70370
3885.81006,0.70320
3885.92993,0.70270
3886.06006,0.70220
3886.17993,0.70170
3886.31006,0.70110
3886.42993,0.70060
3886.55005,0.70010
3886.67993,0.69960
3886.80005,0.69910
3886.92993,0.69860
3887.05005,0.69810
3887.16992,0.69760
3887.30005,0.69710
3887.41992,0.69660
3887.55005,0.69610
3887.66992,0.69550
3887.80005,0.69500
3887.91992,0.69450
3888.05005,0.69400
3888.16992,0.69350
3888.29004,0.69300
3888.41992,0.69250
3888.54004,0.69200
3888.66992,0.69150
3888.79004,0.69100
3888.91992,0.69040
3889.04004,0.68990
3889.16992,0.68940
3889.29004,0.68890
3889.41992,0.68840
3889.54004,0.68790
3889.65991,0.68740
3889.79004,0.68690
3889.90991,0.68640
3890.04004,0.68590
3890.15991,0.68530
3890.28003,0.68480
3890.40991,0.68430
3890.53003,0.68380
3890.65991,0.68330
3890.78003,0.68280
3890.90991,0.68230
3891.03003,0.68180
3891.15991,0.68130
3891.28003,0.68070
3891.40991,0.68020
3891.53003,0.67970
3891.65991,0.67920
3891.78003,0.67870
3891.89990,0.67820
3892.03003,0.67770
3892.14990,0.67720
3892.28003,0.67670
3892.39990,0.67610
3892.53003,0.67560
3892.64990,0.67510
3892.78003,0.67460
3892.89990,0.67410
3893.03003,0.67360
3893.14990,0.67310
3893.28003,0.67260
3893.39990,0.67210
3893.52002,0.67160
3893.64990,0.67100
3893.77002,0.67050
3893.89990,0.67000
3894.02002,0.66950
3894.14990,0.66900
3894.27002,0.66850
3894.39990,0.66800
3894.52002,0.66750
3894.64990,0.66700
3894.77002,0.66640
3894.88989,0.66590
3895.02002,0.66540
3895.13989,0.66490
3895.27002,0.66440
3895.38989,0.66390
3895.52002,0.66340
3895.63989,0.66290
3895.77002,0.66240
3895.88989,0.66180
3896.02002,0.66130
3896.13989,0.66080
3896.27002,0.66030
3896.38989,0.65980
3896.51001,0.65930
3896.63989,0.65880
3896.76001,0.65830
3896.88989,0.65780
3897.01001,0.65720
3897.13989,0.65670
3897.26001,0.65620
3897.38989,0.65570
3897.51001,0.65520
3897.63989,0.65470
3897.76001,0.65420
3897.88989,0.65370
3898.01001,0.65320
3898.13989,0.65260
3898.26001,0.65210
3898.37988,0.65160
3898.51001,0.65110
3898.63989,0.65060
3898.76001,0.65010
3898.87988,0.64960
3899.01001,0.64910
3899.12988,0.64860
3899.26001,0.64800
3899.37988,0.64750
3899.51001,0.64700
3899.62988,0.64650
3899.76001,0.64600
3899.87988,0.64550
3900.01001,0.64500
3900.12988,0.64430
3900.26001,0.64370
3900.37988,0.64310
3900.51001,0.64250
3900.62988,0.64190
3900.75000,0.64130
3900.87988,0.64070
3901.01001,0.64010
3901.12988,0.63950
3901.26001,0.63880
3901.37988,0.63820
3901.50000,0.63760
3901.62988,0.63700
3901.75000,0.63640
3901.87988,0.63580
3902.01001,0.63520
3902.12988,0.63460
3902.25000,0.63400
3902.37988,0.63330
3902.50000,0.63270
3902.62988,0.63210
3902.76001,0.63150
3902.87988,0.63090
3903.00000,0.63030
3903.12988,0.62970
3903.25000,0.62910
3903.37988,0.62840
3903.50000,0.62780
3903.62988,0.62720
3903.75000,0.62660
3903.87988,0.62600
3904.00000,0.62540
3904.12988,0.62480
3904.25000,0.62420
3904.37988,0.62360
3904.50000,0.62290
3904.62988,0.62230
3904.75000,0.62170
3904.87988,0.62110
3905.00000,0.62050
3905.12988,0.61990
3905.25000,0.61930
3905.37988,0.61870
3905.50000,0.61800
3905.62988,0.61740
3905.75000,0.61680
3905.87988,0.61620
3906.00000,0.61560
3906.12988,0.61500
3906.25000,0.61440
3906.37988,0.61370
3906.50000,0.61310
3906.62988,0.61250
3906.75000,0.61190
3906.87988,0.61130
3907.00000,0.61070
3907.12988,0.61010
3907.25000,0.60950
3907.37988,0.60890
3907.50000,0.60820
3907.62988,0.60760
3907.75000,0.60700
3907.87988,0.60640
3908.00000,0.60580
3908.12988,0.60520
3908.25000,0.60460
3908.37988,0.60400
3908.50000,0.60330
3908.62988,0.60270
3908.75000,0.60210
3908.87988,0.60150
3909.00000,0.60090
3909.12988,0.60030
3909.25000,0.59970
3909.37988,0.59900
3909.50000,0.59840
3909.62988,0.59780
3909.75000,0.59720
3909.87988,0.59660
3910.00000,0.59600
3910.12988,0.59540
3910.25000,0.59480
3910.37988,0.59410
3910.50000,0.59350
3910.62988,0.59290
3910.75000,0.59230
3910.87988,0.59170
3911.00000,0.59110
3911.12988,0.59050
3911.25000,0.58990
3911.37988,0.58920
3911.50000,0.58860
3911.62988,0.58800
3911.76001,0.58740
3911.87988,0.58680
3912.00000,0.58620
3912.12988,0.58560
3912.26001,0.58490
3912.37988,0.58430
3912.51001,0.58370
3912.62988,0.58310
3912.76001,0.58250
3912.87988,0.58190
3913.01001,0.58130
3913.12988,0.58070
3913.26001,0.58000
3913.37988,0.57940
3913.51001,0.57880
3913.62988,0.57820
3913.76001,0.57760
3913.87988,0.57700
3914.01001,0.57640
3914.12988,0.57570
3914.26001,0.57510
3914.37988,0.57450
3914.51001,0.57390
3914.62988,0.57330
3914.76001,0.57270
3914.88989,0.57210
3915.01001,0.57140
3915.13989,0.57080
3915.26001,0.57020
3915.38989,0.56960
3915.51001,0.56900
3915.63989,0.56840
3915.76001,0.56780
3915.88989,0.56720
3916.01001,0.56650
3916.13989,0.56590
3916.26001,0.56530
3916.38989,0.56470
3916.52002,0.56410
3916.63989,0.56350
3916.76001,0.56290
3916.88989,0.56220
3917.02002,0.56160
3917.13989,0.56100
3917.27002,0.56040
3917.38989,0.55980
3917.52002,0.55920
3917.63989,0.55860
3917.77002,0.55790
3917.88989,0.55730
3918.02002,0.55670
3918.13989,0.55610
3918.27002,0.55550
3918.38989,0.55490
3918.52002,0.55430
3918.63989,0.55360
3918.77002,0.55300
3918.89990,0.55240
3919.02002,0.55180
3919.14990,0.55120
3919.27002,0.55060
3919.39990,0.55000
3919.52002,0.54930
3919.64990,0.54870
3919.77002,0.54810
3919.89990,0.54750
3920.03003,0.54690
3920.14990,0.54630
3920.28003,0.54560
3920.39990,0.54500
3920.53003,0.54440
3920.64990,0.54380
3920.78003,0.54320
3920.89990,0.54260
3921.03003,0.54200
3921.14990,0.54130
3921.28003,0.54070
3921.39990,0.54010
3921.53003,0.53950
3921.65991,0.53890
3921.78003,0.53830
3921.90991,0.53770
3922.03003,0.53700
3922.15991,0.53640
3922.28003,0.53580
3922.40991,0.53520
3922.53003,0.53460
3922.65991,0.53400
3922.79004,0.53340
3922.90991,0.53270
3923.04004,0.53210
3923.15991,0.53150
3923.29004,0.53090
3923.40991,0.53030
3923.54004,0.52970
3923.65991,0.52900
3923.79004,0.52840
3923.91992,0.52780
3924.04004,0.52720
3924.16992,0.52660
3924.29004,0.52600
3924.41992,0.52540
3924.54004,0.52470
3924.66992,0.52410
3924.79004,0.52350
3924.91992,0.52290
3925.05005,0.52230
3925.16992,0.52170
3925.30005,0.52110
3925.41992,0.52040
3925.55005,0.51980
3925.66992,0.51920
3925.80005,0.51860
3925.91992,0.51800
3926.05005,0.51740
3926.17993,0.51670
3926.30005,0.51610
3926.42993,0.51550
3926.55005,0.51490
3926.67993,0.51430
3926.80005,0.51370
3926.92993,0.51300
3927.06006,0.51240
3927.17993,0.51180
3927.31006,0.51120
3927.42993,0.51060
3927.56006,0.51000
3927.67993,0.50940
3927.81006,0.50870
3927.92993,0.50810
3928.06006,0.50750
3928.18994,0.50690
3928.31006,0.50630
3928.43994,0.50570
3928.56006,0.50500
3928.68994,0.50440
3928.81006,0.50380
3928.93994,0.50320
3929.07007,0.50260
3929.18994,0.50200
3929.32007,0.50130
3929.43994,0.50070
3929.57007,0.50010
3929.69995,0.49950
3929.82007,0.49890
3929.94995,0.49830
3930.07007,0.49760
3930.19995,0.49700
3930.32007,0.49640
3930.44995,0.49580
3930.58008,0.49520
3930.69995,0.49460
3930.83008,0.49390
3930.94995,0.49330
3931.08008,0.49270
3931.19995,0.49210
3931.33008,0.49150
3931.44995,0.49090
3931.58008,0.49030
3931.70996,0.48960
3931.83008,0.48900
3931.95996,0.48840
3932.08008,0.48780
3932.20996,0.48720
3932.34009,0.48650
3932.45996,0.48590
3932.59009,0.48530
3932.70996,0.48470
3932.84009,0.48410
3932.96997,0.48350
3933.09009,0.48290
3933.21997,0.48220
3933.34009,0.48160
3933.46997,0.48100
3933.60010,0.48040
3933.71997,0.47980
3933.85010,0.47920
3933.96997,0.47850
3934.10010,0.47790
3934.21997,0.47730
3934.35010,0.47670
3934.46997,0.47610
3934.60010,0.47550
3934.72998,0.47480
3934.85010,0.47420
3934.97998,0.47360
3935.11011,0.47300
3935.22998,0.47240
3935.36011,0.47180
3935.47998,0.47110
3935.61011,0.47050
3935.72998,0.46990
3935.86011,0.46930
3935.98999,0.46870
3936.11011,0.46800
3936.23999,0.46740
3936.37012,0.46680
3936.48999,0.46620
3936.62012,0.46560
3936.73999,0.46500
3936.87012,0.46430
3936.98999,0.46370
3937.12012,0.46310
3937.25000,0.46250
3937.37012,0.46190
3937.50000,0.46120
3937.62988,0.46060
3937.75000,0.46000
3937.87988,0.45940
3938.00000,0.45880
3938.12988,0.45820
3938.25000,0.45760
3938.37988,0.45690
3938.51001,0.45630
3938.62988,0.45570
3938.76001,0.45510
3938.87988,0.45450
3939.01001,0.45380
3939.13989,0.45320
3939.26001,0.45260
3939.38989,0.45200
3939.52002,0.45140
3939.63989,0.45080
3939.77002,0.45010
3939.88989,0.44950
3940.02002,0.44890
3940.13989,0.44830
3940.27002,0.44770
3940.39990,0.44710
3940.52002,0.44640
3940.64990,0.44580
3940.78003,0.44520
3940.89990,0.44460
3941.03003,0.44400
3941.14990,0.44330
3941.28003,0.44270
3941.40991,0.44210
3941.53003,0.44150
3941.65991,0.44090
3941.78003,0.44030
3941.90991,0.43960
3942.04004,0.43900
3942.15991,0.43840
3942.29004,0.43780
3942.40991,0.43720
3942.54004,0.43650
3942.66992,0.43590
3942.79004,0.43530
3942.91992,0.43470
3943.05005,0.43410
3943.16992,0.43350
3943.30005,0.43280
3943.42993,0.43220
3943.55005,0.43160
3943.67993,0.43100
3943.80005,0.43040
3943.92993,0.42970
3944.06006,0.42910
3944.17993,0.42850
3944.31006,0.42790
3944.42993,0.42730
3944.56006,0.42660
3944.68994,0.42600
3944.81006,0.42540
3944.93994,0.42480
3945.06006,0.42420
3945.18994,0.42360
3945.32007,0.42290
3945.43994,0.42230
3945.57007,0.42170
3945.69995,0.42110
3945.82007,0.42050
3945.94995,0.41990
3946.08008,0.41920
3946.19995,0.41860
3946.33008,0.41800
3946.44995,0.41740
3946.58008,0.41680
3946.70996,0.41610
3946.83008,0.41550
3946.95996,0.41490
3947.09009,0.41430
3947.20996,0.41370
3947.34009,0.41300
3947.45996,0.41240
3947.59009,0.41180
3947.71997,0.41120
3947.84009,0.41060
3947.96997,0.41000
3948.10010,0.40930
3948.21997,0.40870
3948.35010,0.40810
3948.46997,0.40750
3948.60010,0.40690
3948.72998,0.40620
3948.85010,0.40560
3948.97998,0.40500
3949.11011,0.40440
3949.22998,0.40380
3949.36011,0.40310
3949.47998,0.40250
3949.61011,0.40190
3949.73999,0.40130
3949.86011,0.40070
3949.98999,0.40000
3950.12012,0.39960
3950.23999,0.39910
3950.37012,0.39870
3950.50000,0.39820
3950.62012,0.39780
3950.75000,0.39730
3950.87988,0.39690
3951.00000,0.39650
3951.12988,0.39600
3951.26001,0.39560
3951.37988,0.39510
3951.51001,0.39470
3951.63989,0.39420
3951.76001,0.39380
3951.88989,0.39330
3952.01001,0.39290
3952.13989,0.39240
3952.27002,0.39200
3952.38989,0.39150
3952.52002,0.39110
3952.64990,0.39060
3952.77002,0.39020
3952.89990,0.38970
3953.02002,0.38930
3953.14990,0.38880
3953.28003,0.38840
3953.39990,0.38790
3953.53003,0.38750
3953.65991,0.38700
3953.78003,0.38660
3953.90991,0.38610
3954.04004,0.38570
3954.15991,0.38530
3954.29004,0.38480
3954.41992,0.38440
3954.54004,0.38390
3954.66992,0.38350
3954.80005,0.38300
3954.91992,0.38260
3955.05005,0.38210
3955.17993,0.38170
3955.30005,0.38120
3955.42993,0.38080
3955.56006,0.38030
3955.67993,0.37990
3955.81006,0.37940
3955.93994,0.37900
3956.06006,0.37850
3956.18994,0.37810
3956.32007,0.37760
3956.43994,0.37720
3956.57007,0.37670
3956.69995,0.37630
3956.82007,0.37580
3956.94995,0.37540
3957.08008,0.37490
3957.19995,0.37450
3957.33008,0.37410
3957.45996,0.37360
3957.58008,0.37320
3957.70996,0.37270
3957.83008,0.37230
3957.95996,0.37180
3958.09009,0.37140
3958.20996,0.37090
3958.34009,0.37050
3958.46997,0.37000
3958.59009,0.36960
3958.71997,0.36910
3958.85010,0.36870
3958.96997,0.36820
3959.10010,0.36780
3959.22998,0.36730
3959.35010,0.36690
3959.47998,0.36640
3959.61011,0.36600
3959.72998,0.36550
3959.86011,0.36510
3959.98999,0.36460
3960.11011,0.36420
3960.23999,0.36370
3960.37012,0.36330
3960.50000,0.36280
3960.62012,0.36240
3960.75000,0.36190
3960.87988,0.36150
3961.00000,0.36100
3961.12988,0.36060
3961.26001,0.36020
3961.37988,0.35970
3961.51001,0.35930
3961.63989,0.35880
3961.76001,0.35840
3961.88989,0.35790
3962.02002,0.35750
3962.13989,0.35700
3962.27002,0.35660
3962.39990,0.35610
3962.52002,0.35570
3962.64990,0.35520
3962.78003,0.35480
3962.89990,0.35430
3963.03003,0.35390
3963.15991,0.35340
3963.28003,0.35300
3963.40991,0.35250
3963.54004,0.35210
3963.65991,0.35160
3963.79004,0.35120
3963.91992,0.35070
3964.04004,0.35030
3964.16992,0.34980
3964.30005,0.34940
3964.42993,0.34890
3964.55005,0.34850
3964.67993,0.34800
3964.81006,0.34760
3964.93994,0.34710
3965.06006,0.34670
3965.18994,0.34620
3965.32007,0.34580
3965.43994,0.34530
3965.57007,0.34490
3965.68994,0.34440
3965.82007,0.34400
3965.94995,0.34350
3966.07007,0.34310
3966.19995,0.34260
3966.33008,0.34220
3966.44995,0.34180
3966.58008,0.34130
3966.70996,0.34080
3966.84009,0.34040
3966.95996,0.33990
3967.09009,0.33950
3967.21997,0.33910
3967.35010,0.33860
3967.46997,0.33820
3967.60010,0.33770
3967.72998,0.33720
3967.85010,0.33680
3967.97998,0.33640
3968.11011,0.33590
3968.22998,0.33550
3968.36011,0.33500
3968.48999,0.33450
3968.62012,0.33410
3968.73999,0.33370
3968.87012,0.33320
3968.98999,0.33280
3969.12012,0.33230
3969.25000,0.33190
3969.37988,0.33140
3969.50000,0.33100
3969.62988,0.33050
3969.76001,0.33010
3969.87988,0.32960
3970.01001,0.32920
3970.13989,0.32870
3970.26001,0.32830
3970.38989,0.32780
3970.52002,0.32740
3970.64990,0.32690
3970.77002,0.32650
3970.89990,0.32600
3971.03003,0.32560
3971.14990,0.32510
3971.28003,0.32470
3971.40991,0.32420
3971.54004,0.32380
3971.65991,0.32330
3971.79004,0.32290
3971.91992,0.32240
3972.05005,0.32200
3972.16992,0.32150
3972.30005,0.32110
3972.42993,0.32060
3972.55005,0.32020
3972.67993,0.31970
3972.80005,0.31930
3972.92993,0.31880
3973.06006,0.31840
3973.18994,0.31790
3973.32007,0.31750
3973.43994,0.31700
3973.57007,0.31660
3973.69995,0.31610
3973.82007,0.31570
3973.94995,0.31520
3974.08008,0.31480
3974.20996,0.31430
3974.33008,0.31390
3974.45996,0.31340
3974.59009,0.31300
3974.70996,0.31250
3974.84009,0.31210
3974.96997,0.31160
3975.10010,0.31120
3975.21997,0.31070
3975.35010,0.31030
3975.47998,0.30980
3975.61011,0.30940
3975.72998,0.30890
3975.86011,0.30850
3975.98999,0.30800
3976.11011,0.30760
3976.23999,0.30710
3976.37012,0.30670
3976.48999,0.30620
3976.62012,0.30580
3976.75000,0.30530
3976.87988,0.30490
3977.00000,0.30440
3977.12988,0.30400
3977.26001,0.30350
3977.38989,0.30310
3977.51001,0.30260
3977.63989,0.30220
3977.77002,0.30170
3977.88989,0.30130
3978.02002,0.30080
3978.14990,0.30030
3978.28003,0.29990
3978.40991,0.29940
3978.53003,0.29900
3978.65991,0.29850
3978.79004,0.29810
3978.90991,0.29760
3979.04004,0.29720
3979.16992,0.29670
3979.30005,0.29630
3979.41992,0.29580
3979.55005,0.29540
3979.67993,0.29490
3979.80005,0.29450
3979.92993,0.29400
3980.06006,0.29360
3980.18994,0.29310
3980.31006,0.29270
3980.43994,0.29220
3980.57007,0.29180
3980.68994,0.29130
3980.82007,0.29090
3980.94995,0.29040
3981.08008,0.29000
3981.20996,0.28950
3981.33008,0.28910
3981.45996,0.28860
3981.59009,0.28820
3981.71997,0.28770
3981.84009,0.28730
3981.96997,0.28680
3982.10010,0.28640
3982.21997,0.28590
3982.35010,0.28550
3982.47998,0.28500
3982.61011,0.28460
3982.73999,0.28410
3982.86011,0.28370
3982.98999,0.28320
3983.12012,0.28280
3983.23999,0.28230
3983.37012,0.28190
3983.50000,0.28140
3983.62988,0.28100
3983.75000,0.28050
3983.87988,0.28010
3984.01001,0.27960
3984.13989,0.27920
3984.26001,0.27870
3984.38989,0.27830
3984.52002,0.27780
3984.64990,0.27740
3984.77002,0.27690
3984.89990,0.27640
3985.03003,0.27600
3985.15991,0.27550
3985.28003,0.27510
3985.40991,0.27460
3985.54004,0.27420
3985.66992,0.27370
3985.79004,0.27330
3985.91992,0.27280
3986.05005,0.27240
3986.17993,0.27190
3986.31006,0.27150
3986.42993,0.27100
3986.56006,0.27060
3986.68994,0.27010
3986.81006,0.26970
3986.93994,0.26920
3987.07007,0.26880
3987.19995,0.26830
3987.32007,0.26790
3987.44995,0.26740
3987.58008,0.26700
3987.70996,0.26650
3987.83008,0.26610
3987.95996,0.26560
3988.09009,0.26520
3988.21997,0.26470
3988.35010,0.26430
3988.46997,0.26380
3988.60010,0.26340
3988.72998,0.26290
3988.86011,0.26240
3988.97998,0.26200
3989.11011,0.26150
3989.23999,0.26110
3989.37012,0.26060
3989.50000,0.26020
3989.62012,0.25970
3989.75000,0.25930
3989.87988,0.25880
3990.01001,0.25840
3990.12988,0.25790
3990.26001,0.25750
3990.38989,0.25700
3990.51001,0.25660
3990.63989,0.25610
3990.77002,0.25570
3990.89990,0.25520
3991.03003,0.25480
3991.14990,0.25430
3991.28003,0.25390
3991.40991,0.25340
3991.54004,0.25300
3991.66992,0.25250
3991.79004,0.25210
3991.91992,0.25160
3992.05005,0.25110
3992.17993,0.25070
3992.30005,0.25020
3992.42993,0.24980
3992.56006,0.24930
3992.68994,0.24890
3992.82007,0.24840
3992.93994,0.24800
3993.07007,0.24750
3993.19995,0.24710
3993.33008,0.24660
3993.45996,0.24620
3993.58008,0.24570
3993.70996,0.24530
3993.84009,0.24480
3993.95996,0.24440
3994.09009,0.24390
3994.21997,0.24350
3994.35010,0.24300
3994.47998,0.24260
3994.60010,0.24210
3994.72998,0.24160
3994.86011,0.24120
3994.98999,0.24070
3995.12012,0.24030
3995.23999,0.23980
3995.37012,0.23940
3995.50000,0.23890
3995.62988,0.23850
3995.75000,0.23800
3995.87988,0.23760
3996.01001,0.23710
3996.13989,0.23670
3996.27002,0.23620
3996.38989,0.23580
3996.52002,0.23530
3996.64990,0.23490
3996.78003,0.23440
3996.90991,0.23400
3997.04004,0.23350
3997.15991,0.23310
3997.29004,0.23260
3997.41992,0.23210
3997.54004,0.23170
3997.66992,0.23120
3997.80005,0.23080
3997.92993,0.23030
3998.06006,0.22990
3998.18994,0.22940
3998.31006,0.22900
3998.43994,0.22850
3998.57007,0.22810
3998.69995,0.22760
3998.82007,0.22720
3998.94995,0.22670
3999.08008,0.22630
3999.20996,0.22580
3999.34009,0.22540
3999.46997,0.22490
3999.59009,0.22440
3999.71997,0.22400
3999.85010,0.22350
3999.97998,0.22310
4000.10010,0.22280
4000.22998,0.22250
4000.36011,0.22230
4000.48999,0.22200
4000.62012,0.22180
4000.73999,0.22150
4000.87012,0.22130
4001.00000,0.22100
4001.12988,0.22080
4001.25000,0.22050
4001.37988,0.22030
4001.51001,0.22000
4001.63989,0.21980
4001.77002,0.21950
4001.89990,0.21930
4002.02002,0.21900
4002.14990,0.21880
4002.28003,0.21850
4002.40991,0.21830
4002.54004,0.21800
4002.66992,0.21780
4002.79004,0.21750
4002.91992,0.21730
4003.05005,0.21700
4003.17993,0.21680
4003.30005,0.21650
4003.42993,0.21630
4003.56006,0.21600
4003.68994,0.21580
4003.82007,0.21550
4003.94995,0.21530
4004.07007,0.21500
4004.19995,0.21480
4004.33008,0.21450
4004.45996,0.21430
4004.59009,0.21400
4004.70996,0.21380
4004.84009,0.21350
4004.96997,0.21330
4005.10010,0.21300
4005.22998,0.21280
4005.36011,0.21250
4005.47998,0.21230
4005.61011,0.21200
4005.73999,0.21170
4005.87012,0.21150
4006.00000,0.21120
4006.12012,0.21100
4006.25000,0.21070
4006.37988,0.21050
4006.51001,0.21020
4006.63989,0.21000
4006.77002,0.20970
4006.88989,0.20950
4007.02002,0.20920
4007.14990,0.20900
4007.28003,0.20870
4007.40991,0.20850
4007.54004,0.20820
4007.65991,0.20800
4007.79004,0.20770
4007.91992,0.20750
4008.05005,0.20720
4008.17993,0.20700
4008.30005,0.20670
4008.42993,0.20650
4008.56006,0.20620
4008.68994,0.20600
4008.82007,0.20570
4008.94995,0.20550
4009.07007,0.20520
4009.19995,0.20500
4009.33008,0.20470
4009.45996,0.20450
4009.59009,0.20420
4009.70996,0.20400
4009.84009,0.20370
4009.96997,0.20350
4010.10010,0.20320
4010.22998,0.20300
4010.36011,0.20270
4010.48999,0.20240
4010.61011,0.20220
4010.73999,0.20190
4010.87012,0.20170
4011.00000,0.20140
4011.12988,0.20120
4011.25000,0.20090
4011.37988,0.20070
4011.51001,0.20040
4011.63989,0.20020
4011.77002,0.19990
4011.89990,0.19970
4012.02002,0.19940
4012.14990,0.19920
4012.28003,0.19890
4012.40991,0.19870
4012.54004,0.19840
4012.66992,0.19820
4012.79004,0.19790
4012.91992,0.19770
4013.05005,0.19740
4013.17993,0.19720
4013.31006,0.19690
4013.43994,0.19670
4013.57007,0.19640
4013.69995,0.19620
4013.82007,0.19590
4013.94995,0.19570
4014.08008,0.19540
4014.20996,0.19510
4014.34009,0.19490
4014.46997,0.19460
4014.59009,0.19440
4014.71997,0.19410
4014.85010,0.19390
4014.97998,0.19360
4015.11011,0.19340
4015.22998,0.19310
4015.36011,0.19290
4015.48999,0.19260
4015.62012,0.19240
4015.75000,0.19210
4015.87988,0.19190
4016.01001,0.19160
4016.13989,0.19140
4016.26001,0.19110
4016.38989,0.19090
4016.52002,0.19060
4016.64990,0.19040
4016.78003,0.19010
4016.90991,0.18990
4017.04004,0.18960
4017.15991,0.18940
4017.29004,0.18910
4017.41992,0.18890
4017.55005,0.18860
4017.67993,0.18840
4017.81006,0.18810
4017.93994,0.18780
4018.06006,0.18760
4018.18994,0.18730
4018.32007,0.18710
4018.44995,0.18680
4018.58008,0.18660
4018.70996,0.18630
4018.83008,0.18610
4018.95996,0.18580
4019.09009,0.18560
4019.21997,0.18530
4019.35010,0.18510
4019.47998,0.18480
4019.61011,0.18460
4019.73999,0.18430
4019.86011,0.18410
4019.98999,0.18380
4020.12012,0.18360
4020.25000,0.18330
4020.37988,0.18310
4020.51001,0.18280
4020.63989,0.18260
4020.76001,0.18230
4020.88989,0.18200
4021.02002,0.18180
4021.14990,0.18150
4021.28003,0.18130
4021.40991,0.18100
4021.54004,0.18080
4021.65991,0.18050
4021.79004,0.18030
4021.91992,0.18000
4022.05005,0.17980
4022.17993,0.17950
4022.31006,0.17930
4022.43994,0.17900
4022.57007,0.17880
4022.68994,0.17850
4022.82007,0.17830
4022.94995,0.17800
4023.08008,0.17780
4023.20996,0.17750
4023.34009,0.17730
4023.46997,0.17700
4023.59009,0.17680
4023.72998,0.17650
4023.85010,0.17620
4023.97998,0.17600
4024.11011,0.17570
4024.23999,0.17550
4024.37012,0.17520
4024.50000,0.17500
4024.62988,0.17470
4024.75000,0.17450
4024.87988,0.17420
4025.01001,0.17400
4025.13989,0.17370
4025.27002,0.17350
4025.39990,0.17320
4025.53003,0.17300
4025.64990,0.17270
4025.78003,0.17250
4025.90991,0.17220
4026.04004,0.17200
4026.16992,0.17170
4026.30005,0.17150
4026.42993,0.17120
4026.56006,0.17090
4026.68994,0.17070
4026.81006,0.17040
4026.94995,0.17020
4027.07007,0.16990
4027.19995,0.16970
4027.33008,0.16940
4027.45996,0.16920
4027.59009,0.16890
4027.71997,0.16870
4027.85010,0.16840
4027.97998,0.16820
4028.10010,0.16790
4028.22998,0.16770
4028.36011,0.16740
4028.48999,0.16720
4028.62012,0.16690
4028.75000,0.16670
4028.87988,0.16640
4029.01001,0.16610
4029.12988,0.16590
4029.26001,0.16560
4029.38989,0.16540
4029.52002,0.16510
4029.64990,0.16490
4029.78003,0.16460
4029.90991,0.16440
4030.04004,0.16410
4030.16992,0.16390
4030.30005,0.16360
4030.41992,0.16340
4030.55005,0.16310
4030.67993,0.16290
4030.81006,0.16260
4030.93994,0.16240
4031.07007,0.16210
4031.19995,0.16190
4031.33008,0.16160
4031.45996,0.16130
4031.59009,0.16110
4031.71997,0.16080
4031.84009,0.16060
4031.96997,0.16030
4032.10010,0.16010
4032.22998,0.15980
4032.36011,0.15960
4032.48999,0.15930
4032.62012,0.15910
4032.75000,0.15880
4032.87012,0.15860
4033.00000,0.15830
4033.12988,0.15810
4033.26001,0.15780
4033.38989,0.15760
4033.52002,0.15730
4033.64990,0.15700
4033.78003,0.15680
4033.90991,0.15650
4034.04004,0.15630
4034.16992,0.15600
4034.30005,0.15580
4034.41992,0.15550
4034.55005,0.15530
4034.67993,0.15500
4034.81006,0.15480
4034.93994,0.15450
4035.07007,0.15430
4035.19995,0.15400
4035.33008,0.15380
4035.45996,0.15350
4035.59009,0.15320
4035.71997,0.15300
4035.84009,0.15270
4035.96997,0.15250
4036.10010,0.15220
4036.22998,0.15200
4036.36011,0.15170
4036.48999,0.15150
4036.62012,0.15120
4036.75000,0.15100
4036.87988,0.15070
4037.01001,0.15050
4037.13989,0.15020
4037.26001,0.15000
4037.39990,0.14970
4037.52002,0.14950
4037.64990,0.14920
4037.78003,0.14890
4037.90991,0.14870
4038.04004,0.14840
4038.16992,0.14820
4038.30005,0.14790
4038.42993,0.14770
4038.56006,0.14740
4038.68994,0.14720
4038.82007,0.14690
4038.94995,0.14670
4039.08008,0.14640
4039.19995,0.14620
4039.33008,0.14590
4039.45996,0.14570
4039.59009,0.14540
4039.71997,0.14510
4039.85010,0.14490
4039.97998,0.14460
4040.11011,0.14440
4040.23999,0.14410
4040.37012,0.14390
4040.50000,0.14360
4040.62988,0.14340
4040.75000,0.14310
4040.87988,0.14290
4041.01001,0.14260
4041.13989,0.14240
4041.27002,0.14210
4041.39990,0.14190
4041.53003,0.14160
4041.65991,0.14130
4041.79004,0.14110
4041.91992,0.14080
4042.05005,0.14060
4042.17993,0.14030
4042.31006,0.14010
4042.43994,0.13980
4042.57007,0.13960
4042.69995,0.13930
4042.82007,0.13910
4042.94995,0.13880
4043.08008,0.13860
4043.20996,0.13830
4043.34009,0.13810
4043.46997,0.13780
4043.60010,0.13750
4043.72998,0.13730
4043.86011,0.13700
4043.98999,0.13680
4044.12012,0.13650
4044.25000,0.13630
4044.37988,0.13600
4044.51001,0.13580
4044.63989,0.13550
4044.77002,0.13530
4044.88989,0.13500
4045.02002,0.13480
4045.14990,0.13450
4045.28003,0.13420
4045.40991,0.13400
4045.54004,0.13370
4045.66992,0.13350
4045.80005,0.13320
4045.92993,0.13300
4046.06006,0.13270
4046.18994,0.13250
4046.32007,0.13220
4046.44995,0.13200
4046.58008,0.13170
4046.70996,0.13150
4046.84009,0.13120
4046.96997,0.13090
4047.09009,0.13070
4047.21997,0.13040
4047.35010,0.13020
4047.47998,0.12990
4047.61011,0.12970
4047.73999,0.12940
4047.87012,0.12920
4048.00000,0.12890
4048.12988,0.12870
4048.26001,0.12840
4048.38989,0.12820
4048.52002,0.12790
4048.64990,0.12760
4048.78003,0.12740
4048.90991,0.12710
4049.04004,0.12690
4049.16992,0.12660
4049.30005,0.12640
4049.42993,0.12610
4049.56006,0.12590
4049.68994,0.12560
4049.82007,0.12540
4049.93994,0.12510
4050.07007,0.12490
4050.19995,0.12470
4050.33008,0.12450
4050.45996,0.12440
4050.59009,0.12420
4050.71997,0.12400
4050.85010,0.12380
4050.97998,0.12370
4051.11011,0.12350
4051.23999,0.12330
4051.37012,0.12310
4051.50000,0.12300
4051.62988,0.12280
4051.76001,0.12260
4051.88989,0.12240
4052.02002,0.12230
4052.14990,0.12210
4052.28003,0.12190
4052.40991,0.12170
4052.54004,0.12150
4052.66992,0.12140
4052.80005,0.12120
4052.92993,0.12100
4053.06006,0.12080
4053.18994,0.12070
4053.32007,0.12050
4053.44995,0.12030
4053.57007,0.12010
4053.69995,0.12000
4053.83008,0.11980
4053.95996,0.11960
4054.09009,0.11940
4054.21997,0.11930
4054.35010,0.11910
4054.47998,0.11890
4054.61011,0.11870
4054.73999,0.11860
4054.87012,0.11840
4055.00000,0.11820
4055.12988,0.11800
4055.26001,0.11780
4055.38989,0.11770
4055.52002,0.11750
4055.64990,0.11730
4055.78003,0.11710
4055.90991,0.11700
4056.04004,0.11680
4056.16992,0.11660
4056.30005,0.11640
4056.42993,0.11630
4056.56006,0.11610
4056.68994,0.11590
4056.82007,0.11570
4056.94995,0.11550
4057.08008,0.11540
4057.20996,0.11520
4057.34009,0.11500
4057.46997,0.11480
4057.60010,0.11470
4057.72998,0.11450
4057.86011,0.11430
4057.98999,0.11410
4058.12012,0.11400
4058.25000,0.11380
4058.37988,0.11360
4058.51001,0.11340
4058.63989,0.11330
4058.77002,0.11310
4058.89990,0.11290
4059.03003,0.11270
4059.15991,0.11250
4059.29004,0.11240
4059.41992,0.11220
4059.55005,0.11200
4059.67993,0.11180
4059.81006,0.11170
4059.93994,0.11150
4060.07007,0.11130
4060.19995,0.11110
4060.33008,0.11100
4060.45996,0.11080
4060.58008,0.11060
4060.71997,0.11040
4060.84009,0.11030
4060.96997,0.11010
4061.11011,0.10990
4061.22998,0.10970
4061.36011,0.10950
4061.50000,0.10940
4061.62012,0.10920
4061.75000,0.10900
4061.88989,0.10880
4062.01001,0.10870
4062.13989,0.10850
4062.28003,0.10830
4062.40991,0.10810
4062.53003,0.10800
4062.66992,0.10780
4062.80005,0.10760
4062.91992,0.10740
4063.06006,0.10720
4063.18994,0.10710
4063.32007,0.10690
4063.43994,0.10670
4063.58008,0.10650
4063.70996,0.10640
4063.83008,0.10620
4063.96997,0.10600
4064.09009,0.10580
4064.21997,0.10570
4064.35010,0.10550
4064.47998,0.10530
4064.61011,0.10510
4064.75000,0.10490
4064.87012,0.10480
4065.00000,0.10460
4065.13989,0.10440
4065.27002,0.10420
4065.38989,0.10410
4065.53003,0.10390
4065.65991,0.10370
4065.79004,0.10350
4065.91992,0.10340
4066.05005,0.10320
4066.17993,0.10300
4066.31006,0.10280
4066.43994,0.10260
4066.57007,0.10250
4066.69995,0.10230
4066.83008,0.10210
4066.95996,0.10190
4067.09009,0.10180
4067.21997,0.10160
4067.35010,0.10140
4067.47998,0.10120
4067.61011,0.10110
4067.73999,0.10090
4067.87012,0.10070
4068.00000,0.10050
4068.12988,0.10030
4068.26001,0.10020
4068.38989,0.10000
4068.52002,0.09980
4068.64990,0.09960
4068.78003,0.09950
4068.90991,0.09930
4069.04004,0.09910
4069.16992,0.09890
4069.30005,0.09880
4069.42993,0.09860
4069.56006,0.09840
4069.68994,0.09820
4069.82007,0.09800
4069.94995,0.09790
4070.08008,0.09770
4070.20996,0.09750
4070.34009,0.09730
4070.46997,0.09720
4070.60010,0.09700
4070.72998,0.09680
4070.86011,0.09660
4070.98999,0.09640
4071.12012,0.09630
4071.25000,0.09610
4071.37988,0.09590
4071.51001,0.09570
4071.63989,0.09560
4071.77002,0.09540
4071.89990,0.09520
4072.04004,0.09500
4072.16992,0.09490
4072.29004,0.09470
4072.42993,0.09450
4072.56006,0.09430
4072.68994,0.09410
4072.82007,0.09400
4072.94995,0.09380
4073.08008,0.09360
4073.20996,0.09340
4073.34009,0.09330
4073.46997,0.09310
4073.60010,0.09290
4073.72998,0.09270
4073.86011,0.09260
4073.98999,0.09240
4074.12012,0.09220
4074.25000,0.09200
4074.37988,0.09180
4074.51001,0.09170
4074.63989,0.09150
4074.77002,0.09130
4074.89990,0.09110
4075.03003,0.09100
4075.15991,0.09080
4075.29004,0.09060
4075.41992,0.09040
4075.55005,0.09020
4075.68994,0.09010
4075.82007,0.08990
4075.93994,0.08970
4076.08008,0.08950
4076.20996,0.08940
4076.34009,0.08920
4076.46997,0.08900
4076.60010,0.08880
4076.72998,0.08870
4076.86011,0.08850
4076.98999,0.08830
4077.12012,0.08810
4077.25000,0.08790
4077.37988,0.08780
4077.51001,0.08760
4077.63989,0.08740
4077.77002,0.08720
4077.89990,0.08710
4078.04004,0.08690
4078.16992,0.08670
4078.29004,0.08650
4078.41992,0.08630
4078.56006,0.08620
4078.67993,0.08600
4078.81006,0.08580
4078.94995,0.08560
4079.08008,0.08550
4079.20996,0.08530
4079.34009,0.08510
4079.46997,0.08490
4079.60010,0.08470
4079.72998,0.08460
4079.86011,0.08440
4079.98999,0.08420
4080.12012,0.08400
4080.25000,0.08390
4080.37988,0.08370
4080.51001,0.08350
4080.63989,0.08330
4080.77002,0.08310
4080.90991,0.08300
4081.04004,0.08280
4081.16992,0.08260
4081.30005,0.08240
4081.42993,0.08230
4081.56006,0.08210
4081.68994,0.08190
4081.82007,0.08170
4081.94995,0.08160
4082.08008,0.08140
4082.20996,0.08120
4082.34009,0.08100
4082.46997,0.08080
4082.60010,0.08070
4082.72998,0.08050
4082.86011,0.08030
4082.98999,0.08010
4083.12012,0.08000
4083.25000,0.07980
4083.38989,0.07960
4083.52002,0.07940
4083.64990,0.07920
4083.78003,0.07910
4083.90991,0.07890
4084.04004,0.07870
4084.16992,0.07850
4084.30005,0.07830
4084.42993,0.07820
4084.56006,0.07800
4084.68994,0.07780
4084.82007,0.07760
4084.95996,0.07750
4085.09009,0.07730
4085.21997,0.07710
4085.35010,0.07690
4085.47998,0.07680
4085.61011,0.07660
4085.73999,0.07640
4085.87012,0.07620
4086.00000,0.07600
4086.12988,0.07590
4086.26001,0.07570
4086.38989,0.07550
4086.52002,0.07530
4086.64990,0.07510
4086.78003,0.07500
4086.91992,0.07480
4087.05005,0.07460
4087.17993,0.07440
4087.31006,0.07430
4087.43994,0.07410
4087.57007,0.07390
4087.69995,0.07370
4087.83008,0.07350
4087.95996,0.07340
4088.09009,0.07320
4088.22998,0.07300
4088.36011,0.07280
4088.48999,0.07270
4088.62012,0.07250
4088.75000,0.07230
4088.87988,0.07210
4089.01001,0.07190
4089.13989,0.07180
4089.27002,0.07160
4089.39990,0.07140
4089.53003,0.07120
4089.65991,0.07110
4089.79004,0.07090
4089.91992,0.07070
4090.05005,0.07050
4090.18994,0.07030
4090.32007,0.07020
4090.44995,0.07000
4090.58008,0.06980
4090.70996,0.06960
4090.84009,0.06950
4090.96997,0.06930
4091.10010,0.06910
4091.22998,0.06890
4091.36011,0.06870
4091.50000,0.06860
4091.62988,0.06840
4091.76001,0.06820
4091.88989,0.06800
4092.02002,0.06790
4092.14990,0.06770
4092.28003,0.06750
4092.40991,0.06730
4092.54004,0.06710
4092.66992,0.06700
4092.81006,0.06680
4092.92993,0.06660
4093.07007,0.06640
4093.19995,0.06630
4093.33008,0.06610
4093.45996,0.06590
4093.59009,0.06570
4093.71997,0.06550
4093.85010,0.06540
4093.97998,0.06520
4094.11011,0.06500
4094.23999,0.06480
4094.37988,0.06460
4094.51001,0.06450
4094.63989,0.06430
4094.77002,0.06410
4094.89990,0.06390
4095.03003,0.06380
4095.15991,0.06360
4095.29004,0.06340
4095.41992,0.06320
4095.56006,0.06300
4095.68994,0.06290
4095.82007,0.06270
4095.94995,0.06250
4096.08008,0.06230
4096.20996,0.06220
4096.33984,0.06200
4096.47021,0.06180
4096.60010,0.06160
4096.74023,0.06140
4096.87012,0.06130
4097.00000,0.06110
4097.12988,0.06090
4097.25977,0.06070
4097.39014,0.06050
4097.52002,0.06040
4097.64990,0.06020
4097.77979,0.06000
4097.91016,0.05980
4098.04980,0.05970
4098.18018,0.05950
4098.31006,0.05930
4098.43994,0.05910
4098.56982,0.05890
4098.70020,0.05880
4098.83008,0.05860
4098.97021,0.05840
4099.10010,0.05820
4099.22998,0.05800
4099.35986,0.05790
4099.49023,0.05770
4099.62012,0.05750
4099.75000,0.05730
4099.87988,0.05720
4100.02002,0.05700
4100.14014,0.05680
4100.27002,0.05670
4100.41016,0.05660
4100.54004,0.05640
4100.66992,0.05630
4100.79980,0.05620
4100.93018,0.05600
4101.06006,0.05590
4101.18994,0.05580
4101.33008,0.05560
4101.45996,0.05550
4101.58984,0.05530
4101.72021,0.05520
4101.85010,0.05510
4101.97998,0.05490
4102.10986,0.05480
4102.25000,0.05470
4102.37988,0.05450
4102.50977,0.05440
4102.64014,0.05430
4102.77002,0.05410
4102.89990,0.05400
4103.02979,0.05380
4103.16016,0.05370
4103.29980,0.05360
4103.43018,0.05340
4103.56006,0.05330
4103.68994,0.05320
4103.81982,0.05300
4103.95020,0.05290
4104.08008,0.05280
4104.20996,0.05260
4104.33984,0.05250
4104.47998,0.05230
4104.60986,0.05220
4104.74023,0.05210
4104.87012,0.05190
4105.00000,0.05180
4105.12988,0.05170
4105.25977,0.05150
4105.39990,0.05140
4105.52979,0.05130
4105.66016,0.05110
4105.79004,0.05100
4105.91992,0.05080
4106.04980,0.05070
4106.18994,0.05060
4106.31982,0.05040
4106.45020,0.05030
4106.58008,0.05020
4106.70996,0.05000
4106.83984,0.04990
4106.97998,0.04970
4107.10986,0.04960
4107.22998,0.04950
4107.37012,0.04930
4107.50000,0.04920
4107.62988,0.04910
4107.75977,0.04890
4107.89014,0.04880
4108.02002,0.04870
4108.14990,0.04850
4108.29004,0.04840
4108.41992,0.04820
4108.54980,0.04810
4108.68018,0.04800
4108.81006,0.04780
4108.95020,0.04770
4109.08008,0.04760
4109.20996,0.04740
4109.33984,0.04730
4109.47021,0.04710
4109.60010,0.04700
4109.72998,0.04690
4109.87012,0.04670
4110.00000,0.04660
4110.12988,0.04650
4110.25977,0.04630
4110.39014,0.04620
4110.52002,0.04610
4110.66016,0.04590
4110.79004,0.04580
4110.91992,0.04560
4111.04980,0.04550
4111.18018,0.04540
4111.31006,0.04520
4111.43994,0.04510
4111.56982,0.04500
4111.70996,0.04480
4111.83984,0.04470
4111.97021,0.04460
4112.10010,0.04440
4112.22998,0.04430
4112.35986,0.04410
4112.50000,0.04400
4112.62988,0.04390
4112.75977,0.04370
4112.89014,0.04360
4113.02002,0.04350
4113.16016,0.04330
4113.29004,0.04320
4113.41992,0.04300
4113.54980,0.04290
4113.68018,0.04280
4113.81006,0.04260
4113.95020,0.04250
4114.08008,0.04240
4114.20996,0.04220
4114.33984,0.04210
4114.47021,0.04200
4114.60010,0.04180
4114.72998,0.04170
4114.85986,0.04150
4115.00000,0.04140
4115.12988,0.04130
4115.25977,0.04110
4115.39014,0.04100
4115.52002,0.04090
4115.66016,0.04070
4115.79004,0.04060
4115.91992,0.04040
4116.04980,0.04030
4116.18018,0.04020
4116.31982,0.04000
4116.45020,0.03990
4116.58008,0.03980
4116.70996,0.03960
4116.83984,0.03950
4116.97021,0.03930
4117.10010,0.03920
4117.24023,0.03910
4117.37012,0.03890
4117.50000,0.03880
4117.62988,0.03870
4117.75977,0.03850
4117.89990,0.03840
4118.02979,0.03830
4118.16016,0.03810
4118.29004,0.03800
4118.41992,0.03780
4118.54980,0.03770
4118.68018,0.03760
4118.81982,0.03740
4118.95020,0.03730
4119.08008,0.03720
4119.20996,0.03700
4119.33984,0.03690
4119.47998,0.03670
4119.60986,0.03660
4119.74023,0.03650
4119.87012,0.03630
4120.00000,0.03620
4120.14014,0.03610
4120.27002,0.03590
4120.39990,0.03580
4120.52979,0.03560
4120.66016,0.03550
4120.79004,0.03540
4120.93018,0.03520
4121.06006,0.03510
4121.18994,0.03500
4121.31982,0.03480
4121.45996,0.03470
4121.58984,0.03460
4121.72021,0.03440
4121.85010,0.03430
4121.97998,0.03410
4122.10986,0.03400
4122.24023,0.03390
4122.37988,0.03370
4122.50977,0.03360
4122.64014,0.03350
4122.77002,0.03330
4122.91016,0.03320
4123.04004,0.03300
4123.16992,0.03290
4123.29980,0.03280
4123.43018,0.03260
4123.56006,0.03250
4123.70020,0.03240
4123.83008,0.03220
4123.95996,0.03210
4124.08984,0.03190
4124.22998,0.03180
4124.35986,0.03170
4124.49023,0.03150
4124.62012,0.03140
4124.75000,0.03130
4124.87988,0.03110
4125.02002,0.03100
4125.14990,0.03080
4125.27979,0.03070
4125.41016,0.03060
4125.54004,0.03040
4125.66992,0.03030
4125.81006,0.03020
4125.93994,0.03000
4126.06982,0.02990
4126.20020,0.02970
4126.33984,0.02960
4126.47021,0.02950
4126.60010,0.02930
4126.72998,0.02920
4126.85986,0.02910
4127.00000,0.02890
4127.12988,0.02880
4127.25977,0.02860
4127.39014,0.02850
4127.52979,0.02840
4127.66016,0.02820
4127.79004,0.02810
4127.91992,0.02800
4128.04980,0.02780
4128.18994,0.02770
4128.31982,0.02750
4128.45020,0.02740
4128.58008,0.02730
4128.72021,0.02710
4128.83984,0.02700
4128.97998,0.02690
4129.10986,0.02670
4129.24023,0.02660
4129.37012,0.02650
4129.50977,0.02630
4129.64014,0.02620
4129.77002,0.02600
4129.89990,0.02590
4130.02979,0.02580
4130.16992,0.02560
4130.29980,0.02550
4130.43018,0.02540
4130.56006,0.02520
4130.70020,0.02510
4130.83008,0.02490
4130.95996,0.02480
4131.08984,0.02470
4131.22998,0.02450
4131.35986,0.02440
4131.49023,0.02420
4131.62012,0.02410
4131.75000,0.02400
4131.89014,0.02380
4132.02002,0.02370
4132.14990,0.02360
4132.27979,0.02340
4132.41992,0.02330
4132.54980,0.02320
4132.68018,0.02300
4132.81006,0.02290
4132.93994,0.02270
4133.06982,0.02260
4133.20996,0.02250
4133.33984,0.02230
4133.47021,0.02220
4133.60010,0.02210
4133.74023,0.02190
4133.87012,0.02180
4134.00000,0.02160
4134.12988,0.02150
4134.27002,0.02140
4134.39990,0.02120
4134.52979,0.02110
4134.66016,0.02100
4134.79980,0.02080
4134.93018,0.02070
4135.06006,0.02050
4135.18994,0.02040
4135.33008,0.02030
4135.45996,0.02010
4135.58984,0.02000
4135.72021,0.01980
4135.85010,0.01970
4135.99023,0.01960
4136.12012,0.01940
4136.25000,0.01930
4136.37988,0.01920
4136.52002,0.01900
4136.64990,0.01890
4136.77979,0.01880
4136.91016,0.01860
4137.04004,0.01850
4137.18018,0.01830
4137.31006,0.01820
4137.43994,0.01810
4137.56982,0.01790
4137.70996,0.01780
4137.83984,0.01760
4137.97021,0.01750
4138.10010,0.01740
4138.24023,0.01720
4138.37012,0.01710
4138.50000,0.01700
4138.62988,0.01680
4138.77002,0.01670
4138.89990,0.01650
4139.02979,0.01640
4139.16016,0.01630
4139.29980,0.01610
4139.43018,0.01600
4139.56006,0.01590
4139.68994,0.01570
4139.83008,0.01560
4139.95996,0.01540
4140.08984,0.01530
4140.22021,0.01520
4140.35010,0.01500
4140.49023,0.01490
4140.62012,0.01480
4140.75000,0.01460
4140.87988,0.01450
4141.02002,0.01430
4141.14990,0.01420
4141.27979,0.01410
4141.41992,0.01390
4141.54980,0.01380
4141.68018,0.01370
4141.81006,0.01350
4141.95020,0.01340
4142.08008,0.01320
4142.20996,0.01310
4142.33984,0.01300
4142.47998,0.01280
4142.60986,0.01270
4142.74023,0.01250
4142.87012,0.01240
4143.00977,0.01230
4143.14014,0.01210
4143.27002,0.01200
4143.39990,0.01190
4143.54004,0.01170
4143.66992,0.01160
4143.79980,0.01140
4143.93018,0.01130
4144.06982,0.01120
4144.20020,0.01100
4144.33008,0.01090
4144.45996,0.01080
4144.60010,0.01060
4144.72998,0.01050
4144.85986,0.01030
4144.99023,0.01020
4145.12988,0.01010
4145.25977,0.00990
4145.39014,0.00980
4145.52979,0.00970
4145.66016,0.00950
4145.79004,0.00940
4145.91992,0.00920
4146.06006,0.00910
4146.18994,0.00900
4146.31982,0.00880
4146.45996,0.00870
4146.58984,0.00850
4146.72021,0.00840
4146.85010,0.00830
4146.97998,0.00810
4147.12012,0.00800
4147.25000,0.00790
4147.37988,0.00770
4147.50977,0.00760
4147.64990,0.00740
4147.77979,0.00730
4147.91016,0.00720
4148.04980,0.00700
4148.18018,0.00690
4148.31006,0.00680
4148.45020,0.00660
4148.58008,0.00650
4148.70996,0.00630
4148.83984,0.00620
4148.97998,0.00610
4149.10986,0.00590
4149.24023,0.00580
4149.37012,0.00570
4149.50977,0.00550
4149.64014,0.00540
4149.77002,0.00520
4149.91016,0.00510
4150.04004,0.00500
4150.16992,0.00500
4150.29980,0.00500
4150.43994,0.00500
4150.56982,0.00490
4150.70020,0.00490
4150.83008,0.00490
4150.97021,0.00490
4151.10010,0.00490
4151.22998,0.00490
4151.37012,0.00490
4151.50000,0.00480
4151.62988,0.00480
4151.75977,0.00480
4151.89990,0.00480
4152.02979,0.00480
4152.16016,0.00480
4152.29980,0.00480
4152.43018,0.00480
4152.56006,0.00470
4152.68994,0.00470
4152.83008,0.00470
4152.95996,0.00470
4153.08984,0.00470
4153.22998,0.00470
4153.35986,0.00470
4153.49023,0.00470
4153.62012,0.00460
4153.75977,0.00460
4153.89014,0.00460
4154.02002,0.00460
4154.16016,0.00460
4154.29004,0.00460
4154.41992,0.00460
4154.56006,0.00450
4154.68994,0.00450
4154.81982,0.00450
4154.95020,0.00450
4155.08984,0.00450
4155.22021,0.00450
4155.35010,0.00450
4155.49023,0.00450
4155.62012,0.00440
4155.75000,0.00440
4155.89014,0.00440
4156.02002,0.00440
4156.14990,0.00440
4156.27979,0.00440
4156.41992,0.00440
4156.54980,0.00430
4156.68018,0.00430
4156.81982,0.00430
4156.95020,0.00430
4157.08008,0.00430
4157.22021,0.00430
4157.35010,0.00430
4157.47998,0.00430
4157.62012,0.00420
4157.75000,0.00420
4157.87988,0.00420
4158.00977,0.00420
4158.14014,0.00420
4158.27979,0.00420
4158.41016,0.00420
4158.54004,0.00410
4158.68018,0.00410
4158.81006,0.00410
4158.93994,0.00410
4159.08008,0.00410
4159.20996,0.00410
4159.33984,0.00410
4159.47998,0.00410
4159.60986,0.00400
4159.74023,0.00400
4159.87988,0.00400
4160.00977,0.00400
4160.14014,0.00400
4160.27002,0.00400
4160.41016,0.00400
4160.54004,0.00390
4160.66992,0.00390
4160.81006,0.00390
4160.93994,0.00390
4161.06982,0.00390
4161.20996,0.00390
4161.33984,0.00390
4161.47021,0.00390
4161.60986,0.00380
4161.74023,0.00380
4161.87012,0.00380
4162.00977,0.00380
4162.14014,0.00380
4162.27002,0.00380
4162.41016,0.00380
4162.54004,0.00370
4162.66992,0.00370
4162.81006,0.00370
4162.93994,0.00370
4163.06982,0.00370
4163.20020,0.00370
4163.33984,0.00370
4163.47021,0.00370
4163.60010,0.00360
4163.74023,0.00360
4163.87012,0.00360
4164.00000,0.00360
4164.14014,0.00360
4164.27002,0.00360
4164.39990,0.00360
4164.54004,0.00350
4164.66992,0.00350
4164.79980,0.00350
4164.93994,0.00350
4165.06982,0.00350
4165.20020,0.00350
4165.33984,0.00350
4165.47021,0.00350
4165.60010,0.00340
4165.74023,0.00340
4165.87012,0.00340
4166.00000,0.00340
4166.14014,0.00340
4166.27002,0.00340
4166.39990,0.00340
4166.54004,0.00330
4166.66992,0.00330
4166.79980,0.00330
4166.93994,0.00330
4167.06982,0.00330
4167.20020,0.00330
4167.33984,0.00330
4167.47021,0.00330
4167.60010,0.00320
4167.74023,0.00320
4167.87012,0.00320
4168.00000,0.00320
4168.14014,0.00320
4168.27002,0.00320
4168.39990,0.00320
4168.54004,0.00310
4168.66992,0.00310
4168.79980,0.00310
4168.93994,0.00310
4169.06982,0.00310
4169.20020,0.00310
4169.33984,0.00310
4169.47021,0.00310
4169.60010,0.00300
4169.74023,0.00300
4169.87012,0.00300
4170.00000,0.00300
4170.14014,0.00300
4170.27002,0.00300
4170.39990,0.00300
4170.54004,0.00290
4170.66992,0.00290
4170.81006,0.00290
4170.93994,0.00290
4171.06982,0.00290
4171.20996,0.00290
4171.33984,0.00290
4171.47021,0.00290
4171.60986,0.00280
4171.74023,0.00280
4171.87012,0.00280
4172.00977,0.00280
4172.14014,0.00280
4172.27002,0.00280
4172.41016,0.00280
4172.54004,0.00270
4172.66992,0.00270
4172.81006,0.00270
4172.93994,0.00270
4173.06982,0.00270
4173.20996,0.00270
4173.33984,0.00270
4173.47021,0.00270
4173.60986,0.00260
4173.74023,0.00260
4173.87988,0.00260
4174.00977,0.00260
4174.14014,0.00260
4174.27979,0.00260
4174.41016,0.00260
4174.54004,0.00250
4174.68018,0.00250
4174.81006,0.00250
4174.95020,0.00250
4175.08008,0.00250
4175.20996,0.00250
4175.35010,0.00250
4175.47998,0.00250
4175.60986,0.00240
4175.75000,0.00240
4175.87988,0.00240
4176.00977,0.00240
4176.14990,0.00240
4176.27979,0.00240
4176.41016,0.00240
4176.54980,0.00230
4176.68018,0.00230
4176.81006,0.00230
4176.95020,0.00230
4177.08008,0.00230
4177.20996,0.00230
4177.35010,0.00230
4177.47998,0.00230
4177.62012,0.00220
4177.75000,0.00220
4177.87988,0.00220
4178.02002,0.00220
4178.14990,0.00220
4178.29004,0.00220
4178.41992,0.00220
4178.54980,0.00210
4178.68994,0.00210
4178.81982,0.00210
4178.95020,0.00210
4179.08984,0.00210
4179.22021,0.00210
4179.35010,0.00210
4179.49023,0.00210
4179.62012,0.00200
4179.75000,0.00200
4179.89014,0.00200
4180.02002,0.00200
4180.16016,0.00200
4180.29004,0.00200
4180.41992,0.00200
4180.56006,0.00190
4180.68994,0.00190
4180.83008,0.00190
4180.95996,0.00190
4181.08984,0.00190
4181.22998,0.00190
4181.35986,0.00190
4181.50000,0.00180
4181.62988,0.00180
4181.75977,0.00180
4181.89990,0.00180
4182.02979,0.00180
4182.16016,0.00180
4182.29980,0.00180
4182.43018,0.00180
4182.56982,0.00170
4182.70020,0.00170
4182.83008,0.00170
4182.97021,0.00170
4183.10010,0.00170
4183.24023,0.00170
4183.37012,0.00170
4183.50000,0.00160
4183.64014,0.00160
4183.77002,0.00160
4183.89990,0.00160
4184.04004,0.00160
4184.16992,0.00160
4184.29980,0.00160
4184.43994,0.00160
4184.56982,0.00150
4184.70996,0.00150
4184.83984,0.00150
4184.97998,0.00150
4185.10986,0.00150
4185.24023,0.00150
4185.37988,0.00150
4185.50977,0.00140
4185.64990,0.00140
4185.77979,0.00140
4185.91016,0.00140
4186.04980,0.00140
4186.18018,0.00140
4186.31006,0.00140
4186.45020,0.00140
4186.58008,0.00130
4186.72021,0.00130
4186.85010,0.00130
4186.99023,0.00130
4187.12012,0.00130
4187.25000,0.00130
4187.39014,0.00130
4187.52002,0.00120
4187.64990,0.00120
4187.79004,0.00120
4187.91992,0.00120
4188.06006,0.00120
4188.18994,0.00120
4188.31982,0.00120
4188.45996,0.00120
4188.58984,0.00110
4188.72998,0.00110
4188.85986,0.00110
4189.00000,0.00110
4189.12988,0.00110
4189.25977,0.00110
4189.39990,0.00110
4189.52979,0.00100
4189.66016,0.00100
4189.79980,0.00100
4189.93018,0.00100
4190.06982,0.00100
4190.20020,0.00100
4190.33984,0.00100
4190.47021,0.00100
4190.60010,0.00090
4190.74023,0.00090
4190.87012,0.00090
4191.00000,0.00090
4191.14014,0.00090
4191.27002,0.00090
4191.41016,0.00090
4191.54004,0.00080
4191.68018,0.00080
4191.81006,0.00080
4191.93994,0.00080
4192.08008,0.00080
4192.20996,0.00080
4192.35010,0.00080
4192.47998,0.00080
4192.60986,0.00070
4192.75000,0.00070
4192.87988,0.00070
4193.02002,0.00070
4193.14990,0.00070
4193.29004,0.00070
4193.41992,0.00070
4193.56006,0.00060
4193.68994,0.00060
4193.81982,0.00060
4193.95996,0.00060
4194.08984,0.00060
4194.22998,0.00060
4194.35986,0.00060
4194.49023,0.00060
4194.62988,0.00050
4194.75977,0.00050
4194.89990,0.00050
4195.02979,0.00050
4195.16016,0.00050
4195.29980,0.00050
4195.43018,0.00050
4195.56982,0.00040
4195.70020,0.00040
4195.83984,0.00040
4195.97021,0.00040
4196.10010,0.00040
4196.24023,0.00040
4196.37012,0.00040
4196.50977,0.00030
4196.64014,0.00030
4196.77979,0.00030
4196.91016,0.00030
4197.04004,0.00030
4197.18018,0.00030
4197.31006,0.00030
4197.45020,0.00030
4197.58008,0.00020
4197.72021,0.00020
4197.85010,0.00020
4197.99023,0.00020
4198.12012,0.00020
4198.25000,0.00020
4198.39014,0.00020
4198.52002,0.00010
4198.66016,0.00010
4198.79004,0.00010
4198.91992,0.00010
4199.06006,0.00010
4199.18994,0.00010
4199.33008,0.00010
4199.45996,0.00010
4199.60010,0.00000
4199.72998,0.00000
4199.87012,0.00000
4200.00000,0.00000
