wavelength,response
4750.00000,0.00000
4750.20996,0.00010
4750.41992,0.00030
4750.62988,0.00040
4750.83984,0.00050
4751.04980,0.00060
4751.27002,0.00080
4751.47998,0.00090
4751.68994,0.00100
4751.89990,0.00110
4752.10986,0.00130
4752.31982,0.00140
4752.52979,0.00150
4752.74023,0.00160
4752.95020,0.00180
4753.16016,0.00190
4753.37012,0.00200
4753.58008,0.00220
4753.79004,0.00230
4754.00000,0.00240
4754.20996,0.00250
4754.43018,0.00270
4754.62988,0.00280
4754.85010,0.00290
4755.06006,0.00300
4755.27002,0.00320
4755.47998,0.00330
4755.68994,0.00340
4755.89990,0.00350
4756.10986,0.00370
4756.31982,0.00380
4756.52979,0.00390
4756.75000,0.00400
4756.95996,0.00420
4757.16992,0.00430
4757.37988,0.00440
4757.58984,0.00460
4757.79980,0.00470
4758.00977,0.00480
4758.22021,0.00490
4758.43018,0.00510
4758.64990,0.00520
4758.85010,0.00530
4759.06982,0.00540
4759.27979,0.00560
4759.49023,0.00570
4759.70020,0.00580
4759.91016,0.00590
4760.12012,0.00610
4760.33008,0.00620
4760.54004,0.00630
4760.75000,0.00650
4760.97021,0.00660
4761.18018,0.00670
4761.39014,0.00680
4761.60010,0.00700
4761.81006,0.00710
4762.02002,0.00720
4762.22998,0.00730
4762.45020,0.00750
4762.64990,0.00760
4762.87012,0.00770
4763.08008,0.00780
4763.29004,0.00800
4763.50000,0.00810
4763.70996,0.00820
4763.91992,0.00840
4764.12988,0.00850
4764.33984,0.00860
4764.56006,0.00870
4764.77002,0.00890
4764.97998,0.00900
4765.18994,0.00910
4765.39990,0.00920
4765.60986,0.00940
4765.81982,0.00950
4766.02979,0.00960
4766.25000,0.00970
4766.45996,0.00990
4766.66992,0.01000
4766.87988,0.01010
4767.08984,0.01030
4767.29980,0.01040
4767.50977,0.01050
4767.72021,0.01060
4767.93994,0.01080
4768.14990,0.01090
4768.35986,0.01100
4768.56982,0.01110
4768.77979,0.01130
4768.99023,0.01140
4769.20020,0.01150
4769.41992,0.01160
4769.62988,0.01180
4769.83984,0.01190
4770.04980,0.01200
4770.25977,0.01220
4770.47021,0.01230
4770.68994,0.01240
4770.89990,0.01250
4771.10986,0.01270
4771.31982,0.01280
4771.52979,0.01290
4771.74023,0.01300
4771.95996,0.01320
4772.16992,0.01330
4772.37988,0.01340
4772.58984,0.01360
4772.79980,0.01370
4773.00977,0.01380
4773.22021,0.01390
4773.43994,0.01410
4773.64990,0.01420
4773.85986,0.01430
4774.06982,0.01440
4774.27979,0.01460
4774.49023,0.01470
4774.70020,0.01480
4774.91992,0.01500
4775.12988,0.01510
4775.33984,0.01520
4775.54980,0.01530
4775.77002,0.01550
4775.97998,0.01560
4776.18994,0.01570
4776.39990,0.01580
4776.60986,0.01600
4776.81982,0.01610
4777.04004,0.01620
4777.25000,0.01630
4777.45996,0.01650
4777.66992,0.01660
4777.87988,0.01670
4778.08984,0.01690
4778.31006,0.01700
4778.52002,0.01710
4778.72998,0.01720
4778.93994,0.01740
4779.14990,0.01750
4779.35986,0.01760
4779.58008,0.01770
4779.79004,0.01790
4780.00000,0.01800
4780.20996,0.01810
4780.41992,0.01830
4780.64014,0.01840
4780.85010,0.01850
4781.06006,0.01860
4781.27002,0.01880
4781.47998,0.01890
4781.70020,0.01900
4781.91016,0.01910
4782.12012,0.01930
4782.33008,0.01940
4782.54980,0.01950
4782.75977,0.01970
4782.97021,0.01980
4783.18018,0.01990
4783.39014,0.02000
4783.60986,0.02020
4783.81982,0.02030
4784.02979,0.02040
4784.24023,0.02050
4784.45020,0.02070
4784.66992,0.02080
4784.87988,0.02090
4785.08984,0.02110
4785.29980,0.02120
4785.52002,0.02130
4785.72998,0.02140
4785.93994,0.02160
4786.14990,0.02170
4786.35986,0.02180
4786.56982,0.02190
4786.79004,0.02210
4787.00000,0.02220
4787.20996,0.02230
4787.43018,0.02250
4787.64014,0.02260
4787.85010,0.02270
4788.06006,0.02280
4788.27002,0.02300
4788.49023,0.02310
4788.70020,0.02320
4788.91016,0.02330
4789.12012,0.02350
4789.33984,0.02360
4789.54980,0.02370
4789.75977,0.02390
4789.97021,0.02400
4790.18018,0.02410
4790.39990,0.02420
4790.60986,0.02440
4790.81982,0.02450
4791.02979,0.02460
4791.25000,0.02470
4791.45996,0.02490
4791.66992,0.02500
4791.87988,0.02510
4792.10010,0.02530
4792.31006,0.02540
4792.52002,0.02550
4792.72998,0.02560
4792.95020,0.02580
4793.16016,0.02590
4793.37012,0.02600
4793.58984,0.02620
4793.79980,0.02630
4794.00977,0.02640
4794.22021,0.02650
4794.43018,0.02670
4794.64990,0.02680
4794.85986,0.02690
4795.06982,0.02700
4795.29004,0.02720
4795.50000,0.02730
4795.70996,0.02740
4795.91992,0.02760
4796.14014,0.02770
4796.35010,0.02780
4796.56006,0.02790
4796.77002,0.02810
4796.99023,0.02820
4797.20020,0.02830
4797.41016,0.02840
4797.62012,0.02860
4797.83984,0.02870
4798.04980,0.02880
4798.25977,0.02900
4798.47998,0.02910
4798.68994,0.02920
4798.89990,0.02930
4799.12012,0.02950
4799.33008,0.02960
4799.54004,0.02970
4799.75000,0.02990
4799.95996,0.03000
4800.18018,0.03020
4800.39014,0.03040
4800.60010,0.03060
4800.81982,0.03090
4801.02979,0.03110
4801.24023,0.03130
4801.45996,0.03160
4801.66992,0.03180
4801.87988,0.03200
4802.08984,0.03230
4802.29980,0.03250
4802.52002,0.03270
4802.72998,0.03300
4802.93994,0.03320
4803.16016,0.03340
4803.37012,0.03360
4803.58008,0.03390
4803.79980,0.03410
4804.00977,0.03430
4804.22021,0.03460
4804.43018,0.03480
4804.64990,0.03500
4804.85986,0.03530
4805.08008,0.03550
4805.29004,0.03570
4805.50000,0.03590
4805.70996,0.03620
4805.93018,0.03640
4806.14014,0.03660
4806.35010,0.03690
4806.56982,0.03710
4806.77979,0.03730
4806.99023,0.03760
4807.20996,0.03780
4807.41992,0.03800
4807.62988,0.03820
4807.83984,0.03850
4808.06006,0.03870
4808.27002,0.03890
4808.47998,0.03920
4808.70020,0.03940
4808.91016,0.03960
4809.12012,0.03990
4809.33984,0.04010
4809.54980,0.04030
4809.75977,0.04050
4809.97998,0.04080
4810.18994,0.04100
4810.39990,0.04120
4810.62012,0.04150
4810.83008,0.04170
4811.04004,0.04190
4811.25977,0.04220
4811.47021,0.04240
4811.68018,0.04260
4811.89990,0.04280
4812.10986,0.04310
4812.31982,0.04330
4812.54004,0.04350
4812.75000,0.04380
4812.95996,0.04400
4813.18018,0.04420
4813.39014,0.04450
4813.60010,0.04470
4813.81982,0.04490
4814.02979,0.04520
4814.25000,0.04540
4814.45996,0.04560
4814.66992,0.04580
4814.89014,0.04610
4815.10010,0.04630
4815.31006,0.04650
4815.52002,0.04680
4815.74023,0.04700
4815.95020,0.04720
4816.16992,0.04750
4816.37988,0.04770
4816.58984,0.04790
4816.81006,0.04820
4817.02002,0.04840
4817.22998,0.04860
4817.45020,0.04880
4817.66016,0.04910
4817.87012,0.04930
4818.08984,0.04950
4818.29980,0.04980
4818.52002,0.05000
4818.72998,0.05020
4818.93994,0.05050
4819.16016,0.05070
4819.37012,0.05090
4819.58008,0.05110
4819.79980,0.05140
4820.00977,0.05160
4820.22998,0.05180
4820.43994,0.05210
4820.64990,0.05230
4820.87012,0.05250
4821.08008,0.05280
4821.29004,0.05300
4821.50977,0.05320
4821.72021,0.05350
4821.93994,0.05370
4822.14990,0.05390
4822.35986,0.05420
4822.58008,0.05440
4822.79004,0.05460
4823.00000,0.05480
4823.22021,0.05510
4823.43018,0.05530
4823.64990,0.05550
4823.85986,0.05580
4824.06982,0.05600
4824.29004,0.05620
4824.50000,0.05650
4824.72021,0.05670
4824.93018,0.05690
4825.14014,0.05720
4825.35986,0.05740
4825.56982,0.05760
4825.79004,0.05780
4826.00000,0.05810
4826.20996,0.05830
4826.43018,0.05850
4826.64014,0.05880
4826.85986,0.05900
4827.06982,0.05920
4827.27979,0.05950
4827.50000,0.05970
4827.70996,0.05990
4827.93018,0.06020
4828.14014,0.06040
4828.35010,0.06060
4828.56982,0.06090
4828.77979,0.06110
4828.99023,0.06130
4829.20996,0.06150
4829.41992,0.06180
4829.64014,0.06200
4829.85010,0.06220
4830.06982,0.06250
4830.27979,0.06270
4830.50000,0.06290
4830.70996,0.06320
4830.91992,0.06340
4831.14014,0.06360
4831.35010,0.06390
4831.56006,0.06410
4831.77979,0.06430
4831.99023,0.06460
4832.20996,0.06480
4832.41992,0.06500
4832.64014,0.06520
4832.85010,0.06550
4833.06982,0.06570
4833.27979,0.06590
4833.50000,0.06620
4833.70996,0.06640
4833.91992,0.06660
4834.14014,0.06690
4834.35010,0.06710
4834.56006,0.06730
4834.77979,0.06760
4834.99023,0.06780
4835.20996,0.06800
4835.41992,0.06830
4835.64014,0.06850
4835.85010,0.06870
4836.06982,0.06900
4836.27979,0.06920
4836.50000,0.06940
4836.70996,0.06960
4836.91992,0.06990
4837.14014,0.07010
4837.35010,0.07030
4837.56982,0.07060
4837.77979,0.07080
4838.00000,0.07100
4838.20996,0.07130
4838.43018,0.07150
4838.64014,0.07170
4838.85010,0.07200
4839.06982,0.07220
4839.27979,0.07240
4839.50000,0.07270
4839.70996,0.07290
4839.93018,0.07310
4840.14014,0.07340
4840.35986,0.07360
4840.56982,0.07380
4840.77979,0.07400
4841.00000,0.07430
4841.20996,0.07450
4841.43018,0.07470
4841.64990,0.07500
4841.85986,0.07520
4842.06982,0.07540
4842.29004,0.07570
4842.50000,0.07590
4842.72021,0.07610
4842.93018,0.07640
4843.14990,0.07660
4843.35986,0.07680
4843.58008,0.07710
4843.79004,0.07730
4844.00977,0.07750
4844.22021,0.07780
4844.43994,0.07800
4844.64990,0.07820
4844.87012,0.07850
4845.08008,0.07870
4845.29980,0.07890
4845.50977,0.07920
4845.72998,0.07940
4845.93994,0.07960
4846.14990,0.07980
4846.37012,0.08010
4846.58008,0.08030
4846.79980,0.08050
4847.00977,0.08080
4847.22998,0.08100
4847.43994,0.08120
4847.66016,0.08150
4847.87988,0.08170
4848.08984,0.08190
4848.29980,0.08220
4848.52002,0.08240
4848.72998,0.08260
4848.95020,0.08290
4849.16992,0.08310
4849.37988,0.08330
4849.58984,0.08360
4849.81006,0.08380
4850.02002,0.08400
4850.24023,0.08440
4850.45020,0.08470
4850.66992,0.08510
4850.87988,0.08540
4851.10010,0.08570
4851.31006,0.08610
4851.52979,0.08640
4851.74023,0.08680
4851.95996,0.08710
4852.16992,0.08740
4852.39014,0.08780
4852.60010,0.08810
4852.81982,0.08850
4853.04004,0.08880
4853.25000,0.08910
4853.47021,0.08950
4853.68018,0.08980
4853.89990,0.09020
4854.10986,0.09050
4854.33008,0.09080
4854.54004,0.09120
4854.75977,0.09150
4854.97021,0.09190
4855.18994,0.09220
4855.39990,0.09250
4855.62012,0.09290
4855.83008,0.09320
4856.04980,0.09360
4856.25977,0.09390
4856.47998,0.09420
4856.68994,0.09460
4856.91016,0.09490
4857.12988,0.09530
4857.33984,0.09560
4857.56006,0.09590
4857.77002,0.09630
4857.99023,0.09660
4858.20020,0.09700
4858.41992,0.09730
4858.62988,0.09760
4858.85010,0.09800
4859.06982,0.09830
4859.27979,0.09870
4859.50000,0.09900
4859.70996,0.09930
4859.91992,0.09970
4860.14014,0.10000
4860.35986,0.10040
4860.56982,0.10070
4860.79004,0.10100
4861.00977,0.10140
4861.22021,0.10170
4861.43994,0.10210
4861.64990,0.10240
4861.85986,0.10270
4862.08008,0.10310
4862.29980,0.10340
4862.50977,0.10380
4862.72998,0.10410
4862.93994,0.10440
4863.16016,0.10480
4863.37988,0.10510
4863.58984,0.10550
4863.81006,0.10580
4864.02002,0.10620
4864.24023,0.10650
4864.45020,0.10680
4864.66992,0.10720
4864.87988,0.10750
4865.10010,0.10790
4865.31982,0.10820
4865.52979,0.10850
4865.75000,0.10890
4865.95996,0.10920
4866.18018,0.10960
4866.39014,0.10990
4866.60986,0.11020
4866.83008,0.11060
4867.04004,0.11090
4867.25977,0.11130
4867.47021,0.11160
4867.68994,0.11190
4867.91016,0.11230
4868.12012,0.11260
4868.33984,0.11300
4868.54980,0.11330
4868.77002,0.11370
4868.99023,0.11400
4869.20020,0.11430
4869.41992,0.11470
4869.62988,0.11500
4869.85010,0.11540
4870.06006,0.11570
4870.27979,0.11600
4870.49023,0.11640
4870.70996,0.11670
4870.93018,0.11710
4871.14014,0.11740
4871.35986,0.11770
4871.58008,0.11810
4871.79004,0.11840
4872.00977,0.11880
4872.22021,0.11910
4872.43994,0.11950
4872.66016,0.11980
4872.87012,0.12010
4873.08984,0.12050
4873.29980,0.12080
4873.52002,0.12120
4873.72998,0.12150
4873.95020,0.12180
4874.16992,0.12220
4874.37988,0.12250
4874.60010,0.12290
4874.81982,0.12320
4875.02979,0.12360
4875.25000,0.12390
4875.45996,0.12420
4875.68018,0.12460
4875.89990,0.12490
4876.10986,0.12530
4876.33008,0.12560
4876.54980,0.12590
4876.75977,0.12630
4876.97998,0.12660
4877.20020,0.12700
4877.41016,0.12730
4877.62988,0.12770
4877.83984,0.12800
4878.06006,0.12830
4878.27002,0.12870
4878.49023,0.12900
4878.70996,0.12940
4878.93018,0.12970
4879.14014,0.13000
4879.35986,0.13040
4879.56982,0.13070
4879.79004,0.13110
4880.00977,0.13140
4880.22998,0.13180
4880.43994,0.13210
4880.66016,0.13240
4880.87012,0.13280
4881.08984,0.13310
4881.29980,0.13350
4881.52002,0.13380
4881.74023,0.13410
4881.95020,0.13450
4882.16992,0.13480
4882.39014,0.13520
4882.60010,0.13550
4882.81982,0.13590
4883.04004,0.13620
4883.25000,0.13650
4883.47021,0.13690
4883.68994,0.13720
4883.89990,0.13760
4884.12012,0.13790
4884.33984,0.13830
4884.54980,0.13860
4884.77002,0.13890
4884.99023,0.13930
4885.20020,0.13960
4885.41992,0.14000
4885.62988,0.14030
4885.85010,0.14060
4886.06982,0.14100
4886.29004,0.14130
4886.50000,0.14170
4886.72021,0.14200
4886.93994,0.14240
4887.14990,0.14270
4887.37012,0.14300
4887.58008,0.14340
4887.79980,0.14370
4888.02002,0.14410
4888.24023,0.14440
4888.45020,0.14480
4888.66992,0.14510
4888.89014,0.14540
4889.10010,0.14580
4889.31982,0.14610
4889.54004,0.14650
4889.75000,0.14680
4889.97021,0.14720
4890.18994,0.14750
4890.41016,0.14780
4890.62012,0.14820
4890.83984,0.14850
4891.06006,0.14890
4891.27002,0.14920
4891.49023,0.14960
4891.70020,0.14990
4891.91992,0.15020
4892.14014,0.15060
4892.35010,0.15090
4892.56982,0.15130
4892.79004,0.15160
4893.00977,0.15190
4893.22021,0.15230
4893.43994,0.15260
4893.66016,0.15300
4893.87012,0.15330
4894.08984,0.15370
4894.31006,0.15400
4894.52979,0.15440
4894.74023,0.15470
4894.95996,0.15500
4895.18018,0.15540
4895.39014,0.15570
4895.60986,0.15610
4895.83008,0.15640
4896.04004,0.15670
4896.25977,0.15710
4896.47998,0.15740
4896.68994,0.15780
4896.91016,0.15810
4897.12988,0.15850
4897.35010,0.15880
4897.56006,0.15920
4897.77979,0.15950
4898.00000,0.15980
4898.22021,0.16020
4898.43018,0.16050
4898.64990,0.16090
4898.87012,0.16120
4899.08008,0.16160
4899.29980,0.16190
4899.52002,0.16220
4899.74023,0.16260
4899.95020,0.16290
4900.16992,0.16350
4900.39014,0.16410
4900.60010,0.16470
4900.81982,0.16530
4901.04004,0.16590
4901.25977,0.16650
4901.47021,0.16710
4901.68994,0.16770
4901.91016,0.16830
4902.12988,0.16890
4902.33984,0.16950
4902.56006,0.17010
4902.77979,0.17070
4902.99023,0.17130
4903.20996,0.17190
4903.43018,0.17250
4903.64990,0.17310
4903.87012,0.17370
4904.08008,0.17430
4904.29980,0.17490
4904.52002,0.17550
4904.74023,0.17610
4904.95020,0.17670
4905.16992,0.17730
4905.39014,0.17790
4905.60010,0.17850
4905.81982,0.17910
4906.04004,0.17970
4906.25977,0.18030
4906.47998,0.18090
4906.68994,0.18150
4906.91016,0.18210
4907.12988,0.18270
4907.35010,0.18330
4907.56006,0.18390
4907.77979,0.18450
4908.00000,0.18510
4908.22021,0.18570
4908.43018,0.18630
4908.64990,0.18690
4908.87012,0.18750
4909.08984,0.18810
4909.29980,0.18870
4909.52002,0.18930
4909.74023,0.18990
4909.95996,0.19050
4910.18018,0.19110
4910.39014,0.19170
4910.60986,0.19230
4910.83008,0.19290
4911.04980,0.19350
4911.25977,0.19410
4911.47998,0.19470
4911.70020,0.19530
4911.91992,0.19590
4912.14014,0.19650
4912.35010,0.19710
4912.56982,0.19770
4912.79004,0.19830
4913.00977,0.19890
4913.22021,0.19950
4913.43994,0.20010
4913.66016,0.20070
4913.87988,0.20130
4914.10010,0.20190
4914.31006,0.20250
4914.52979,0.20310
4914.75000,0.20370
4914.97021,0.20430
4915.18018,0.20490
4915.39990,0.20550
4915.62012,0.20610
4915.83984,0.20670
4916.06006,0.20730
4916.27002,0.20790
4916.49023,0.20850
4916.70996,0.20910
4916.93018,0.20970
4917.14990,0.21030
4917.35986,0.21090
4917.58008,0.21150
4917.79980,0.21210
4918.02002,0.21270
4918.24023,0.21330
4918.45996,0.21390
4918.66992,0.21450
4918.89014,0.21510
4919.10986,0.21570
4919.33008,0.21630
4919.54980,0.21690
4919.77002,0.21760
4919.97998,0.21810
4920.20020,0.21880
4920.41992,0.21940
4920.62988,0.22000
4920.85010,0.22060
4921.06982,0.22120
4921.29004,0.22180
4921.50977,0.22240
4921.72998,0.22300
4921.95020,0.22360
4922.16016,0.22420
4922.37988,0.22480
4922.60010,0.22540
4922.81982,0.22600
4923.04004,0.22660
4923.25000,0.22720
4923.47021,0.22780
4923.68994,0.22840
4923.91016,0.22900
4924.12988,0.22960
4924.35010,0.23020
4924.56006,0.23080
4924.77979,0.23140
4925.00000,0.23200
4925.22021,0.23260
4925.43994,0.23320
4925.66016,0.23380
4925.87988,0.23440
4926.08984,0.23500
4926.31006,0.23560
4926.52979,0.23620
4926.75000,0.23680
4926.97021,0.23740
4927.18018,0.23800
4927.41016,0.23860
4927.62012,0.23920
4927.83984,0.23980
4928.06006,0.24040
4928.27979,0.24100
4928.50000,0.24170
4928.72021,0.24230
4928.93018,0.24290
4929.14990,0.24350
4929.37012,0.24410
4929.58984,0.24470
4929.81006,0.24530
4930.02979,0.24590
4930.24023,0.24650
4930.45996,0.24710
4930.68018,0.24770
4930.89990,0.24830
4931.12012,0.24890
4931.33984,0.24950
4931.56006,0.25010
4931.77979,0.25070
4931.99023,0.25130
4932.20996,0.25190
4932.43018,0.25250
4932.64990,0.25310
4932.87012,0.25370
4933.08984,0.25430
4933.29980,0.25490
4933.52979,0.25550
4933.75000,0.25610
4933.95996,0.25670
4934.18018,0.25730
4934.39990,0.25790
4934.62012,0.25850
4934.83984,0.25920
4935.06006,0.25980
4935.27979,0.26040
4935.50000,0.26100
4935.70996,0.26160
4935.93018,0.26220
4936.14990,0.26280
4936.37012,0.26340
4936.58984,0.26400
4936.81006,0.26460
4937.02002,0.26520
4937.24023,0.26580
4937.47021,0.26640
4937.68018,0.26700
4937.89990,0.26760
4938.12012,0.26820
4938.33984,0.26880
4938.56006,0.26940
4938.77979,0.27000
4938.99023,0.27060
4939.22021,0.27120
4939.43994,0.27180
4939.64990,0.27240
4939.87012,0.27310
4940.08984,0.27370
4940.31006,0.27430
4940.52979,0.27490
4940.75000,0.27550
4940.97021,0.27610
4941.18994,0.27670
4941.41016,0.27730
4941.62988,0.27790
4941.85010,0.27850
4942.06006,0.27910
4942.27979,0.27970
4942.50000,0.28030
4942.72021,0.28090
4942.93994,0.28150
4943.16016,0.28210
4943.37988,0.28270
4943.60010,0.28330
4943.81982,0.28390
4944.04004,0.28450
4944.25000,0.28510
4944.47021,0.28580
4944.68994,0.28640
4944.91016,0.28700
4945.12988,0.28760
4945.35010,0.28820
4945.56982,0.28880
4945.79004,0.28940
4946.00977,0.29000
4946.22998,0.29060
4946.45020,0.29120
4946.66992,0.29180
4946.89014,0.29240
4947.10986,0.29300
4947.33008,0.29360
4947.54980,0.29420
4947.75977,0.29480
4947.97998,0.29540
4948.20020,0.29600
4948.41992,0.29660
4948.64014,0.29720
4948.85986,0.29790
4949.08008,0.29850
4949.29980,0.29910
4949.52002,0.29970
4949.74023,0.30030
4949.95996,0.30090
4950.18018,0.30160
4950.39990,0.30220
4950.62012,0.30290
4950.83984,0.30360
4951.04980,0.30430
4951.27979,0.30500
4951.50000,0.30570
4951.70996,0.30640
4951.93018,0.30710
4952.14990,0.30780
4952.37012,0.30840
4952.58984,0.30910
4952.81006,0.30980
4953.02979,0.31050
4953.25000,0.31120
4953.47021,0.31190
4953.68994,0.31260
4953.91016,0.31330
4954.12988,0.31400
4954.35010,0.31470
4954.56982,0.31530
4954.79004,0.31600
4955.00977,0.31670
4955.22998,0.31740
4955.45020,0.31810
4955.66992,0.31880
4955.89014,0.31950
4956.10986,0.32020
4956.33008,0.32090
4956.54980,0.32160
4956.75977,0.32220
4956.97998,0.32290
4957.20996,0.32360
4957.43018,0.32430
4957.64990,0.32500
4957.87012,0.32570
4958.08008,0.32640
4958.31006,0.32710
4958.52979,0.32780
4958.74023,0.32850
4958.95996,0.32910
4959.18018,0.32980
4959.39990,0.33050
4959.62988,0.33120
4959.83984,0.33190
4960.06006,0.33260
4960.27979,0.33330
4960.50000,0.33400
4960.72021,0.33470
4960.93994,0.33540
4961.16016,0.33600
4961.37988,0.33670
4961.60010,0.33740
4961.81982,0.33810
4962.04004,0.33880
4962.25977,0.33950
4962.47998,0.34020
4962.70020,0.34090
4962.91992,0.34160
4963.14014,0.34230
4963.37012,0.34300
4963.58008,0.34370
4963.79980,0.34430
4964.02002,0.34500
4964.25000,0.34570
4964.45996,0.34640
4964.68018,0.34710
4964.89990,0.34780
4965.12012,0.34850
4965.35010,0.34920
4965.56006,0.34990
4965.79004,0.35060
4966.00977,0.35130
4966.22021,0.35190
4966.45020,0.35260
4966.66992,0.35330
4966.87988,0.35400
4967.10986,0.35470
4967.33008,0.35540
4967.54980,0.35610
4967.77002,0.35680
4967.99023,0.35750
4968.20996,0.35820
4968.43018,0.35890
4968.64990,0.35960
4968.87012,0.36020
4969.08984,0.36090
4969.31006,0.36160
4969.52979,0.36230
4969.75000,0.36300
4969.97021,0.36370
4970.18994,0.36440
4970.41016,0.36510
4970.62988,0.36580
4970.85010,0.36650
4971.06982,0.36720
4971.29004,0.36790
4971.50977,0.36860
4971.72998,0.36920
4971.95020,0.36990
4972.16992,0.37060
4972.39990,0.37130
4972.60986,0.37200
4972.83008,0.37270
4973.06006,0.37340
4973.27979,0.37410
4973.50000,0.37480
4973.72021,0.37550
4973.93994,0.37620
4974.16016,0.37690
4974.37988,0.37760
4974.60010,0.37820
4974.81982,0.37890
4975.04004,0.37960
4975.25977,0.38030
4975.47998,0.38100
4975.70020,0.38170
4975.91992,0.38240
4976.14014,0.38310
4976.35986,0.38380
4976.58008,0.38450
4976.81006,0.38520
4977.02002,0.38590
4977.25000,0.38660
4977.47021,0.38730
4977.68994,0.38790
4977.91016,0.38860
4978.12988,0.38930
4978.35010,0.39000
4978.56982,0.39070
4978.79004,0.39140
4979.00977,0.39210
4979.22998,0.39280
4979.45020,0.39350
4979.68018,0.39420
4979.89990,0.39490
4980.12012,0.39560
4980.33984,0.39630
4980.56006,0.39700
4980.77979,0.39760
4981.00000,0.39830
4981.22021,0.39900
4981.43994,0.39970
4981.66016,0.40040
4981.87988,0.40110
4982.10010,0.40180
4982.31982,0.40250
4982.54980,0.40320
4982.77002,0.40390
4982.99023,0.40460
4983.20996,0.40530
4983.43018,0.40600
4983.64990,0.40670
4983.87012,0.40740
4984.08984,0.40800
4984.31006,0.40870
4984.54004,0.40940
4984.75000,0.41010
4984.97998,0.41080
4985.20020,0.41150
4985.41992,0.41220
4985.64014,0.41290
4985.85986,0.41360
4986.08008,0.41430
4986.29980,0.41500
4986.52979,0.41570
4986.74023,0.41640
4986.97021,0.41710
4987.18994,0.41780
4987.41016,0.41850
4987.62988,0.41920
4987.85010,0.41980
4988.06982,0.42050
4988.29004,0.42120
4988.50977,0.42190
4988.72998,0.42260
4988.95996,0.42330
4989.18018,0.42400
4989.39990,0.42470
4989.62012,0.42540
4989.83984,0.42610
4990.06006,0.42680
4990.29004,0.42750
4990.50000,0.42820
4990.72998,0.42890
4990.95020,0.42960
4991.16992,0.43030
4991.39014,0.43100
4991.60986,0.43170
4991.83008,0.43240
4992.06006,0.43310
4992.27002,0.43370
4992.50000,0.43440
4992.72021,0.43510
4992.93994,0.43580
4993.16016,0.43650
4993.37988,0.43720
4993.60010,0.43790
4993.83008,0.43860
4994.04980,0.43930
4994.27002,0.44000
4994.49023,0.44070
4994.70996,0.44140
4994.93018,0.44210
4995.16016,0.44280
4995.37988,0.44350
4995.60010,0.44420
4995.81982,0.44490
4996.04004,0.44560
4996.25977,0.44630
4996.47998,0.44700
4996.70996,0.44770
4996.91992,0.44830
4997.14990,0.44900
4997.37012,0.44970
4997.58984,0.45040
4997.81006,0.45110
4998.04004,0.45180
4998.25977,0.45250
4998.47998,0.45320
4998.70020,0.45390
4998.91992,0.45460
4999.14014,0.45530
4999.35986,0.45600
4999.58984,0.45670
4999.81006,0.45740
5000.02979,0.45810
5000.25000,0.45890
5000.47021,0.45960
5000.68994,0.46040
5000.91992,0.46110
5001.14014,0.46190
5001.35986,0.46270
5001.58008,0.46340
5001.79980,0.46420
5002.02002,0.46500
5002.25000,0.46570
5002.47021,0.46650
5002.68994,0.46720
5002.91016,0.46800
5003.14014,0.46880
5003.35986,0.46950
5003.58008,0.47030
5003.79980,0.47110
5004.02002,0.47180
5004.24023,0.47260
5004.45996,0.47340
5004.68994,0.47410
5004.91016,0.47490
5005.12988,0.47560
5005.35010,0.47640
5005.58008,0.47720
5005.79980,0.47790
5006.02002,0.47870
5006.24023,0.47950
5006.45996,0.48020
5006.68018,0.48100
5006.91016,0.48180
5007.12988,0.48250
5007.35010,0.48330
5007.56982,0.48410
5007.79004,0.48480
5008.02002,0.48560
5008.24023,0.48630
5008.45996,0.48710
5008.68018,0.48790
5008.89990,0.48860
5009.12012,0.48940
5009.35010,0.49020
5009.56982,0.49090
5009.79004,0.49170
5010.02002,0.49250
5010.24023,0.49320
5010.45996,0.49400
5010.68018,0.49470
5010.89990,0.49550
5011.12988,0.49630
5011.35010,0.49700
5011.56982,0.49780
5011.79004,0.49860
5012.02002,0.49930
5012.24023,0.50010
5012.45996,0.50090
5012.68018,0.50160
5012.89990,0.50240
5013.12012,0.50320
5013.35010,0.50390
5013.56982,0.50470
5013.79004,0.50550
5014.02002,0.50620
5014.24023,0.50700
5014.45996,0.50770
5014.68018,0.50850
5014.89990,0.50930
5015.12988,0.51000
5015.35010,0.51080
5015.56982,0.51160
5015.79980,0.51230
5016.02002,0.51310
5016.24023,0.51390
5016.45996,0.51460
5016.68018,0.51540
5016.89990,0.51620
5017.12988,0.51690
5017.35010,0.51770
5017.56982,0.51850
5017.79980,0.51920
5018.02002,0.52000
5018.24023,0.52070
5018.45996,0.52150
5018.68018,0.52230
5018.91016,0.52300
5019.12988,0.52380
5019.35010,0.52460
5019.58008,0.52530
5019.79980,0.52610
5020.02002,0.52690
5020.24023,0.52760
5020.47021,0.52840
5020.68994,0.52920
5020.91016,0.52990
5021.12988,0.53070
5021.35010,0.53150
5021.58008,0.53220
5021.79980,0.53300
5022.02002,0.53380
5022.25000,0.53450
5022.47021,0.53530
5022.68994,0.53610
5022.91992,0.53680
5023.14014,0.53760
5023.35986,0.53840
5023.58984,0.53910
5023.81006,0.53990
5024.02979,0.54070
5024.25000,0.54140
5024.47021,0.54220
5024.70020,0.54300
5024.91992,0.54370
5025.14014,0.54450
5025.35986,0.54530
5025.58984,0.54600
5025.81006,0.54680
5026.04004,0.54760
5026.25977,0.54830
5026.47998,0.54910
5026.70020,0.54990
5026.93018,0.55060
5027.14990,0.55140
5027.37012,0.55220
5027.58984,0.55290
5027.81982,0.55370
5028.04004,0.55450
5028.25977,0.55520
5028.49023,0.55600
5028.70996,0.55680
5028.93018,0.55750
5029.14990,0.55830
5029.37988,0.55910
5029.60010,0.55980
5029.81982,0.56060
5030.04980,0.56140
5030.27002,0.56210
5030.49023,0.56290
5030.72021,0.56370
5030.93994,0.56440
5031.16016,0.56520
5031.39014,0.56600
5031.60986,0.56670
5031.83008,0.56750
5032.04980,0.56830
5032.27979,0.56900
5032.50000,0.56980
5032.72021,0.57060
5032.95020,0.57130
5033.16992,0.57210
5033.39014,0.57290
5033.62012,0.57360
5033.83984,0.57440
5034.06006,0.57520
5034.29004,0.57590
5034.50977,0.57670
5034.72998,0.57750
5034.95996,0.57820
5035.18018,0.57900
5035.39990,0.57980
5035.62988,0.58060
5035.85010,0.58130
5036.06982,0.58210
5036.29980,0.58290
5036.52002,0.58360
5036.74023,0.58440
5036.97021,0.58520
5037.18994,0.58590
5037.41016,0.58670
5037.64014,0.58750
5037.85986,0.58820
5038.08008,0.58900
5038.31006,0.58980
5038.52979,0.59050
5038.75000,0.59130
5038.97998,0.59210
5039.20020,0.59280
5039.41992,0.59360
5039.64990,0.59440
5039.87012,0.59520
5040.08984,0.59590
5040.31982,0.59670
5040.54004,0.59750
5040.75977,0.59820
5040.99023,0.59900
5041.20996,0.59980
5041.43018,0.60050
5041.66016,0.60130
5041.87988,0.60210
5042.10986,0.60280
5042.33008,0.60360
5042.54980,0.60440
5042.77979,0.60510
5043.00000,0.60590
5043.22021,0.60670
5043.45020,0.60750
5043.66992,0.60820
5043.89014,0.60900
5044.12012,0.60980
5044.33984,0.61050
5044.56006,0.61130
5044.79004,0.61210
5045.00977,0.61280
5045.22998,0.61360
5045.45996,0.61440
5045.68018,0.61510
5045.91016,0.61590
5046.12988,0.61670
5046.35010,0.61750
5046.58008,0.61820
5046.79980,0.61900
5047.02979,0.61980
5047.25000,0.62050
5047.47998,0.62130
5047.70020,0.62210
5047.91992,0.62280
5048.14990,0.62360
5048.37012,0.62440
5048.58984,0.62520
5048.81006,0.62590
5049.04004,0.62670
5049.25977,0.62750
5049.49023,0.62820
5049.70996,0.62900
5049.93994,0.62980
5050.16016,0.63050
5050.37988,0.63110
5050.60986,0.63180
5050.83008,0.63250
5051.04980,0.63320
5051.27979,0.63380
5051.50000,0.63450
5051.72998,0.63520
5051.95020,0.63590
5052.16992,0.63650
5052.39990,0.63720
5052.62012,0.63790
5052.85010,0.63850
5053.06982,0.63920
5053.29004,0.63990
5053.52002,0.64060
5053.74023,0.64120
5053.97021,0.64190
5054.18994,0.64260
5054.41992,0.64320
5054.64014,0.64390
5054.85986,0.64460
5055.08984,0.64530
5055.31006,0.64590
5055.54004,0.64660
5055.75977,0.64730
5055.97998,0.64800
5056.20996,0.64860
5056.43018,0.64930
5056.66016,0.65000
5056.87988,0.65060
5057.10986,0.65130
5057.33008,0.65200
5057.54980,0.65270
5057.77979,0.65330
5058.00000,0.65400
5058.22998,0.65470
5058.45020,0.65540
5058.66992,0.65600
5058.89990,0.65670
5059.12012,0.65740
5059.35010,0.65800
5059.56982,0.65870
5059.79980,0.65940
5060.02002,0.66010
5060.25000,0.66070
5060.47021,0.66140
5060.68994,0.66210
5060.91992,0.66280
5061.14014,0.66340
5061.37012,0.66410
5061.58984,0.66480
5061.81982,0.66540
5062.04004,0.66610
5062.27002,0.66680
5062.49023,0.66750
5062.70996,0.66810
5062.93994,0.66880
5063.16016,0.66950
5063.39014,0.67020
5063.60986,0.67080
5063.83984,0.67150
5064.06006,0.67220
5064.29004,0.67290
5064.50977,0.67350
5064.72998,0.67420
5064.95996,0.67490
5065.18018,0.67550
5065.41016,0.67620
5065.62988,0.67690
5065.85986,0.67760
5066.08008,0.67820
5066.31006,0.67890
5066.52979,0.67960
5066.75977,0.68030
5066.97998,0.68090
5067.20020,0.68160
5067.43018,0.68230
5067.64990,0.68300
5067.87988,0.68360
5068.10986,0.68430
5068.33008,0.68500
5068.54980,0.68570
5068.77979,0.68630
5069.00000,0.68700
5069.22998,0.68770
5069.45020,0.68840
5069.68018,0.68900
5069.89990,0.68970
5070.12988,0.69040
5070.35010,0.69110
5070.58008,0.69170
5070.79980,0.69240
5071.02979,0.69310
5071.25000,0.69380
5071.47998,0.69440
5071.70020,0.69510
5071.93018,0.69580
5072.14990,0.69640
5072.37988,0.69710
5072.60010,0.69780
5072.83008,0.69850
5073.04980,0.69910
5073.27002,0.69980
5073.50000,0.70050
5073.72021,0.70120
5073.95020,0.70180
5074.16992,0.70250
5074.39990,0.70320
5074.62988,0.70390
5074.85010,0.70450
5075.06982,0.70520
5075.29980,0.70590
5075.52979,0.70660
5075.75000,0.70730
5075.97998,0.70790
5076.20020,0.70860
5076.43018,0.70930
5076.64990,0.71000
5076.87012,0.71060
5077.10010,0.71130
5077.33008,0.71200
5077.54980,0.71260
5077.77002,0.71330
5078.00000,0.71400
5078.22998,0.71470
5078.45020,0.71540
5078.68018,0.71600
5078.89990,0.71670
5079.12988,0.71740
5079.35010,0.71810
5079.58008,0.71870
5079.79980,0.71940
5080.02979,0.72010
5080.25000,0.72080
5080.47998,0.72140
5080.70020,0.72210
5080.93018,0.72280
5081.14990,0.72350
5081.37988,0.72410
5081.60010,0.72480
5081.83008,0.72550
5082.04980,0.72620
5082.27979,0.72680
5082.50977,0.72750
5082.72998,0.72820
5082.95996,0.72890
5083.18018,0.72950
5083.41016,0.73020
5083.62988,0.73090
5083.85986,0.73160
5084.08008,0.73230
5084.31006,0.73290
5084.52979,0.73360
5084.75977,0.73430
5084.99023,0.73500
5085.20996,0.73560
5085.43994,0.73630
5085.66016,0.73700
5085.89014,0.73770
5086.10986,0.73830
5086.33984,0.73900
5086.56982,0.73970
5086.79004,0.74040
5087.02002,0.74100
5087.24023,0.74170
5087.47021,0.74240
5087.68994,0.74310
5087.91992,0.74380
5088.14014,0.74440
5088.37012,0.74510
5088.58984,0.74580
5088.81982,0.74650
5089.04980,0.74710
5089.27002,0.74780
5089.50000,0.74850
5089.72021,0.74920
5089.95020,0.74980
5090.16992,0.75050
5090.39990,0.75120
5090.62988,0.75190
5090.85010,0.75260
5091.08008,0.75320
5091.29980,0.75390
5091.52979,0.75460
5091.75000,0.75530
5091.97998,0.75590
5092.20996,0.75660
5092.43018,0.75730
5092.66016,0.75800
5092.87988,0.75870
5093.10986,0.75930
5093.33008,0.76000
5093.56006,0.76070
5093.77979,0.76140
5094.00977,0.76200
5094.24023,0.76270
5094.45996,0.76340
5094.68994,0.76410
5094.91016,0.76470
5095.14014,0.76540
5095.37012,0.76610
5095.58984,0.76680
5095.81982,0.76750
5096.04980,0.76810
5096.27002,0.76880
5096.50000,0.76950
5096.72021,0.77020
5096.95020,0.77090
5097.16992,0.77150
5097.39990,0.77220
5097.62012,0.77290
5097.85010,0.77360
5098.08008,0.77420
5098.29980,0.77490
5098.52979,0.77560
5098.75977,0.77630
5098.99023,0.77700
5099.20996,0.77760
5099.43994,0.77830
5099.66016,0.77900
5099.89014,0.77970
5100.12012,0.78030
5100.33984,0.78080
5100.56982,0.78130
5100.79004,0.78180
5101.02002,0.78230
5101.25000,0.78290
5101.47021,0.78340
5101.70020,0.78390
5101.91992,0.78440
5102.14990,0.78490
5102.37012,0.78550
5102.60010,0.78600
5102.83008,0.78650
5103.04980,0.78700
5103.27979,0.78750
5103.50977,0.78810
5103.72998,0.78860
5103.95996,0.78910
5104.18994,0.78960
5104.41016,0.79020
5104.64014,0.79070
5104.85986,0.79120
5105.08984,0.79170
5105.31982,0.79220
5105.54004,0.79270
5105.77002,0.79330
5106.00000,0.79380
5106.22021,0.79430
5106.45020,0.79480
5106.68018,0.79540
5106.89990,0.79590
5107.12988,0.79640
5107.35010,0.79690
5107.58008,0.79740
5107.81006,0.79800
5108.04004,0.79850
5108.25977,0.79900
5108.49023,0.79950
5108.72021,0.80000
5108.93994,0.80060
5109.16992,0.80110
5109.39014,0.80160
5109.62012,0.80210
5109.85010,0.80260
5110.06982,0.80320
5110.29980,0.80370
5110.52979,0.80420
5110.75000,0.80470
5110.97998,0.80530
5111.20996,0.80580
5111.43018,0.80630
5111.66016,0.80680
5111.89014,0.80730
5112.10986,0.80790
5112.33984,0.80840
5112.56982,0.80890
5112.79004,0.80940
5113.02002,0.80990
5113.25000,0.81050
5113.47021,0.81100
5113.70020,0.81150
5113.91992,0.81200
5114.14990,0.81250
5114.37988,0.81310
5114.60010,0.81360
5114.83008,0.81410
5115.06006,0.81460
5115.29004,0.81520
5115.50977,0.81570
5115.74023,0.81620
5115.97021,0.81670
5116.18994,0.81720
5116.41992,0.81780
5116.64990,0.81830
5116.87988,0.81880
5117.10010,0.81930
5117.33008,0.81990
5117.56006,0.82040
5117.77979,0.82090
5118.00977,0.82140
5118.24023,0.82190
5118.45996,0.82250
5118.68994,0.82300
5118.91992,0.82350
5119.14990,0.82400
5119.37012,0.82460
5119.60010,0.82510
5119.83008,0.82560
5120.04980,0.82610
5120.27979,0.82660
5120.50977,0.82720
5120.72998,0.82770
5120.95996,0.82820
5121.18994,0.82870
5121.41016,0.82930
5121.64014,0.82980
5121.87012,0.83030
5122.08984,0.83080
5122.31982,0.83130
5122.54980,0.83190
5122.77979,0.83240
5123.00000,0.83290
5123.22998,0.83340
5123.45996,0.83400
5123.68994,0.83450
5123.91016,0.83500
5124.14014,0.83550
5124.37012,0.83600
5124.58984,0.83660
5124.81982,0.83710
5125.04980,0.83760
5125.27979,0.83810
5125.50000,0.83870
5125.72998,0.83920
5125.95996,0.83970
5126.18994,0.84020
5126.41016,0.84080
5126.64014,0.84130
5126.87012,0.84180
5127.08984,0.84230
5127.31982,0.84280
5127.54980,0.84340
5127.77979,0.84390
5128.00000,0.84440
5128.22998,0.84490
5128.45996,0.84540
5128.68018,0.84600
5128.91992,0.84650
5129.14014,0.84700
5129.37012,0.84750
5129.60010,0.84810
5129.81982,0.84860
5130.04980,0.84910
5130.27979,0.84960
5130.50000,0.85020
5130.72998,0.85070
5130.95996,0.85120
5131.18994,0.85170
5131.41992,0.85230
5131.64014,0.85280
5131.87012,0.85330
5132.10010,0.85380
5132.31982,0.85430
5132.54980,0.85490
5132.77979,0.85540
5133.00977,0.85590
5133.24023,0.85640
5133.45996,0.85700
5133.68994,0.85750
5133.91992,0.85800
5134.14990,0.85850
5134.37012,0.85910
5134.60010,0.85960
5134.83008,0.86010
5135.04980,0.86060
5135.27979,0.86120
5135.50977,0.86170
5135.74023,0.86220
5135.97021,0.86270
5136.20020,0.86330
5136.41992,0.86380
5136.64990,0.86430
5136.87988,0.86480
5137.10986,0.86530
5137.33984,0.86590
5137.56006,0.86640
5137.79004,0.86690
5138.02002,0.86740
5138.24023,0.86800
5138.47021,0.86850
5138.70020,0.86900
5138.93018,0.86950
5139.16016,0.87010
5139.37988,0.87060
5139.60986,0.87110
5139.83984,0.87160
5140.06982,0.87220
5140.29004,0.87270
5140.52002,0.87320
5140.75000,0.87370
5140.97998,0.87420
5141.20996,0.87480
5141.43994,0.87530
5141.66016,0.87580
5141.89014,0.87640
5142.12012,0.87690
5142.35010,0.87740
5142.58008,0.87790
5142.79980,0.87840
5143.02979,0.87900
5143.25977,0.87950
5143.49023,0.88000
5143.72021,0.88050
5143.93994,0.88110
5144.16992,0.88160
5144.39990,0.88210
5144.62988,0.88260
5144.85010,0.88320
5145.08008,0.88370
5145.31006,0.88420
5145.54004,0.88470
5145.77002,0.88530
5146.00000,0.88580
5146.22998,0.88630
5146.45020,0.88680
5146.68018,0.88740
5146.91016,0.88790
5147.14014,0.88840
5147.35986,0.88890
5147.58984,0.88950
5147.81982,0.89000
5148.04980,0.89050
5148.27979,0.89100
5148.50977,0.89160
5148.74023,0.89210
5148.95996,0.89260
5149.18994,0.89310
5149.41992,0.89370
5149.64990,0.89420
5149.87988,0.89470
5150.10986,0.89520
5150.33008,0.89550
5150.56006,0.89580
5150.79004,0.89610
5151.02002,0.89650
5151.25000,0.89680
5151.47021,0.89710
5151.70020,0.89750
5151.93018,0.89780
5152.16016,0.89810
5152.39014,0.89840
5152.62012,0.89880
5152.85010,0.89910
5153.06982,0.89940
5153.29980,0.89980
5153.52979,0.90010
5153.75977,0.90040
5153.99023,0.90070
5154.22021,0.90110
5154.45020,0.90140
5154.66992,0.90170
5154.89990,0.90210
5155.12988,0.90240
5155.35986,0.90270
5155.58984,0.90300
5155.81982,0.90340
5156.04980,0.90370
5156.27002,0.90400
5156.50000,0.90440
5156.72998,0.90470
5156.95996,0.90500
5157.18994,0.90540
5157.41992,0.90570
5157.64990,0.90600
5157.87988,0.90630
5158.10010,0.90670
5158.33008,0.90700
5158.56006,0.90730
5158.79004,0.90770
5159.02002,0.90800
5159.25000,0.90830
5159.47021,0.90860
5159.70020,0.90900
5159.93018,0.90930
5160.16016,0.90960
5160.39014,0.91000
5160.62012,0.91030
5160.85010,0.91060
5161.08008,0.91100
5161.29980,0.91130
5161.52979,0.91160
5161.77002,0.91190
5161.99023,0.91230
5162.22021,0.91260
5162.45020,0.91290
5162.68018,0.91330
5162.91016,0.91360
5163.14014,0.91390
5163.35986,0.91420
5163.58984,0.91460
5163.81982,0.91490
5164.04980,0.91520
5164.27979,0.91560
5164.50977,0.91590
5164.74023,0.91620
5164.97021,0.91660
5165.20020,0.91690
5165.43018,0.91720
5165.66016,0.91750
5165.89014,0.91790
5166.12012,0.91820
5166.35010,0.91850
5166.56982,0.91890
5166.79980,0.91920
5167.02979,0.91950
5167.25977,0.91990
5167.49023,0.92020
5167.72021,0.92050
5167.93994,0.92080
5168.16992,0.92120
5168.39990,0.92150
5168.62988,0.92180
5168.85986,0.92220
5169.08984,0.92250
5169.31982,0.92280
5169.54980,0.92320
5169.77979,0.92350
5170.00977,0.92380
5170.24023,0.92410
5170.47021,0.92450
5170.70020,0.92480
5170.93018,0.92510
5171.14990,0.92550
5171.37988,0.92580
5171.60986,0.92610
5171.83984,0.92650
5172.06982,0.92680
5172.29980,0.92710
5172.52979,0.92740
5172.75977,0.92780
5172.99023,0.92810
5173.22021,0.92840
5173.45020,0.92880
5173.68018,0.92910
5173.91016,0.92940
5174.14014,0.92980
5174.37012,0.93010
5174.60010,0.93040
5174.83008,0.93080
5175.06006,0.93110
5175.27979,0.93140
5175.50977,0.93170
5175.74023,0.93210
5175.97021,0.93240
5176.20020,0.93270
5176.43018,0.93310
5176.66016,0.93340
5176.89014,0.93370
5177.12012,0.93410
5177.35010,0.93440
5177.58008,0.93470
5177.81006,0.93500
5178.04004,0.93540
5178.27002,0.93570
5178.50000,0.93600
5178.72998,0.93640
5178.95996,0.93670
5179.18994,0.93700
5179.41992,0.93740
5179.64990,0.93770
5179.87012,0.93800
5180.10010,0.93840
5180.33008,0.93870
5180.56006,0.93900
5180.79004,0.93930
5181.02979,0.93970
5181.25000,0.94000
5181.47998,0.94030
5181.70996,0.94070
5181.93994,0.94100
5182.16992,0.94130
5182.39990,0.94170
5182.62988,0.94200
5182.85986,0.94230
5183.08984,0.94270
5183.31982,0.94300
5183.54980,0.94330
5183.77979,0.94360
5184.00977,0.94400
5184.24023,0.94430
5184.47021,0.94460
5184.70020,0.94500
5184.93018,0.94530
5185.16016,0.94560
5185.39014,0.94600
5185.62012,0.94630
5185.85010,0.94660
5186.08008,0.94700
5186.31006,0.94730
5186.54004,0.94760
5186.77002,0.94800
5187.00000,0.94830
5187.22998,0.94860
5187.45996,0.94890
5187.68994,0.94930
5187.91992,0.94960
5188.14990,0.94990
5188.37988,0.95030
5188.60986,0.95060
5188.83984,0.95090
5189.06982,0.95130
5189.29980,0.95160
5189.52979,0.95190
5189.75977,0.95230
5189.99023,0.95260
5190.22021,0.95290
5190.45020,0.95330
5190.68018,0.95360
5190.91016,0.95390
5191.14014,0.95420
5191.37012,0.95460
5191.60010,0.95490
5191.83008,0.95520
5192.06006,0.95560
5192.29004,0.95590
5192.52002,0.95620
5192.75000,0.95660
5192.97998,0.95690
5193.20996,0.95720
5193.43994,0.95760
5193.68018,0.95790
5193.89990,0.95820
5194.12988,0.95860
5194.37012,0.95890
5194.58984,0.95920
5194.83008,0.95950
5195.06006,0.95990
5195.29004,0.96020
5195.52002,0.96050
5195.75000,0.96090
5195.97998,0.96120
5196.20996,0.96150
5196.43994,0.96190
5196.66992,0.96220
5196.89990,0.96250
5197.12988,0.96290
5197.35986,0.96320
5197.58984,0.96350
5197.81982,0.96390
5198.04980,0.96420
5198.27979,0.96450
5198.50977,0.96490
5198.74023,0.96520
5198.97021,0.96550
5199.20020,0.96590
5199.43994,0.96620
5199.66992,0.96650
5199.89990,0.96680
5200.12988,0.96710
5200.35986,0.96720
5200.58984,0.96740
5200.81982,0.96750
5201.04980,0.96760
5201.27979,0.96780
5201.50977,0.96790
5201.74023,0.96800
5201.97021,0.96820
5202.20020,0.96830
5202.43018,0.96850
5202.66016,0.96860
5202.89014,0.96870
5203.12012,0.96890
5203.35986,0.96900
5203.58984,0.96920
5203.81982,0.96930
5204.04980,0.96940
5204.27979,0.96960
5204.50977,0.96970
5204.74023,0.96980
5204.97021,0.97000
5205.20020,0.97010
5205.43018,0.97030
5205.66016,0.97040
5205.89014,0.97050
5206.12012,0.97070
5206.35986,0.97080
5206.58008,0.97100
5206.81982,0.97110
5207.04980,0.97120
5207.27979,0.97140
5207.50977,0.97150
5207.74023,0.97160
5207.97021,0.97180
5208.20020,0.97190
5208.43018,0.97210
5208.66016,0.97220
5208.89990,0.97230
5209.12012,0.97250
5209.35986,0.97260
5209.58984,0.97280
5209.81982,0.97290
5210.04980,0.97300
5210.27979,0.97320
5210.50977,0.97330
5210.74023,0.97340
5210.97021,0.97360
5211.20020,0.97370
5211.43994,0.97390
5211.66992,0.97400
5211.89990,0.97410
5212.12988,0.97430
5212.35986,0.97440
5212.58984,0.97460
5212.81982,0.97470
5213.04980,0.97480
5213.27979,0.97500
5213.52002,0.97510
5213.75000,0.97520
5213.97998,0.97540
5214.20996,0.97550
5214.43994,0.97570
5214.66992,0.97580
5214.89990,0.97590
5215.14014,0.97610
5215.35986,0.97620
5215.60010,0.97640
5215.83008,0.97650
5216.06006,0.97660
5216.29004,0.97680
5216.52002,0.97690
5216.75000,0.97710
5216.99023,0.97720
5217.20996,0.97730
5217.45020,0.97750
5217.68018,0.97760
5217.91016,0.97770
5218.14014,0.97790
5218.37012,0.97800
5218.60010,0.97820
5218.83984,0.97830
5219.06982,0.97840
5219.29980,0.97860
5219.52979,0.97870
5219.75977,0.97890
5219.99023,0.97900
5220.22998,0.97910
5220.45996,0.97930
5220.68994,0.97940
5220.91992,0.97960
5221.14990,0.97970
5221.37988,0.97980
5221.60986,0.98000
5221.83984,0.98010
5222.06982,0.98020
5222.31006,0.98040
5222.54004,0.98050
5222.77002,0.98070
5223.00000,0.98080
5223.22998,0.98090
5223.45996,0.98110
5223.70020,0.98120
5223.93018,0.98140
5224.16016,0.98150
5224.39014,0.98160
5224.62012,0.98180
5224.85986,0.98190
5225.08984,0.98210
5225.31982,0.98220
5225.54980,0.98230
5225.77979,0.98250
5226.00977,0.98260
5226.24023,0.98270
5226.47998,0.98290
5226.70996,0.98300
5226.93994,0.98320
5227.16992,0.98330
5227.39990,0.98340
5227.64014,0.98360
5227.87012,0.98370
5228.10010,0.98390
5228.33008,0.98400
5228.56006,0.98410
5228.79980,0.98430
5229.02979,0.98440
5229.25977,0.98460
5229.49023,0.98470
5229.72021,0.98480
5229.95020,0.98500
5230.18994,0.98510
5230.41992,0.98530
5230.64990,0.98540
5230.87988,0.98550
5231.12012,0.98570
5231.35010,0.98580
5231.58008,0.98590
5231.81006,0.98610
5232.04004,0.98620
5232.27002,0.98640
5232.50977,0.98650
5232.74023,0.98660
5232.97021,0.98680
5233.20020,0.98690
5233.43018,0.98710
5233.66992,0.98720
5233.89990,0.98730
5234.12988,0.98750
5234.35986,0.98760
5234.58984,0.98780
5234.81982,0.98790
5235.06006,0.98800
5235.29004,0.98820
5235.52002,0.98830
5235.75977,0.98850
5235.99023,0.98860
5236.22021,0.98870
5236.45020,0.98890
5236.68018,0.98900
5236.91992,0.98920
5237.14990,0.98930
5237.37988,0.98940
5237.60986,0.98960
5237.85010,0.98970
5238.08008,0.98980
5238.31006,0.99000
5238.54004,0.99010
5238.77002,0.99030
5239.00000,0.99040
5239.24023,0.99050
5239.47021,0.99070
5239.70020,0.99080
5239.93018,0.99100
5240.16992,0.99110
5240.39990,0.99120
5240.62988,0.99140
5240.85986,0.99150
5241.10010,0.99170
5241.33008,0.99180
5241.56006,0.99190
5241.79004,0.99210
5242.02979,0.99220
5242.25977,0.99240
5242.49023,0.99250
5242.72021,0.99260
5242.95996,0.99280
5243.18994,0.99290
5243.41992,0.99310
5243.64990,0.99320
5243.89014,0.99330
5244.12012,0.99350
5244.35010,0.99360
5244.58008,0.99380
5244.81006,0.99390
5245.04980,0.99400
5245.27979,0.99420
5245.50977,0.99430
5245.75000,0.99440
5245.97998,0.99460
5246.20996,0.99470
5246.43994,0.99490
5246.68018,0.99500
5246.91016,0.99510
5247.14014,0.99530
5247.37012,0.99540
5247.60986,0.99560
5247.83984,0.99570
5248.06982,0.99580
5248.31006,0.99600
5248.54004,0.99610
5248.77002,0.99630
5249.00000,0.99640
5249.24023,0.99650
5249.47021,0.99670
5249.70020,0.99680
5249.93018,0.99700
5250.16992,0.99700
5250.39990,0.99700
5250.62988,0.99700
5250.85986,0.99710
5251.10010,0.99710
5251.33008,0.99710
5251.56006,0.99710
5251.79980,0.99710
5252.02979,0.99710
5252.25977,0.99710
5252.50000,0.99720
5252.72998,0.99720
5252.95996,0.99720
5253.18994,0.99720
5253.43018,0.99720
5253.66016,0.99720
5253.89990,0.99720
5254.12988,0.99720
5254.35986,0.99730
5254.58984,0.99730
5254.81982,0.99730
5255.06006,0.99730
5255.29004,0.99730
5255.52002,0.99730
5255.75977,0.99730
5255.99023,0.99740
5256.22021,0.99740
5256.45996,0.99740
5256.68994,0.99740
5256.91992,0.99740
5257.16016,0.99740
5257.39014,0.99740
5257.62012,0.99750
5257.85986,0.99750
5258.08984,0.99750
5258.31982,0.99750
5258.56006,0.99750
5258.79004,0.99750
5259.02002,0.99750
5259.25000,0.99760
5259.47998,0.99760
5259.72021,0.99760
5259.95020,0.99760
5260.18018,0.99760
5260.41992,0.99760
5260.64990,0.99760
5260.89014,0.99770
5261.12012,0.99770
5261.35010,0.99770
5261.58008,0.99770
5261.81982,0.99770
5262.04980,0.99770
5262.29004,0.99770
5262.52002,0.99780
5262.75000,0.99780
5262.99023,0.99780
5263.22021,0.99780
5263.45020,0.99780
5263.68018,0.99780
5263.91992,0.99780
5264.14990,0.99780
5264.37988,0.99790
5264.62012,0.99790
5264.85010,0.99790
5265.08984,0.99790
5265.31982,0.99790
5265.54980,0.99790
5265.79004,0.99790
5266.02002,0.99800
5266.25000,0.99800
5266.49023,0.99800
5266.72021,0.99800
5266.95020,0.99800
5267.18994,0.99800
5267.41992,0.99800
5267.64990,0.99810
5267.89014,0.99810
5268.12012,0.99810
5268.35010,0.99810
5268.58984,0.99810
5268.81982,0.99810
5269.06006,0.99810
5269.29004,0.99820
5269.52002,0.99820
5269.75977,0.99820
5269.99023,0.99820
5270.22998,0.99820
5270.45996,0.99820
5270.68994,0.99820
5270.93018,0.99830
5271.16016,0.99830
5271.39014,0.99830
5271.62988,0.99830
5271.85986,0.99830
5272.08984,0.99830
5272.33008,0.99830
5272.56006,0.99840
5272.79004,0.99840
5273.02979,0.99840
5273.25977,0.99840
5273.50000,0.99840
5273.72998,0.99840
5273.95996,0.99840
5274.20020,0.99850
5274.43018,0.99850
5274.66992,0.99850
5274.89990,0.99850
5275.12988,0.99850
5275.37012,0.99850
5275.60010,0.99850
5275.83984,0.99860
5276.06982,0.99860
5276.29980,0.99860
5276.54004,0.99860
5276.77002,0.99860
5277.00000,0.99860
5277.24023,0.99860
5277.47998,0.99860
5277.70996,0.99870
5277.93994,0.99870
5278.18018,0.99870
5278.41016,0.99870
5278.64014,0.99870
5278.87988,0.99870
5279.10986,0.99870
5279.35010,0.99880
5279.58008,0.99880
5279.81006,0.99880
5280.04980,0.99880
5280.27979,0.99880
5280.52002,0.99880
5280.75000,0.99880
5280.97998,0.99890
5281.22021,0.99890
5281.45020,0.99890
5281.68994,0.99890
5281.91992,0.99890
5282.16016,0.99890
5282.39014,0.99890
5282.62012,0.99900
5282.85986,0.99900
5283.08984,0.99900
5283.33008,0.99900
5283.56006,0.99900
5283.79004,0.99900
5284.02979,0.99900
5284.25977,0.99910
5284.50000,0.99910
5284.72998,0.99910
5284.97021,0.99910
5285.20020,0.99910
5285.43018,0.99910
5285.66992,0.99910
5285.89990,0.99920
5286.14014,0.99920
5286.37012,0.99920
5286.60986,0.99920
5286.83984,0.99920
5287.08008,0.99920
5287.31006,0.99920
5287.54980,0.99930
5287.77979,0.99930
5288.00977,0.99930
5288.25000,0.99930
5288.47998,0.99930
5288.72021,0.99930
5288.95020,0.99930
5289.18018,0.99940
5289.41992,0.99940
5289.64990,0.99940
5289.89014,0.99940
5290.12012,0.99940
5290.35986,0.99940
5290.58984,0.99940
5290.83008,0.99940
5291.06006,0.99950
5291.29980,0.99950
5291.52979,0.99950
5291.77002,0.99950
5292.00000,0.99950
5292.24023,0.99950
5292.47021,0.99950
5292.70020,0.99960
5292.93994,0.99960
5293.18018,0.99960
5293.41016,0.99960
5293.64014,0.99960
5293.87988,0.99960
5294.10986,0.99960
5294.35010,0.99970
5294.58008,0.99970
5294.81982,0.99970
5295.04980,0.99970
5295.29004,0.99970
5295.52002,0.99970
5295.75977,0.99970
5295.99023,0.99980
5296.22998,0.99980
5296.45996,0.99980
5296.70020,0.99980
5296.93018,0.99980
5297.16992,0.99980
5297.39990,0.99980
5297.62988,0.99990
5297.87012,0.99990
5298.10010,0.99990
5298.33984,0.99990
5298.56982,0.99990
5298.81006,0.99990
5299.04980,0.99990
5299.27979,1.00000
5299.50977,1.00000
5299.75000,1.00000
5299.97998,1.00000
5300.22021,0.99990
5300.45996,0.99990
5300.68994,0.99980
5300.91992,0.99980
5301.16016,0.99970
5301.39014,0.99970
5301.62988,0.99960
5301.85986,0.99960
5302.10010,0.99950
5302.33008,0.99940
5302.56982,0.99940
5302.81006,0.99930
5303.04004,0.99930
5303.27979,0.99920
5303.50977,0.99920
5303.75000,0.99910
5303.97998,0.99900
5304.20996,0.99900
5304.45020,0.99890
5304.68994,0.99890
5304.91992,0.99880
5305.16016,0.99880
5305.39014,0.99870
5305.62988,0.99860
5305.85986,0.99860
5306.10010,0.99850
5306.33008,0.99850
5306.56982,0.99840
5306.79980,0.99840
5307.04004,0.99830
5307.27002,0.99830
5307.50977,0.99820
5307.74023,0.99810
5307.97998,0.99810
5308.22021,0.99800
5308.45020,0.99800
5308.68994,0.99790
5308.91992,0.99790
5309.16016,0.99780
5309.39014,0.99770
5309.62988,0.99770
5309.85986,0.99760
5310.10010,0.99760
5310.33008,0.99750
5310.56982,0.99750
5310.79980,0.99740
5311.04004,0.99740
5311.27002,0.99730
5311.50977,0.99720
5311.75000,0.99720
5311.97998,0.99710
5312.22021,0.99710
5312.45020,0.99700
5312.68994,0.99700
5312.93018,0.99690
5313.16016,0.99680
5313.39990,0.99680
5313.62988,0.99670
5313.87012,0.99670
5314.10010,0.99660
5314.33984,0.99660
5314.56982,0.99650
5314.81006,0.99640
5315.04004,0.99640
5315.27979,0.99630
5315.52002,0.99630
5315.75000,0.99620
5315.99023,0.99620
5316.22998,0.99610
5316.45996,0.99600
5316.68994,0.99600
5316.93018,0.99590
5317.16992,0.99590
5317.39990,0.99580
5317.64014,0.99580
5317.87012,0.99570
5318.10986,0.99570
5318.33984,0.99560
5318.58008,0.99550
5318.81982,0.99550
5319.04980,0.99540
5319.29004,0.99540
5319.52002,0.99530
5319.75977,0.99530
5319.99023,0.99520
5320.22998,0.99510
5320.47021,0.99510
5320.70020,0.99500
5320.93994,0.99500
5321.18018,0.99490
5321.41016,0.99490
5321.64990,0.99480
5321.87988,0.99470
5322.12012,0.99470
5322.35010,0.99460
5322.58984,0.99460
5322.83008,0.99450
5323.06006,0.99450
5323.29980,0.99440
5323.52979,0.99440
5323.77002,0.99430
5324.00977,0.99420
5324.24023,0.99420
5324.47998,0.99410
5324.72021,0.99410
5324.95020,0.99400
5325.18994,0.99400
5325.43018,0.99390
5325.66016,0.99380
5325.89990,0.99380
5326.12988,0.99370
5326.37012,0.99370
5326.60010,0.99360
5326.83984,0.99360
5327.08008,0.99350
5327.31006,0.99340
5327.54980,0.99340
5327.79004,0.99330
5328.02002,0.99330
5328.25977,0.99320
5328.49023,0.99320
5328.72998,0.99310
5328.97021,0.99300
5329.20020,0.99300
5329.43994,0.99290
5329.68018,0.99290
5329.91016,0.99280
5330.14990,0.99280
5330.39014,0.99270
5330.62012,0.99260
5330.85986,0.99260
5331.08984,0.99250
5331.33008,0.99250
5331.56982,0.99240
5331.79980,0.99240
5332.04004,0.99230
5332.27002,0.99230
5332.50977,0.99220
5332.75000,0.99210
5332.99023,0.99210
5333.22021,0.99200
5333.45996,0.99200
5333.68994,0.99190
5333.93018,0.99190
5334.16992,0.99180
5334.41016,0.99170
5334.64014,0.99170
5334.87988,0.99160
5335.10986,0.99160
5335.35010,0.99150
5335.58984,0.99150
5335.81982,0.99140
5336.06006,0.99130
5336.29980,0.99130
5336.52979,0.99120
5336.77002,0.99120
5337.00000,0.99110
5337.24023,0.99110
5337.47998,0.99100
5337.72021,0.99090
5337.95020,0.99090
5338.18994,0.99080
5338.43018,0.99080
5338.66992,0.99070
5338.89990,0.99070
5339.14014,0.99060
5339.37012,0.99060
5339.60986,0.99050
5339.85010,0.99040
5340.08008,0.99040
5340.31982,0.99030
5340.56006,0.99030
5340.79004,0.99020
5341.02979,0.99020
5341.27002,0.99010
5341.50000,0.99000
5341.74023,0.99000
5341.97998,0.98990
5342.20996,0.98990
5342.45020,0.98980
5342.68994,0.98980
5342.93018,0.98970
5343.16016,0.98960
5343.39990,0.98960
5343.64014,0.98950
5343.87012,0.98950
5344.10986,0.98940
5344.35010,0.98940
5344.58008,0.98930
5344.81982,0.98920
5345.06006,0.98920
5345.29004,0.98910
5345.52979,0.98910
5345.77002,0.98900
5346.00977,0.98900
5346.24023,0.98890
5346.47998,0.98880
5346.72021,0.98880
5346.95020,0.98870
5347.18994,0.98870
5347.43018,0.98860
5347.66992,0.98860
5347.89990,0.98850
5348.14014,0.98840
5348.37988,0.98840
5348.60986,0.98830
5348.85010,0.98830
5349.08984,0.98820
5349.31982,0.98820
5349.56006,0.98810
5349.79980,0.98800
5350.04004,0.98800
5350.27002,0.98780
5350.50977,0.98770
5350.75000,0.98760
5350.99023,0.98740
5351.22021,0.98730
5351.45996,0.98710
5351.70020,0.98700
5351.93994,0.98680
5352.16992,0.98670
5352.41016,0.98660
5352.64990,0.98640
5352.87988,0.98630
5353.12012,0.98610
5353.35986,0.98600
5353.60010,0.98580
5353.83008,0.98570
5354.06982,0.98560
5354.31006,0.98540
5354.54004,0.98530
5354.77979,0.98510
5355.02002,0.98500
5355.25977,0.98480
5355.50000,0.98470
5355.74023,0.98460
5355.97021,0.98440
5356.20996,0.98430
5356.43994,0.98410
5356.68018,0.98400
5356.91992,0.98380
5357.16016,0.98370
5357.39014,0.98360
5357.62988,0.98340
5357.87012,0.98330
5358.10986,0.98310
5358.33984,0.98300
5358.58008,0.98280
5358.81982,0.98270
5359.06006,0.98260
5359.29980,0.98240
5359.52979,0.98230
5359.77002,0.98210
5360.00977,0.98200
5360.25000,0.98190
5360.49023,0.98170
5360.72021,0.98160
5360.95996,0.98140
5361.20020,0.98130
5361.43018,0.98110
5361.66992,0.98100
5361.91016,0.98090
5362.14990,0.98070
5362.37988,0.98060
5362.62012,0.98040
5362.85986,0.98030
5363.10010,0.98010
5363.33984,0.98000
5363.56982,0.97990
5363.81006,0.97970
5364.04980,0.97960
5364.29004,0.97940
5364.52979,0.97930
5364.77002,0.97910
5365.00977,0.97900
5365.24023,0.97890
5365.47998,0.97870
5365.72021,0.97860
5365.95020,0.97840
5366.18994,0.97830
5366.43018,0.97810
5366.66992,0.97800
5366.91016,0.97790
5367.14014,0.97770
5367.37988,0.97760
5367.62012,0.97740
5367.85986,0.97730
5368.10010,0.97710
5368.33008,0.97700
5368.56982,0.97690
5368.81006,0.97670
5369.04980,0.97660
5369.29004,0.97640
5369.52002,0.97630
5369.75977,0.97610
5370.00000,0.97600
5370.24023,0.97590
5370.47021,0.97570
5370.70996,0.97560
5370.95020,0.97540
5371.18994,0.97530
5371.43018,0.97510
5371.66992,0.97500
5371.89990,0.97490
5372.14014,0.97470
5372.37988,0.97460
5372.62012,0.97440
5372.85986,0.97430
5373.10010,0.97410
5373.33008,0.97400
5373.56982,0.97390
5373.81006,0.97370
5374.04980,0.97360
5374.29004,0.97340
5374.52002,0.97330
5374.75977,0.97310
5375.00000,0.97300
5375.24023,0.97290
5375.47998,0.97270
5375.72021,0.97260
5375.95996,0.97240
5376.18994,0.97230
5376.43018,0.97210
5376.66992,0.97200
5376.91016,0.97190
5377.14990,0.97170
5377.39014,0.97160
5377.62988,0.97140
5377.85986,0.97130
5378.10010,0.97110
5378.33984,0.97100
5378.58008,0.97090
5378.81982,0.97070
5379.04980,0.97060
5379.29004,0.97040
5379.52979,0.97030
5379.77002,0.97010
5380.00977,0.97000
5380.25000,0.96990
5380.49023,0.96970
5380.72021,0.96960
5380.95996,0.96940
5381.20020,0.96930
5381.43994,0.96910
5381.68018,0.96900
5381.91992,0.96880
5382.16016,0.96870
5382.39990,0.96860
5382.62988,0.96840
5382.87012,0.96830
5383.10986,0.96810
5383.35010,0.96800
5383.58984,0.96780
5383.83008,0.96770
5384.06982,0.96760
5384.29980,0.96740
5384.54004,0.96730
5384.77979,0.96710
5385.02002,0.96700
5385.25977,0.96680
5385.50000,0.96670
5385.74023,0.96660
5385.97998,0.96640
5386.22021,0.96630
5386.45020,0.96610
5386.68994,0.96600
5386.93018,0.96580
5387.16992,0.96570
5387.41016,0.96560
5387.64990,0.96540
5387.89014,0.96530
5388.12988,0.96510
5388.35986,0.96500
5388.60010,0.96480
5388.83984,0.96470
5389.08008,0.96460
5389.31982,0.96440
5389.56006,0.96430
5389.79980,0.96410
5390.04004,0.96400
5390.27979,0.96380
5390.52002,0.96370
5390.75977,0.96350
5390.99023,0.96340
5391.22998,0.96330
5391.47021,0.96310
5391.70996,0.96300
5391.95020,0.96280
5392.18994,0.96270
5392.41992,0.96250
5392.66016,0.96240
5392.89990,0.96230
5393.14014,0.96210
5393.37988,0.96200
5393.62012,0.96180
5393.85986,0.96170
5394.10010,0.96150
5394.33984,0.96140
5394.58008,0.96130
5394.81982,0.96110
5395.06006,0.96100
5395.29980,0.96080
5395.54004,0.96070
5395.77002,0.96050
5396.02002,0.96040
5396.25000,0.96020
5396.49023,0.96010
5396.72998,0.96000
5396.97021,0.95980
5397.20996,0.95970
5397.45020,0.95950
5397.68994,0.95940
5397.93018,0.95920
5398.16992,0.95910
5398.41016,0.95900
5398.64990,0.95880
5398.89014,0.95870
5399.12988,0.95850
5399.37012,0.95840
5399.60986,0.95820
5399.83984,0.95810
5400.08984,0.95790
5400.31982,0.95770
5400.56006,0.95760
5400.79980,0.95740
5401.04004,0.95720
5401.27979,0.95700
5401.52002,0.95680
5401.75977,0.95660
5402.00000,0.95640
5402.24023,0.95630
5402.47998,0.95610
5402.72021,0.95590
5402.95996,0.95570
5403.20020,0.95550
5403.43994,0.95530
5403.68018,0.95510
5403.91016,0.95490
5404.16016,0.95480
5404.39990,0.95460
5404.64014,0.95440
5404.87012,0.95420
5405.10986,0.95400
5405.35010,0.95380
5405.58984,0.95360
5405.83008,0.95350
5406.06982,0.95330
5406.31006,0.95310
5406.54980,0.95290
5406.79004,0.95270
5407.02979,0.95250
5407.27002,0.95230
5407.50977,0.95210
5407.75000,0.95200
5407.99023,0.95180
5408.22998,0.95160
5408.47021,0.95140
5408.70996,0.95120
5408.95020,0.95100
5409.18994,0.95080
5409.43018,0.95060
5409.66992,0.95050
5409.91016,0.95030
5410.14990,0.95010
5410.39014,0.94990
5410.62988,0.94970
5410.87012,0.94950
5411.10986,0.94930
5411.35010,0.94910
5411.58984,0.94900
5411.83008,0.94880
5412.06982,0.94860
5412.31006,0.94840
5412.54980,0.94820
5412.79004,0.94800
5413.02979,0.94780
5413.27002,0.94760
5413.50977,0.94750
5413.75000,0.94730
5413.99023,0.94710
5414.22998,0.94690
5414.47021,0.94670
5414.70996,0.94650
5414.95020,0.94630
5415.18994,0.94620
5415.43018,0.94600
5415.66992,0.94580
5415.91016,0.94560
5416.14990,0.94540
5416.39014,0.94520
5416.62988,0.94500
5416.87012,0.94480
5417.10986,0.94470
5417.35010,0.94450
5417.58984,0.94430
5417.83008,0.94410
5418.06982,0.94390
5418.31006,0.94370
5418.54980,0.94350
5418.79004,0.94330
5419.02979,0.94320
5419.27002,0.94300
5419.50977,0.94280
5419.75000,0.94260
5419.99023,0.94240
5420.22998,0.94220
5420.47998,0.94200
5420.72021,0.94180
5420.95020,0.94170
5421.20020,0.94150
5421.43994,0.94130
5421.66992,0.94110
5421.91992,0.94090
5422.14990,0.94070
5422.39990,0.94050
5422.64014,0.94030
5422.87012,0.94020
5423.12012,0.94000
5423.35986,0.93980
5423.60010,0.93960
5423.83984,0.93940
5424.08008,0.93920
5424.31982,0.93900
5424.56006,0.93880
5424.79980,0.93870
5425.04004,0.93850
5425.27979,0.93830
5425.52002,0.93810
5425.75977,0.93790
5426.00000,0.93770
5426.24023,0.93750
5426.49023,0.93730
5426.72998,0.93720
5426.95996,0.93700
5427.20996,0.93680
5427.45020,0.93660
5427.68994,0.93640
5427.93018,0.93620
5428.16992,0.93600
5428.41016,0.93580
5428.64990,0.93570
5428.89014,0.93550
5429.12988,0.93530
5429.37012,0.93510
5429.62012,0.93490
5429.85986,0.93470
5430.10010,0.93450
5430.33008,0.93430
5430.58008,0.93410
5430.81982,0.93400
5431.06006,0.93380
5431.29980,0.93360
5431.54004,0.93340
5431.77979,0.93320
5432.02002,0.93300
5432.25977,0.93280
5432.50000,0.93260
5432.74023,0.93250
5432.99023,0.93230
5433.22998,0.93210
5433.47021,0.93190
5433.70996,0.93170
5433.95020,0.93150
5434.18994,0.93130
5434.43018,0.93110
5434.66992,0.93100
5434.91016,0.93080
5435.14990,0.93060
5435.39014,0.93040
5435.62988,0.93020
5435.87988,0.93000
5436.10986,0.92980
5436.35986,0.92960
5436.60010,0.92950
5436.83984,0.92930
5437.08008,0.92910
5437.31982,0.92890
5437.56982,0.92870
5437.81006,0.92850
5438.04980,0.92830
5438.29004,0.92810
5438.52979,0.92790
5438.77002,0.92780
5439.00977,0.92760
5439.25000,0.92740
5439.49023,0.92720
5439.74023,0.92700
5439.97998,0.92680
5440.20996,0.92660
5440.45996,0.92640
5440.70020,0.92630
5440.93994,0.92610
5441.18018,0.92590
5441.41992,0.92570
5441.66016,0.92550
5441.89990,0.92530
5442.14990,0.92510
5442.39014,0.92490
5442.62988,0.92470
5442.87012,0.92460
5443.10986,0.92440
5443.35010,0.92420
5443.60010,0.92400
5443.83984,0.92380
5444.08008,0.92360
5444.31982,0.92340
5444.56006,0.92320
5444.79980,0.92310
5445.04004,0.92290
5445.27979,0.92270
5445.52979,0.92250
5445.77002,0.92230
5446.00977,0.92210
5446.25000,0.92190
5446.49023,0.92170
5446.72998,0.92150
5446.97998,0.92140
5447.22021,0.92120
5447.45996,0.92100
5447.70020,0.92080
5447.93994,0.92060
5448.18018,0.92040
5448.41992,0.92020
5448.66016,0.92000
5448.91016,0.91990
5449.14990,0.91970
5449.39014,0.91950
5449.62988,0.91930
5449.87012,0.91910
5450.10986,0.91890
5450.35986,0.91870
5450.60010,0.91850
5450.83984,0.91830
5451.08008,0.91810
5451.33008,0.91790
5451.56982,0.91770
5451.81006,0.91750
5452.04980,0.91730
5452.29004,0.91710
5452.52979,0.91690
5452.77002,0.91670
5453.00977,0.91650
5453.25977,0.91630
5453.50000,0.91610
5453.74023,0.91590
5453.97998,0.91570
5454.22021,0.91550
5454.47021,0.91520
5454.70996,0.91500
5454.95020,0.91480
5455.18994,0.91460
5455.43994,0.91440
5455.68018,0.91420
5455.91992,0.91400
5456.16016,0.91380
5456.39990,0.91360
5456.64014,0.91340
5456.89014,0.91320
5457.12988,0.91300
5457.37012,0.91280
5457.60986,0.91260
5457.85010,0.91240
5458.08984,0.91220
5458.33984,0.91200
5458.58008,0.91180
5458.81982,0.91160
5459.06006,0.91140
5459.31006,0.91120
5459.54980,0.91100
5459.79004,0.91080
5460.02979,0.91060
5460.27979,0.91040
5460.52002,0.91020
5460.75977,0.91000
5461.00000,0.90980
5461.24023,0.90960
5461.47998,0.90940
5461.72998,0.90920
5461.97021,0.90890
5462.20996,0.90870
5462.45020,0.90850
5462.70020,0.90830
5462.93994,0.90810
5463.18018,0.90790
5463.41992,0.90770
5463.66016,0.90750
5463.91016,0.90730
5464.14990,0.90710
5464.39014,0.90690
5464.64014,0.90670
5464.87988,0.90650
5465.12012,0.90630
5465.35986,0.90610
5465.60010,0.90590
5465.83984,0.90570
5466.08008,0.90550
5466.33008,0.90530
5466.56982,0.90510
5466.81006,0.90490
5467.04980,0.90470
5467.29980,0.90450
5467.54004,0.90430
5467.77979,0.90410
5468.02979,0.90390
5468.27002,0.90370
5468.50977,0.90340
5468.75977,0.90320
5469.00000,0.90300
5469.24023,0.90280
5469.47998,0.90260
5469.72021,0.90240
5469.97021,0.90220
5470.20996,0.90200
5470.45020,0.90180
5470.68994,0.90160
5470.93994,0.90140
5471.18018,0.90120
5471.41992,0.90100
5471.66016,0.90080
5471.91016,0.90060
5472.14990,0.90040
5472.39014,0.90020
5472.64014,0.90000
5472.87988,0.89980
5473.12012,0.89960
5473.35986,0.89940
5473.60986,0.89920
5473.85010,0.89900
5474.08984,0.89880
5474.33008,0.89860
5474.58008,0.89840
5474.81982,0.89820
5475.06006,0.89790
5475.29980,0.89770
5475.54980,0.89750
5475.79004,0.89730
5476.02979,0.89710
5476.27979,0.89690
5476.52002,0.89670
5476.75977,0.89650
5477.00977,0.89630
5477.25000,0.89610
5477.49023,0.89590
5477.72998,0.89570
5477.97998,0.89550
5478.22021,0.89530
5478.45996,0.89510
5478.70996,0.89490
5478.95020,0.89470
5479.18994,0.89450
5479.43018,0.89430
5479.66992,0.89410
5479.91992,0.89390
5480.16016,0.89370
5480.41016,0.89350
5480.64990,0.89330
5480.89014,0.89300
5481.12988,0.89280
5481.37988,0.89260
5481.62012,0.89240
5481.85986,0.89220
5482.10986,0.89200
5482.35010,0.89180
5482.58984,0.89160
5482.83984,0.89140
5483.08008,0.89120
5483.31982,0.89100
5483.56006,0.89080
5483.81006,0.89060
5484.04980,0.89040
5484.29004,0.89020
5484.52979,0.89000
5484.77979,0.88980
5485.02979,0.88960
5485.27002,0.88940
5485.50977,0.88920
5485.75000,0.88900
5486.00000,0.88880
5486.24023,0.88860
5486.47998,0.88840
5486.72998,0.88810
5486.97021,0.88790
5487.20996,0.88770
5487.45996,0.88750
5487.70020,0.88730
5487.93994,0.88710
5488.18994,0.88690
5488.43018,0.88670
5488.66992,0.88650
5488.91016,0.88630
5489.16016,0.88610
5489.39990,0.88590
5489.64990,0.88570
5489.89014,0.88550
5490.12988,0.88530
5490.37988,0.88510
5490.62012,0.88490
5490.85986,0.88470
5491.10986,0.88450
5491.35010,0.88430
5491.58984,0.88410
5491.83984,0.88390
5492.08008,0.88370
5492.31982,0.88340
5492.56982,0.88320
5492.81006,0.88300
5493.04980,0.88280
5493.29980,0.88260
5493.54004,0.88240
5493.79004,0.88220
5494.02979,0.88200
5494.27002,0.88180
5494.52002,0.88160
5494.75977,0.88140
5495.00000,0.88120
5495.25000,0.88100
5495.49023,0.88080
5495.72998,0.88060
5495.97998,0.88040
5496.22021,0.88020
5496.45996,0.88000
5496.70996,0.87980
5496.95020,0.87960
5497.20020,0.87940
5497.43994,0.87920
5497.68018,0.87890
5497.93018,0.87870
5498.16992,0.87850
5498.41992,0.87830
5498.66016,0.87810
5498.89990,0.87790
5499.14990,0.87770
5499.39014,0.87750
5499.64014,0.87730
5499.87988,0.87710
5500.12012,0.87690
5500.37012,0.87660
5500.60986,0.87630
5500.85010,0.87600
5501.10010,0.87570
5501.33984,0.87540
5501.58008,0.87520
5501.83008,0.87490
5502.06982,0.87460
5502.31982,0.87430
5502.56006,0.87400
5502.81006,0.87370
5503.04980,0.87350
5503.29004,0.87320
5503.54004,0.87290
5503.77979,0.87260
5504.02979,0.87230
5504.27002,0.87200
5504.52002,0.87180
5504.75977,0.87150
5505.00000,0.87120
5505.25000,0.87090
5505.49023,0.87060
5505.72998,0.87030
5505.97998,0.87010
5506.22021,0.86980
5506.45996,0.86950
5506.70996,0.86920
5506.95020,0.86890
5507.20020,0.86860
5507.43994,0.86840
5507.68994,0.86810
5507.93018,0.86780
5508.18018,0.86750
5508.41992,0.86720
5508.66992,0.86690
5508.91016,0.86670
5509.14990,0.86640
5509.39990,0.86610
5509.64014,0.86580
5509.87988,0.86550
5510.12988,0.86520
5510.37012,0.86500
5510.62012,0.86470
5510.85986,0.86440
5511.10986,0.86410
5511.35010,0.86380
5511.58984,0.86360
5511.83984,0.86330
5512.08008,0.86300
5512.33008,0.86270
5512.56982,0.86240
5512.81982,0.86210
5513.06006,0.86180
5513.31006,0.86160
5513.54980,0.86130
5513.79980,0.86100
5514.04004,0.86070
5514.27979,0.86040
5514.52979,0.86010
5514.77002,0.85990
5515.02002,0.85960
5515.25977,0.85930
5515.50977,0.85900
5515.75000,0.85870
5516.00000,0.85840
5516.24023,0.85820
5516.49023,0.85790
5516.72998,0.85760
5516.97998,0.85730
5517.22021,0.85700
5517.45996,0.85670
5517.70996,0.85650
5517.95020,0.85620
5518.20020,0.85590
5518.43994,0.85560
5518.68994,0.85530
5518.93018,0.85500
5519.18018,0.85480
5519.41992,0.85450
5519.66016,0.85420
5519.91016,0.85390
5520.16016,0.85360
5520.39990,0.85330
5520.64990,0.85310
5520.89014,0.85280
5521.14014,0.85250
5521.37988,0.85220
5521.62012,0.85190
5521.87012,0.85160
5522.12012,0.85130
5522.35986,0.85110
5522.60010,0.85080
5522.85010,0.85050
5523.08984,0.85020
5523.33984,0.84990
5523.58008,0.84960
5523.83008,0.84940
5524.06982,0.84910
5524.31982,0.84880
5524.56006,0.84850
5524.81006,0.84820
5525.04980,0.84790
5525.29980,0.84770
5525.54980,0.84740
5525.79004,0.84710
5526.02979,0.84680
5526.27979,0.84650
5526.52002,0.84620
5526.77002,0.84600
5527.00977,0.84570
5527.25977,0.84540
5527.50000,0.84510
5527.75000,0.84480
5527.99023,0.84450
5528.24023,0.84420
5528.47998,0.84400
5528.72998,0.84370
5528.97021,0.84340
5529.22021,0.84310
5529.47021,0.84280
5529.70996,0.84250
5529.95020,0.84230
5530.20020,0.84200
5530.45020,0.84170
5530.68994,0.84140
5530.93994,0.84110
5531.18018,0.84080
5531.43018,0.84050
5531.66992,0.84030
5531.91992,0.84000
5532.16016,0.83970
5532.39990,0.83940
5532.64990,0.83910
5532.89990,0.83880
5533.14014,0.83860
5533.39014,0.83830
5533.64014,0.83800
5533.87988,0.83770
5534.12012,0.83740
5534.37012,0.83710
5534.62012,0.83680
5534.85986,0.83660
5535.10986,0.83630
5535.35010,0.83600
5535.60010,0.83570
5535.83984,0.83540
5536.08984,0.83510
5536.33008,0.83490
5536.58008,0.83460
5536.81982,0.83430
5537.06982,0.83400
5537.31006,0.83370
5537.56006,0.83340
5537.81006,0.83310
5538.04980,0.83290
5538.29980,0.83260
5538.54004,0.83230
5538.79004,0.83200
5539.04004,0.83170
5539.27979,0.83140
5539.52979,0.83120
5539.77002,0.83090
5540.02002,0.83060
5540.25977,0.83030
5540.50977,0.83000
5540.75000,0.82970
5541.00000,0.82940
5541.24023,0.82920
5541.49023,0.82890
5541.72998,0.82860
5541.97998,0.82830
5542.22998,0.82800
5542.47021,0.82770
5542.72021,0.82740
5542.97021,0.82720
5543.20996,0.82690
5543.45996,0.82660
5543.70020,0.82630
5543.95020,0.82600
5544.20020,0.82570
5544.43994,0.82550
5544.68994,0.82520
5544.93018,0.82490
5545.18018,0.82460
5545.41992,0.82430
5545.66992,0.82400
5545.91016,0.82370
5546.16016,0.82350
5546.41016,0.82320
5546.64990,0.82290
5546.89990,0.82260
5547.14990,0.82230
5547.39014,0.82200
5547.64014,0.82170
5547.87988,0.82150
5548.12988,0.82120
5548.37988,0.82090
5548.62012,0.82060
5548.87012,0.82030
5549.10986,0.82000
5549.35986,0.81970
5549.60010,0.81950
5549.85010,0.81920
5550.08984,0.81890
5550.33984,0.81860
5550.58984,0.81840
5550.83008,0.81810
5551.08008,0.81780
5551.33008,0.81760
5551.56982,0.81730
5551.81982,0.81700
5552.06982,0.81680
5552.31006,0.81650
5552.56006,0.81620
5552.81006,0.81600
5553.04980,0.81570
5553.29980,0.81540
5553.54004,0.81520
5553.79004,0.81490
5554.04004,0.81460
5554.27979,0.81440
5554.52979,0.81410
5554.77002,0.81380
5555.02002,0.81360
5555.27002,0.81330
5555.50977,0.81300
5555.75977,0.81280
5556.00977,0.81250
5556.25000,0.81220
5556.50000,0.81200
5556.75000,0.81170
5556.99023,0.81140
5557.24023,0.81120
5557.47998,0.81090
5557.72998,0.81060
5557.97998,0.81040
5558.22021,0.81010
5558.47021,0.80990
5558.72021,0.80960
5558.95996,0.80930
5559.20996,0.80910
5559.45996,0.80880
5559.70020,0.80850
5559.95020,0.80830
5560.18994,0.80800
5560.43994,0.80770
5560.68994,0.80750
5560.93018,0.80720
5561.18018,0.80690
5561.43018,0.80670
5561.68018,0.80640
5561.91992,0.80610
5562.16992,0.80590
5562.41016,0.80560
5562.66016,0.80530
5562.91016,0.80510
5563.14990,0.80480
5563.39990,0.80450
5563.64990,0.80430
5563.89014,0.80400
5564.14014,0.80370
5564.39014,0.80350
5564.62988,0.80320
5564.87988,0.80290
5565.12988,0.80270
5565.37012,0.80240
5565.62012,0.80210
5565.87012,0.80190
5566.12012,0.80160
5566.35986,0.80130
5566.60986,0.80110
5566.85986,0.80080
5567.10010,0.80050
5567.35010,0.80030
5567.60010,0.80000
5567.83984,0.79970
5568.08984,0.79950
5568.33984,0.79920
5568.58008,0.79890
5568.83008,0.79870
5569.08008,0.79840
5569.31982,0.79810
5569.56982,0.79790
5569.81982,0.79760
5570.06982,0.79730
5570.31006,0.79710
5570.56006,0.79680
5570.81006,0.79650
5571.04980,0.79630
5571.29980,0.79600
5571.54980,0.79570
5571.79004,0.79550
5572.04004,0.79520
5572.29004,0.79490
5572.52979,0.79470
5572.77979,0.79440
5573.02979,0.79410
5573.27979,0.79390
5573.52002,0.79360
5573.77002,0.79330
5574.02002,0.79310
5574.27002,0.79280
5574.50977,0.79250
5574.75977,0.79230
5575.00977,0.79200
5575.25000,0.79170
5575.50000,0.79150
5575.75000,0.79120
5576.00000,0.79090
5576.24023,0.79070
5576.49023,0.79040
5576.74023,0.79010
5576.97998,0.78990
5577.22998,0.78960
5577.47998,0.78930
5577.72998,0.78910
5577.97021,0.78880
5578.22021,0.78850
5578.47021,0.78830
5578.70996,0.78800
5578.97021,0.78770
5579.20996,0.78750
5579.45996,0.78720
5579.70996,0.78690
5579.95020,0.78660
5580.20020,0.78640
5580.45020,0.78610
5580.70020,0.78580
5580.93994,0.78560
5581.18994,0.78530
5581.43994,0.78500
5581.68018,0.78480
5581.93018,0.78450
5582.18018,0.78420
5582.43018,0.78400
5582.68018,0.78370
5582.91992,0.78340
5583.16992,0.78320
5583.41992,0.78290
5583.66992,0.78260
5583.91016,0.78240
5584.16016,0.78210
5584.41016,0.78180
5584.66016,0.78160
5584.89990,0.78130
5585.14990,0.78100
5585.39990,0.78080
5585.64990,0.78050
5585.89014,0.78020
5586.14014,0.78000
5586.39014,0.77970
5586.64014,0.77940
5586.89014,0.77920
5587.12988,0.77890
5587.37988,0.77860
5587.62988,0.77840
5587.87988,0.77810
5588.12012,0.77780
5588.37012,0.77760
5588.62012,0.77730
5588.87012,0.77700
5589.12012,0.77680
5589.35986,0.77650
5589.60986,0.77620
5589.85986,0.77600
5590.10010,0.77570
5590.35010,0.77540
5590.60010,0.77520
5590.85010,0.77490
5591.08984,0.77460
5591.33984,0.77430
5591.58984,0.77410
5591.83984,0.77380
5592.08984,0.77350
5592.33984,0.77330
5592.58984,0.77300
5592.83008,0.77270
5593.08008,0.77250
5593.33008,0.77220
5593.58008,0.77190
5593.81982,0.77170
5594.06982,0.77140
5594.31982,0.77110
5594.56982,0.77090
5594.81006,0.77060
5595.06006,0.77030
5595.31006,0.77010
5595.56006,0.76980
5595.81006,0.76950
5596.06006,0.76930
5596.31006,0.76900
5596.54980,0.76870
5596.79980,0.76850
5597.04980,0.76820
5597.29980,0.76790
5597.54980,0.76760
5597.79980,0.76740
5598.04004,0.76710
5598.29004,0.76680
5598.54004,0.76660
5598.79004,0.76630
5599.02979,0.76600
5599.27979,0.76580
5599.52979,0.76550
5599.77979,0.76520
5600.02979,0.76500
5600.27979,0.76470
5600.52979,0.76440
5600.77002,0.76420
5601.02002,0.76390
5601.27002,0.76360
5601.52002,0.76340
5601.77002,0.76310
5602.02002,0.76280
5602.25977,0.76260
5602.50977,0.76230
5602.75977,0.76200
5603.00977,0.76180
5603.25977,0.76150
5603.50977,0.76120
5603.75000,0.76090
5604.00000,0.76070
5604.25000,0.76040
5604.50000,0.76010
5604.75000,0.75990
5604.99023,0.75960
5605.24023,0.75930
5605.49023,0.75910
5605.74023,0.75880
5605.99023,0.75850
5606.24023,0.75830
5606.49023,0.75800
5606.74023,0.75770
5606.99023,0.75750
5607.22998,0.75720
5607.47998,0.75690
5607.72998,0.75670
5607.97998,0.75640
5608.22998,0.75610
5608.47021,0.75580
5608.72998,0.75560
5608.97021,0.75530
5609.22021,0.75500
5609.47021,0.75480
5609.72021,0.75450
5609.97021,0.75420
5610.22021,0.75400
5610.47021,0.75370
5610.70996,0.75340
5610.95996,0.75320
5611.20996,0.75290
5611.45996,0.75260
5611.70996,0.75240
5611.95996,0.75210
5612.20996,0.75180
5612.45996,0.75150
5612.70020,0.75130
5612.95020,0.75100
5613.20020,0.75070
5613.45020,0.75050
5613.70020,0.75020
5613.95020,0.74990
5614.20020,0.74970
5614.45020,0.74940
5614.70020,0.74910
5614.95020,0.74890
5615.20020,0.74860
5615.43994,0.74830
5615.68994,0.74800
5615.93994,0.74780
5616.18994,0.74750
5616.43994,0.74720
5616.68994,0.74700
5616.93994,0.74670
5617.18994,0.74640
5617.43018,0.74620
5617.68018,0.74590
5617.93018,0.74560
5618.18018,0.74540
5618.43018,0.74510
5618.68018,0.74480
5618.93018,0.74460
5619.18018,0.74430
5619.43018,0.74400
5619.68018,0.74370
5619.93018,0.74350
5620.18018,0.74320
5620.43018,0.74290
5620.68018,0.74270
5620.91992,0.74240
5621.16992,0.74210
5621.41992,0.74190
5621.66992,0.74160
5621.91992,0.74130
5622.16992,0.74110
5622.41992,0.74080
5622.66992,0.74050
5622.91992,0.74030
5623.16992,0.74000
5623.41992,0.73970
5623.66992,0.73940
5623.91992,0.73920
5624.16992,0.73890
5624.41016,0.73860
5624.66016,0.73840
5624.91016,0.73810
5625.16016,0.73780
5625.41016,0.73760
5625.66016,0.73730
5625.91016,0.73700
5626.16016,0.73670
5626.41016,0.73650
5626.66016,0.73620
5626.91016,0.73590
5627.16016,0.73570
5627.41016,0.73540
5627.66016,0.73510
5627.91016,0.73490
5628.16016,0.73460
5628.41016,0.73430
5628.64990,0.73410
5628.89990,0.73380
5629.16016,0.73350
5629.39990,0.73320
5629.64990,0.73300
5629.89990,0.73270
5630.14990,0.73240
5630.39990,0.73220
5630.64990,0.73190
5630.89990,0.73160
5631.14990,0.73140
5631.39990,0.73110
5631.64990,0.73080
5631.89990,0.73050
5632.14990,0.73030
5632.39990,0.73000
5632.64990,0.72970
5632.89990,0.72950
5633.14990,0.72920
5633.39990,0.72890
5633.64990,0.72870
5633.89990,0.72840
5634.14990,0.72810
5634.39990,0.72780
5634.64990,0.72760
5634.89990,0.72730
5635.14990,0.72700
5635.39990,0.72680
5635.64990,0.72650
5635.89990,0.72620
5636.14990,0.72600
5636.39990,0.72570
5636.64990,0.72540
5636.89990,0.72520
5637.14990,0.72490
5637.39990,0.72460
5637.64990,0.72430
5637.89990,0.72410
5638.14990,0.72380
5638.39990,0.72350
5638.64990,0.72330
5638.89990,0.72300
5639.14990,0.72270
5639.39990,0.72250
5639.64014,0.72220
5639.89990,0.72190
5640.14990,0.72160
5640.39990,0.72140
5640.64014,0.72110
5640.89990,0.72080
5641.14990,0.72060
5641.39990,0.72030
5641.64990,0.72000
5641.89990,0.71980
5642.14990,0.71950
5642.39990,0.71920
5642.64990,0.71890
5642.89990,0.71870
5643.14990,0.71840
5643.39990,0.71810
5643.64990,0.71790
5643.89990,0.71760
5644.14990,0.71730
5644.39990,0.71700
5644.64990,0.71680
5644.89990,0.71650
5645.14990,0.71620
5645.39990,0.71600
5645.64990,0.71570
5645.89990,0.71540
5646.14990,0.71520
5646.39990,0.71490
5646.64990,0.71460
5646.91016,0.71430
5647.14990,0.71410
5647.39990,0.71380
5647.64990,0.71350
5647.89990,0.71330
5648.16016,0.71300
5648.39990,0.71270
5648.64990,0.71250
5648.91016,0.71220
5649.14990,0.71190
5649.41016,0.71160
5649.66016,0.71140
5649.91016,0.71110
5650.16016,0.71080
5650.41016,0.71060
5650.66016,0.71030
5650.91016,0.71000
5651.16016,0.70970
5651.41016,0.70950
5651.66016,0.70920
5651.91016,0.70890
5652.16016,0.70870
5652.41016,0.70840
5652.66016,0.70810
5652.91016,0.70790
5653.16992,0.70760
5653.41016,0.70730
5653.66992,0.70700
5653.91992,0.70680
5654.16992,0.70650
5654.41992,0.70620
5654.66992,0.70600
5654.91992,0.70570
5655.16992,0.70540
5655.41992,0.70510
5655.66992,0.70490
5655.91992,0.70460
5656.16992,0.70430
5656.43018,0.70410
5656.68018,0.70380
5656.91992,0.70350
5657.18018,0.70320
5657.43018,0.70300
5657.68018,0.70270
5657.93018,0.70240
5658.18018,0.70220
5658.43018,0.70190
5658.68018,0.70160
5658.93018,0.70140
5659.18018,0.70110
5659.43018,0.70080
5659.68994,0.70050
5659.93994,0.70030
5660.18994,0.70000
5660.43994,0.69970
5660.68994,0.69950
5660.93994,0.69920
5661.18994,0.69890
5661.43994,0.69860
5661.68994,0.69840
5661.95020,0.69810
5662.18994,0.69780
5662.45020,0.69760
5662.70020,0.69730
5662.95020,0.69700
5663.20020,0.69670
5663.45020,0.69650
5663.70020,0.69620
5663.95020,0.69590
5664.20996,0.69570
5664.45020,0.69540
5664.70996,0.69510
5664.95996,0.69480
5665.20996,0.69460
5665.45996,0.69430
5665.70996,0.69400
5665.95996,0.69380
5666.20996,0.69350
5666.45996,0.69320
5666.72021,0.69290
5666.97021,0.69270
5667.22021,0.69240
5667.47021,0.69210
5667.72021,0.69190
5667.97021,0.69160
5668.22021,0.69130
5668.47998,0.69100
5668.72998,0.69080
5668.97998,0.69050
5669.22998,0.69020
5669.47998,0.69000
5669.72998,0.68970
5669.97998,0.68940
5670.24023,0.68910
5670.49023,0.68890
5670.74023,0.68860
5670.99023,0.68830
5671.24023,0.68810
5671.49023,0.68780
5671.74023,0.68750
5671.99023,0.68720
5672.25000,0.68700
5672.50000,0.68670
5672.75000,0.68640
5673.00000,0.68620
5673.25000,0.68590
5673.50000,0.68560
5673.75977,0.68530
5674.00977,0.68510
5674.25977,0.68480
5674.50977,0.68450
5674.75977,0.68430
5675.00977,0.68400
5675.25977,0.68370
5675.52002,0.68340
5675.77002,0.68320
5676.02002,0.68290
5676.27002,0.68260
5676.52002,0.68240
5676.77002,0.68210
5677.02979,0.68180
5677.27979,0.68150
5677.52979,0.68130
5677.77979,0.68100
5678.04004,0.68070
5678.29004,0.68040
5678.54004,0.68020
5678.79004,0.67990
5679.04004,0.67960
5679.29004,0.67940
5679.54004,0.67910
5679.79980,0.67880
5680.04980,0.67850
5680.29980,0.67830
5680.54980,0.67800
5680.79980,0.67770
5681.04980,0.67750
5681.31006,0.67720
5681.56006,0.67690
5681.81006,0.67660
5682.06006,0.67640
5682.31982,0.67610
5682.56982,0.67580
5682.81982,0.67560
5683.06982,0.67530
5683.31982,0.67500
5683.58008,0.67470
5683.83008,0.67450
5684.08008,0.67420
5684.33008,0.67390
5684.58008,0.67370
5684.83008,0.67340
5685.08984,0.67310
5685.33984,0.67280
5685.58984,0.67260
5685.83984,0.67230
5686.10010,0.67200
5686.35010,0.67170
5686.60010,0.67150
5686.85010,0.67120
5687.10010,0.67090
5687.35986,0.67070
5687.60986,0.67040
5687.85986,0.67010
5688.12012,0.66980
5688.37012,0.66960
5688.62012,0.66930
5688.87012,0.66900
5689.12012,0.66870
5689.37012,0.66850
5689.62012,0.66820
5689.87988,0.66790
5690.12988,0.66770
5690.37988,0.66740
5690.62988,0.66710
5690.89014,0.66680
5691.14014,0.66660
5691.39014,0.66630
5691.64990,0.66600
5691.89990,0.66580
5692.14990,0.66550
5692.39990,0.66520
5692.66016,0.66490
5692.91016,0.66470
5693.16016,0.66440
5693.41016,0.66410
5693.66016,0.66380
5693.91992,0.66360
5694.16992,0.66330
5694.41992,0.66300
5694.66992,0.66280
5694.91992,0.66250
5695.18018,0.66220
5695.43018,0.66190
5695.68018,0.66170
5695.93994,0.66140
5696.18994,0.66110
5696.43994,0.66080
5696.68994,0.66060
5696.95020,0.66030
5697.20020,0.66000
5697.45020,0.65980
5697.70020,0.65950
5697.95996,0.65920
5698.20996,0.65890
5698.45996,0.65870
5698.70996,0.65840
5698.97021,0.65810
5699.22021,0.65780
5699.47021,0.65760
5699.72998,0.65730
5699.97998,0.65700
5700.22998,0.65670
5700.49023,0.65650
5700.74023,0.65620
5700.99023,0.65590
5701.25000,0.65560
5701.50000,0.65540
5701.75000,0.65510
5702.00000,0.65480
5702.25000,0.65450
5702.50977,0.65420
5702.75977,0.65400
5703.00977,0.65370
5703.25977,0.65340
5703.52002,0.65310
5703.77002,0.65290
5704.02002,0.65260
5704.27979,0.65230
5704.52979,0.65200
5704.77979,0.65170
5705.02979,0.65150
5705.29004,0.65120
5705.54004,0.65090
5705.79980,0.65060
5706.04980,0.65030
5706.29980,0.65010
5706.56006,0.64980
5706.81006,0.64950
5707.06006,0.64920
5707.31006,0.64900
5707.56982,0.64870
5707.81982,0.64840
5708.06982,0.64810
5708.31982,0.64780
5708.58008,0.64760
5708.83008,0.64730
5709.08008,0.64700
5709.33984,0.64670
5709.58984,0.64650
5709.83984,0.64620
5710.10010,0.64590
5710.35010,0.64560
5710.60986,0.64530
5710.85986,0.64510
5711.10986,0.64480
5711.35986,0.64450
5711.62012,0.64420
5711.87012,0.64390
5712.12012,0.64370
5712.37012,0.64340
5712.62988,0.64310
5712.87988,0.64280
5713.14014,0.64260
5713.39014,0.64230
5713.64014,0.64200
5713.89990,0.64170
5714.14990,0.64140
5714.39990,0.64120
5714.64990,0.64090
5714.91016,0.64060
5715.16992,0.64030
5715.41992,0.64000
5715.66992,0.63980
5715.91992,0.63950
5716.18018,0.63920
5716.43018,0.63890
5716.68018,0.63860
5716.93994,0.63840
5717.18994,0.63810
5717.43994,0.63780
5717.68994,0.63750
5717.95020,0.63730
5718.20020,0.63700
5718.45996,0.63670
5718.70996,0.63640
5718.95996,0.63610
5719.22021,0.63590
5719.47998,0.63560
5719.72998,0.63530
5719.97998,0.63500
5720.22998,0.63470
5720.49023,0.63450
5720.74023,0.63420
5721.00000,0.63390
5721.25000,0.63360
5721.50000,0.63330
5721.75000,0.63310
5722.00977,0.63280
5722.25977,0.63250
5722.52002,0.63220
5722.77002,0.63200
5723.02002,0.63170
5723.27979,0.63140
5723.52979,0.63110
5723.77979,0.63080
5724.04004,0.63060
5724.29004,0.63030
5724.54980,0.63000
5724.79980,0.62970
5725.04980,0.62940
5725.31006,0.62920
5725.56006,0.62890
5725.81006,0.62860
5726.06982,0.62830
5726.31982,0.62800
5726.58008,0.62780
5726.83008,0.62750
5727.08008,0.62720
5727.33984,0.62690
5727.58984,0.62660
5727.85010,0.62640
5728.10010,0.62610
5728.35010,0.62580
5728.60986,0.62550
5728.85986,0.62520
5729.12012,0.62500
5729.37012,0.62470
5729.62988,0.62440
5729.87988,0.62410
5730.12988,0.62390
5730.39014,0.62360
5730.64014,0.62330
5730.89014,0.62300
5731.14990,0.62270
5731.39990,0.62250
5731.64990,0.62220
5731.91016,0.62190
5732.16016,0.62160
5732.41992,0.62130
5732.66992,0.62110
5732.93018,0.62080
5733.18018,0.62050
5733.43994,0.62020
5733.68994,0.61990
5733.95020,0.61970
5734.20020,0.61940
5734.45020,0.61910
5734.70996,0.61880
5734.95996,0.61850
5735.20996,0.61830
5735.47021,0.61800
5735.72998,0.61770
5735.97998,0.61740
5736.22998,0.61710
5736.49023,0.61690
5736.74023,0.61660
5737.00000,0.61630
5737.25000,0.61600
5737.50000,0.61570
5737.75977,0.61550
5738.00977,0.61520
5738.27002,0.61490
5738.52002,0.61460
5738.77979,0.61430
5739.02979,0.61410
5739.29004,0.61380
5739.54004,0.61350
5739.79004,0.61320
5740.04980,0.61290
5740.29980,0.61270
5740.56006,0.61240
5740.81006,0.61210
5741.06982,0.61180
5741.31982,0.61150
5741.58008,0.61130
5741.83008,0.61100
5742.08984,0.61070
5742.33984,0.61040
5742.60010,0.61010
5742.85010,0.60990
5743.10986,0.60960
5743.35986,0.60930
5743.60986,0.60900
5743.87012,0.60870
5744.12012,0.60850
5744.37988,0.60820
5744.62988,0.60790
5744.89014,0.60760
5745.14014,0.60730
5745.39990,0.60710
5745.64990,0.60680
5745.89990,0.60650
5746.16016,0.60620
5746.41992,0.60590
5746.66992,0.60570
5746.93018,0.60540
5747.18018,0.60510
5747.43994,0.60480
5747.68994,0.60450
5747.95020,0.60430
5748.20020,0.60400
5748.45020,0.60370
5748.70996,0.60340
5748.97021,0.60310
5749.22021,0.60290
5749.47021,0.60260
5749.72998,0.60230
5749.97998,0.60200
5750.24023,0.60170
5750.49023,0.60140
5750.75000,0.60110
5751.00000,0.60090
5751.25977,0.60060
5751.52002,0.60030
5751.77002,0.60000
5752.02002,0.59970
5752.27979,0.59940
5752.54004,0.59910
5752.79004,0.59880
5753.04004,0.59850
5753.29980,0.59820
5753.54980,0.59800
5753.81006,0.59770
5754.06006,0.59740
5754.31982,0.59710
5754.56982,0.59680
5754.83008,0.59650
5755.08008,0.59620
5755.33984,0.59590
5755.58984,0.59560
5755.85010,0.59530
5756.10986,0.59500
5756.35986,0.59470
5756.62012,0.59450
5756.87012,0.59420
5757.12988,0.59390
5757.37988,0.59360
5757.64014,0.59330
5757.89014,0.59300
5758.14990,0.59270
5758.39990,0.59240
5758.66016,0.59210
5758.91016,0.59180
5759.16992,0.59150
5759.41992,0.59130
5759.68018,0.59100
5759.93018,0.59070
5760.18994,0.59040
5760.45020,0.59010
5760.70020,0.58980
5760.95996,0.58950
5761.20996,0.58920
5761.47021,0.58890
5761.72021,0.58860
5761.97998,0.58830
5762.22998,0.58810
5762.49023,0.58780
5762.75000,0.58750
5763.00000,0.58720
5763.25000,0.58690
5763.50977,0.58660
5763.77002,0.58630
5764.02002,0.58600
5764.27979,0.58570
5764.52979,0.58540
5764.79004,0.58510
5765.04980,0.58480
5765.29980,0.58460
5765.56006,0.58430
5765.81006,0.58400
5766.06982,0.58370
5766.31982,0.58340
5766.58008,0.58310
5766.83008,0.58280
5767.08984,0.58250
5767.35010,0.58220
5767.60010,0.58190
5767.85986,0.58160
5768.10986,0.58140
5768.37012,0.58110
5768.62012,0.58080
5768.87988,0.58050
5769.14014,0.58020
5769.39014,0.57990
5769.64990,0.57960
5769.91016,0.57930
5770.16016,0.57900
5770.41992,0.57870
5770.66992,0.57840
5770.93018,0.57810
5771.18018,0.57790
5771.43994,0.57760
5771.70020,0.57730
5771.95020,0.57700
5772.20996,0.57670
5772.45996,0.57640
5772.72021,0.57610
5772.97021,0.57580
5773.22998,0.57550
5773.49023,0.57520
5773.74023,0.57490
5774.00000,0.57460
5774.25000,0.57440
5774.50977,0.57410
5774.77002,0.57380
5775.02002,0.57350
5775.27979,0.57320
5775.54004,0.57290
5775.79004,0.57260
5776.04980,0.57230
5776.29980,0.57200
5776.56006,0.57170
5776.81006,0.57140
5777.06982,0.57110
5777.33008,0.57080
5777.58008,0.57060
5777.83984,0.57030
5778.10010,0.57000
5778.35010,0.56970
5778.60986,0.56940
5778.85986,0.56910
5779.12012,0.56880
5779.37988,0.56850
5779.64014,0.56820
5779.89014,0.56790
5780.14990,0.56760
5780.39990,0.56730
5780.66016,0.56710
5780.91016,0.56680
5781.16992,0.56650
5781.43018,0.56620
5781.68018,0.56590
5781.93994,0.56560
5782.20020,0.56530
5782.45020,0.56500
5782.70996,0.56470
5782.95996,0.56440
5783.22021,0.56410
5783.47998,0.56380
5783.74023,0.56350
5783.99023,0.56320
5784.25000,0.56300
5784.50000,0.56270
5784.75977,0.56240
5785.02002,0.56210
5785.27002,0.56180
5785.52979,0.56150
5785.79004,0.56120
5786.04004,0.56090
5786.29980,0.56060
5786.56006,0.56030
5786.81006,0.56000
5787.06982,0.55970
5787.33008,0.55940
5787.58008,0.55920
5787.83984,0.55890
5788.10010,0.55860
5788.35010,0.55830
5788.60986,0.55800
5788.87012,0.55770
5789.12012,0.55740
5789.37988,0.55710
5789.64014,0.55680
5789.89014,0.55650
5790.14990,0.55620
5790.39990,0.55590
5790.66016,0.55560
5790.91992,0.55540
5791.16992,0.55510
5791.43018,0.55480
5791.68994,0.55450
5791.95020,0.55420
5792.20020,0.55390
5792.45996,0.55360
5792.72021,0.55330
5792.97021,0.55300
5793.22998,0.55270
5793.49023,0.55240
5793.75000,0.55210
5794.00000,0.55180
5794.25977,0.55150
5794.52002,0.55130
5794.77002,0.55100
5795.02979,0.55070
5795.29004,0.55040
5795.54004,0.55010
5795.79980,0.54980
5796.06006,0.54950
5796.31006,0.54920
5796.56982,0.54890
5796.83008,0.54860
5797.08008,0.54830
5797.33984,0.54800
5797.60010,0.54770
5797.85986,0.54740
5798.12012,0.54710
5798.37012,0.54690
5798.62988,0.54660
5798.89014,0.54630
5799.14014,0.54600
5799.39990,0.54570
5799.66016,0.54540
5799.91016,0.54510
5800.16992,0.54480
5800.43018,0.54450
5800.68018,0.54420
5800.93994,0.54390
5801.20020,0.54360
5801.45996,0.54330
5801.70996,0.54300
5801.97021,0.54280
5802.22998,0.54250
5802.49023,0.54220
5802.75000,0.54190
5803.00000,0.54160
5803.25977,0.54130
5803.52002,0.54100
5803.77002,0.54070
5804.02979,0.54040
5804.29004,0.54010
5804.54004,0.53980
5804.79980,0.53950
5805.06006,0.53920
5805.31006,0.53890
5805.56982,0.53860
5805.83008,0.53840
5806.08984,0.53810
5806.35010,0.53780
5806.60010,0.53750
5806.85986,0.53720
5807.12012,0.53690
5807.37988,0.53660
5807.62988,0.53630
5807.89014,0.53600
5808.14990,0.53570
5808.41016,0.53540
5808.66016,0.53510
5808.91992,0.53480
5809.18018,0.53450
5809.43994,0.53420
5809.68994,0.53400
5809.95020,0.53370
5810.20996,0.53340
5810.47021,0.53310
5810.72021,0.53280
5810.97998,0.53250
5811.24023,0.53220
5811.50000,0.53190
5811.75000,0.53160
5812.00977,0.53130
5812.27002,0.53100
5812.52979,0.53070
5812.79004,0.53040
5813.04004,0.53010
5813.29980,0.52980
5813.56006,0.52950
5813.81982,0.52930
5814.06982,0.52900
5814.33008,0.52870
5814.58984,0.52840
5814.85010,0.52810
5815.10010,0.52780
5815.35986,0.52750
5815.62012,0.52720
5815.87988,0.52690
5816.14014,0.52660
5816.39990,0.52630
5816.64990,0.52600
5816.91016,0.52570
5817.16992,0.52540
5817.43018,0.52510
5817.68018,0.52480
5817.93994,0.52450
5818.20020,0.52430
5818.45996,0.52400
5818.70996,0.52370
5818.97021,0.52340
5819.22998,0.52310
5819.49023,0.52280
5819.75000,0.52250
5820.00000,0.52220
5820.25977,0.52190
5820.52002,0.52160
5820.77979,0.52130
5821.04004,0.52100
5821.29980,0.52070
5821.56006,0.52040
5821.81006,0.52010
5822.06982,0.51980
5822.33008,0.51950
5822.58984,0.51930
5822.85010,0.51900
5823.10010,0.51870
5823.35986,0.51840
5823.62012,0.51810
5823.87988,0.51780
5824.12988,0.51750
5824.39014,0.51720
5824.64990,0.51690
5824.91016,0.51660
5825.16992,0.51630
5825.43018,0.51600
5825.68994,0.51570
5825.95020,0.51540
5826.20020,0.51510
5826.45996,0.51480
5826.72021,0.51450
5826.97998,0.51420
5827.24023,0.51400
5827.49023,0.51370
5827.75000,0.51340
5828.00977,0.51310
5828.27002,0.51280
5828.52979,0.51250
5828.79004,0.51220
5829.04004,0.51190
5829.29980,0.51160
5829.56006,0.51130
5829.81982,0.51100
5830.08008,0.51070
5830.33984,0.51040
5830.60010,0.51010
5830.85986,0.50980
5831.10986,0.50950
5831.37012,0.50920
5831.62988,0.50890
5831.89014,0.50860
5832.14990,0.50840
5832.41016,0.50810
5832.66016,0.50780
5832.91992,0.50750
5833.18018,0.50720
5833.43994,0.50690
5833.70020,0.50660
5833.95996,0.50630
5834.20996,0.50600
5834.47021,0.50570
5834.72998,0.50540
5834.99023,0.50510
5835.25000,0.50480
5835.50977,0.50450
5835.77002,0.50420
5836.02979,0.50390
5836.27979,0.50360
5836.54980,0.50330
5836.79980,0.50300
5837.06006,0.50270
5837.31982,0.50250
5837.58008,0.50220
5837.83984,0.50190
5838.08984,0.50160
5838.35010,0.50130
5838.60986,0.50100
5838.87012,0.50070
5839.12988,0.50040
5839.39014,0.50010
5839.64990,0.49980
5839.91016,0.49950
5840.16992,0.49920
5840.43018,0.49890
5840.68994,0.49860
5840.95020,0.49830
5841.20020,0.49800
5841.45996,0.49770
5841.72021,0.49740
5841.97998,0.49710
5842.24023,0.49680
5842.50000,0.49660
5842.75977,0.49630
5843.02002,0.49600
5843.27979,0.49570
5843.54004,0.49540
5843.79980,0.49510
5844.04980,0.49480
5844.31006,0.49450
5844.58008,0.49420
5844.83008,0.49390
5845.08984,0.49360
5845.35010,0.49330
5845.60986,0.49300
5845.87012,0.49270
5846.12012,0.49240
5846.39014,0.49210
5846.64990,0.49180
5846.89990,0.49150
5847.16016,0.49120
5847.41992,0.49090
5847.68018,0.49060
5847.93994,0.49030
5848.20020,0.49000
5848.45996,0.48980
5848.72021,0.48950
5848.97998,0.48920
5849.24023,0.48890
5849.50000,0.48860
5849.75977,0.48830
5850.02002,0.48800
5850.27979,0.48770
5850.52979,0.48740
5850.79980,0.48710
5851.04980,0.48690
5851.31006,0.48660
5851.56982,0.48630
5851.83008,0.48600
5852.08984,0.48570
5852.35010,0.48550
5852.60986,0.48520
5852.87012,0.48490
5853.12988,0.48460
5853.39014,0.48430
5853.64990,0.48410
5853.91016,0.48380
5854.16992,0.48350
5854.43018,0.48320
5854.68994,0.48290
5854.93994,0.48270
5855.20996,0.48240
5855.47021,0.48210
5855.72998,0.48180
5855.97998,0.48150
5856.24023,0.48130
5856.50000,0.48100
5856.75977,0.48070
5857.02002,0.48040
5857.27979,0.48010
5857.54004,0.47990
5857.79980,0.47960
5858.06006,0.47930
5858.31982,0.47900
5858.58008,0.47870
5858.85010,0.47840
5859.10010,0.47820
5859.35986,0.47790
5859.62012,0.47760
5859.87988,0.47730
5860.14014,0.47700
5860.39990,0.47680
5860.66016,0.47650
5860.91992,0.47620
5861.18018,0.47590
5861.43994,0.47560
5861.70020,0.47540
5861.95996,0.47510
5862.22021,0.47480
5862.47998,0.47450
5862.74023,0.47420
5863.00000,0.47400
5863.25977,0.47370
5863.52002,0.47340
5863.77979,0.47310
5864.04004,0.47280
5864.29980,0.47260
5864.56006,0.47230
5864.81982,0.47200
5865.08008,0.47170
5865.33984,0.47140
5865.60010,0.47120
5865.85986,0.47090
5866.12012,0.47060
5866.37988,0.47030
5866.64014,0.47000
5866.89990,0.46970
5867.16016,0.46950
5867.41992,0.46920
5867.68018,0.46890
5867.93994,0.46860
5868.20020,0.46830
5868.45996,0.46810
5868.72021,0.46780
5868.97998,0.46750
5869.24023,0.46720
5869.50000,0.46690
5869.75977,0.46670
5870.02002,0.46640
5870.27979,0.46610
5870.54004,0.46580
5870.79980,0.46550
5871.06006,0.46530
5871.31982,0.46500
5871.58008,0.46470
5871.83984,0.46440
5872.10010,0.46410
5872.37012,0.46380
5872.62988,0.46360
5872.89014,0.46330
5873.14990,0.46300
5873.41016,0.46270
5873.66992,0.46240
5873.93018,0.46220
5874.18994,0.46190
5874.45020,0.46160
5874.70996,0.46130
5874.97021,0.46100
5875.22998,0.46080
5875.49023,0.46050
5875.75000,0.46020
5876.00977,0.45990
5876.27002,0.45960
5876.52979,0.45930
5876.79004,0.45910
5877.04980,0.45880
5877.31982,0.45850
5877.58008,0.45820
5877.83984,0.45790
5878.10010,0.45770
5878.35986,0.45740
5878.62012,0.45710
5878.87988,0.45680
5879.14014,0.45650
5879.39990,0.45620
5879.66016,0.45600
5879.91992,0.45570
5880.18018,0.45540
5880.43994,0.45510
5880.70020,0.45480
5880.95996,0.45460
5881.22998,0.45430
5881.47998,0.45400
5881.75000,0.45370
5882.00977,0.45340
5882.27002,0.45320
5882.52979,0.45290
5882.79004,0.45260
5883.04980,0.45230
5883.31006,0.45200
5883.56982,0.45170
5883.83008,0.45150
5884.08984,0.45120
5884.35010,0.45090
5884.60986,0.45060
5884.87988,0.45030
5885.14014,0.45010
5885.39990,0.44980
5885.66016,0.44950
5885.91992,0.44920
5886.18018,0.44890
5886.43994,0.44860
5886.70020,0.44840
5886.97021,0.44810
5887.22998,0.44780
5887.49023,0.44750
5887.75000,0.44720
5888.00977,0.44690
5888.27002,0.44670
5888.52979,0.44640
5888.79004,0.44610
5889.04980,0.44580
5889.31006,0.44550
5889.56982,0.44530
5889.83984,0.44500
5890.08984,0.44470
5890.35986,0.44440
5890.62012,0.44410
5890.87988,0.44380
5891.14014,0.44360
5891.39990,0.44330
5891.66992,0.44300
5891.93018,0.44270
5892.18994,0.44240
5892.45020,0.44220
5892.70996,0.44190
5892.97021,0.44160
5893.22998,0.44130
5893.49023,0.44100
5893.75977,0.44070
5894.02002,0.44050
5894.27979,0.44020
5894.54004,0.43990
5894.79980,0.43960
5895.06006,0.43930
5895.31982,0.43910
5895.58008,0.43880
5895.83984,0.43850
5896.10986,0.43820
5896.37012,0.43790
5896.62988,0.43760
5896.89014,0.43740
5897.14990,0.43710
5897.41016,0.43680
5897.68018,0.43650
5897.93994,0.43620
5898.20020,0.43590
5898.45996,0.43570
5898.72021,0.43540
5898.97998,0.43510
5899.24023,0.43480
5899.50977,0.43450
5899.77002,0.43420
5900.02979,0.43400
5900.29004,0.43370
5900.56006,0.43350
5900.81006,0.43320
5901.08008,0.43300
5901.33984,0.43270
5901.60010,0.43250
5901.85986,0.43220
5902.12012,0.43200
5902.39014,0.43170
5902.64990,0.43150
5902.91016,0.43120
5903.16992,0.43100
5903.43018,0.43070
5903.68994,0.43050
5903.95020,0.43020
5904.22021,0.43000
5904.47998,0.42970
5904.74023,0.42950
5905.00000,0.42920
5905.25977,0.42890
5905.52979,0.42870
5905.79004,0.42840
5906.04980,0.42820
5906.31006,0.42790
5906.56982,0.42770
5906.83984,0.42740
5907.10010,0.42720
5907.35986,0.42690
5907.62012,0.42670
5907.87988,0.42640
5908.14014,0.42620
5908.41016,0.42590
5908.66992,0.42570
5908.93018,0.42540
5909.18994,0.42520
5909.45996,0.42490
5909.72021,0.42470
5909.97998,0.42440
5910.24023,0.42420
5910.50000,0.42390
5910.77002,0.42370
5911.02979,0.42340
5911.29004,0.42320
5911.54980,0.42290
5911.81006,0.42270
5912.08008,0.42240
5912.33984,0.42220
5912.60010,0.42190
5912.85986,0.42170
5913.12012,0.42140
5913.37988,0.42120
5913.64990,0.42090
5913.91016,0.42060
5914.16992,0.42040
5914.43994,0.42010
5914.70020,0.41990
5914.95996,0.41960
5915.22021,0.41940
5915.47998,0.41910
5915.75000,0.41890
5916.00977,0.41860
5916.27002,0.41840
5916.52979,0.41810
5916.79980,0.41790
5917.06006,0.41760
5917.31982,0.41740
5917.58008,0.41710
5917.83984,0.41690
5918.10986,0.41660
5918.37012,0.41640
5918.62988,0.41610
5918.89990,0.41590
5919.14990,0.41560
5919.41992,0.41540
5919.68018,0.41510
5919.93994,0.41490
5920.20996,0.41460
5920.47021,0.41430
5920.72998,0.41410
5920.99023,0.41380
5921.25977,0.41360
5921.52002,0.41330
5921.77979,0.41310
5922.04004,0.41280
5922.29980,0.41260
5922.56982,0.41230
5922.83008,0.41210
5923.08984,0.41180
5923.35010,0.41160
5923.62012,0.41130
5923.87988,0.41110
5924.14990,0.41080
5924.41016,0.41060
5924.66992,0.41030
5924.93994,0.41010
5925.20020,0.40980
5925.45996,0.40960
5925.72021,0.40930
5925.97998,0.40910
5926.25000,0.40880
5926.50977,0.40860
5926.77002,0.40830
5927.02979,0.40800
5927.29980,0.40780
5927.56006,0.40750
5927.81982,0.40730
5928.08008,0.40700
5928.35010,0.40680
5928.60986,0.40650
5928.87988,0.40630
5929.14014,0.40600
5929.39990,0.40580
5929.66016,0.40550
5929.93018,0.40530
5930.18994,0.40500
5930.45020,0.40480
5930.70996,0.40450
5930.97998,0.40430
5931.24023,0.40400
5931.50977,0.40380
5931.77002,0.40350
5932.02979,0.40330
5932.29004,0.40300
5932.54980,0.40270
5932.81982,0.40250
5933.08008,0.40220
5933.35010,0.40200
5933.60986,0.40170
5933.87012,0.40150
5934.12988,0.40120
5934.39990,0.40100
5934.66016,0.40070
5934.91992,0.40050
5935.18994,0.40020
5935.45020,0.40000
5935.70996,0.39970
5935.97998,0.39950
5936.24023,0.39920
5936.50000,0.39900
5936.77002,0.39870
5937.02979,0.39840
5937.29980,0.39820
5937.56006,0.39790
5937.81982,0.39770
5938.08008,0.39740
5938.35010,0.39720
5938.60986,0.39690
5938.87012,0.39670
5939.14014,0.39640
5939.39990,0.39620
5939.66016,0.39590
5939.93018,0.39570
5940.18994,0.39540
5940.45020,0.39520
5940.72021,0.39490
5940.97998,0.39470
5941.24023,0.39440
5941.50977,0.39420
5941.77002,0.39390
5942.02979,0.39360
5942.29980,0.39340
5942.56006,0.39310
5942.83008,0.39290
5943.08984,0.39260
5943.35010,0.39240
5943.62012,0.39210
5943.87988,0.39190
5944.14014,0.39160
5944.41016,0.39140
5944.66992,0.39110
5944.93018,0.39090
5945.18994,0.39060
5945.45996,0.39040
5945.72021,0.39010
5945.99023,0.38990
5946.25000,0.38960
5946.50977,0.38930
5946.77979,0.38910
5947.04004,0.38880
5947.31006,0.38860
5947.56982,0.38830
5947.83008,0.38810
5948.08984,0.38780
5948.35986,0.38760
5948.62012,0.38730
5948.89014,0.38710
5949.14990,0.38680
5949.41016,0.38660
5949.68018,0.38630
5949.93994,0.38610
5950.20996,0.38580
5950.47021,0.38550
5950.72998,0.38520
5951.00000,0.38490
5951.25977,0.38460
5951.52002,0.38430
5951.79004,0.38400
5952.04980,0.38370
5952.31982,0.38340
5952.58008,0.38320
5952.85010,0.38290
5953.10986,0.38260
5953.37012,0.38230
5953.64014,0.38200
5953.89990,0.38170
5954.16016,0.38140
5954.43018,0.38110
5954.68994,0.38080
5954.95996,0.38050
5955.22021,0.38030
5955.47998,0.38000
5955.75000,0.37970
5956.00977,0.37940
5956.27979,0.37910
5956.54004,0.37880
5956.81006,0.37850
5957.06982,0.37820
5957.33984,0.37790
5957.60010,0.37760
5957.85986,0.37740
5958.12988,0.37710
5958.39014,0.37680
5958.64990,0.37650
5958.91992,0.37620
5959.18018,0.37590
5959.45020,0.37560
5959.70996,0.37530
5959.97998,0.37500
5960.24023,0.37470
5960.50977,0.37440
5960.77002,0.37420
5961.02979,0.37390
5961.29980,0.37360
5961.56006,0.37330
5961.83008,0.37300
5962.08984,0.37270
5962.35010,0.37240
5962.62012,0.37210
5962.87988,0.37180
5963.14990,0.37150
5963.41016,0.37120
5963.68018,0.37100
5963.93994,0.37070
5964.20020,0.37040
5964.47021,0.37010
5964.72998,0.36980
5965.00000,0.36950
5965.27002,0.36920
5965.52979,0.36890
5965.79004,0.36860
5966.04980,0.36830
5966.31982,0.36800
5966.58008,0.36780
5966.85010,0.36750
5967.12012,0.36720
5967.37988,0.36690
5967.64014,0.36660
5967.91016,0.36630
5968.16992,0.36600
5968.43994,0.36570
5968.70020,0.36540
5968.97021,0.36510
5969.22998,0.36480
5969.49023,0.36460
5969.75977,0.36430
5970.02979,0.36400
5970.29004,0.36370
5970.54980,0.36340
5970.81982,0.36310
5971.08008,0.36280
5971.35010,0.36250
5971.62012,0.36220
5971.87988,0.36190
5972.14014,0.36160
5972.41016,0.36140
5972.66992,0.36110
5972.93994,0.36080
5973.20020,0.36050
5973.47021,0.36020
5973.72998,0.35990
5974.00000,0.35960
5974.25977,0.35930
5974.52979,0.35900
5974.79004,0.35870
5975.06006,0.35840
5975.31982,0.35810
5975.58984,0.35790
5975.85010,0.35760
5976.12012,0.35730
5976.37988,0.35700
5976.64990,0.35670
5976.91016,0.35640
5977.16992,0.35610
5977.43994,0.35580
5977.70996,0.35550
5977.97021,0.35520
5978.24023,0.35490
5978.50000,0.35460
5978.77002,0.35440
5979.02979,0.35410
5979.29980,0.35380
5979.56006,0.35350
5979.83008,0.35320
5980.08984,0.35290
5980.35986,0.35260
5980.62012,0.35230
5980.89014,0.35200
5981.16016,0.35170
5981.41992,0.35140
5981.68018,0.35110
5981.95020,0.35090
5982.20996,0.35060
5982.47998,0.35030
5982.74023,0.35000
5983.00977,0.34970
5983.27979,0.34940
5983.54004,0.34910
5983.81006,0.34880
5984.06982,0.34850
5984.33984,0.34820
5984.60010,0.34790
5984.87012,0.34760
5985.12988,0.34740
5985.39990,0.34710
5985.66016,0.34680
5985.93018,0.34650
5986.18994,0.34620
5986.45996,0.34590
5986.72998,0.34560
5986.99023,0.34530
5987.25977,0.34500
5987.52002,0.34470
5987.79004,0.34440
5988.04980,0.34410
5988.31006,0.34390
5988.58008,0.34360
5988.85010,0.34330
5989.10986,0.34300
5989.37988,0.34270
5989.64990,0.34240
5989.91016,0.34210
5990.18018,0.34180
5990.43994,0.34150
5990.70996,0.34120
5990.97998,0.34090
5991.24023,0.34060
5991.50000,0.34030
5991.77002,0.34010
5992.04004,0.33980
5992.29980,0.33950
5992.56982,0.33920
5992.83008,0.33890
5993.10010,0.33860
5993.35986,0.33830
5993.62988,0.33800
5993.89990,0.33770
5994.16016,0.33740
5994.43018,0.33710
5994.68994,0.33680
5994.95996,0.33650
5995.22021,0.33630
5995.49023,0.33600
5995.75977,0.33570
5996.02002,0.33540
5996.29004,0.33510
5996.56006,0.33480
5996.81982,0.33450
5997.08984,0.33420
5997.35010,0.33390
5997.62012,0.33360
5997.89014,0.33330
5998.14990,0.33300
5998.41992,0.33270
5998.68018,0.33250
5998.95020,0.33220
5999.20996,0.33190
5999.47998,0.33160
5999.75000,0.33130
6000.00977,0.33100
6000.27979,0.33080
6000.54004,0.33050
6000.81006,0.33030
6001.08008,0.33010
6001.33984,0.32990
6001.60986,0.32960
6001.87988,0.32940
6002.14014,0.32920
6002.41016,0.32900
6002.66992,0.32880
6002.93994,0.32850
6003.20996,0.32830
6003.47021,0.32810
6003.74023,0.32790
6004.00000,0.32760
6004.27002,0.32740
6004.52979,0.32720
6004.79980,0.32700
6005.06982,0.32670
6005.33984,0.32650
6005.60010,0.32630
6005.87012,0.32610
6006.12988,0.32580
6006.39990,0.32560
6006.66992,0.32540
6006.93018,0.32520
6007.20020,0.32500
6007.47021,0.32470
6007.72998,0.32450
6008.00000,0.32430
6008.25977,0.32410
6008.52979,0.32380
6008.79980,0.32360
6009.06982,0.32340
6009.33008,0.32320
6009.60010,0.32290
6009.85986,0.32270
6010.12988,0.32250
6010.39990,0.32230
6010.66016,0.32200
6010.93018,0.32180
6011.20020,0.32160
6011.45996,0.32140
6011.72998,0.32110
6012.00000,0.32090
6012.25977,0.32070
6012.52979,0.32050
6012.79004,0.32030
6013.06006,0.32000
6013.33008,0.31980
6013.58984,0.31960
6013.85986,0.31940
6014.12988,0.31910
6014.39990,0.31890
6014.66016,0.31870
6014.93018,0.31850
6015.18994,0.31820
6015.45996,0.31800
6015.72998,0.31780
6016.00000,0.31760
6016.25977,0.31730
6016.52979,0.31710
6016.79004,0.31690
6017.06006,0.31670
6017.33008,0.31640
6017.60010,0.31620
6017.85986,0.31600
6018.12988,0.31580
6018.39990,0.31550
6018.66016,0.31530
6018.93018,0.31510
6019.18994,0.31490
6019.47021,0.31460
6019.72998,0.31440
6020.00000,0.31420
6020.27002,0.31400
6020.52979,0.31380
6020.79980,0.31350
6021.06982,0.31330
6021.33008,0.31310
6021.60010,0.31290
6021.87012,0.31260
6022.12988,0.31240
6022.39990,0.31220
6022.66992,0.31200
6022.93994,0.31170
6023.20020,0.31150
6023.47021,0.31130
6023.74023,0.31110
6024.00000,0.31080
6024.27002,0.31060
6024.52979,0.31040
6024.79980,0.31020
6025.06982,0.30990
6025.33984,0.30970
6025.60986,0.30950
6025.87012,0.30930
6026.14014,0.30900
6026.41016,0.30880
6026.66992,0.30860
6026.93994,0.30840
6027.20996,0.30810
6027.47021,0.30790
6027.74023,0.30770
6028.00977,0.30750
6028.27979,0.30720
6028.54980,0.30700
6028.81006,0.30680
6029.08008,0.30660
6029.35010,0.30630
6029.60986,0.30610
6029.87988,0.30590
6030.14990,0.30570
6030.41992,0.30540
6030.68994,0.30520
6030.95020,0.30500
6031.22021,0.30480
6031.47998,0.30460
6031.75000,0.30430
6032.02002,0.30410
6032.29004,0.30390
6032.56006,0.30370
6032.81982,0.30340
6033.08984,0.30320
6033.35986,0.30300
6033.62012,0.30280
6033.89014,0.30250
6034.16016,0.30230
6034.43018,0.30210
6034.70020,0.30190
6034.95996,0.30160
6035.22998,0.30140
6035.50000,0.30120
6035.77002,0.30100
6036.02979,0.30070
6036.29980,0.30050
6036.56982,0.30030
6036.83984,0.30010
6037.10010,0.29980
6037.37012,0.29960
6037.64014,0.29940
6037.91016,0.29920
6038.18018,0.29890
6038.43994,0.29870
6038.70996,0.29850
6038.97998,0.29830
6039.24023,0.29800
6039.50977,0.29780
6039.77979,0.29760
6040.04980,0.29740
6040.31982,0.29710
6040.58008,0.29690
6040.85010,0.29670
6041.12012,0.29650
6041.39014,0.29620
6041.66016,0.29600
6041.93018,0.29580
6042.18994,0.29560
6042.45996,0.29530
6042.72998,0.29510
6043.00000,0.29490
6043.27002,0.29470
6043.52979,0.29440
6043.79980,0.29420
6044.06982,0.29400
6044.33008,0.29380
6044.60010,0.29350
6044.87012,0.29330
6045.14014,0.29310
6045.41016,0.29290
6045.66992,0.29260
6045.93994,0.29240
6046.20996,0.29220
6046.47998,0.29200
6046.75000,0.29170
6047.02002,0.29150
6047.27979,0.29130
6047.54980,0.29110
6047.81982,0.29080
6048.08984,0.29060
6048.35010,0.29040
6048.62988,0.29020
6048.89990,0.28990
6049.16016,0.28970
6049.43018,0.28950
6049.70020,0.28930
6049.95996,0.28900
6050.22998,0.28880
6050.50000,0.28860
6050.77002,0.28840
6051.04004,0.28820
6051.31006,0.28800
6051.58008,0.28780
6051.83984,0.28760
6052.10986,0.28740
6052.37988,0.28710
6052.64990,0.28690
6052.91992,0.28670
6053.18994,0.28650
6053.45020,0.28630
6053.72021,0.28610
6053.99023,0.28590
6054.25977,0.28570
6054.52979,0.28550
6054.79980,0.28530
6055.06006,0.28500
6055.33008,0.28480
6055.60010,0.28460
6055.87012,0.28440
6056.14014,0.28420
6056.41016,0.28400
6056.68018,0.28380
6056.93994,0.28360
6057.20996,0.28340
6057.47998,0.28320
6057.75000,0.28300
6058.02002,0.28270
6058.29004,0.28250
6058.56006,0.28230
6058.83008,0.28210
6059.08984,0.28190
6059.35986,0.28170
6059.62988,0.28150
6059.89990,0.28130
6060.16992,0.28110
6060.43994,0.28090
6060.70996,0.28060
6060.97021,0.28040
6061.24023,0.28020
6061.50977,0.28000
6061.77979,0.27980
6062.04980,0.27960
6062.31982,0.27940
6062.58984,0.27920
6062.85010,0.27900
6063.12012,0.27880
6063.39014,0.27860
6063.66016,0.27830
6063.93018,0.27810
6064.20020,0.27790
6064.47021,0.27770
6064.74023,0.27750
6065.00977,0.27730
6065.27002,0.27710
6065.54004,0.27690
6065.81006,0.27670
6066.08008,0.27650
6066.35010,0.27620
6066.62012,0.27600
6066.89014,0.27580
6067.16016,0.27560
6067.43018,0.27540
6067.70020,0.27520
6067.97021,0.27500
6068.22998,0.27480
6068.50000,0.27460
6068.77002,0.27440
6069.04004,0.27410
6069.31006,0.27390
6069.58008,0.27370
6069.85010,0.27350
6070.12012,0.27330
6070.39014,0.27310
6070.66016,0.27290
6070.91992,0.27270
6071.18994,0.27250
6071.45996,0.27230
6071.72998,0.27200
6072.00000,0.27180
6072.27002,0.27160
6072.54004,0.27140
6072.81006,0.27120
6073.08008,0.27100
6073.35010,0.27080
6073.62012,0.27060
6073.89014,0.27040
6074.16016,0.27020
6074.43018,0.26990
6074.70020,0.26970
6074.97021,0.26950
6075.22998,0.26930
6075.50000,0.26910
6075.77002,0.26890
6076.04004,0.26870
6076.31006,0.26850
6076.58008,0.26830
6076.85010,0.26810
6077.12012,0.26780
6077.39014,0.26760
6077.66016,0.26740
6077.93018,0.26720
6078.20020,0.26700
6078.47021,0.26680
6078.74023,0.26660
6079.00977,0.26640
6079.27002,0.26620
6079.54004,0.26600
6079.81982,0.26570
6080.08008,0.26550
6080.35010,0.26530
6080.62012,0.26510
6080.89014,0.26490
6081.16016,0.26470
6081.43018,0.26450
6081.70020,0.26430
6081.97021,0.26410
6082.24023,0.26390
6082.50977,0.26360
6082.77979,0.26340
6083.04980,0.26320
6083.31982,0.26300
6083.58984,0.26280
6083.85986,0.26260
6084.12988,0.26240
6084.39990,0.26220
6084.66992,0.26200
6084.93994,0.26180
6085.20996,0.26150
6085.47998,0.26130
6085.75000,0.26110
6086.02002,0.26090
6086.29004,0.26070
6086.56006,0.26050
6086.83008,0.26030
6087.08984,0.26010
6087.37012,0.25990
6087.64014,0.25960
6087.91016,0.25940
6088.18018,0.25920
6088.45020,0.25900
6088.70996,0.25880
6088.99023,0.25860
6089.25977,0.25840
6089.52979,0.25820
6089.79980,0.25800
6090.06982,0.25770
6090.33984,0.25750
6090.60010,0.25730
6090.87988,0.25710
6091.14990,0.25690
6091.41992,0.25670
6091.68994,0.25650
6091.95996,0.25630
6092.22998,0.25610
6092.50000,0.25590
6092.77002,0.25560
6093.04004,0.25540
6093.31006,0.25520
6093.58008,0.25500
6093.85010,0.25480
6094.12012,0.25460
6094.39014,0.25440
6094.66016,0.25420
6094.93018,0.25400
6095.20020,0.25370
6095.47021,0.25350
6095.74023,0.25330
6096.00977,0.25310
6096.27979,0.25290
6096.54980,0.25270
6096.81982,0.25250
6097.08984,0.25230
6097.35986,0.25210
6097.62988,0.25180
6097.89990,0.25160
6098.16992,0.25140
6098.43994,0.25120
6098.70996,0.25100
6098.99023,0.25080
6099.25000,0.25060
6099.52002,0.25040
6099.79004,0.25020
6100.06982,0.25000
6100.33984,0.24980
6100.60986,0.24960
6100.87988,0.24940
6101.14990,0.24920
6101.41992,0.24900
6101.68994,0.24880
6101.95996,0.24860
6102.22998,0.24840
6102.50000,0.24820
6102.77002,0.24800
6103.04004,0.24780
6103.31006,0.24760
6103.58008,0.24740
6103.85986,0.24720
6104.12012,0.24700
6104.39990,0.24680
6104.66992,0.24660
6104.93018,0.24640
6105.20996,0.24630
6105.47021,0.24610
6105.75000,0.24590
6106.02002,0.24570
6106.29004,0.24550
6106.56006,0.24530
6106.83008,0.24510
6107.10010,0.24490
6107.37012,0.24470
6107.64014,0.24450
6107.91016,0.24430
6108.18994,0.24410
6108.45020,0.24390
6108.72998,0.24370
6108.99023,0.24350
6109.27002,0.24330
6109.54004,0.24310
6109.81006,0.24290
6110.08008,0.24270
6110.35010,0.24250
6110.62012,0.24240
6110.89014,0.24220
6111.16016,0.24200
6111.43994,0.24180
6111.70996,0.24160
6111.97998,0.24140
6112.25000,0.24120
6112.52002,0.24100
6112.79004,0.24080
6113.06006,0.24060
6113.33008,0.24040
6113.60010,0.24020
6113.87988,0.24000
6114.14014,0.23980
6114.41992,0.23960
6114.68994,0.23940
6114.95996,0.23920
6115.22998,0.23900
6115.50000,0.23880
6115.77002,0.23860
6116.04004,0.23840
6116.31006,0.23830
6116.58984,0.23810
6116.85986,0.23790
6117.12988,0.23770
6117.39990,0.23750
6117.66992,0.23730
6117.93994,0.23710
6118.20996,0.23690
6118.47998,0.23670
6118.75977,0.23650
6119.02979,0.23630
6119.29980,0.23610
6119.56982,0.23590
6119.83984,0.23570
6120.10986,0.23550
6120.37988,0.23530
6120.66016,0.23510
6120.93018,0.23490
6121.20020,0.23470
6121.47021,0.23450
6121.74023,0.23430
6122.00977,0.23420
6122.29004,0.23400
6122.56006,0.23380
6122.83008,0.23360
6123.10010,0.23340
6123.37012,0.23320
6123.64014,0.23300
6123.91016,0.23280
6124.18994,0.23260
6124.45996,0.23240
6124.72998,0.23220
6125.00000,0.23200
6125.27002,0.23180
6125.54004,0.23160
6125.81006,0.23140
6126.08984,0.23120
6126.35986,0.23100
6126.62988,0.23080
6126.89990,0.23060
6127.16992,0.23040
6127.43994,0.23020
6127.70996,0.23000
6127.99023,0.22980
6128.25977,0.22970
6128.52979,0.22950
6128.79980,0.22930
6129.06982,0.22910
6129.35010,0.22890
6129.60986,0.22870
6129.89014,0.22850
6130.16016,0.22830
6130.43018,0.22810
6130.70020,0.22790
6130.97998,0.22770
6131.25000,0.22750
6131.52002,0.22730
6131.79004,0.22710
6132.06006,0.22690
6132.33984,0.22670
6132.60986,0.22650
6132.87988,0.22630
6133.14990,0.22610
6133.41992,0.22590
6133.70020,0.22570
6133.97021,0.22550
6134.24023,0.22530
6134.50977,0.22520
6134.77979,0.22500
6135.04980,0.22480
6135.33008,0.22460
6135.60010,0.22440
6135.87012,0.22420
6136.14014,0.22400
6136.41992,0.22380
6136.68994,0.22360
6136.95996,0.22340
6137.22998,0.22320
6137.50000,0.22300
6137.77979,0.22280
6138.04980,0.22260
6138.31982,0.22240
6138.58984,0.22220
6138.85986,0.22200
6139.14014,0.22180
6139.41016,0.22160
6139.68018,0.22140
6139.95020,0.22120
6140.22998,0.22100
6140.50000,0.22080
6140.77002,0.22060
6141.04004,0.22040
6141.31982,0.22030
6141.58984,0.22010
6141.85986,0.21990
6142.12988,0.21970
6142.39990,0.21950
6142.66992,0.21930
6142.95020,0.21910
6143.22021,0.21890
6143.49023,0.21870
6143.77002,0.21850
6144.04004,0.21830
6144.31006,0.21810
6144.58008,0.21790
6144.85986,0.21770
6145.12988,0.21750
6145.39990,0.21730
6145.66992,0.21710
6145.95020,0.21690
6146.22021,0.21670
6146.49023,0.21650
6146.75977,0.21630
6147.04004,0.21610
6147.31006,0.21590
6147.58008,0.21570
6147.85010,0.21550
6148.12012,0.21540
6148.39990,0.21520
6148.66992,0.21500
6148.93994,0.21480
6149.22021,0.21460
6149.49023,0.21440
6149.75977,0.21420
6150.02979,0.21400
6150.31006,0.21380
6150.58008,0.21360
6150.85010,0.21340
6151.12012,0.21330
6151.39990,0.21310
6151.66992,0.21290
6151.93994,0.21270
6152.22021,0.21250
6152.49023,0.21240
6152.75977,0.21220
6153.04004,0.21200
6153.31006,0.21180
6153.58008,0.21160
6153.85010,0.21150
6154.12988,0.21130
6154.39990,0.21110
6154.66992,0.21090
6154.93994,0.21070
6155.22021,0.21060
6155.49023,0.21040
6155.77002,0.21020
6156.04004,0.21000
6156.31006,0.20980
6156.58008,0.20970
6156.85010,0.20950
6157.12988,0.20930
6157.39990,0.20910
6157.68018,0.20890
6157.95020,0.20880
6158.22021,0.20860
6158.49023,0.20840
6158.77002,0.20820
6159.04004,0.20800
6159.31006,0.20790
6159.58984,0.20770
6159.85986,0.20750
6160.12988,0.20730
6160.39990,0.20710
6160.68018,0.20700
6160.95020,0.20680
6161.22021,0.20660
6161.50000,0.20640
6161.77002,0.20620
6162.04004,0.20610
6162.31982,0.20590
6162.58984,0.20570
6162.85986,0.20550
6163.12988,0.20530
6163.41016,0.20510
6163.68994,0.20500
6163.95996,0.20480
6164.22998,0.20460
6164.50000,0.20440
6164.77002,0.20420
6165.04980,0.20410
6165.31982,0.20390
6165.60010,0.20370
6165.87012,0.20350
6166.14014,0.20330
6166.41992,0.20320
6166.68994,0.20300
6166.95996,0.20280
6167.24023,0.20260
6167.50977,0.20240
6167.77979,0.20230
6168.06006,0.20210
6168.33008,0.20190
6168.60010,0.20170
6168.87988,0.20150
6169.14990,0.20140
6169.43018,0.20120
6169.70020,0.20100
6169.97021,0.20080
6170.25000,0.20060
6170.52002,0.20050
6170.79980,0.20030
6171.06982,0.20010
6171.33984,0.19990
6171.62012,0.19970
6171.89014,0.19960
6172.16016,0.19940
6172.43994,0.19920
6172.70996,0.19900
6172.97998,0.19880
6173.25977,0.19870
6173.52979,0.19850
6173.79980,0.19830
6174.08008,0.19810
6174.35010,0.19790
6174.62012,0.19770
6174.89990,0.19760
6175.16992,0.19740
6175.43994,0.19720
6175.72021,0.19700
6175.99023,0.19680
6176.27002,0.19670
6176.54004,0.19650
6176.81006,0.19630
6177.08984,0.19610
6177.35986,0.19590
6177.64014,0.19580
6177.91016,0.19560
6178.18018,0.19540
6178.45996,0.19520
6178.72998,0.19500
6179.00977,0.19490
6179.27979,0.19470
6179.56006,0.19450
6179.83008,0.19430
6180.10010,0.19410
6180.37988,0.19400
6180.64990,0.19380
6180.93018,0.19360
6181.20020,0.19340
6181.47021,0.19320
6181.75000,0.19300
6182.02002,0.19290
6182.29980,0.19270
6182.56982,0.19250
6182.83984,0.19230
6183.12012,0.19210
6183.39014,0.19200
6183.66016,0.19180
6183.93994,0.19160
6184.20996,0.19140
6184.49023,0.19120
6184.75977,0.19110
6185.04004,0.19090
6185.31006,0.19070
6185.58008,0.19050
6185.85986,0.19030
6186.12988,0.19020
6186.41016,0.19000
6186.68018,0.18980
6186.95996,0.18960
6187.22998,0.18940
6187.50000,0.18920
6187.77979,0.18910
6188.06006,0.18890
6188.33008,0.18870
6188.60010,0.18850
6188.87988,0.18830
6189.14990,0.18820
6189.41992,0.18800
6189.70020,0.18780
6189.97998,0.18760
6190.25000,0.18740
6190.52002,0.18730
6190.79980,0.18710
6191.06982,0.18690
6191.35010,0.18670
6191.62012,0.18650
6191.89990,0.18630
6192.16992,0.18620
6192.45020,0.18600
6192.72021,0.18580
6192.99023,0.18560
6193.27002,0.18540
6193.54004,0.18530
6193.81982,0.18510
6194.08984,0.18490
6194.37012,0.18470
6194.64014,0.18450
6194.91992,0.18440
6195.18994,0.18420
6195.47021,0.18400
6195.74023,0.18380
6196.02002,0.18360
6196.29004,0.18340
6196.56006,0.18330
6196.83984,0.18310
6197.12012,0.18290
6197.39014,0.18270
6197.66016,0.18250
6197.93994,0.18240
6198.20996,0.18220
6198.49023,0.18200
6198.75977,0.18180
6199.04004,0.18160
6199.31006,0.18150
6199.58984,0.18130
6199.85986,0.18110
6200.14014,0.18090
6200.41016,0.18080
6200.68994,0.18060
6200.95996,0.18040
6201.24023,0.18030
6201.50977,0.18010
6201.79004,0.17990
6202.06006,0.17980
6202.33984,0.17960
6202.60986,0.17940
6202.89014,0.17930
6203.16016,0.17910
6203.43994,0.17890
6203.70996,0.17880
6203.99023,0.17860
6204.25977,0.17840
6204.54004,0.17830
6204.81006,0.17810
6205.08984,0.17790
6205.35986,0.17780
6205.64014,0.17760
6205.91016,0.17750
6206.18994,0.17730
6206.45996,0.17710
6206.74023,0.17700
6207.00977,0.17680
6207.29004,0.17660
6207.56982,0.17650
6207.83984,0.17630
6208.10986,0.17610
6208.39014,0.17600
6208.66992,0.17580
6208.93994,0.17560
6209.20996,0.17550
6209.49023,0.17530
6209.77002,0.17510
6210.04004,0.17500
6210.31982,0.17480
6210.58984,0.17460
6210.87012,0.17450
6211.14014,0.17430
6211.41992,0.17410
6211.68994,0.17400
6211.97021,0.17380
6212.25000,0.17370
6212.52002,0.17350
6212.79980,0.17330
6213.06982,0.17320
6213.35010,0.17300
6213.62012,0.17280
6213.89990,0.17270
6214.16992,0.17250
6214.45020,0.17230
6214.72998,0.17220
6215.00000,0.17200
6215.27979,0.17180
6215.54980,0.17170
6215.83008,0.17150
6216.10010,0.17130
6216.37988,0.17120
6216.64990,0.17100
6216.93018,0.17080
6217.20020,0.17070
6217.47998,0.17050
6217.75977,0.17030
6218.02979,0.17020
6218.31006,0.17000
6218.58008,0.16990
6218.85986,0.16970
6219.14014,0.16950
6219.41016,0.16940
6219.68994,0.16920
6219.95996,0.16900
6220.24023,0.16890
6220.52002,0.16870
6220.79004,0.16850
6221.06006,0.16840
6221.33984,0.16820
6221.62012,0.16800
6221.89990,0.16790
6222.16992,0.16770
6222.43994,0.16750
6222.72021,0.16740
6222.99023,0.16720
6223.27002,0.16700
6223.54980,0.16690
6223.81982,0.16670
6224.10010,0.16650
6224.37988,0.16640
6224.64990,0.16620
6224.93018,0.16600
6225.20996,0.16590
6225.47998,0.16570
6225.75977,0.16550
6226.02979,0.16540
6226.31006,0.16520
6226.58008,0.16500
6226.85986,0.16490
6227.14014,0.16470
6227.41016,0.16460
6227.68994,0.16440
6227.95996,0.16420
6228.24023,0.16410
6228.52002,0.16390
6228.79004,0.16370
6229.06982,0.16360
6229.35010,0.16340
6229.62012,0.16320
6229.89990,0.16310
6230.16992,0.16290
6230.45020,0.16270
6230.72998,0.16260
6231.00000,0.16240
6231.27979,0.16220
6231.56006,0.16210
6231.83008,0.16190
6232.10986,0.16170
6232.37988,0.16160
6232.66016,0.16140
6232.93994,0.16120
6233.20996,0.16110
6233.49023,0.16090
6233.77002,0.16070
6234.04004,0.16060
6234.31982,0.16040
6234.58984,0.16020
6234.87012,0.16010
6235.14990,0.15990
6235.43018,0.15970
6235.70020,0.15960
6235.97998,0.15940
6236.25000,0.15920
6236.52979,0.15910
6236.81006,0.15890
6237.08984,0.15870
6237.35986,0.15860
6237.64014,0.15840
6237.91016,0.15830
6238.18994,0.15810
6238.47021,0.15790
6238.74023,0.15780
6239.02002,0.15760
6239.29980,0.15740
6239.56982,0.15730
6239.85010,0.15710
6240.12988,0.15690
6240.39990,0.15680
6240.68018,0.15660
6240.95996,0.15640
6241.22998,0.15630
6241.50977,0.15610
6241.79004,0.15590
6242.06006,0.15580
6242.33984,0.15560
6242.62012,0.15540
6242.89990,0.15530
6243.16992,0.15510
6243.45020,0.15490
6243.72998,0.15480
6244.00000,0.15460
6244.27979,0.15440
6244.54980,0.15430
6244.83008,0.15410
6245.10986,0.15390
6245.37988,0.15380
6245.66016,0.15360
6245.93994,0.15340
6246.22021,0.15330
6246.50000,0.15310
6246.77002,0.15290
6247.04980,0.15280
6247.33008,0.15260
6247.60010,0.15240
6247.87988,0.15230
6248.16016,0.15210
6248.43018,0.15190
6248.70996,0.15180
6248.99023,0.15160
6249.25977,0.15140
6249.54004,0.15130
6249.81982,0.15110
6250.10010,0.15090
6250.37012,0.15080
6250.64990,0.15060
6250.93018,0.15040
6251.20020,0.15030
6251.47998,0.15010
6251.75977,0.14990
6252.04004,0.14970
6252.31006,0.14960
6252.58984,0.14940
6252.87012,0.14920
6253.14014,0.14900
6253.41992,0.14890
6253.70020,0.14870
6253.97998,0.14850
6254.25000,0.14840
6254.52979,0.14820
6254.81006,0.14800
6255.08008,0.14780
6255.35986,0.14770
6255.64014,0.14750
6255.91992,0.14730
6256.18994,0.14720
6256.47021,0.14700
6256.75000,0.14680
6257.02002,0.14660
6257.31006,0.14650
6257.58008,0.14630
6257.85986,0.14610
6258.14014,0.14600
6258.41016,0.14580
6258.68994,0.14560
6258.97021,0.14540
6259.25000,0.14530
6259.52979,0.14510
6259.79980,0.14490
6260.08008,0.14480
6260.35986,0.14460
6260.62988,0.14440
6260.91016,0.14420
6261.18994,0.14410
6261.47021,0.14390
6261.75000,0.14370
6262.02002,0.14350
6262.29980,0.14340
6262.58008,0.14320
6262.85010,0.14300
6263.14014,0.14290
6263.41016,0.14270
6263.68994,0.14250
6263.97021,0.14230
6264.24023,0.14220
6264.52002,0.14200
6264.79980,0.14180
6265.08008,0.14170
6265.35986,0.14150
6265.62988,0.14130
6265.91016,0.14110
6266.18994,0.14100
6266.45996,0.14080
6266.74023,0.14060
6267.02979,0.14040
6267.29980,0.14030
6267.58008,0.14010
6267.85010,0.13990
6268.12988,0.13980
6268.41016,0.13960
6268.68994,0.13940
6268.97021,0.13920
6269.24023,0.13910
6269.52002,0.13890
6269.79980,0.13870
6270.08008,0.13860
6270.35986,0.13840
6270.64014,0.13820
6270.91016,0.13800
6271.18994,0.13790
6271.47021,0.13770
6271.75000,0.13750
6272.02979,0.13730
6272.29980,0.13720
6272.58008,0.13700
6272.85986,0.13680
6273.14014,0.13670
6273.41992,0.13650
6273.68994,0.13630
6273.97021,0.13610
6274.25000,0.13600
6274.52979,0.13580
6274.81006,0.13560
6275.08008,0.13540
6275.35986,0.13530
6275.64014,0.13510
6275.91992,0.13490
6276.20020,0.13480
6276.47998,0.13460
6276.75977,0.13440
6277.02979,0.13420
6277.31006,0.13410
6277.58984,0.13390
6277.87012,0.13370
6278.14014,0.13360
6278.43018,0.13340
6278.70020,0.13320
6278.97998,0.13300
6279.25977,0.13290
6279.54004,0.13270
6279.81982,0.13250
6280.10010,0.13230
6280.37012,0.13220
6280.64990,0.13200
6280.93018,0.13180
6281.20996,0.13160
6281.49023,0.13150
6281.75977,0.13130
6282.04980,0.13110
6282.31982,0.13100
6282.60010,0.13080
6282.87988,0.13060
6283.16016,0.13040
6283.43994,0.13030
6283.72021,0.13010
6284.00000,0.12990
6284.27979,0.12970
6284.54980,0.12960
6284.83008,0.12940
6285.10986,0.12920
6285.39014,0.12910
6285.66992,0.12890
6285.95020,0.12870
6286.22998,0.12850
6286.50000,0.12840
6286.77979,0.12820
6287.06006,0.12800
6287.33984,0.12780
6287.62012,0.12770
6287.89990,0.12750
6288.16992,0.12730
6288.45020,0.12720
6288.72998,0.12700
6289.00977,0.12680
6289.29004,0.12660
6289.56982,0.12650
6289.85010,0.12630
6290.12988,0.12610
6290.41016,0.12590
6290.68994,0.12580
6290.95996,0.12560
6291.24023,0.12540
6291.52002,0.12530
6291.79980,0.12510
6292.08008,0.12490
6292.35986,0.12470
6292.64014,0.12460
6292.91992,0.12440
6293.20020,0.12420
6293.47998,0.12400
6293.75977,0.12390
6294.02979,0.12370
6294.31006,0.12350
6294.58984,0.12340
6294.87012,0.12320
6295.14990,0.12300
6295.43018,0.12280
6295.70996,0.12270
6295.99023,0.12250
6296.27002,0.12230
6296.54004,0.12210
6296.81982,0.12200
6297.10010,0.12180
6297.37988,0.12160
6297.66016,0.12140
6297.93994,0.12130
6298.22021,0.12110
6298.50000,0.12090
6298.77979,0.12080
6299.06006,0.12060
6299.33984,0.12040
6299.62012,0.12020
6299.89990,0.12010
6300.18018,0.11990
6300.45996,0.11980
6300.72998,0.11960
6301.00977,0.11950
6301.29980,0.11930
6301.56982,0.11920
6301.85010,0.11900
6302.12988,0.11880
6302.41016,0.11870
6302.68994,0.11850
6302.97021,0.11840
6303.25000,0.11820
6303.52979,0.11810
6303.81006,0.11790
6304.08984,0.11780
6304.37012,0.11760
6304.64990,0.11750
6304.93018,0.11730
6305.20996,0.11720
6305.49023,0.11700
6305.75977,0.11690
6306.04004,0.11670
6306.31982,0.11660
6306.60010,0.11640
6306.89014,0.11630
6307.16992,0.11610
6307.43994,0.11600
6307.72021,0.11580
6308.00000,0.11570
6308.27979,0.11550
6308.56006,0.11540
6308.83984,0.11520
6309.12012,0.11510
6309.39990,0.11490
6309.68018,0.11480
6309.95996,0.11460
6310.24023,0.11450
6310.52002,0.11430
6310.79980,0.11420
6311.08008,0.11400
6311.35986,0.11390
6311.64014,0.11370
6311.91992,0.11360
6312.20020,0.11340
6312.47998,0.11330
6312.75977,0.11310
6313.04004,0.11300
6313.31982,0.11280
6313.60010,0.11270
6313.87988,0.11250
6314.16016,0.11240
6314.43994,0.11220
6314.72021,0.11210
6315.00000,0.11190
6315.27979,0.11180
6315.56006,0.11160
6315.83984,0.11140
6316.12012,0.11130
6316.39990,0.11110
6316.68018,0.11100
6316.95996,0.11080
6317.24023,0.11070
6317.52002,0.11050
6317.79980,0.11040
6318.08008,0.11020
6318.35986,0.11010
6318.64014,0.10990
6318.91992,0.10980
6319.20020,0.10960
6319.47998,0.10950
6319.75977,0.10930
6320.04004,0.10920
6320.31982,0.10900
6320.60010,0.10890
6320.87988,0.10870
6321.16016,0.10860
6321.43994,0.10840
6321.72021,0.10830
6322.00000,0.10810
6322.27979,0.10800
6322.56006,0.10780
6322.83984,0.10770
6323.12012,0.10750
6323.39990,0.10740
6323.68018,0.10720
6323.95996,0.10710
6324.25000,0.10690
6324.52979,0.10680
6324.79980,0.10660
6325.08984,0.10650
6325.37012,0.10630
6325.64014,0.10620
6325.93018,0.10600
6326.20996,0.10580
6326.49023,0.10570
6326.77002,0.10550
6327.04980,0.10540
6327.33008,0.10520
6327.60986,0.10510
6327.89014,0.10490
6328.16992,0.10480
6328.45020,0.10460
6328.72998,0.10450
6329.00977,0.10430
6329.29004,0.10420
6329.56982,0.10400
6329.85986,0.10390
6330.14014,0.10370
6330.41992,0.10360
6330.70020,0.10340
6330.97998,0.10330
6331.25977,0.10310
6331.54004,0.10300
6331.81982,0.10280
6332.10010,0.10270
6332.37988,0.10250
6332.66016,0.10240
6332.93994,0.10220
6333.22021,0.10210
6333.50000,0.10190
6333.79004,0.10180
6334.06982,0.10160
6334.35010,0.10150
6334.62988,0.10130
6334.91016,0.10110
6335.18994,0.10100
6335.47021,0.10080
6335.75000,0.10070
6336.02979,0.10050
6336.31006,0.10040
6336.58984,0.10020
6336.87012,0.10010
6337.16016,0.09990
6337.43018,0.09980
6337.72021,0.09960
6338.00000,0.09950
6338.27979,0.09930
6338.56006,0.09920
6338.83984,0.09900
6339.12012,0.09890
6339.41016,0.09870
6339.68994,0.09860
6339.97021,0.09840
6340.25000,0.09830
6340.52979,0.09810
6340.81006,0.09800
6341.08984,0.09780
6341.37012,0.09770
6341.66016,0.09750
6341.93994,0.09740
6342.22021,0.09720
6342.50000,0.09710
6342.77979,0.09690
6343.06006,0.09670
6343.33984,0.09660
6343.62012,0.09640
6343.89990,0.09630
6344.18018,0.09610
6344.47021,0.09600
6344.75000,0.09580
6345.02979,0.09570
6345.31006,0.09550
6345.58984,0.09540
6345.87012,0.09520
6346.14990,0.09510
6346.43018,0.09490
6346.72021,0.09480
6347.00000,0.09460
6347.27979,0.09450
6347.56006,0.09430
6347.83984,0.09420
6348.12012,0.09400
6348.39990,0.09390
6348.68994,0.09370
6348.97021,0.09360
6349.25000,0.09340
6349.52979,0.09330
6349.81006,0.09310
6350.08984,0.09300
6350.37988,0.09280
6350.66016,0.09270
6350.93994,0.09250
6351.22021,0.09240
6351.50000,0.09230
6351.79004,0.09210
6352.06006,0.09200
6352.35010,0.09190
6352.62988,0.09170
6352.91016,0.09160
6353.18994,0.09150
6353.47021,0.09130
6353.75977,0.09120
6354.04004,0.09110
6354.31982,0.09090
6354.60010,0.09080
6354.89014,0.09070
6355.16016,0.09050
6355.45020,0.09040
6355.72998,0.09030
6356.00977,0.09010
6356.29004,0.09000
6356.56982,0.08980
6356.85986,0.08970
6357.14014,0.08960
6357.41992,0.08940
6357.70020,0.08930
6357.97998,0.08920
6358.25977,0.08900
6358.54980,0.08890
6358.83008,0.08880
6359.10986,0.08860
6359.39014,0.08850
6359.66992,0.08840
6359.95996,0.08820
6360.24023,0.08810
6360.52002,0.08800
6360.81006,0.08780
6361.08008,0.08770
6361.37012,0.08750
6361.64990,0.08740
6361.93018,0.08730
6362.20996,0.08710
6362.50000,0.08700
6362.77979,0.08690
6363.06006,0.08670
6363.33984,0.08660
6363.62012,0.08650
6363.89990,0.08630
6364.18994,0.08620
6364.47021,0.08610
6364.75000,0.08590
6365.04004,0.08580
6365.31006,0.08560
6365.60010,0.08550
6365.87988,0.08540
6366.16016,0.08520
6366.45020,0.08510
6366.72998,0.08500
6367.00977,0.08480
6367.29004,0.08470
6367.56982,0.08460
6367.85986,0.08440
6368.14014,0.08430
6368.41992,0.08420
6368.70996,0.08400
6368.99023,0.08390
6369.27002,0.08380
6369.54980,0.08360
6369.83008,0.08350
6370.10986,0.08330
6370.39990,0.08320
6370.68018,0.08310
6370.95996,0.08290
6371.24023,0.08280
6371.52979,0.08270
6371.81006,0.08250
6372.08984,0.08240
6372.37988,0.08230
6372.66016,0.08210
6372.93994,0.08200
6373.22021,0.08190
6373.50000,0.08170
6373.79004,0.08160
6374.06982,0.08140
6374.35010,0.08130
6374.64014,0.08120
6374.91992,0.08100
6375.20020,0.08090
6375.47998,0.08080
6375.75977,0.08060
6376.04980,0.08050
6376.33984,0.08040
6376.62012,0.08020
6376.89990,0.08010
6377.18018,0.08000
6377.45996,0.07980
6377.75000,0.07970
6378.02979,0.07950
6378.31006,0.07940
6378.60010,0.07930
6378.87988,0.07910
6379.16016,0.07900
6379.43994,0.07890
6379.72021,0.07870
6380.00977,0.07860
6380.29004,0.07850
6380.58008,0.07830
6380.85986,0.07820
6381.14014,0.07810
6381.41992,0.07790
6381.70020,0.07780
6381.99023,0.07760
6382.27002,0.07750
6382.56006,0.07740
6382.83984,0.07720
6383.12012,0.07710
6383.39990,0.07700
6383.68994,0.07680
6383.97021,0.07670
6384.25000,0.07660
6384.54004,0.07640
6384.81982,0.07630
6385.10010,0.07620
6385.37988,0.07600
6385.66992,0.07590
6385.95996,0.07570
6386.24023,0.07560
6386.52002,0.07550
6386.79980,0.07530
6387.08008,0.07520
6387.37012,0.07510
6387.64990,0.07490
6387.93994,0.07480
6388.22021,0.07470
6388.50000,0.07450
6388.77979,0.07440
6389.06982,0.07420
6389.35010,0.07410
6389.64014,0.07400
6389.91992,0.07380
6390.20020,0.07370
6390.47998,0.07360
6390.77002,0.07340
6391.04980,0.07330
6391.33008,0.07320
6391.62012,0.07300
6391.89990,0.07290
6392.18018,0.07280
6392.47021,0.07260
6392.75000,0.07250
6393.02979,0.07230
6393.31982,0.07220
6393.60010,0.07210
6393.89014,0.07190
6394.16992,0.07180
6394.45020,0.07170
6394.74023,0.07150
6395.02002,0.07140
6395.29980,0.07130
6395.58984,0.07110
6395.87012,0.07100
6396.14990,0.07080
6396.43994,0.07070
6396.72021,0.07060
6397.00000,0.07040
6397.29004,0.07030
6397.56982,0.07020
6397.85986,0.07000
6398.14014,0.06990
6398.41992,0.06980
6398.70020,0.06960
6398.99023,0.06950
6399.27979,0.06930
6399.56006,0.06920
6399.83984,0.06910
6400.12012,0.06900
6400.41016,0.06890
6400.68994,0.06880
6400.97021,0.06860
6401.25977,0.06850
6401.54980,0.06840
6401.83008,0.06830
6402.10986,0.06820
6402.39014,0.06810
6402.68018,0.06800
6402.95996,0.06790
6403.25000,0.06780
6403.52979,0.06770
6403.81982,0.06760
6404.10010,0.06750
6404.37988,0.06740
6404.66016,0.06730
6404.95020,0.06720
6405.24023,0.06710
6405.52002,0.06700
6405.79980,0.06690
6406.08008,0.06680
6406.37012,0.06670
6406.64990,0.06660
6406.93994,0.06650
6407.22021,0.06640
6407.50977,0.06630
6407.79004,0.06620
6408.08008,0.06610
6408.35986,0.06600
6408.64014,0.06590
6408.93018,0.06580
6409.20996,0.06570
6409.50000,0.06560
6409.77979,0.06550
6410.06006,0.06540
6410.35010,0.06530
6410.62988,0.06520
6410.91992,0.06510
6411.20020,0.06500
6411.49023,0.06490
6411.77002,0.06480
6412.04980,0.06470
6412.33984,0.06460
6412.62012,0.06450
6412.91016,0.06440
6413.18994,0.06430
6413.47998,0.06410
6413.75977,0.06400
6414.04004,0.06390
6414.33008,0.06380
6414.60986,0.06370
6414.89990,0.06360
6415.18018,0.06350
6415.47021,0.06340
6415.75000,0.06330
6416.02979,0.06320
6416.31982,0.06310
6416.60010,0.06300
6416.89014,0.06290
6417.18018,0.06280
6417.45996,0.06270
6417.74023,0.06260
6418.02979,0.06250
6418.31006,0.06240
6418.60010,0.06230
6418.87988,0.06220
6419.16992,0.06210
6419.45020,0.06200
6419.72998,0.06190
6420.02002,0.06180
6420.29980,0.06170
6420.58984,0.06160
6420.87988,0.06150
6421.16016,0.06140
6421.43994,0.06130
6421.72998,0.06120
6422.00977,0.06110
6422.29980,0.06100
6422.58008,0.06090
6422.87012,0.06080
6423.14990,0.06070
6423.43994,0.06060
6423.72021,0.06050
6424.00000,0.06040
6424.29004,0.06030
6424.58008,0.06020
6424.85986,0.06000
6425.14990,0.05990
6425.43018,0.05980
6425.70996,0.05970
6426.00000,0.05960
6426.27979,0.05950
6426.56982,0.05940
6426.85986,0.05930
6427.14014,0.05920
6427.43018,0.05910
6427.70996,0.05900
6427.99023,0.05890
6428.27979,0.05880
6428.56006,0.05870
6428.85010,0.05860
6429.14014,0.05850
6429.41992,0.05840
6429.70996,0.05830
6429.99023,0.05820
6430.27002,0.05810
6430.56006,0.05800
6430.85010,0.05790
6431.12988,0.05780
6431.41016,0.05770
6431.70020,0.05760
6431.99023,0.05750
6432.27002,0.05740
6432.56006,0.05730
6432.83984,0.05720
6433.12988,0.05710
6433.41016,0.05700
6433.70020,0.05690
6433.97998,0.05680
6434.27002,0.05670
6434.54980,0.05660
6434.83984,0.05650
6435.12988,0.05640
6435.41016,0.05630
6435.68994,0.05620
6435.97998,0.05600
6436.27002,0.05590
6436.54980,0.05580
6436.83984,0.05570
6437.12012,0.05560
6437.39990,0.05550
6437.68994,0.05540
6437.97998,0.05530
6438.25977,0.05520
6438.54980,0.05510
6438.83984,0.05500
6439.12012,0.05490
6439.41016,0.05480
6439.68994,0.05470
6439.97021,0.05460
6440.25977,0.05450
6440.54980,0.05440
6440.83008,0.05430
6441.12012,0.05420
6441.39990,0.05410
6441.68994,0.05400
6441.97021,0.05390
6442.25977,0.05380
6442.54980,0.05370
6442.83008,0.05360
6443.12012,0.05350
6443.39990,0.05340
6443.68994,0.05330
6443.97998,0.05320
6444.25977,0.05310
6444.54980,0.05300
6444.83008,0.05290
6445.12012,0.05280
6445.39990,0.05270
6445.68994,0.05260
6445.97998,0.05240
6446.25977,0.05230
6446.54980,0.05220
6446.83008,0.05210
6447.12012,0.05200
6447.39990,0.05190
6447.68994,0.05180
6447.97998,0.05170
6448.25977,0.05160
6448.54980,0.05150
6448.83008,0.05140
6449.12012,0.05130
6449.39990,0.05120
6449.68994,0.05110
6449.97998,0.05100
6450.25977,0.05090
6450.54980,0.05080
6450.83008,0.05080
6451.12012,0.05070
6451.41016,0.05060
6451.68994,0.05050
6451.97998,0.05040
6452.27002,0.05030
6452.54980,0.05020
6452.83984,0.05010
6453.12012,0.05010
6453.41016,0.05000
6453.70020,0.04990
6453.97998,0.04980
6454.27002,0.04970
6454.56006,0.04960
6454.83984,0.04950
6455.12988,0.04950
6455.41016,0.04940
6455.70020,0.04930
6455.99023,0.04920
6456.27002,0.04910
6456.56006,0.04900
6456.83984,0.04890
6457.12988,0.04890
6457.41992,0.04880
6457.70020,0.04870
6457.99023,0.04860
6458.27979,0.04850
6458.56006,0.04840
6458.85010,0.04830
6459.12988,0.04830
6459.41992,0.04820
6459.70996,0.04810
6459.99023,0.04800
6460.27979,0.04790
6460.56982,0.04780
6460.85010,0.04770
6461.14014,0.04770
6461.41992,0.04760
6461.70996,0.04750
6462.00000,0.04740
6462.29004,0.04730
6462.56982,0.04720
6462.85986,0.04710
6463.14014,0.04710
6463.43018,0.04700
6463.72021,0.04690
6464.00977,0.04680
6464.29004,0.04670
6464.58008,0.04660
6464.87012,0.04650
6465.14990,0.04650
6465.43994,0.04640
6465.72998,0.04630
6466.00977,0.04620
6466.29980,0.04610
6466.58008,0.04600
6466.87012,0.04590
6467.16016,0.04590
6467.43994,0.04580
6467.72998,0.04570
6468.02002,0.04560
6468.31006,0.04550
6468.58984,0.04540
6468.87988,0.04530
6469.16992,0.04520
6469.45996,0.04520
6469.74023,0.04510
6470.02979,0.04500
6470.31982,0.04490
6470.60010,0.04480
6470.89014,0.04470
6471.16992,0.04460
6471.45996,0.04460
6471.75000,0.04450
6472.04004,0.04440
6472.31982,0.04430
6472.60986,0.04420
6472.89990,0.04410
6473.18018,0.04400
6473.47021,0.04400
6473.75977,0.04390
6474.04980,0.04380
6474.33008,0.04370
6474.62012,0.04360
6474.89990,0.04350
6475.18994,0.04340
6475.47998,0.04340
6475.77002,0.04330
6476.06006,0.04320
6476.33984,0.04310
6476.62988,0.04300
6476.91992,0.04290
6477.20020,0.04280
6477.49023,0.04280
6477.77979,0.04270
6478.06006,0.04260
6478.35010,0.04250
6478.64014,0.04240
6478.91992,0.04230
6479.20996,0.04220
6479.50000,0.04210
6479.79004,0.04210
6480.08008,0.04200
6480.35986,0.04190
6480.64990,0.04180
6480.93018,0.04170
6481.22998,0.04160
6481.50977,0.04150
6481.79980,0.04150
6482.08984,0.04140
6482.37012,0.04130
6482.66016,0.04120
6482.95020,0.04110
6483.24023,0.04100
6483.52979,0.04090
6483.81006,0.04090
6484.10010,0.04080
6484.39014,0.04070
6484.66992,0.04060
6484.95996,0.04050
6485.25000,0.04040
6485.54004,0.04030
6485.83008,0.04030
6486.10986,0.04020
6486.39990,0.04010
6486.68994,0.04000
6486.97021,0.03990
6487.25977,0.03980
6487.54980,0.03970
6487.83984,0.03960
6488.12988,0.03960
6488.41016,0.03950
6488.70020,0.03940
6488.99023,0.03930
6489.27979,0.03920
6489.56006,0.03910
6489.85010,0.03900
6490.14014,0.03900
6490.43018,0.03890
6490.70996,0.03880
6491.00000,0.03870
6491.29004,0.03860
6491.58008,0.03850
6491.87012,0.03840
6492.16016,0.03840
6492.43994,0.03830
6492.72998,0.03820
6493.02002,0.03810
6493.31006,0.03800
6493.60010,0.03790
6493.87988,0.03780
6494.16992,0.03770
6494.45020,0.03770
6494.74023,0.03760
6495.04004,0.03750
6495.31982,0.03740
6495.60986,0.03730
6495.89990,0.03720
6496.18018,0.03710
6496.47021,0.03710
6496.75977,0.03700
6497.04980,0.03690
6497.33984,0.03680
6497.62012,0.03670
6497.91016,0.03660
6498.20020,0.03650
6498.49023,0.03650
6498.77979,0.03640
6499.06982,0.03630
6499.35010,0.03620
6499.64014,0.03610
6499.93018,0.03600
6500.22021,0.03600
6500.50000,0.03590
6500.79004,0.03590
6501.08984,0.03580
6501.37012,0.03580
6501.66016,0.03570
6501.95020,0.03560
6502.22998,0.03560
6502.52002,0.03550
6502.81006,0.03550
6503.10010,0.03540
6503.39014,0.03540
6503.68018,0.03530
6503.97021,0.03530
6504.25000,0.03520
6504.54004,0.03520
6504.83008,0.03510
6505.12012,0.03510
6505.41016,0.03500
6505.70020,0.03500
6505.97998,0.03490
6506.27002,0.03490
6506.56006,0.03480
6506.85010,0.03480
6507.14014,0.03470
6507.43018,0.03470
6507.72021,0.03460
6508.00000,0.03460
6508.29004,0.03450
6508.58008,0.03450
6508.87012,0.03440
6509.16016,0.03440
6509.45020,0.03430
6509.74023,0.03420
6510.02002,0.03420
6510.31006,0.03410
6510.60010,0.03410
6510.89014,0.03400
6511.18018,0.03400
6511.47021,0.03390
6511.75977,0.03390
6512.04004,0.03380
6512.33008,0.03380
6512.62012,0.03370
6512.91016,0.03370
6513.20020,0.03360
6513.49023,0.03360
6513.77979,0.03350
6514.06006,0.03350
6514.35010,0.03340
6514.64014,0.03340
6514.93018,0.03330
6515.22021,0.03330
6515.50977,0.03320
6515.79980,0.03320
6516.08984,0.03310
6516.37988,0.03310
6516.66992,0.03300
6516.95996,0.03290
6517.24023,0.03290
6517.52979,0.03280
6517.81982,0.03280
6518.10986,0.03270
6518.39990,0.03270
6518.68994,0.03260
6518.97998,0.03260
6519.27002,0.03250
6519.56006,0.03250
6519.85010,0.03240
6520.12988,0.03240
6520.41992,0.03230
6520.72021,0.03230
6521.00000,0.03220
6521.29004,0.03220
6521.58008,0.03210
6521.87012,0.03210
6522.16016,0.03200
6522.45020,0.03200
6522.74023,0.03190
6523.02979,0.03190
6523.31982,0.03180
6523.60986,0.03180
6523.89014,0.03170
6524.18018,0.03160
6524.47021,0.03160
6524.75977,0.03150
6525.04980,0.03150
6525.33984,0.03140
6525.62988,0.03140
6525.91992,0.03130
6526.20996,0.03130
6526.50000,0.03120
6526.79004,0.03120
6527.08008,0.03110
6527.37012,0.03110
6527.66016,0.03100
6527.93994,0.03100
6528.22998,0.03090
6528.52002,0.03090
6528.81006,0.03080
6529.10986,0.03080
6529.39014,0.03070
6529.68018,0.03070
6529.97021,0.03060
6530.25977,0.03060
6530.54980,0.03050
6530.83984,0.03040
6531.12988,0.03040
6531.41992,0.03030
6531.70996,0.03030
6532.00000,0.03020
6532.29004,0.03020
6532.58008,0.03010
6532.87012,0.03010
6533.16016,0.03000
6533.45020,0.03000
6533.74023,0.02990
6534.02002,0.02990
6534.31982,0.02980
6534.60986,0.02980
6534.89990,0.02970
6535.18994,0.02970
6535.47021,0.02960
6535.75977,0.02960
6536.04980,0.02950
6536.33984,0.02950
6536.64014,0.02940
6536.91992,0.02940
6537.20996,0.02930
6537.50977,0.02920
6537.79004,0.02920
6538.08008,0.02910
6538.37012,0.02910
6538.66016,0.02900
6538.95996,0.02900
6539.24023,0.02890
6539.52979,0.02890
6539.81982,0.02880
6540.10986,0.02880
6540.41016,0.02870
6540.68994,0.02870
6540.97998,0.02860
6541.27002,0.02860
6541.56006,0.02850
6541.85010,0.02850
6542.14014,0.02840
6542.43018,0.02840
6542.72998,0.02830
6543.00977,0.02830
6543.29980,0.02820
6543.58984,0.02820
6543.87988,0.02810
6544.16992,0.02800
6544.45996,0.02800
6544.75977,0.02790
6545.04980,0.02790
6545.33008,0.02780
6545.62012,0.02780
6545.91016,0.02770
6546.20020,0.02770
6546.50000,0.02760
6546.79004,0.02760
6547.08008,0.02750
6547.35986,0.02750
6547.66016,0.02740
6547.95020,0.02740
6548.22998,0.02730
6548.52979,0.02730
6548.81982,0.02720
6549.10986,0.02720
6549.39990,0.02710
6549.68994,0.02710
6549.97998,0.02700
6550.27002,0.02700
6550.56006,0.02690
6550.85010,0.02690
6551.14014,0.02690
6551.43018,0.02680
6551.72021,0.02680
6552.00977,0.02680
6552.29980,0.02670
6552.60010,0.02670
6552.87988,0.02670
6553.18018,0.02660
6553.47021,0.02660
6553.75000,0.02660
6554.04980,0.02650
6554.33984,0.02650
6554.62988,0.02640
6554.91992,0.02640
6555.20996,0.02640
6555.50000,0.02630
6555.79004,0.02630
6556.08008,0.02630
6556.37012,0.02620
6556.66016,0.02620
6556.95020,0.02620
6557.25000,0.02610
6557.52979,0.02610
6557.83008,0.02610
6558.10986,0.02600
6558.41016,0.02600
6558.70020,0.02600
6558.99023,0.02590
6559.27979,0.02590
6559.56982,0.02590
6559.85986,0.02580
6560.14990,0.02580
6560.43994,0.02570
6560.72998,0.02570
6561.02979,0.02570
6561.31006,0.02560
6561.60986,0.02560
6561.89014,0.02560
6562.18994,0.02550
6562.47998,0.02550
6562.77002,0.02550
6563.06006,0.02540
6563.35010,0.02540
6563.64014,0.02540
6563.93018,0.02530
6564.22998,0.02530
6564.52002,0.02530
6564.81006,0.02520
6565.10010,0.02520
6565.39014,0.02520
6565.68018,0.02510
6565.97021,0.02510
6566.27002,0.02500
6566.54980,0.02500
6566.85010,0.02500
6567.14014,0.02490
6567.43018,0.02490
6567.72021,0.02490
6568.00977,0.02480
6568.29980,0.02480
6568.58984,0.02480
6568.87988,0.02470
6569.18018,0.02470
6569.47021,0.02470
6569.75977,0.02460
6570.04980,0.02460
6570.33984,0.02460
6570.62988,0.02450
6570.91992,0.02450
6571.20996,0.02450
6571.50977,0.02440
6571.79004,0.02440
6572.08984,0.02440
6572.37988,0.02430
6572.66992,0.02430
6572.95996,0.02420
6573.25977,0.02420
6573.54004,0.02420
6573.83984,0.02410
6574.12012,0.02410
6574.41992,0.02410
6574.70996,0.02400
6575.00000,0.02400
6575.29004,0.02400
6575.58984,0.02390
6575.87988,0.02390
6576.16992,0.02390
6576.45996,0.02380
6576.75000,0.02380
6577.04980,0.02380
6577.33008,0.02370
6577.62988,0.02370
6577.91992,0.02360
6578.20996,0.02360
6578.50000,0.02360
6578.79004,0.02350
6579.08984,0.02350
6579.37012,0.02350
6579.66992,0.02340
6579.95996,0.02340
6580.25000,0.02340
6580.54004,0.02330
6580.83984,0.02330
6581.12988,0.02330
6581.41992,0.02320
6581.70996,0.02320
6582.00000,0.02320
6582.29980,0.02310
6582.58984,0.02310
6582.87988,0.02310
6583.16992,0.02300
6583.45996,0.02300
6583.75000,0.02290
6584.04004,0.02290
6584.33984,0.02290
6584.62988,0.02280
6584.91992,0.02280
6585.20996,0.02280
6585.50977,0.02270
6585.79980,0.02270
6586.08984,0.02270
6586.37988,0.02260
6586.66992,0.02260
6586.97021,0.02260
6587.25977,0.02250
6587.54980,0.02250
6587.83984,0.02250
6588.14014,0.02240
6588.43018,0.02240
6588.72021,0.02240
6589.00977,0.02230
6589.29980,0.02230
6589.58984,0.02220
6589.89014,0.02220
6590.18018,0.02220
6590.47021,0.02210
6590.77002,0.02210
6591.06006,0.02210
6591.35010,0.02200
6591.64014,0.02200
6591.93018,0.02200
6592.22998,0.02190
6592.52002,0.02190
6592.81006,0.02190
6593.10010,0.02180
6593.39014,0.02180
6593.68994,0.02180
6593.97998,0.02170
6594.27002,0.02170
6594.56982,0.02170
6594.85986,0.02160
6595.14990,0.02160
6595.43994,0.02150
6595.72998,0.02150
6596.02002,0.02150
6596.31982,0.02140
6596.60986,0.02140
6596.89990,0.02140
6597.18994,0.02130
6597.49023,0.02130
6597.77979,0.02130
6598.06982,0.02120
6598.37012,0.02120
6598.66016,0.02120
6598.95020,0.02110
6599.25000,0.02110
6599.52979,0.02110
6599.83008,0.02100
6600.12012,0.02100
6600.41992,0.02100
6600.70996,0.02100
6601.00000,0.02090
6601.29004,0.02090
6601.58984,0.02090
6601.87988,0.02090
6602.16992,0.02090
6602.45996,0.02090
6602.75977,0.02080
6603.04980,0.02080
6603.33984,0.02080
6603.62988,0.02080
6603.91992,0.02080
6604.22021,0.02070
6604.50977,0.02070
6604.79980,0.02070
6605.10010,0.02070
6605.39014,0.02070
6605.68018,0.02070
6605.97998,0.02060
6606.27002,0.02060
6606.56006,0.02060
6606.85986,0.02060
6607.14990,0.02060
6607.43994,0.02060
6607.72998,0.02050
6608.02979,0.02050
6608.31982,0.02050
6608.60986,0.02050
6608.91016,0.02050
6609.20020,0.02040
6609.49023,0.02040
6609.79004,0.02040
6610.08008,0.02040
6610.37012,0.02040
6610.66992,0.02040
6610.95996,0.02030
6611.25000,0.02030
6611.54004,0.02030
6611.83984,0.02030
6612.12988,0.02030
6612.41992,0.02030
6612.72021,0.02020
6613.00977,0.02020
6613.29980,0.02020
6613.60010,0.02020
6613.89014,0.02020
6614.18018,0.02010
6614.47998,0.02010
6614.77002,0.02010
6615.06006,0.02010
6615.35986,0.02010
6615.64990,0.02010
6615.93994,0.02000
6616.24023,0.02000
6616.52979,0.02000
6616.81982,0.02000
6617.12012,0.02000
6617.41016,0.02000
6617.70020,0.01990
6617.99023,0.01990
6618.29004,0.01990
6618.58008,0.01990
6618.87988,0.01990
6619.16992,0.01980
6619.45996,0.01980
6619.75977,0.01980
6620.04980,0.01980
6620.35010,0.01980
6620.64014,0.01980
6620.93018,0.01970
6621.22998,0.01970
6621.52002,0.01970
6621.81006,0.01970
6622.10010,0.01970
6622.39990,0.01970
6622.68994,0.01960
6622.99023,0.01960
6623.27979,0.01960
6623.56982,0.01960
6623.85986,0.01960
6624.16016,0.01960
6624.45996,0.01950
6624.75000,0.01950
6625.04004,0.01950
6625.33984,0.01950
6625.62988,0.01950
6625.91992,0.01940
6626.22021,0.01940
6626.50977,0.01940
6626.81006,0.01940
6627.10010,0.01940
6627.39014,0.01940
6627.68994,0.01930
6627.97998,0.01930
6628.27979,0.01930
6628.56982,0.01930
6628.85986,0.01930
6629.16016,0.01930
6629.45020,0.01920
6629.74023,0.01920
6630.02979,0.01920
6630.33008,0.01920
6630.62988,0.01920
6630.91992,0.01910
6631.20996,0.01910
6631.50977,0.01910
6631.79980,0.01910
6632.10010,0.01910
6632.39014,0.01910
6632.68994,0.01900
6632.97998,0.01900
6633.27002,0.01900
6633.56982,0.01900
6633.85986,0.01900
6634.14990,0.01900
6634.45020,0.01890
6634.74023,0.01890
6635.04004,0.01890
6635.33008,0.01890
6635.62012,0.01890
6635.91992,0.01880
6636.20996,0.01880
6636.50977,0.01880
6636.79980,0.01880
6637.10010,0.01880
6637.39014,0.01880
6637.68018,0.01870
6637.97998,0.01870
6638.27979,0.01870
6638.56982,0.01870
6638.85986,0.01870
6639.16016,0.01870
6639.45020,0.01860
6639.75000,0.01860
6640.04004,0.01860
6640.33984,0.01860
6640.62988,0.01860
6640.91992,0.01850
6641.22021,0.01850
6641.50977,0.01850
6641.81006,0.01850
6642.10010,0.01850
6642.39990,0.01850
6642.68994,0.01840
6642.99023,0.01840
6643.27979,0.01840
6643.56982,0.01840
6643.87012,0.01840
6644.16016,0.01840
6644.45996,0.01830
6644.75000,0.01830
6645.04980,0.01830
6645.33984,0.01830
6645.62988,0.01830
6645.93018,0.01820
6646.22021,0.01820
6646.52002,0.01820
6646.81982,0.01820
6647.10986,0.01820
6647.39990,0.01820
6647.70020,0.01810
6647.99023,0.01810
6648.29004,0.01810
6648.58008,0.01810
6648.87988,0.01810
6649.16992,0.01800
6649.47021,0.01800
6649.75977,0.01800
6650.06006,0.01800
6650.35010,0.01800
6650.64990,0.01800
6650.93994,0.01800
6651.24023,0.01800
6651.52979,0.01790
6651.83008,0.01790
6652.12012,0.01790
6652.41992,0.01790
6652.70996,0.01790
6653.00977,0.01790
6653.29980,0.01790
6653.60010,0.01790
6653.89014,0.01780
6654.18018,0.01780
6654.47998,0.01780
6654.77979,0.01780
6655.06982,0.01780
6655.37012,0.01780
6655.66016,0.01780
6655.95996,0.01780
6656.25000,0.01780
6656.54980,0.01770
6656.83984,0.01770
6657.14014,0.01770
6657.43018,0.01770
6657.72998,0.01770
6658.02002,0.01770
6658.31982,0.01770
6658.60986,0.01770
6658.91016,0.01760
6659.20996,0.01760
6659.50000,0.01760
6659.79004,0.01760
6660.08984,0.01760
6660.37988,0.01760
6660.68018,0.01760
6660.97998,0.01760
6661.27002,0.01750
6661.56982,0.01750
6661.85986,0.01750
6662.16016,0.01750
6662.45020,0.01750
6662.75000,0.01750
6663.04980,0.01750
6663.33984,0.01750
6663.62988,0.01750
6663.93018,0.01740
6664.22021,0.01740
6664.52002,0.01740
6664.81982,0.01740
6665.10986,0.01740
6665.41016,0.01740
6665.70020,0.01740
6666.00000,0.01740
6666.29004,0.01730
6666.58984,0.01730
6666.89014,0.01730
6667.18018,0.01730
6667.47998,0.01730
6667.77002,0.01730
6668.06982,0.01730
6668.35986,0.01730
6668.66016,0.01730
6668.95996,0.01720
6669.25000,0.01720
6669.54004,0.01720
6669.83984,0.01720
6670.12988,0.01720
6670.43018,0.01720
6670.72998,0.01720
6671.02002,0.01720
6671.31982,0.01710
6671.62012,0.01710
6671.91016,0.01710
6672.20996,0.01710
6672.50000,0.01710
6672.79980,0.01710
6673.10010,0.01710
6673.39014,0.01710
6673.68994,0.01710
6673.97998,0.01700
6674.27979,0.01700
6674.58008,0.01700
6674.87012,0.01700
6675.16992,0.01700
6675.45996,0.01700
6675.75977,0.01700
6676.04980,0.01700
6676.35010,0.01690
6676.64990,0.01690
6676.95020,0.01690
6677.24023,0.01690
6677.54004,0.01690
6677.83008,0.01690
6678.12988,0.01690
6678.41992,0.01690
6678.72021,0.01690
6679.02002,0.01680
6679.31006,0.01680
6679.60986,0.01680
6679.89990,0.01680
6680.20020,0.01680
6680.49023,0.01680
6680.79004,0.01680
6681.08984,0.01680
6681.39014,0.01670
6681.68018,0.01670
6681.97998,0.01670
6682.27002,0.01670
6682.56982,0.01670
6682.87012,0.01670
6683.16016,0.01670
6683.45996,0.01670
6683.75977,0.01660
6684.04980,0.01660
6684.35010,0.01660
6684.64014,0.01660
6684.93994,0.01660
6685.24023,0.01660
6685.54004,0.01660
6685.83008,0.01660
6686.12988,0.01660
6686.41992,0.01650
6686.72021,0.01650
6687.02002,0.01650
6687.31006,0.01650
6687.60986,0.01650
6687.91016,0.01650
6688.20020,0.01650
6688.50000,0.01650
6688.79980,0.01640
6689.08984,0.01640
6689.39014,0.01640
6689.68018,0.01640
6689.97998,0.01640
6690.27979,0.01640
6690.56982,0.01640
6690.87012,0.01640
6691.16992,0.01640
6691.47021,0.01630
6691.75977,0.01630
6692.06006,0.01630
6692.35010,0.01630
6692.64990,0.01630
6692.95020,0.01630
6693.25000,0.01630
6693.54004,0.01630
6693.83984,0.01620
6694.14014,0.01620
6694.43018,0.01620
6694.72998,0.01620
6695.02979,0.01620
6695.31982,0.01620
6695.62012,0.01620
6695.91992,0.01620
6696.20996,0.01620
6696.50977,0.01610
6696.81006,0.01610
6697.10986,0.01610
6697.39990,0.01610
6697.70020,0.01610
6698.00000,0.01610
6698.29004,0.01610
6698.58984,0.01610
6698.89014,0.01600
6699.18018,0.01600
6699.47998,0.01600
6699.77979,0.01600
6700.06982,0.01600
6700.37012,0.01600
6700.66992,0.01600
6700.97021,0.01600
6701.25977,0.01590
6701.56006,0.01590
6701.85986,0.01590
6702.14990,0.01590
6702.45020,0.01590
6702.75000,0.01590
6703.04980,0.01590
6703.33984,0.01590
6703.64014,0.01590
6703.93994,0.01580
6704.24023,0.01580
6704.52979,0.01580
6704.83008,0.01580
6705.12988,0.01580
6705.41992,0.01580
6705.72021,0.01580
6706.02002,0.01580
6706.31982,0.01570
6706.60986,0.01570
6706.91016,0.01570
6707.20996,0.01570
6707.50000,0.01570
6707.79980,0.01570
6708.10010,0.01570
6708.39990,0.01570
6708.68994,0.01570
6708.99023,0.01560
6709.29004,0.01560
6709.58984,0.01560
6709.87988,0.01560
6710.18018,0.01560
6710.47998,0.01560
6710.77979,0.01560
6711.08008,0.01560
6711.37012,0.01550
6711.66992,0.01550
6711.97021,0.01550
6712.25977,0.01550
6712.56006,0.01550
6712.85986,0.01550
6713.16016,0.01550
6713.45996,0.01550
6713.75000,0.01540
6714.04980,0.01540
6714.35010,0.01540
6714.64014,0.01540
6714.93994,0.01540
6715.24023,0.01540
6715.54004,0.01540
6715.83984,0.01540
6716.12988,0.01540
6716.43018,0.01530
6716.72998,0.01530
6717.02979,0.01530
6717.33008,0.01530
6717.62012,0.01530
6717.91992,0.01530
6718.22021,0.01530
6718.52002,0.01530
6718.81006,0.01520
6719.10986,0.01520
6719.41016,0.01520
6719.70996,0.01520
6720.00977,0.01520
6720.31006,0.01520
6720.60010,0.01520
6720.89990,0.01520
6721.20020,0.01520
6721.50000,0.01510
6721.79980,0.01510
6722.08984,0.01510
6722.39014,0.01510
6722.68994,0.01510
6722.97998,0.01510
6723.29004,0.01510
6723.58984,0.01510
6723.87988,0.01500
6724.18018,0.01500
6724.47998,0.01500
6724.77002,0.01500
6725.06982,0.01500
6725.37012,0.01500
6725.66992,0.01500
6725.97021,0.01500
6726.27002,0.01490
6726.56982,0.01490
6726.85986,0.01490
6727.16016,0.01490
6727.45996,0.01490
6727.75977,0.01490
6728.06006,0.01490
6728.35986,0.01490
6728.64990,0.01490
6728.95020,0.01480
6729.25000,0.01480
6729.54980,0.01480
6729.85010,0.01480
6730.14014,0.01480
6730.43994,0.01480
6730.74023,0.01480
6731.04004,0.01480
6731.33984,0.01470
6731.64014,0.01470
6731.93994,0.01470
6732.24023,0.01470
6732.52979,0.01470
6732.83008,0.01470
6733.12988,0.01470
6733.43018,0.01470
6733.72998,0.01470
6734.02002,0.01460
6734.31982,0.01460
6734.62012,0.01460
6734.91992,0.01460
6735.22021,0.01460
6735.52002,0.01460
6735.81982,0.01460
6736.12012,0.01460
6736.41016,0.01450
6736.70996,0.01450
6737.00977,0.01450
6737.31006,0.01450
6737.60986,0.01450
6737.91016,0.01450
6738.20996,0.01450
6738.50977,0.01450
6738.79980,0.01440
6739.10010,0.01440
6739.39990,0.01440
6739.70020,0.01440
6740.00000,0.01440
6740.29980,0.01440
6740.60010,0.01440
6740.89990,0.01440
6741.18994,0.01440
6741.49023,0.01430
6741.79004,0.01430
6742.08984,0.01430
6742.39014,0.01430
6742.68994,0.01430
6742.99023,0.01430
6743.29004,0.01430
6743.58008,0.01430
6743.89014,0.01420
6744.18018,0.01420
6744.47998,0.01420
6744.77979,0.01420
6745.08008,0.01420
6745.37988,0.01420
6745.68018,0.01420
6745.97998,0.01420
6746.27979,0.01410
6746.58008,0.01410
6746.87988,0.01410
6747.18018,0.01410
6747.47021,0.01410
6747.77979,0.01410
6748.06982,0.01410
6748.37012,0.01410
6748.66992,0.01410
6748.97021,0.01400
6749.27002,0.01400
6749.56982,0.01400
6749.87012,0.01400
6750.16992,0.01400
6750.47021,0.01400
6750.77002,0.01400
6751.06982,0.01400
6751.35986,0.01390
6751.66016,0.01390
6751.95996,0.01390
6752.25977,0.01390
6752.56006,0.01390
6752.85986,0.01390
6753.16016,0.01390
6753.45996,0.01390
6753.75977,0.01380
6754.06006,0.01380
6754.35986,0.01380
6754.66016,0.01380
6754.95996,0.01380
6755.25977,0.01380
6755.56006,0.01380
6755.85010,0.01380
6756.16016,0.01380
6756.45996,0.01370
6756.75000,0.01370
6757.06006,0.01370
6757.35986,0.01370
6757.64990,0.01370
6757.95996,0.01370
6758.25000,0.01370
6758.54980,0.01370
6758.85010,0.01360
6759.14990,0.01360
6759.45020,0.01360
6759.75000,0.01360
6760.04980,0.01360
6760.35010,0.01360
6760.64990,0.01360
6760.95020,0.01360
6761.25000,0.01360
6761.54980,0.01350
6761.85010,0.01350
6762.14990,0.01350
6762.45020,0.01350
6762.75000,0.01350
6763.04980,0.01350
6763.35010,0.01350
6763.64990,0.01350
6763.95020,0.01340
6764.25000,0.01340
6764.54980,0.01340
6764.85010,0.01340
6765.14990,0.01340
6765.45020,0.01340
6765.75000,0.01340
6766.04980,0.01340
6766.35010,0.01330
6766.64990,0.01330
6766.95020,0.01330
6767.25000,0.01330
6767.54980,0.01330
6767.85010,0.01330
6768.14990,0.01330
6768.45020,0.01330
6768.75000,0.01320
6769.04980,0.01320
6769.35010,0.01320
6769.64990,0.01320
6769.95020,0.01320
6770.25000,0.01320
6770.54980,0.01320
6770.85010,0.01320
6771.14990,0.01320
6771.45020,0.01310
6771.75000,0.01310
6772.04980,0.01310
6772.35010,0.01310
6772.64990,0.01310
6772.95020,0.01310
6773.25000,0.01310
6773.54980,0.01310
6773.85010,0.01300
6774.14990,0.01300
6774.45996,0.01300
6774.75000,0.01300
6775.06006,0.01300
6775.35986,0.01300
6775.64990,0.01300
6775.95996,0.01300
6776.25977,0.01300
6776.56006,0.01290
6776.85986,0.01290
6777.16016,0.01290
6777.45996,0.01290
6777.75977,0.01290
6778.06006,0.01290
6778.35986,0.01290
6778.66016,0.01290
6778.95996,0.01280
6779.25977,0.01280
6779.56006,0.01280
6779.85986,0.01280
6780.16016,0.01280
6780.45996,0.01280
6780.77002,0.01280
6781.06006,0.01280
6781.37012,0.01270
6781.66992,0.01270
6781.97021,0.01270
6782.27002,0.01270
6782.56982,0.01270
6782.87012,0.01270
6783.16992,0.01270
6783.47021,0.01270
6783.77002,0.01260
6784.06982,0.01260
6784.37012,0.01260
6784.68018,0.01260
6784.97021,0.01260
6785.27979,0.01260
6785.58008,0.01260
6785.87988,0.01260
6786.18018,0.01260
6786.47998,0.01250
6786.77979,0.01250
6787.08008,0.01250
6787.37988,0.01250
6787.68018,0.01250
6787.97998,0.01250
6788.27979,0.01250
6788.58008,0.01250
6788.89014,0.01240
6789.18994,0.01240
6789.49023,0.01240
6789.79004,0.01240
6790.08984,0.01240
6790.39014,0.01240
6790.68994,0.01240
6791.00000,0.01240
6791.29004,0.01230
6791.60010,0.01230
6791.89990,0.01230
6792.20020,0.01230
6792.50000,0.01230
6792.79980,0.01230
6793.10010,0.01230
6793.41016,0.01230
6793.70020,0.01230
6794.00977,0.01220
6794.31006,0.01220
6794.60986,0.01220
6794.91016,0.01220
6795.20996,0.01220
6795.50977,0.01220
6795.81006,0.01220
6796.10986,0.01220
6796.41992,0.01210
6796.72021,0.01210
6797.02002,0.01210
6797.31982,0.01210
6797.62012,0.01210
6797.91992,0.01210
6798.22998,0.01210
6798.52002,0.01210
6798.83008,0.01200
6799.12988,0.01200
6799.43018,0.01200
6799.72998,0.01200
6800.02979,0.01200
6800.33008,0.01200
6800.64014,0.01200
6800.93994,0.01200
6801.24023,0.01200
6801.54004,0.01200
6801.83984,0.01200
6802.14990,0.01200
6802.43994,0.01200
6802.75000,0.01190
6803.04980,0.01190
6803.35010,0.01190
6803.64990,0.01190
6803.95020,0.01190
6804.25977,0.01190
6804.56006,0.01190
6804.85986,0.01190
6805.16016,0.01190
6805.45996,0.01190
6805.75977,0.01190
6806.06982,0.01190
6806.37012,0.01190
6806.66992,0.01190
6806.97021,0.01190
6807.27002,0.01190
6807.58008,0.01180
6807.87988,0.01180
6808.18018,0.01180
6808.47998,0.01180
6808.77979,0.01180
6809.08008,0.01180
6809.39014,0.01180
6809.68994,0.01180
6809.99023,0.01180
6810.29004,0.01180
6810.58984,0.01180
6810.89990,0.01180
6811.20020,0.01180
6811.50000,0.01180
6811.79980,0.01180
6812.10010,0.01180
6812.41016,0.01180
6812.70996,0.01170
6813.00977,0.01170
6813.31006,0.01170
6813.62012,0.01170
6813.91992,0.01170
6814.22021,0.01170
6814.52002,0.01170
6814.81982,0.01170
6815.12012,0.01170
6815.43018,0.01170
6815.72998,0.01170
6816.02979,0.01170
6816.33008,0.01170
6816.62988,0.01170
6816.93994,0.01170
6817.24023,0.01170
6817.54004,0.01160
6817.85010,0.01160
6818.14990,0.01160
6818.45020,0.01160
6818.75000,0.01160
6819.04980,0.01160
6819.35986,0.01160
6819.66016,0.01160
6819.95996,0.01160
6820.27002,0.01160
6820.56006,0.01160
6820.87012,0.01160
6821.16992,0.01160
6821.47021,0.01160
6821.77979,0.01160
6822.08008,0.01160
6822.37988,0.01160
6822.68018,0.01150
6822.97998,0.01150
6823.29004,0.01150
6823.58984,0.01150
6823.89014,0.01150
6824.20020,0.01150
6824.50000,0.01150
6824.79980,0.01150
6825.10010,0.01150
6825.39990,0.01150
6825.70996,0.01150
6826.00977,0.01150
6826.31006,0.01150
6826.62012,0.01150
6826.91992,0.01150
6827.22021,0.01150
6827.52979,0.01140
6827.83008,0.01140
6828.12988,0.01140
6828.43018,0.01140
6828.74023,0.01140
6829.04004,0.01140
6829.33984,0.01140
6829.64014,0.01140
6829.95020,0.01140
6830.25000,0.01140
6830.54980,0.01140
6830.85010,0.01140
6831.16016,0.01140
6831.45996,0.01140
6831.75977,0.01140
6832.06982,0.01140
6832.37012,0.01140
6832.66992,0.01130
6832.97998,0.01130
6833.27979,0.01130
6833.58008,0.01130
6833.89014,0.01130
6834.18994,0.01130
6834.49023,0.01130
6834.79004,0.01130
6835.10010,0.01130
6835.39990,0.01130
6835.70020,0.01130
6836.00977,0.01130
6836.31006,0.01130
6836.60986,0.01130
6836.91992,0.01130
6837.22021,0.01130
6837.52002,0.01130
6837.83008,0.01120
6838.12988,0.01120
6838.43018,0.01120
6838.72998,0.01120
6839.04004,0.01120
6839.33984,0.01120
6839.64014,0.01120
6839.95020,0.01120
6840.25000,0.01120
6840.56006,0.01120
6840.85986,0.01120
6841.16016,0.01120
6841.45996,0.01120
6841.77002,0.01120
6842.06982,0.01120
6842.37012,0.01120
6842.68018,0.01110
6842.97998,0.01110
6843.29004,0.01110
6843.58984,0.01110
6843.89014,0.01110
6844.20020,0.01110
6844.50000,0.01110
6844.79980,0.01110
6845.10010,0.01110
6845.41016,0.01110
6845.70996,0.01110
6846.00977,0.01110
6846.31982,0.01110
6846.62988,0.01110
6846.93018,0.01110
6847.22998,0.01110
6847.52979,0.01100
6847.83984,0.01100
6848.14014,0.01100
6848.43994,0.01100
6848.75000,0.01100
6849.04980,0.01100
6849.35986,0.01100
6849.66016,0.01100
6849.95996,0.01100
6850.27002,0.01100
6850.56982,0.01100
6850.87988,0.01100
6851.18018,0.01100
6851.47998,0.01100
6851.79004,0.01100
6852.08984,0.01100
6852.39014,0.01100
6852.70020,0.01090
6853.00000,0.01090
6853.31006,0.01090
6853.60986,0.01090
6853.91016,0.01090
6854.22021,0.01090
6854.52002,0.01090
6854.81982,0.01090
6855.12988,0.01090
6855.43018,0.01090
6855.74023,0.01090
6856.04004,0.01090
6856.33984,0.01090
6856.64990,0.01090
6856.95020,0.01090
6857.25977,0.01090
6857.56006,0.01080
6857.85986,0.01080
6858.16992,0.01080
6858.47021,0.01080
6858.77002,0.01080
6859.08008,0.01080
6859.37988,0.01080
6859.68994,0.01080
6859.99023,0.01080
6860.29980,0.01080
6860.60010,0.01080
6860.91016,0.01080
6861.20996,0.01080
6861.52002,0.01080
6861.81982,0.01080
6862.12012,0.01080
6862.43018,0.01080
6862.72998,0.01070
6863.02979,0.01070
6863.33984,0.01070
6863.64014,0.01070
6863.95020,0.01070
6864.25000,0.01070
6864.56006,0.01070
6864.85986,0.01070
6865.16016,0.01070
6865.47021,0.01070
6865.77002,0.01070
6866.08008,0.01070
6866.37988,0.01070
6866.68994,0.01070
6866.99023,0.01070
6867.29980,0.01070
6867.60010,0.01060
6867.91016,0.01060
6868.20996,0.01060
6868.50977,0.01060
6868.81982,0.01060
6869.12012,0.01060
6869.43018,0.01060
6869.72998,0.01060
6870.04004,0.01060
6870.33984,0.01060
6870.64990,0.01060
6870.95020,0.01060
6871.25977,0.01060
6871.56006,0.01060
6871.87012,0.01060
6872.16992,0.01060
6872.47021,0.01060
6872.77979,0.01050
6873.08008,0.01050
6873.39014,0.01050
6873.70020,0.01050
6874.00000,0.01050
6874.29980,0.01050
6874.60986,0.01050
6874.91016,0.01050
6875.22021,0.01050
6875.52002,0.01050
6875.83008,0.01050
6876.12988,0.01050
6876.43994,0.01050
6876.74023,0.01050
6877.04004,0.01050
6877.35010,0.01050
6877.66016,0.01040
6877.95996,0.01040
6878.27002,0.01040
6878.56982,0.01040
6878.87988,0.01040
6879.18018,0.01040
6879.47998,0.01040
6879.79004,0.01040
6880.10010,0.01040
6880.39990,0.01040
6880.70996,0.01040
6881.00977,0.01040
6881.31982,0.01040
6881.62012,0.01040
6881.91992,0.01040
6882.22998,0.01040
6882.54004,0.01030
6882.83984,0.01030
6883.14990,0.01030
6883.45020,0.01030
6883.75977,0.01030
6884.06982,0.01030
6884.37012,0.01030
6884.68018,0.01030
6884.97998,0.01030
6885.27979,0.01030
6885.58984,0.01030
6885.89014,0.01030
6886.20020,0.01030
6886.50000,0.01030
6886.81006,0.01030
6887.12012,0.01030
6887.41992,0.01030
6887.72998,0.01020
6888.02979,0.01020
6888.33984,0.01020
6888.64990,0.01020
6888.95020,0.01020
6889.25000,0.01020
6889.56006,0.01020
6889.85986,0.01020
6890.16992,0.01020
6890.47998,0.01020
6890.77979,0.01020
6891.08984,0.01020
6891.39014,0.01020
6891.70020,0.01020
6892.00000,0.01020
6892.31006,0.01020
6892.62012,0.01010
6892.91992,0.01010
6893.22998,0.01010
6893.52979,0.01010
6893.83984,0.01010
6894.14014,0.01010
6894.45020,0.01010
6894.75977,0.01010
6895.06006,0.01010
6895.35986,0.01010
6895.66992,0.01010
6895.97998,0.01010
6896.27979,0.01010
6896.58984,0.01010
6896.89990,0.01010
6897.20020,0.01010
6897.50977,0.01000
6897.81006,0.01000
6898.12012,0.01000
6898.41992,0.01000
6898.72998,0.01000
6899.04004,0.01000
6899.33984,0.01000
6899.64990,0.01000
6899.95020,0.01000
6900.25977,0.01000
6900.56006,0.01000
6900.87012,0.01000
6901.18018,0.01000
6901.47998,0.01000
6901.79004,0.01000
6902.08984,0.01000
6902.39990,0.01000
6902.70020,0.00990
6903.02002,0.00990
6903.31982,0.00990
6903.62988,0.00990
6903.93018,0.00990
6904.24023,0.00990
6904.54004,0.00990
6904.85010,0.00990
6905.16016,0.00990
6905.45996,0.00990
6905.77002,0.00990
6906.06982,0.00990
6906.37988,0.00990
6906.68994,0.00990
6906.99023,0.00990
6907.29980,0.00990
6907.60986,0.00980
6907.91016,0.00980
6908.22021,0.00980
6908.52002,0.00980
6908.83008,0.00980
6909.14014,0.00980
6909.45020,0.00980
6909.75000,0.00980
6910.06006,0.00980
6910.35986,0.00980
6910.66992,0.00980
6910.97021,0.00980
6911.29004,0.00980
6911.58984,0.00980
6911.89990,0.00980
6912.20020,0.00980
6912.50977,0.00980
6912.81006,0.00970
6913.12012,0.00970
6913.43018,0.00970
6913.74023,0.00970
6914.04004,0.00970
6914.35010,0.00970
6914.64990,0.00970
6914.95996,0.00970
6915.27002,0.00970
6915.56982,0.00970
6915.87988,0.00970
6916.18994,0.00970
6916.49023,0.00970
6916.79980,0.00970
6917.10010,0.00970
6917.41016,0.00970
6917.72021,0.00960
6918.02979,0.00960
6918.33008,0.00960
6918.64014,0.00960
6918.95020,0.00960
6919.25000,0.00960
6919.56006,0.00960
6919.87012,0.00960
6920.16992,0.00960
6920.47998,0.00960
6920.79004,0.00960
6921.08984,0.00960
6921.39990,0.00960
6921.70996,0.00960
6922.02002,0.00960
6922.31982,0.00960
6922.62988,0.00950
6922.93994,0.00950
6923.24023,0.00950
6923.54980,0.00950
6923.85986,0.00950
6924.16992,0.00950
6924.47021,0.00950
6924.77979,0.00950
6925.08008,0.00950
6925.39014,0.00950
6925.70020,0.00950
6926.00977,0.00950
6926.31982,0.00950
6926.62012,0.00950
6926.93018,0.00950
6927.24023,0.00950
6927.54004,0.00940
6927.85010,0.00940
6928.16016,0.00940
6928.45996,0.00940
6928.77002,0.00940
6929.08008,0.00940
6929.37988,0.00940
6929.68994,0.00940
6930.00000,0.00940
6930.31006,0.00940
6930.60986,0.00940
6930.91992,0.00940
6931.22998,0.00940
6931.52979,0.00940
6931.83984,0.00940
6932.14990,0.00940
6932.45996,0.00940
6932.77002,0.00930
6933.06982,0.00930
6933.37988,0.00930
6933.68994,0.00930
6933.99023,0.00930
6934.31006,0.00930
6934.60986,0.00930
6934.91992,0.00930
6935.22998,0.00930
6935.52979,0.00930
6935.83984,0.00930
6936.14990,0.00930
6936.45996,0.00930
6936.75977,0.00930
6937.06982,0.00930
6937.37988,0.00930
6937.68994,0.00920
6937.99023,0.00920
6938.29980,0.00920
6938.60986,0.00920
6938.91992,0.00920
6939.22998,0.00920
6939.52979,0.00920
6939.83984,0.00920
6940.14990,0.00920
6940.45020,0.00920
6940.75977,0.00920
6941.06982,0.00920
6941.37988,0.00920
6941.68994,0.00920
6941.99023,0.00920
6942.29980,0.00920
6942.60986,0.00910
6942.91992,0.00910
6943.22998,0.00910
6943.52979,0.00910
6943.83984,0.00910
6944.14990,0.00910
6944.45020,0.00910
6944.75977,0.00910
6945.08008,0.00910
6945.37988,0.00910
6945.68994,0.00910
6945.99023,0.00910
6946.29980,0.00910
6946.60986,0.00910
6946.91992,0.00910
6947.22998,0.00910
6947.52979,0.00900
6947.83984,0.00900
6948.14990,0.00900
6948.45996,0.00900
6948.77002,0.00900
6949.08008,0.00900
6949.37988,0.00900
6949.68994,0.00900
6950.00000,0.00900
6950.31006,0.00900
6950.62012,0.00900
6950.91992,0.00900
6951.24023,0.00900
6951.54004,0.00900
6951.85010,0.00900
6952.16016,0.00900
6952.45996,0.00900
6952.77002,0.00890
6953.08008,0.00890
6953.39014,0.00890
6953.70020,0.00890
6954.00977,0.00890
6954.31982,0.00890
6954.62012,0.00890
6954.93018,0.00890
6955.24023,0.00890
6955.54980,0.00890
6955.85986,0.00890
6956.16992,0.00890
6956.47021,0.00890
6956.77979,0.00890
6957.08984,0.00890
6957.39990,0.00890
6957.70996,0.00880
6958.02002,0.00880
6958.33008,0.00880
6958.62988,0.00880
6958.93994,0.00880
6959.25000,0.00880
6959.56006,0.00880
6959.87012,0.00880
6960.18018,0.00880
6960.47998,0.00880
6960.79004,0.00880
6961.10010,0.00880
6961.41016,0.00880
6961.72021,0.00880
6962.02979,0.00880
6962.33984,0.00880
6962.64990,0.00870
6962.95020,0.00870
6963.25977,0.00870
6963.56982,0.00870
6963.87988,0.00870
6964.18994,0.00870
6964.50000,0.00870
6964.81006,0.00870
6965.12012,0.00870
6965.41992,0.00870
6965.72998,0.00870
6966.04980,0.00870
6966.35010,0.00870
6966.66016,0.00870
6966.97021,0.00870
6967.27979,0.00870
6967.58984,0.00860
6967.89014,0.00860
6968.20996,0.00860
6968.52002,0.00860
6968.81982,0.00860
6969.12988,0.00860
6969.43994,0.00860
6969.75000,0.00860
6970.06006,0.00860
6970.37012,0.00860
6970.68018,0.00860
6970.97998,0.00860
6971.29004,0.00860
6971.60010,0.00860
6971.91016,0.00860
6972.22021,0.00860
6972.54004,0.00850
6972.83984,0.00850
6973.14990,0.00850
6973.45996,0.00850
6973.77002,0.00850
6974.08008,0.00850
6974.39014,0.00850
6974.70020,0.00850
6975.00977,0.00850
6975.31006,0.00850
6975.62012,0.00850
6975.93018,0.00850
6976.24023,0.00850
6976.56006,0.00850
6976.85986,0.00850
6977.16992,0.00850
6977.47998,0.00840
6977.79004,0.00840
6978.10010,0.00840
6978.41016,0.00840
6978.72021,0.00840
6979.02979,0.00840
6979.33984,0.00840
6979.64990,0.00840
6979.95020,0.00840
6980.25977,0.00840
6980.56982,0.00840
6980.87988,0.00840
6981.18994,0.00840
6981.50000,0.00840
6981.81006,0.00840
6982.12012,0.00840
6982.43018,0.00840
6982.74023,0.00830
6983.04980,0.00830
6983.35986,0.00830
6983.66992,0.00830
6983.97998,0.00830
6984.29004,0.00830
6984.60010,0.00830
6984.91016,0.00830
6985.22021,0.00830
6985.52979,0.00830
6985.83984,0.00830
6986.14990,0.00830
6986.45996,0.00830
6986.77002,0.00830
6987.08008,0.00830
6987.39014,0.00830
6987.70020,0.00820
6988.00000,0.00820
6988.31982,0.00820
6988.62988,0.00820
6988.93018,0.00820
6989.25000,0.00820
6989.56006,0.00820
6989.87012,0.00820
6990.18018,0.00820
6990.47998,0.00820
6990.79004,0.00820
6991.10986,0.00820
6991.41992,0.00820
6991.72998,0.00820
6992.02979,0.00820
6992.35010,0.00820
6992.66016,0.00810
6992.95996,0.00810
6993.27002,0.00810
6993.58984,0.00810
6993.89990,0.00810
6994.20996,0.00810
6994.50977,0.00810
6994.83008,0.00810
6995.14014,0.00810
6995.43994,0.00810
6995.75977,0.00810
6996.06982,0.00810
6996.37988,0.00810
6996.68994,0.00810
6997.00000,0.00810
6997.31006,0.00810
6997.62012,0.00800
6997.93018,0.00800
6998.24023,0.00800
6998.54980,0.00800
6998.85986,0.00800
6999.16992,0.00800
6999.47998,0.00800
6999.79004,0.00800
7000.10010,0.00800
7000.41016,0.00800
7000.72021,0.00800
7001.02979,0.00800
7001.33984,0.00800
7001.64990,0.00800
7001.95996,0.00800
7002.27002,0.00800
7002.58984,0.00790
7002.89014,0.00790
7003.20996,0.00790
7003.50977,0.00790
7003.81982,0.00790
7004.14014,0.00790
7004.45020,0.00790
7004.75977,0.00790
7005.06982,0.00790
7005.37988,0.00790
7005.68994,0.00790
7006.00000,0.00790
7006.31006,0.00790
7006.62012,0.00790
7006.93018,0.00790
7007.24023,0.00790
7007.54980,0.00780
7007.85986,0.00780
7008.16992,0.00780
7008.49023,0.00780
7008.79980,0.00780
7009.10986,0.00780
7009.41992,0.00780
7009.72998,0.00780
7010.04004,0.00780
7010.35010,0.00780
7010.66016,0.00780
7010.97021,0.00780
7011.27979,0.00780
7011.58984,0.00780
7011.89990,0.00780
7012.22021,0.00780
7012.52979,0.00770
7012.83984,0.00770
7013.14990,0.00770
7013.45996,0.00770
7013.77002,0.00770
7014.08008,0.00770
7014.39014,0.00770
7014.70996,0.00770
7015.00977,0.00770
7015.33008,0.00770
7015.62988,0.00770
7015.95020,0.00770
7016.25977,0.00770
7016.56982,0.00770
7016.87988,0.00770
7017.18994,0.00770
7017.50000,0.00760
7017.81006,0.00760
7018.12012,0.00760
7018.43994,0.00760
7018.75000,0.00760
7019.06006,0.00760
7019.37012,0.00760
7019.68018,0.00760
7019.99023,0.00760
7020.29980,0.00760
7020.60986,0.00760
7020.91992,0.00760
7021.24023,0.00760
7021.54980,0.00760
7021.85986,0.00760
7022.16992,0.00760
7022.47998,0.00760
7022.79004,0.00750
7023.10986,0.00750
7023.41992,0.00750
7023.72998,0.00750
7024.04004,0.00750
7024.35010,0.00750
7024.66016,0.00750
7024.97021,0.00750
7025.29004,0.00750
7025.60010,0.00750
7025.91016,0.00750
7026.22021,0.00750
7026.52979,0.00750
7026.83984,0.00750
7027.14990,0.00750
7027.47021,0.00750
7027.77979,0.00740
7028.08984,0.00740
7028.39990,0.00740
7028.70996,0.00740
7029.02002,0.00740
7029.33984,0.00740
7029.64990,0.00740
7029.95996,0.00740
7030.27002,0.00740
7030.58008,0.00740
7030.89990,0.00740
7031.20020,0.00740
7031.52002,0.00740
7031.83008,0.00740
7032.14014,0.00740
7032.45020,0.00740
7032.75977,0.00730
7033.08008,0.00730
7033.39014,0.00730
7033.70020,0.00730
7034.00977,0.00730
7034.33008,0.00730
7034.64014,0.00730
7034.95020,0.00730
7035.25977,0.00730
7035.56982,0.00730
7035.87988,0.00730
7036.20020,0.00730
7036.50977,0.00730
7036.81982,0.00730
7037.12988,0.00730
7037.43994,0.00730
7037.75000,0.00720
7038.06982,0.00720
7038.37988,0.00720
7038.68994,0.00720
7039.00977,0.00720
7039.31006,0.00720
7039.62988,0.00720
7039.93994,0.00720
7040.25000,0.00720
7040.56982,0.00720
7040.87988,0.00720
7041.18994,0.00720
7041.50000,0.00720
7041.81006,0.00720
7042.12012,0.00720
7042.43994,0.00720
7042.75000,0.00710
7043.06006,0.00710
7043.37012,0.00710
7043.68994,0.00710
7044.00000,0.00710
7044.31006,0.00710
7044.62988,0.00710
7044.93994,0.00710
7045.25000,0.00710
7045.56006,0.00710
7045.87012,0.00710
7046.18994,0.00710
7046.50000,0.00710
7046.81006,0.00710
7047.12012,0.00710
7047.43994,0.00710
7047.75000,0.00700
7048.06006,0.00700
7048.37012,0.00700
7048.68994,0.00700
7049.00000,0.00700
7049.31006,0.00700
7049.62012,0.00700
7049.93018,0.00700
7050.25000,0.00700
7050.56006,0.00700
7050.87012,0.00700
7051.18994,0.00700
7051.50000,0.00700
7051.81006,0.00700
7052.12012,0.00700
7052.43994,0.00700
7052.75000,0.00690
7053.06982,0.00690
7053.37988,0.00690
7053.68994,0.00690
7054.00000,0.00690
7054.31006,0.00690
7054.62988,0.00690
7054.93994,0.00690
7055.25000,0.00690
7055.56982,0.00690
7055.87988,0.00690
7056.18994,0.00690
7056.50000,0.00690
7056.81006,0.00690
7057.12988,0.00690
7057.43994,0.00690
7057.75977,0.00680
7058.06982,0.00680
7058.37988,0.00680
7058.68994,0.00680
7059.00000,0.00680
7059.31982,0.00680
7059.64014,0.00680
7059.95020,0.00680
7060.25977,0.00680
7060.56982,0.00680
7060.87988,0.00680
7061.20020,0.00680
7061.50977,0.00680
7061.83008,0.00680
7062.14014,0.00680
7062.45020,0.00680
7062.75977,0.00670
7063.06982,0.00670
7063.39014,0.00670
7063.70996,0.00670
7064.02002,0.00670
7064.33008,0.00670
7064.64990,0.00670
7064.95996,0.00670
7065.27002,0.00670
7065.58008,0.00670
7065.89990,0.00670
7066.20996,0.00670
7066.52002,0.00670
7066.83984,0.00670
7067.14990,0.00670
7067.45996,0.00670
7067.77979,0.00660
7068.08984,0.00660
7068.39990,0.00660
7068.72021,0.00660
7069.02979,0.00660
7069.33984,0.00660
7069.64990,0.00660
7069.97021,0.00660
7070.29004,0.00660
7070.60010,0.00660
7070.91016,0.00660
7071.22021,0.00660
7071.54004,0.00660
7071.85010,0.00660
7072.16016,0.00660
7072.47998,0.00660
7072.79004,0.00650
7073.10010,0.00650
7073.41992,0.00650
7073.72998,0.00650
7074.04004,0.00650
7074.35986,0.00650
7074.66992,0.00650
7074.99023,0.00650
7075.29980,0.00650
7075.60986,0.00650
7075.93018,0.00650
7076.24023,0.00650
7076.56006,0.00650
7076.87012,0.00650
7077.18018,0.00650
7077.50000,0.00640
7077.81006,0.00640
7078.12012,0.00640
7078.43994,0.00640
7078.75000,0.00640
7079.06982,0.00640
7079.37988,0.00640
7079.68994,0.00640
7080.00977,0.00640
7080.31982,0.00640
7080.62988,0.00640
7080.95020,0.00640
7081.25977,0.00640
7081.58008,0.00640
7081.89014,0.00640
7082.20020,0.00640
7082.52002,0.00640
7082.83008,0.00630
7083.14990,0.00630
7083.45996,0.00630
7083.77979,0.00630
7084.08984,0.00630
7084.39990,0.00630
7084.72021,0.00630
7085.02979,0.00630
7085.35010,0.00630
7085.66016,0.00630
7085.97998,0.00630
7086.29004,0.00630
7086.60010,0.00630
7086.91016,0.00630
7087.22998,0.00630
7087.54980,0.00620
7087.85986,0.00620
7088.18018,0.00620
7088.49023,0.00620
7088.79980,0.00620
7089.12012,0.00620
7089.43018,0.00620
7089.75000,0.00620
7090.06006,0.00620
7090.37012,0.00620
7090.68994,0.00620
7091.00000,0.00620
7091.31982,0.00620
7091.64014,0.00620
7091.95020,0.00620
7092.25977,0.00620
7092.58008,0.00610
7092.89014,0.00610
7093.20020,0.00610
7093.52002,0.00610
7093.83984,0.00610
7094.14990,0.00610
7094.45996,0.00610
7094.77979,0.00610
7095.08984,0.00610
7095.39990,0.00610
7095.72021,0.00610
7096.04004,0.00610
7096.35010,0.00610
7096.66992,0.00610
7096.97998,0.00610
7097.29004,0.00610
7097.60986,0.00600
7097.91992,0.00600
7098.24023,0.00600
7098.54980,0.00600
7098.87012,0.00600
7099.18018,0.00600
7099.50000,0.00600
7099.81006,0.00600
7100.12012,0.00600
7100.43994,0.00600
7100.75977,0.00600
7101.06982,0.00600
7101.39014,0.00600
7101.70020,0.00600
7102.00977,0.00600
7102.33008,0.00600
7102.64990,0.00590
7102.95996,0.00590
7103.27979,0.00590
7103.58984,0.00590
7103.91016,0.00590
7104.22021,0.00590
7104.54004,0.00590
7104.85010,0.00590
7105.16992,0.00590
7105.47998,0.00590
7105.79004,0.00590
7106.10986,0.00590
7106.43018,0.00590
7106.74023,0.00590
7107.06006,0.00590
7107.37012,0.00590
7107.68994,0.00580
7108.00000,0.00580
7108.31006,0.00580
7108.62988,0.00580
7108.95020,0.00580
7109.25977,0.00580
7109.58008,0.00580
7109.89014,0.00580
7110.20996,0.00580
7110.52002,0.00580
7110.83008,0.00580
7111.16016,0.00580
7111.47021,0.00580
7111.77979,0.00580
7112.10010,0.00580
7112.41016,0.00580
7112.72998,0.00570
7113.04004,0.00570
7113.35986,0.00570
7113.68018,0.00570
7113.99023,0.00570
7114.31006,0.00570
7114.62012,0.00570
7114.93994,0.00570
7115.25977,0.00570
7115.56982,0.00570
7115.87988,0.00570
7116.20020,0.00570
7116.50977,0.00570
7116.83008,0.00570
7117.14990,0.00570
7117.45996,0.00570
7117.77979,0.00560
7118.10010,0.00560
7118.41016,0.00560
7118.72998,0.00560
7119.04004,0.00560
7119.35010,0.00560
7119.66992,0.00560
7119.99023,0.00560
7120.29980,0.00560
7120.62012,0.00560
7120.93018,0.00560
7121.25000,0.00560
7121.56006,0.00560
7121.87988,0.00560
7122.20020,0.00560
7122.50977,0.00560
7122.83008,0.00550
7123.14014,0.00550
7123.45996,0.00550
7123.77979,0.00550
7124.08984,0.00550
7124.41016,0.00550
7124.72998,0.00550
7125.04004,0.00550
7125.35986,0.00550
7125.66992,0.00550
7125.99023,0.00550
7126.31006,0.00550
7126.62012,0.00550
7126.93994,0.00550
7127.25000,0.00550
7127.56982,0.00540
7127.87988,0.00540
7128.20020,0.00540
7128.52002,0.00540
7128.83008,0.00540
7129.14990,0.00540
7129.45996,0.00540
7129.77979,0.00540
7130.08984,0.00540
7130.41992,0.00540
7130.72998,0.00540
7131.04980,0.00540
7131.35986,0.00540
7131.68018,0.00540
7131.99023,0.00540
7132.31006,0.00540
7132.62988,0.00530
7132.93994,0.00530
7133.25977,0.00530
7133.58008,0.00530
7133.89014,0.00530
7134.20996,0.00530
7134.52002,0.00530
7134.83984,0.00530
7135.16016,0.00530
7135.47998,0.00530
7135.79004,0.00530
7136.10986,0.00530
7136.41992,0.00530
7136.74023,0.00530
7137.06006,0.00530
7137.37012,0.00530
7137.68994,0.00520
7138.00977,0.00520
7138.31982,0.00520
7138.64014,0.00520
7138.95020,0.00520
7139.27002,0.00520
7139.58984,0.00520
7139.89990,0.00520
7140.22021,0.00520
7140.52979,0.00520
7140.85010,0.00520
7141.16992,0.00520
7141.49023,0.00520
7141.79980,0.00520
7142.12012,0.00520
7142.43994,0.00520
7142.75000,0.00510
7143.06982,0.00510
7143.39014,0.00510
7143.70996,0.00510
7144.02002,0.00510
7144.33984,0.00510
7144.64990,0.00510
7144.97021,0.00510
7145.29004,0.00510
7145.60010,0.00510
7145.91992,0.00510
7146.24023,0.00510
7146.54980,0.00510
7146.87012,0.00510
7147.18994,0.00510
7147.50000,0.00500
7147.81982,0.00500
7148.14014,0.00500
7148.45996,0.00500
7148.77002,0.00500
7149.08984,0.00500
7149.41016,0.00500
7149.72021,0.00500
7150.04004,0.00500
7150.35986,0.00500
7150.66992,0.00500
7150.99023,0.00500
7151.31006,0.00500
7151.62012,0.00500
7151.93994,0.00500
7152.25977,0.00500
7152.58008,0.00490
7152.89990,0.00490
7153.20996,0.00490
7153.52979,0.00490
7153.83984,0.00490
7154.16992,0.00490
7154.47998,0.00490
7154.79980,0.00490
7155.12012,0.00490
7155.43018,0.00490
7155.75000,0.00490
7156.06982,0.00490
7156.37988,0.00490
7156.70020,0.00490
7157.02002,0.00490
7157.33008,0.00490
7157.64990,0.00480
7157.97021,0.00480
7158.29004,0.00480
7158.60986,0.00480
7158.91992,0.00480
7159.24023,0.00480
7159.56006,0.00480
7159.87012,0.00480
7160.18994,0.00480
7160.50977,0.00480
7160.83008,0.00480
7161.14990,0.00480
7161.45996,0.00480
7161.77979,0.00480
7162.10010,0.00480
7162.41016,0.00480
7162.72998,0.00470
7163.04980,0.00470
7163.37012,0.00470
7163.68994,0.00470
7164.00000,0.00470
7164.31982,0.00470
7164.64014,0.00470
7164.95020,0.00470
7165.27979,0.00470
7165.58984,0.00470
7165.91016,0.00470
7166.22998,0.00470
7166.54004,0.00470
7166.85986,0.00470
7167.18018,0.00470
7167.50000,0.00460
7167.81982,0.00460
7168.12988,0.00460
7168.45020,0.00460
7168.77002,0.00460
7169.08984,0.00460
7169.41016,0.00460
7169.72021,0.00460
7170.04004,0.00460
7170.35986,0.00460
7170.68018,0.00460
7170.99023,0.00460
7171.31006,0.00460
7171.62988,0.00460
7171.95020,0.00460
7172.27002,0.00460
7172.58008,0.00450
7172.89990,0.00450
7173.22021,0.00450
7173.54004,0.00450
7173.85986,0.00450
7174.18018,0.00450
7174.50000,0.00450
7174.81006,0.00450
7175.12988,0.00450
7175.43994,0.00450
7175.75977,0.00450
7176.08984,0.00450
7176.39990,0.00450
7176.72021,0.00450
7177.04004,0.00450
7177.35010,0.00450
7177.66992,0.00440
7177.99023,0.00440
7178.31006,0.00440
7178.62988,0.00440
7178.95020,0.00440
7179.27002,0.00440
7179.58008,0.00440
7179.89990,0.00440
7180.22021,0.00440
7180.54004,0.00440
7180.85986,0.00440
7181.18018,0.00440
7181.49023,0.00440
7181.81006,0.00440
7182.12988,0.00440
7182.45020,0.00440
7182.77002,0.00430
7183.08984,0.00430
7183.41016,0.00430
7183.72998,0.00430
7184.04004,0.00430
7184.35986,0.00430
7184.68018,0.00430
7185.00000,0.00430
7185.31982,0.00430
7185.62988,0.00430
7185.95020,0.00430
7186.27002,0.00430
7186.58984,0.00430
7186.91016,0.00430
7187.22998,0.00430
7187.54980,0.00420
7187.87012,0.00420
7188.18018,0.00420
7188.50000,0.00420
7188.81982,0.00420
7189.14014,0.00420
7189.45996,0.00420
7189.77979,0.00420
7190.10010,0.00420
7190.41992,0.00420
7190.72998,0.00420
7191.04980,0.00420
7191.37012,0.00420
7191.68994,0.00420
7192.00977,0.00420
7192.33008,0.00420
7192.64990,0.00410
7192.95996,0.00410
7193.27979,0.00410
7193.60986,0.00410
7193.91992,0.00410
7194.24023,0.00410
7194.56006,0.00410
7194.87988,0.00410
7195.20020,0.00410
7195.52002,0.00410
7195.83984,0.00410
7196.16016,0.00410
7196.47021,0.00410
7196.79004,0.00410
7197.10986,0.00410
7197.43018,0.00410
7197.75000,0.00400
7198.06982,0.00400
7198.39014,0.00400
7198.70996,0.00400
7199.02979,0.00400
7199.35010,0.00400
7199.66016,0.00400
7199.99023,0.00400
7200.31006,0.00400
7200.62012,0.00400
7200.93994,0.00400
7201.25977,0.00400
7201.58008,0.00400
7201.89990,0.00400
7202.22021,0.00400
7202.54004,0.00390
7202.85986,0.00390
7203.18018,0.00390
7203.50000,0.00390
7203.81006,0.00390
7204.14014,0.00390
7204.45996,0.00390
7204.77979,0.00390
7205.10010,0.00390
7205.41992,0.00390
7205.72998,0.00390
7206.04980,0.00390
7206.37012,0.00390
7206.68994,0.00390
7207.02002,0.00390
7207.33008,0.00390
7207.64990,0.00380
7207.97021,0.00380
7208.29004,0.00380
7208.60986,0.00380
7208.93018,0.00380
7209.25000,0.00380
7209.56982,0.00380
7209.89014,0.00380
7210.20996,0.00380
7210.52979,0.00380
7210.85010,0.00380
7211.16992,0.00380
7211.49023,0.00380
7211.81006,0.00380
7212.12988,0.00380
7212.45020,0.00380
7212.77002,0.00370
7213.08984,0.00370
7213.41016,0.00370
7213.72998,0.00370
7214.04004,0.00370
7214.37012,0.00370
7214.68018,0.00370
7215.00000,0.00370
7215.33008,0.00370
7215.64990,0.00370
7215.97021,0.00370
7216.29004,0.00370
7216.60010,0.00370
7216.91992,0.00370
7217.24023,0.00370
7217.56982,0.00360
7217.89014,0.00360
7218.20020,0.00360
7218.52979,0.00360
7218.85010,0.00360
7219.16016,0.00360
7219.47998,0.00360
7219.81006,0.00360
7220.12988,0.00360
7220.45020,0.00360
7220.77002,0.00360
7221.08984,0.00360
7221.39990,0.00360
7221.72998,0.00360
7222.04980,0.00360
7222.37012,0.00360
7222.68994,0.00350
7223.00977,0.00350
7223.33008,0.00350
7223.64990,0.00350
7223.97021,0.00350
7224.29004,0.00350
7224.60986,0.00350
7224.93018,0.00350
7225.25000,0.00350
7225.56982,0.00350
7225.89014,0.00350
7226.20996,0.00350
7226.52979,0.00350
7226.85010,0.00350
7227.16992,0.00350
7227.49023,0.00340
7227.81006,0.00340
7228.12988,0.00340
7228.45996,0.00340
7228.77979,0.00340
7229.08984,0.00340
7229.41992,0.00340
7229.74023,0.00340
7230.04980,0.00340
7230.37988,0.00340
7230.70020,0.00340
7231.02002,0.00340
7231.33984,0.00340
7231.66016,0.00340
7231.97998,0.00340
7232.29980,0.00340
7232.62012,0.00330
7232.93994,0.00330
7233.25977,0.00330
7233.58008,0.00330
7233.91016,0.00330
7234.22021,0.00330
7234.54980,0.00330
7234.87012,0.00330
7235.18994,0.00330
7235.50977,0.00330
7235.83008,0.00330
7236.14990,0.00330
7236.47021,0.00330
7236.79004,0.00330
7237.12012,0.00330
7237.43018,0.00330
7237.75000,0.00320
7238.08008,0.00320
7238.39990,0.00320
7238.72021,0.00320
7239.02979,0.00320
7239.35986,0.00320
7239.68018,0.00320
7240.00000,0.00320
7240.31982,0.00320
7240.64014,0.00320
7240.95996,0.00320
7241.27979,0.00320
7241.60986,0.00320
7241.93018,0.00320
7242.25000,0.00320
7242.56982,0.00310
7242.89014,0.00310
7243.20996,0.00310
7243.52979,0.00310
7243.85986,0.00310
7244.16992,0.00310
7244.50000,0.00310
7244.81982,0.00310
7245.14014,0.00310
7245.45996,0.00310
7245.77979,0.00310
7246.10010,0.00310
7246.43018,0.00310
7246.74023,0.00310
7247.06982,0.00310
7247.39014,0.00310
7247.70996,0.00300
7248.02979,0.00300
7248.35010,0.00300
7248.66992,0.00300
7249.00000,0.00300
7249.31006,0.00300
7249.64014,0.00300
7249.95996,0.00300
7250.27979,0.00300
7250.60010,0.00300
7250.91992,0.00300
7251.25000,0.00300
7251.56982,0.00300
7251.89014,0.00300
7252.20996,0.00300
7252.52979,0.00290
7252.85010,0.00290
7253.18018,0.00290
7253.49023,0.00290
7253.81982,0.00290
7254.14014,0.00290
7254.45996,0.00290
7254.79004,0.00290
7255.10010,0.00290
7255.43018,0.00290
7255.75000,0.00290
7256.06982,0.00290
7256.39014,0.00290
7256.70996,0.00290
7257.04004,0.00290
7257.35986,0.00290
7257.68018,0.00280
7258.00000,0.00280
7258.31982,0.00280
7258.64014,0.00280
7258.95996,0.00280
7259.29004,0.00280
7259.60986,0.00280
7259.93018,0.00280
7260.25000,0.00280
7260.56982,0.00280
7260.89014,0.00280
7261.22021,0.00280
7261.54004,0.00280
7261.85986,0.00280
7262.18018,0.00280
7262.50977,0.00280
7262.83008,0.00270
7263.14990,0.00270
7263.47021,0.00270
7263.79980,0.00270
7264.12012,0.00270
7264.43994,0.00270
7264.75977,0.00270
7265.08008,0.00270
7265.39990,0.00270
7265.72998,0.00270
7266.04980,0.00270
7266.37012,0.00270
7266.70020,0.00270
7267.00977,0.00270
7267.33984,0.00270
7267.66016,0.00260
7267.97998,0.00260
7268.31006,0.00260
7268.62988,0.00260
7268.95020,0.00260
7269.27002,0.00260
7269.58984,0.00260
7269.91992,0.00260
7270.24023,0.00260
7270.56006,0.00260
7270.89014,0.00260
7271.20020,0.00260
7271.52979,0.00260
7271.85010,0.00260
7272.16992,0.00260
7272.50000,0.00260
7272.81982,0.00250
7273.14014,0.00250
7273.45996,0.00250
7273.77979,0.00250
7274.10986,0.00250
7274.43018,0.00250
7274.75000,0.00250
7275.08008,0.00250
7275.39990,0.00250
7275.72021,0.00250
7276.04004,0.00250
7276.35986,0.00250
7276.68994,0.00250
7277.00977,0.00250
7277.33008,0.00250
7277.66016,0.00240
7277.97998,0.00240
7278.29980,0.00240
7278.62012,0.00240
7278.95020,0.00240
7279.27002,0.00240
7279.58984,0.00240
7279.91992,0.00240
7280.24023,0.00240
7280.56006,0.00240
7280.87988,0.00240
7281.20996,0.00240
7281.52979,0.00240
7281.85010,0.00240
7282.16992,0.00240
7282.50000,0.00240
7282.81982,0.00230
7283.14014,0.00230
7283.47021,0.00230
7283.79004,0.00230
7284.10986,0.00230
7284.43994,0.00230
7284.75977,0.00230
7285.08008,0.00230
7285.39990,0.00230
7285.72998,0.00230
7286.04980,0.00230
7286.37012,0.00230
7286.70020,0.00230
7287.02002,0.00230
7287.33984,0.00230
7287.66992,0.00220
7287.99023,0.00220
7288.31006,0.00220
7288.64014,0.00220
7288.95996,0.00220
7289.27979,0.00220
7289.60010,0.00220
7289.93018,0.00220
7290.25000,0.00220
7290.56982,0.00220
7290.89990,0.00220
7291.22021,0.00220
7291.54004,0.00220
7291.87012,0.00220
7292.18994,0.00220
7292.52002,0.00220
7292.83984,0.00210
7293.16016,0.00210
7293.47998,0.00210
7293.81006,0.00210
7294.12988,0.00210
7294.45996,0.00210
7294.77979,0.00210
7295.10010,0.00210
7295.43018,0.00210
7295.75000,0.00210
7296.06982,0.00210
7296.39014,0.00210
7296.72021,0.00210
7297.04004,0.00210
7297.37012,0.00210
7297.68994,0.00200
7298.00977,0.00200
7298.33008,0.00200
7298.66016,0.00200
7298.97998,0.00200
7299.31006,0.00200
7299.62988,0.00200
7299.95020,0.00200
7300.27979,0.00200
7300.60010,0.00200
7300.93018,0.00200
7301.25000,0.00200
7301.56982,0.00200
7301.89990,0.00200
7302.22021,0.00200
7302.54004,0.00190
7302.87012,0.00190
7303.18994,0.00190
7303.52002,0.00190
7303.83984,0.00190
7304.16016,0.00190
7304.49023,0.00190
7304.81006,0.00190
7305.12988,0.00190
7305.45996,0.00190
7305.77979,0.00190
7306.10986,0.00190
7306.43018,0.00190
7306.75000,0.00190
7307.08008,0.00190
7307.39990,0.00190
7307.72998,0.00180
7308.04980,0.00180
7308.37012,0.00180
7308.70020,0.00180
7309.02002,0.00180
7309.35010,0.00180
7309.66992,0.00180
7310.00000,0.00180
7310.31982,0.00180
7310.64990,0.00180
7310.97021,0.00180
7311.29004,0.00180
7311.62012,0.00180
7311.93994,0.00180
7312.27002,0.00180
7312.58984,0.00170
7312.91016,0.00170
7313.24023,0.00170
7313.56006,0.00170
7313.89014,0.00170
7314.20996,0.00170
7314.54004,0.00170
7314.85986,0.00170
7315.18018,0.00170
7315.50977,0.00170
7315.83008,0.00170
7316.14990,0.00170
7316.47998,0.00170
7316.79980,0.00170
7317.12988,0.00170
7317.45996,0.00170
7317.77979,0.00160
7318.10010,0.00160
7318.43018,0.00160
7318.75000,0.00160
7319.08008,0.00160
7319.39990,0.00160
7319.72998,0.00160
7320.04980,0.00160
7320.37012,0.00160
7320.70020,0.00160
7321.02002,0.00160
7321.35010,0.00160
7321.66992,0.00160
7322.00000,0.00160
7322.31982,0.00160
7322.64990,0.00150
7322.97021,0.00150
7323.29980,0.00150
7323.62012,0.00150
7323.95020,0.00150
7324.27002,0.00150
7324.58984,0.00150
7324.91992,0.00150
7325.25000,0.00150
7325.56982,0.00150
7325.89990,0.00150
7326.22021,0.00150
7326.54004,0.00150
7326.87012,0.00150
7327.18994,0.00150
7327.52002,0.00140
7327.83984,0.00140
7328.16992,0.00140
7328.50000,0.00140
7328.81982,0.00140
7329.14014,0.00140
7329.47021,0.00140
7329.79004,0.00140
7330.12012,0.00140
7330.43994,0.00140
7330.77002,0.00140
7331.08984,0.00140
7331.41992,0.00140
7331.74023,0.00140
7332.06982,0.00140
7332.39014,0.00140
7332.72021,0.00130
7333.04004,0.00130
7333.37012,0.00130
7333.68994,0.00130
7334.02002,0.00130
7334.35010,0.00130
7334.66992,0.00130
7335.00000,0.00130
7335.31982,0.00130
7335.64014,0.00130
7335.97021,0.00130
7336.29980,0.00130
7336.62012,0.00130
7336.95020,0.00130
7337.27002,0.00130
7337.60010,0.00120
7337.91992,0.00120
7338.25000,0.00120
7338.56982,0.00120
7338.89990,0.00120
7339.22021,0.00120
7339.54980,0.00120
7339.87012,0.00120
7340.20020,0.00120
7340.52979,0.00120
7340.85010,0.00120
7341.18018,0.00120
7341.50000,0.00120
7341.83008,0.00120
7342.14990,0.00120
7342.47998,0.00120
7342.79980,0.00110
7343.12988,0.00110
7343.45996,0.00110
7343.77979,0.00110
7344.10986,0.00110
7344.43018,0.00110
7344.75977,0.00110
7345.08008,0.00110
7345.41016,0.00110
7345.72998,0.00110
7346.06006,0.00110
7346.39014,0.00110
7346.70996,0.00110
7347.04004,0.00110
7347.35986,0.00110
7347.68994,0.00100
7348.02002,0.00100
7348.33984,0.00100
7348.66992,0.00100
7348.99023,0.00100
7349.31982,0.00100
7349.64014,0.00100
7349.97021,0.00100
7350.29980,0.00100
7350.62012,0.00100
7350.95020,0.00100
7351.27002,0.00100
7351.60010,0.00100
7351.93018,0.00100
7352.25000,0.00100
7352.58008,0.00090
7352.89990,0.00090
7353.22998,0.00090
7353.54980,0.00090
7353.87988,0.00090
7354.20996,0.00090
7354.54004,0.00090
7354.85986,0.00090
7355.18994,0.00090
7355.50977,0.00090
7355.83984,0.00090
7356.16016,0.00090
7356.49023,0.00090
7356.81982,0.00090
7357.14014,0.00090
7357.47021,0.00090
7357.79004,0.00080
7358.12012,0.00080
7358.45020,0.00080
7358.77979,0.00080
7359.10010,0.00080
7359.43018,0.00080
7359.75000,0.00080
7360.08008,0.00080
7360.39990,0.00080
7360.72998,0.00080
7361.06006,0.00080
7361.39014,0.00080
7361.70996,0.00080
7362.04004,0.00080
7362.35986,0.00080
7362.68994,0.00070
7363.00977,0.00070
7363.35010,0.00070
7363.66992,0.00070
7364.00000,0.00070
7364.31982,0.00070
7364.64990,0.00070
7364.97998,0.00070
7365.29980,0.00070
7365.62988,0.00070
7365.95996,0.00070
7366.27979,0.00070
7366.60986,0.00070
7366.93994,0.00070
7367.25977,0.00070
7367.58984,0.00060
7367.91992,0.00060
7368.24023,0.00060
7368.56982,0.00060
7368.89014,0.00060
7369.22021,0.00060
7369.54980,0.00060
7369.87988,0.00060
7370.20996,0.00060
7370.52979,0.00060
7370.85986,0.00060
7371.18018,0.00060
7371.50977,0.00060
7371.83984,0.00060
7372.16016,0.00060
7372.49023,0.00060
7372.81982,0.00050
7373.14014,0.00050
7373.47021,0.00050
7373.79980,0.00050
7374.12012,0.00050
7374.45020,0.00050
7374.77979,0.00050
7375.10986,0.00050
7375.43018,0.00050
7375.75977,0.00050
7376.08984,0.00050
7376.41016,0.00050
7376.74023,0.00050
7377.06982,0.00050
7377.39014,0.00050
7377.72021,0.00040
7378.04980,0.00040
7378.37012,0.00040
7378.70020,0.00040
7379.02979,0.00040
7379.35986,0.00040
7379.68994,0.00040
7380.00977,0.00040
7380.33984,0.00040
7380.66992,0.00040
7381.00000,0.00040
7381.31982,0.00040
7381.64990,0.00040
7381.97998,0.00040
7382.29980,0.00040
7382.62988,0.00030
7382.95996,0.00030
7383.29004,0.00030
7383.60986,0.00030
7383.93994,0.00030
7384.27002,0.00030
7384.58984,0.00030
7384.91992,0.00030
7385.25000,0.00030
7385.58008,0.00030
7385.89990,0.00030
7386.22998,0.00030
7386.56006,0.00030
7386.89014,0.00030
7387.20996,0.00030
7387.54004,0.00020
7387.87012,0.00020
7388.20020,0.00020
7388.52002,0.00020
7388.85010,0.00020
7389.18018,0.00020
7389.50977,0.00020
7389.83008,0.00020
7390.16016,0.00020
7390.49023,0.00020
7390.81982,0.00020
7391.14990,0.00020
7391.47021,0.00020
7391.79980,0.00020
7392.12988,0.00020
7392.45996,0.00020
7392.77979,0.00010
7393.10986,0.00010
7393.43994,0.00010
7393.77002,0.00010
7394.10010,0.00010
7394.43018,0.00010
7394.75000,0.00010
7395.08008,0.00010
7395.41016,0.00010
7395.74023,0.00010
7396.06006,0.00010
7396.39014,0.00010
7396.72021,0.00010
7397.04980,0.00010
7397.37988,0.00010
7397.70020,0.00000
7398.02979,0.00000
7398.35986,0.00000
7398.68018,0.00000
7399.02002,0.00000
7399.35010,0.00000
7399.66992,0.00000
7400.00000,0.00000
